step,epoch,global_epoch,total_loss,step_loss,superfidelity,learning_rate
6,0,0,0.08690952098027485,0.08690952098027485,0.870969676178804,0.005
6,1,1,0.09345105982259604,0.09345105982259604,0.8673960538203892,0.005
6,2,2,0.08039543869806287,0.08039543869806287,0.8781762316079665,0.005
6,3,3,0.07252977162697785,0.07252977162697785,0.8898400070116659,0.005
6,4,4,0.07139691830549166,0.07139691830549166,0.8921774464653027,0.005
6,5,5,0.0662570514168282,0.0662570514168282,0.9005196652118944,0.005
6,6,6,0.05457548416055859,0.05457548416055859,0.9111170640990429,0.005
6,7,7,0.05264966945770576,0.05264966945770576,0.9125207711160965,0.005
6,8,8,0.047395146082145616,0.047395146082145616,0.9186804886774477,0.005
6,9,9,0.04473381865251233,0.04473381865251233,0.9273765370711786,0.005
6,10,10,0.03859396172859886,0.03859396172859886,0.9299638991251022,0.005
6,11,11,0.03771115466027527,0.03771115466027527,0.9311545924931656,0.005
6,12,12,0.03236545903551048,0.03236545903551048,0.9385503980667451,0.005
6,13,13,0.030161455275708928,0.030161455275708928,0.9360980037210171,0.005
6,14,14,0.026610988171347057,0.026610988171347057,0.9440843184972253,0.005
6,15,15,0.023592465035998267,0.023592465035998267,0.9476583186959348,0.005
6,16,16,0.023287510926652863,0.023287510926652863,0.9483458908624333,0.005
6,17,17,0.018537223561365567,0.018537223561365567,0.9433405336346828,0.005
6,18,18,0.017467474672074837,0.017467474672074837,0.948303723913525,0.005
6,19,19,0.015393978156185706,0.015393978156185706,0.9489749312595154,0.005
6,20,20,0.01491467981947002,0.01491467981947002,0.952203197827033,0.005
6,21,21,0.013106152903174519,0.013106152903174519,0.94907269167497,0.005
6,22,22,0.012144508436948786,0.012144508436948786,0.951329759596157,0.005
6,23,23,0.011325887481738123,0.011325887481738123,0.9506932829414783,0.005
6,24,24,0.011537783268593602,0.011537783268593602,0.9506101842712815,0.005
6,25,25,0.010126202296532005,0.010126202296532005,0.9498087438402978,0.005
6,26,26,0.00933299253444268,0.00933299253444268,0.9529763735928546,0.005
6,27,27,0.009600497113290234,0.009600497113290234,0.9522883661978461,0.005
6,28,28,0.008287405164285964,0.008287405164285964,0.9522119475973201,0.005
6,29,29,0.008779648533923639,0.008779648533923639,0.9534664000395743,0.005
6,30,30,0.007205090296881989,0.007205090296881989,0.9526553841227638,0.005
6,31,31,0.007312745038497492,0.007312745038497492,0.9555883470156527,0.005
6,32,32,0.007112251872498366,0.007112251872498366,0.954612857012164,0.005
6,33,33,0.00640224581694423,0.00640224581694423,0.9562449123008068,0.005
6,34,34,0.007777854044260055,0.007777854044260055,0.9580081090158346,0.005
6,35,35,0.006234789960329827,0.006234789960329827,0.9570716583704646,0.005
6,36,36,0.008129952870289133,0.008129952870289133,0.9583623343886833,0.005
6,37,37,0.006799205260526496,0.006799205260526496,0.9578392763253156,0.005
6,38,38,0.006730730968642229,0.006730730968642229,0.9593130739197685,0.005
6,39,39,0.00611728200083119,0.00611728200083119,0.9599990557477118,0.005
6,40,40,0.006130708546554561,0.006130708546554561,0.959740850525358,0.005
6,41,41,0.006350504005437012,0.006350504005437012,0.9614042489460616,0.005
6,42,42,0.006109998511479614,0.006109998511479614,0.9608348429764269,0.005
6,43,43,0.0060114512274784156,0.0060114512274784156,0.961859312575926,0.005
6,44,44,0.0061729295979256645,0.0061729295979256645,0.9620843618103089,0.005
6,45,45,0.006667274735720708,0.006667274735720708,0.9625650765108975,0.005
6,46,46,0.006920862593320435,0.006920862593320435,0.9623525365048844,0.005
6,47,47,0.006773874063146727,0.006773874063146727,0.9627316239786972,0.005
6,48,48,0.005918075838737524,0.005918075838737524,0.9630577227395399,0.005
6,49,49,0.006152393757294221,0.006152393757294221,0.9631781149342117,0.005
6,50,50,0.0053663876709640936,0.0053663876709640936,0.963404533861341,0.005
6,51,51,0.00532765884554267,0.00532765884554267,0.9632215445135035,0.005
6,52,52,0.005483570327119141,0.005483570327119141,0.9633782776105824,0.005
6,53,53,0.005725825093762123,0.005725825093762123,0.962984609880472,0.005
6,54,54,0.0057003847421409305,0.0057003847421409305,0.9635664632864157,0.005
6,55,55,0.0062381358243448004,0.0062381358243448004,0.9635744149562623,0.005
6,56,56,0.00559376130280179,0.00559376130280179,0.9637252550473099,0.005
6,57,57,0.006187545356699789,0.006187545356699789,0.9637454175043042,0.005
6,58,58,0.00712081596463364,0.00712081596463364,0.9638586070976646,0.005
6,59,59,0.005886759803885854,0.005886759803885854,0.9639151348065924,0.005
6,60,60,0.007452257313868597,0.007452257313868597,0.9640164666157871,0.005
6,61,61,0.007128932863216132,0.007128932863216132,0.9639087767362526,0.005
6,62,62,0.006023013104771423,0.006023013104771423,0.9640972900994421,0.005
6,63,63,0.005668381116423428,0.005668381116423428,0.9640992575441266,0.005
6,64,64,0.0061229299257775215,0.0061229299257775215,0.9638897798695915,0.005
6,65,65,0.0064964162224851255,0.0064964162224851255,0.9642547728821159,0.005
6,66,66,0.006578841620766909,0.006578841620766909,0.9641225043492668,0.005
6,67,67,0.006503572299650549,0.006503572299650549,0.9636648210903461,0.005
6,68,68,0.005253082599149746,0.005253082599149746,0.9631262710214262,0.005
6,69,69,0.00739766817663356,0.00739766817663356,0.9639391584511232,0.005
6,70,70,0.005927929394268602,0.005927929394268602,0.963511821223786,0.005
6,71,71,0.0071933447196738465,0.0071933447196738465,0.9640201779657697,0.005
6,72,72,0.005766553649346275,0.005766553649346275,0.9636693043990529,0.005
6,73,73,0.007620137005277664,0.007620137005277664,0.96340262434646,0.005
6,74,74,0.005362028149632321,0.005362028149632321,0.9640384831965702,0.005
6,75,75,0.005582983287928181,0.005582983287928181,0.9636487399699749,0.005
6,76,76,0.0062466406260150015,0.0062466406260150015,0.9637466721462159,0.005
6,77,77,0.0049667364243222885,0.0049667364243222885,0.9631883660574718,0.005
6,78,78,0.005719249820791545,0.005719249820791545,0.963716503473811,0.005
6,79,79,0.005816283945262631,0.005816283945262631,0.9634810358430339,0.005
6,80,80,0.005904049920720051,0.005904049920720051,0.9627483767751729,0.005
6,81,81,0.00546407599255969,0.00546407599255969,0.9626240941738179,0.005
6,82,82,0.005301590794377153,0.005301590794377153,0.962578031271392,0.005
6,83,83,0.005402697954844999,0.005402697954844999,0.9621624921720288,0.005
6,84,84,0.005770993235996025,0.005770993235996025,0.9624512086475512,0.005
6,85,85,0.0053501609940626235,0.0053501609940626235,0.9622342615893642,0.005
6,86,86,0.0053459290074934305,0.0053459290074934305,0.962258759018643,0.005
6,87,87,0.005301463264415189,0.005301463264415189,0.9617075329101396,0.005
6,88,88,0.005214450560951144,0.005214450560951144,0.9621713732448827,0.005
6,89,89,0.005109920390684161,0.005109920390684161,0.9615275726569305,0.005
6,90,90,0.005236979200540053,0.005236979200540053,0.9620104336838912,0.005
6,91,91,0.005173943002390737,0.005173943002390737,0.9620711027432208,0.005
6,92,92,0.006460789062276168,0.006460789062276168,0.9621684983852445,0.005
6,93,93,0.006248528340174768,0.006248528340174768,0.9623431074813155,0.005
6,94,94,0.005590053945319583,0.005590053945319583,0.9617376958075131,0.005
6,95,95,0.006159799310016577,0.006159799310016577,0.9622152642864807,0.005
6,96,96,0.006534015688654895,0.006534015688654895,0.962280072123099,0.005
6,97,97,0.005585748529195591,0.005585748529195591,0.9620278384315071,0.005
6,98,98,0.005122482715334539,0.005122482715334539,0.9621810266370667,0.005
6,99,99,0.006982999790762457,0.006982999790762457,0.9624748817226221,0.005
6,100,100,0.0064494923438757155,0.0064494923438757155,0.9622242654656828,0.005
6,101,101,0.005302244179330749,0.005302244179330749,0.9624650488690148,0.005
6,102,102,0.005833968970538856,0.005833968970538856,0.9630785468217749,0.005
6,103,103,0.00660087166552422,0.00660087166552422,0.9634882278342329,0.005
6,104,104,0.005227825081526447,0.005227825081526447,0.963083533742751,0.005
6,105,105,0.004942746689344963,0.004942746689344963,0.9632556489394567,0.005
6,106,106,0.007011052627140907,0.007011052627140907,0.9635227563186953,0.005
6,107,107,0.005752845485703154,0.005752845485703154,0.9633939619583415,0.005
6,108,108,0.005585884548674033,0.005585884548674033,0.963332645312608,0.005
6,109,109,0.004712450141378658,0.004712450141378658,0.9630292229344352,0.005
6,110,110,0.0057781569013324405,0.0057781569013324405,0.9632694123483456,0.005
6,111,111,0.005450475308865287,0.005450475308865287,0.9628237160850992,0.005
6,112,112,0.004568920929060543,0.004568920929060543,0.9624494635368797,0.005
6,113,113,0.0065242699578456406,0.0065242699578456406,0.963011930041156,0.005
6,114,114,0.005655786813794412,0.005655786813794412,0.9625187687609414,0.005
6,115,115,0.004723474966653205,0.004723474966653205,0.9622165573544537,0.005
6,116,116,0.0061506816935556485,0.0061506816935556485,0.9625076940720716,0.005
6,117,117,0.005740366757286929,0.005740366757286929,0.9625356783379113,0.005
6,118,118,0.006358667307139871,0.006358667307139871,0.9622204036125092,0.005
6,119,119,0.005801809995504778,0.005801809995504778,0.9618837413402765,0.005
6,120,120,0.005811910742130873,0.005811910742130873,0.9623038214571709,0.005
6,121,121,0.006207508042950975,0.006207508042950975,0.9628673283768263,0.005
6,122,122,0.006215046845706831,0.006215046845706831,0.9628278655861848,0.005
6,123,123,0.00554681091852057,0.00554681091852057,0.9624983682600593,0.005
6,124,124,0.006183400965156682,0.006183400965156682,0.962809778317831,0.005
6,125,125,0.005653830928610628,0.005653830928610628,0.9630008159650566,0.005
6,126,126,0.0053659217697543185,0.0053659217697543185,0.96295959993086,0.005
6,127,127,0.006046834005732426,0.006046834005732426,0.9634602107793145,0.005
6,128,128,0.005469331041134933,0.005469331041134933,0.9627185092369586,0.005
6,129,129,0.006509334760730329,0.006509334760730329,0.9631457771935282,0.005
6,130,130,0.005677675945901243,0.005677675945901243,0.9627787505149099,0.005
6,131,131,0.00590107584783163,0.00590107584783163,0.9632786338964516,0.005
6,132,132,0.006646922699762022,0.006646922699762022,0.9632943567357755,0.005
6,133,133,0.005081774629699779,0.005081774629699779,0.9627215316305431,0.005
6,134,134,0.005426300866330329,0.005426300866330329,0.9632832177705094,0.005
6,135,135,0.005624984964503944,0.005624984964503944,0.9630957134129504,0.005
6,136,136,0.004767667374085203,0.004767667374085203,0.9626231854288879,0.005
6,137,137,0.004582823218229729,0.004582823218229729,0.9628574069678325,0.005
6,138,138,0.005484289425262055,0.005484289425262055,0.9630516013556187,0.005
6,139,139,0.005521987897713366,0.005521987897713366,0.962950390505085,0.005
6,140,140,0.005081972565180315,0.005081972565180315,0.962888545531729,0.005
6,141,141,0.006252427007467443,0.006252427007467443,0.9629981814708243,0.005
6,142,142,0.004596827081306946,0.004596827081306946,0.9623261403904061,0.005
6,143,143,0.006647080906358707,0.006647080906358707,0.9626559304867464,0.005
6,144,144,0.0051238202443912514,0.0051238202443912514,0.9621735917157105,0.005
6,145,145,0.005177449254235602,0.005177449254235602,0.9622081908520225,0.005
6,146,146,0.00494755029170925,0.00494755029170925,0.962060547202082,0.005
6,147,147,0.0047981668261705916,0.0047981668261705916,0.9617090941422316,0.005
6,148,148,0.004883908378344119,0.004883908378344119,0.9619269676064319,0.005
6,149,149,0.005694675143931613,0.005694675143931613,0.9619749147700237,0.005
6,150,150,0.005084251262183315,0.005084251262183315,0.9619253187257524,0.005
6,151,151,0.005052557100813262,0.005052557100813262,0.9617019282331334,0.005
6,152,152,0.005328248818594129,0.005328248818594129,0.9621776582787308,0.005
6,153,153,0.005102036133192943,0.005102036133192943,0.9620409405755848,0.005
6,154,154,0.00583760016303864,0.00583760016303864,0.9624262758884512,0.005
6,155,155,0.005346157771290885,0.005346157771290885,0.962438926573865,0.005
6,156,156,0.005244533034713292,0.005244533034713292,0.9621242620644793,0.005
6,157,157,0.005777696330303277,0.005777696330303277,0.9624379535487524,0.005
6,158,158,0.005338512992163889,0.005338512992163889,0.9627851687273887,0.005
6,159,159,0.005503164737483605,0.005503164737483605,0.9630201097796479,0.005
6,160,160,0.004706664417284418,0.004706664417284418,0.9626342816551747,0.005
6,161,161,0.006933955167555607,0.006933955167555607,0.9632210392292888,0.005
6,162,162,0.004594000213096164,0.004594000213096164,0.9625884532354829,0.005
6,163,163,0.00491844647899212,0.00491844647899212,0.9626246644742733,0.005
6,164,164,0.004342462450912576,0.004342462450912576,0.9624916229835017,0.005
6,165,165,0.004806391943367514,0.004806391943367514,0.9625359735236616,0.005
6,166,166,0.004982096998637349,0.004982096998637349,0.9627065168511839,0.005
6,167,167,0.004920247745450287,0.004920247745450287,0.9622482528847476,0.005
6,168,168,0.005271693311474697,0.005271693311474697,0.9625115415775066,0.005
6,169,169,0.006076315764200876,0.006076315764200876,0.9625483697212084,0.005
6,170,170,0.005496252407301664,0.005496252407301664,0.9624000610689167,0.005
6,171,171,0.007341920531919508,0.007341920531919508,0.962537134329967,0.005
6,172,172,0.004746699747613666,0.004746699747613666,0.9622222471120296,0.005
6,173,173,0.004379301657975205,0.004379301657975205,0.96198303003543,0.005
6,174,174,0.005767907062176706,0.005767907062176706,0.9628262050240978,0.005
6,175,175,0.0061177293702048535,0.0061177293702048535,0.9628000579982858,0.005
6,176,176,0.005444237032939303,0.005444237032939303,0.9628172322762014,0.005
6,177,177,0.004808850328164108,0.004808850328164108,0.9628088995190578,0.005
6,178,178,0.00627647582721231,0.00627647582721231,0.9633790971141108,0.005
6,179,179,0.0060144674915059634,0.0060144674915059634,0.9631204543002773,0.005
6,180,180,0.0049009816288659155,0.0049009816288659155,0.962756378838556,0.005
6,181,181,0.005301376942989727,0.005301376942989727,0.9629732277304224,0.005
6,182,182,0.004986939200935379,0.004986939200935379,0.9628112765256831,0.005
6,183,183,0.0050312661100141735,0.0050312661100141735,0.9623477358672101,0.005
6,184,184,0.004826688682895659,0.004826688682895659,0.9624227770712074,0.005
6,185,185,0.005269160610223581,0.005269160610223581,0.9625716226820931,0.005
6,186,186,0.004889709632058854,0.004889709632058854,0.9623907561955017,0.005
6,187,187,0.004718229090910053,0.004718229090910053,0.9624512938038581,0.005
6,188,188,0.004462411276307979,0.004462411276307979,0.9623604124950884,0.005
6,189,189,0.004689847721497291,0.004689847721497291,0.9623321664314168,0.005
6,190,190,0.006943304687847894,0.006943304687847894,0.9627755509064384,0.005
6,191,191,0.0062700516167325075,0.0062700516167325075,0.9627007759323682,0.005
6,192,192,0.0059494183954401526,0.0059494183954401526,0.9628080614770532,0.005
6,193,193,0.005408564046125085,0.005408564046125085,0.9627638767653295,0.005
6,194,194,0.0053252472803656855,0.0053252472803656855,0.962607748581639,0.005
6,195,195,0.0053000522082791565,0.0053000522082791565,0.962703664882268,0.005
6,196,196,0.005058766533856329,0.005058766533856329,0.9627208660309026,0.005
6,197,197,0.0046995736785053034,0.0046995736785053034,0.9625933350385851,0.005
6,198,198,0.005396333818567205,0.005396333818567205,0.9626808472469861,0.005
6,199,199,0.006899521984950863,0.006899521984950863,0.9629732194113495,0.005
6,200,200,0.005219204140752751,0.005219204140752751,0.9627000065667901,0.005
6,201,201,0.006446875110307632,0.006446875110307632,0.962667515130589,0.005
6,202,202,0.0057640693297807445,0.0057640693297807445,0.9626974988490816,0.005
6,203,203,0.005669453762583047,0.005669453762583047,0.9627889582649354,0.005
6,204,204,0.004605371742054437,0.004605371742054437,0.9626585075509382,0.005
6,205,205,0.0053000255301405555,0.0053000255301405555,0.9623196572611176,0.005
6,206,206,0.005583743767525907,0.005583743767525907,0.9630209424879923,0.005
6,207,207,0.004415190201656287,0.004415190201656287,0.9627319028928988,0.005
6,208,208,0.00533430360911006,0.00533430360911006,0.9631907027665415,0.005
6,209,209,0.004993211345266452,0.004993211345266452,0.9628894323731763,0.005
6,210,210,0.005435732979935686,0.005435732979935686,0.9630986378738721,0.005
6,211,211,0.00464572190850784,0.00464572190850784,0.9626414789277068,0.005
6,212,212,0.005171961911099063,0.005171961911099063,0.9627522650366422,0.005
6,213,213,0.00502415406234556,0.00502415406234556,0.9625238154635934,0.005
6,214,214,0.004876046178328037,0.004876046178328037,0.9623440865202054,0.005
6,215,215,0.005375939563927658,0.005375939563927658,0.9624761355632578,0.005
6,216,216,0.005086417525245717,0.005086417525245717,0.9622234503469849,0.005
6,217,217,0.0046727758091804775,0.0046727758091804775,0.9618257056778241,0.005
6,218,218,0.006349391876759474,0.006349391876759474,0.9620939513085897,0.005
6,219,219,0.006703771996372498,0.006703771996372498,0.9624416064957817,0.005
6,220,220,0.0050415253411780275,0.0050415253411780275,0.9619689601083475,0.005
6,221,221,0.004819025088466619,0.004819025088466619,0.9621549541359586,0.005
6,222,222,0.005231837538764634,0.005231837538764634,0.9622847168121753,0.005
6,223,223,0.0053089512064956905,0.0053089512064956905,0.962627923208941,0.005
6,224,224,0.004886975874877877,0.004886975874877877,0.9623310644592277,0.005
6,225,225,0.005901104744770913,0.005901104744770913,0.9629583951541638,0.005
6,226,226,0.005855160591515817,0.005855160591515817,0.9629672616044995,0.005
6,227,227,0.005543748768984232,0.005543748768984232,0.9631702779645163,0.005
6,228,228,0.005565271771225285,0.005565271771225285,0.9632544396447964,0.005
6,229,229,0.005588526347036822,0.005588526347036822,0.9631687924129123,0.005
6,230,230,0.005176036673572028,0.005176036673572028,0.9632770911447613,0.005
6,231,231,0.005617425691444063,0.005617425691444063,0.9632273560331244,0.005
6,232,232,0.005015260114458698,0.005015260114458698,0.9627747092811586,0.005
6,233,233,0.004517092100506274,0.004517092100506274,0.9627534587454267,0.005
6,234,234,0.0046793745586663806,0.0046793745586663806,0.962860345112106,0.005
6,235,235,0.0058931629574966995,0.0058931629574966995,0.9631100826660554,0.005
6,236,236,0.0057750908076145665,0.0057750908076145665,0.9630123034944452,0.005
6,237,237,0.005347436001284921,0.005347436001284921,0.9627423474596767,0.005
6,238,238,0.005072690190138212,0.005072690190138212,0.9626343263747574,0.005
6,239,239,0.00535294729512401,0.00535294729512401,0.9626467277032551,0.005
6,240,240,0.004843972941788214,0.004843972941788214,0.9623092627060935,0.005
6,241,241,0.006237529567507807,0.006237529567507807,0.9626750575158997,0.005
6,242,242,0.004509779530269739,0.004509779530269739,0.9619863473001521,0.005
6,243,243,0.006220668898322281,0.006220668898322281,0.9626500922685685,0.005
6,244,244,0.005166480065750606,0.005166480065750606,0.9622172793935774,0.005
6,245,245,0.004837859368808872,0.004837859368808872,0.9621415217990634,0.005
6,246,246,0.004637758287632951,0.004637758287632951,0.9618956313361243,0.005
6,247,247,0.004992319188283908,0.004992319188283908,0.9625018381414088,0.005
6,248,248,0.006007806925879318,0.006007806925879318,0.9627410173034768,0.005
6,249,249,0.005217812285115309,0.005217812285115309,0.96267640194353,0.005
6,250,250,0.004677694760602162,0.004677694760602162,0.9625333783007054,0.005
6,251,251,0.004422282160324075,0.004422282160324075,0.962341516431531,0.005
6,252,252,0.005677138202981529,0.005677138202981529,0.9626490437380429,0.005
6,253,253,0.005831929442309647,0.005831929442309647,0.9629640097922144,0.005
6,254,254,0.004597212162770807,0.004597212162770807,0.9624306458829411,0.005
6,255,255,0.004726769830976907,0.004726769830976907,0.962730073736682,0.005
6,256,256,0.0058698278567891025,0.0058698278567891025,0.9629055513965259,0.005
6,257,257,0.004668992708804,0.004668992708804,0.9622909038917126,0.005
6,258,258,0.00525576674115269,0.00525576674115269,0.962706080949763,0.005
6,259,259,0.005609627957899451,0.005609627957899451,0.9627218155264168,0.005
6,260,260,0.0047339258832543455,0.0047339258832543455,0.9624302446578373,0.005
6,261,261,0.004462612130973413,0.004462612130973413,0.9622703313874094,0.005
6,262,262,0.004925461667884398,0.004925461667884398,0.9623222391367406,0.005
6,263,263,0.005951743036620211,0.005951743036620211,0.9623717453430971,0.005
6,264,264,0.006490817340633118,0.006490817340633118,0.9625165097170865,0.005
6,265,265,0.004565743823502688,0.004565743823502688,0.9621457895902361,0.005
6,266,266,0.005654603797785732,0.005654603797785732,0.9625170530084317,0.005
6,267,267,0.0051378235019362084,0.0051378235019362084,0.9624276079247998,0.005
6,268,268,0.0063209510735979975,0.0063209510735979975,0.9629896495107519,0.005
6,269,269,0.005183389714519314,0.005183389714519314,0.9629606104880348,0.005
6,270,270,0.006401279926637583,0.006401279926637583,0.9633799207586706,0.005
6,271,271,0.005385609954508663,0.005385609954508663,0.9632473477651955,0.005
6,272,272,0.004717630510860513,0.004717630510860513,0.9626998979993784,0.005
6,273,273,0.005692947583863103,0.005692947583863103,0.9633771116552388,0.005
6,274,274,0.004705494192532413,0.004705494192532413,0.9631366503250728,0.005
6,275,275,0.004803077728489821,0.004803077728489821,0.9633029575718737,0.005
6,276,276,0.004516558437320499,0.004516558437320499,0.962976215162138,0.005
6,277,277,0.005087757985263601,0.005087757985263601,0.9631799435193905,0.005
6,278,278,0.005151274440980068,0.005151274440980068,0.9627231303689194,0.005
6,279,279,0.004852497799501306,0.004852497799501306,0.9627205898369834,0.005
6,280,280,0.006432000881135637,0.006432000881135637,0.9628899280258624,0.005
6,281,281,0.00499756183248967,0.00499756183248967,0.9624143517278173,0.005
6,282,282,0.004153513319665594,0.004153513319665594,0.961958034319079,0.005
6,283,283,0.00571922610526494,0.00571922610526494,0.9621769821682734,0.005
6,284,284,0.005493634770723049,0.005493634770723049,0.9621549938387478,0.005
6,285,285,0.005131240230623585,0.005131240230623585,0.9619305494294104,0.005
6,286,286,0.0057307166969741705,0.0057307166969741705,0.962212249895493,0.005
6,287,287,0.005315247396263318,0.005315247396263318,0.9621647803534612,0.005
6,288,288,0.005056710481218519,0.005056710481218519,0.9620951338522621,0.005
6,289,289,0.004527795100570861,0.004527795100570861,0.9618935857329541,0.005
6,290,290,0.007910593439928322,0.007910593439928322,0.9630792867349385,0.005
6,291,291,0.005523930224593009,0.005523930224593009,0.9627227479478668,0.005
6,292,292,0.00491194397107065,0.00491194397107065,0.9627291728842778,0.005
6,293,293,0.005572829031933911,0.005572829031933911,0.9632910334353294,0.005
6,294,294,0.004552822814288031,0.004552822814288031,0.9628836533600323,0.005
6,295,295,0.005195837038974405,0.005195837038974405,0.9633486096479305,0.005
6,296,296,0.00633070159259637,0.00633070159259637,0.963445616510807,0.005
6,297,297,0.00465479820436639,0.00465479820436639,0.9629675900420951,0.005
6,298,298,0.004893302064460061,0.004893302064460061,0.962962606875551,0.005
6,299,299,0.006414935953870651,0.006414935953870651,0.9635351732519459,0.005
6,300,300,0.005335836960122211,0.005335836960122211,0.9629103150363623,0.005
6,301,301,0.004594139559660506,0.004594139559660506,0.9627917566382994,0.005
6,302,302,0.005731458105968654,0.005731458105968654,0.9632489432364801,0.005
6,303,303,0.004617798239291451,0.004617798239291451,0.9625834401382017,0.005
6,304,304,0.00486708822790992,0.00486708822790992,0.9628401866577865,0.005
6,305,305,0.005947921002224634,0.005947921002224634,0.962822579134046,0.005
6,306,306,0.006377157038258299,0.006377157038258299,0.9629534594505571,0.005
6,307,307,0.00524509666881093,0.00524509666881093,0.9626444701175213,0.005
6,308,308,0.005759111761973652,0.005759111761973652,0.962769917905255,0.005
6,309,309,0.005521073755190098,0.005521073755190098,0.9626446276985992,0.005
6,310,310,0.004974780699055452,0.004974780699055452,0.9623789143591972,0.005
6,311,311,0.005500774923750569,0.005500774923750569,0.9627519617465639,0.005
6,312,312,0.0053728262218898926,0.0053728262218898926,0.9625340192871187,0.005
6,313,313,0.004942188761580648,0.004942188761580648,0.9623623937485376,0.005
6,314,314,0.004738214216733682,0.004738214216733682,0.9623608685155596,0.005
6,315,315,0.005884605248697702,0.005884605248697702,0.9626584943800747,0.005
6,316,316,0.006983305934006602,0.006983305934006602,0.9630865284346097,0.005
6,317,317,0.00516378900424497,0.00516378900424497,0.9627052377651948,0.005
6,318,318,0.0060665052338618715,0.0060665052338618715,0.9631305627010077,0.005
6,319,319,0.005259515866455192,0.005259515866455192,0.9630866605590768,0.005
6,320,320,0.006669631655536719,0.006669631655536719,0.963505481120506,0.005
6,321,321,0.006653278304347189,0.006653278304347189,0.9638506578625049,0.005
6,322,322,0.004302318888791207,0.004302318888791207,0.9629665716909258,0.005
6,323,323,0.007322169147762917,0.007322169147762917,0.9640608566933118,0.005
6,324,324,0.004279166461232384,0.004279166461232384,0.9628885073777318,0.005
6,325,325,0.006205174355401683,0.006205174355401683,0.963671425927063,0.005
6,326,326,0.004417143015228563,0.004417143015228563,0.9630123156292857,0.005
6,327,327,0.005063009722956914,0.005063009722956914,0.9631184204292434,0.005
6,328,328,0.006200632580336455,0.006200632580336455,0.9633044911000304,0.005
6,329,329,0.005310783400823154,0.005310783400823154,0.9628420928171479,0.005
6,330,330,0.006275919500468679,0.006275919500468679,0.9630870344721428,0.005
6,331,331,0.00541877468921273,0.00541877468921273,0.9626823852953432,0.005
6,332,332,0.006571287575585801,0.006571287575585801,0.9628830064225852,0.005
6,333,333,0.005169496052640257,0.005169496052640257,0.9626854330472309,0.005
6,334,334,0.005432176550584178,0.005432176550584178,0.9626575145500451,0.005
6,335,335,0.004372209824307663,0.004372209824307663,0.9621692476623023,0.005
6,336,336,0.0054774335285705175,0.0054774335285705175,0.9629106312598601,0.005
6,337,337,0.00474787084139782,0.00474787084139782,0.9626948910824425,0.005
6,338,338,0.004993577981831187,0.004993577981831187,0.9629314135593754,0.005
6,339,339,0.005140798092707635,0.005140798092707635,0.9625992100706801,0.005
6,340,340,0.00479002302685907,0.00479002302685907,0.9626788780808604,0.005
6,341,341,0.006895357979283025,0.006895357979283025,0.9630873726035091,0.005
6,342,342,0.0046762353842765446,0.0046762353842765446,0.9624559993476495,0.005
6,343,343,0.004823143889206651,0.004823143889206651,0.9625477291971671,0.005
6,344,344,0.007119209462182231,0.007119209462182231,0.9630543602913185,0.005
6,345,345,0.005129069798892688,0.005129069798892688,0.9623780434285131,0.005
6,346,346,0.0057230889366687646,0.0057230889366687646,0.9626776601054204,0.005
6,347,347,0.005678196588318077,0.005678196588318077,0.9627074825909931,0.005
6,348,348,0.006593999034724695,0.006593999034724695,0.9628933928545365,0.005
6,349,349,0.005681009314631764,0.005681009314631764,0.9629431301162149,0.005
6,350,350,0.004865635775222192,0.004865635775222192,0.962506763143272,0.005
6,351,351,0.00678746797990795,0.00678746797990795,0.9635740077509094,0.005
6,352,352,0.005263603001006452,0.005263603001006452,0.963199495975759,0.005
6,353,353,0.0049217198342106135,0.0049217198342106135,0.9632640172239273,0.005
6,354,354,0.005183485656541065,0.005183485656541065,0.9634354698419684,0.005
6,355,355,0.005782510434788916,0.005782510434788916,0.9634742654854341,0.005
6,356,356,0.004903656439336487,0.004903656439336487,0.963235089892103,0.005
6,357,357,0.005290963072422307,0.005290963072422307,0.9631826524778856,0.005
6,358,358,0.0047360216646173785,0.0047360216646173785,0.9628527460726186,0.005
6,359,359,0.0051931500697010285,0.0051931500697010285,0.9629088408720562,0.005
6,360,360,0.004427656951912754,0.004427656951912754,0.9624154198797075,0.005
6,361,361,0.004994341906887247,0.004994341906887247,0.9625245505586696,0.005
6,362,362,0.006113813661095336,0.006113813661095336,0.9626999919034704,0.005
6,363,363,0.004659556275580675,0.004659556275580675,0.962075841350456,0.005
6,364,364,0.005470818605558983,0.005470818605558983,0.9622028987135506,0.005
6,365,365,0.0057309176769423115,0.0057309176769423115,0.9624174563708333,0.005
6,366,366,0.006417314505291668,0.006417314505291668,0.962613700042,0.005
6,367,367,0.006636705827432728,0.006636705827432728,0.9627793733003435,0.005
6,368,368,0.004913297406799781,0.004913297406799781,0.9624026794141577,0.005
6,369,369,0.005276089148160442,0.005276089148160442,0.962695230485817,0.005
6,370,370,0.005549765407567573,0.005549765407567573,0.9627997177857599,0.005
6,371,371,0.005231733640895908,0.005231733640895908,0.9628684160150057,0.005
6,372,372,0.007112250730072968,0.007112250730072968,0.9637042902101172,0.005
6,373,373,0.005086498838782854,0.005086498838782854,0.9631024668907169,0.005
6,374,374,0.0045752397019272395,0.0045752397019272395,0.9627988501678992,0.005
6,375,375,0.004888368456843456,0.004888368456843456,0.9628489303395851,0.005
6,376,376,0.005785112435850562,0.005785112435850562,0.9635065090204273,0.005
6,377,377,0.004823776462101253,0.004823776462101253,0.9629274812660276,0.005
6,378,378,0.005727178606278201,0.005727178606278201,0.9635181716111154,0.005
6,379,379,0.00492199820029459,0.00492199820029459,0.9630599646215943,0.005
6,380,380,0.004603590012103876,0.004603590012103876,0.9628694120533478,0.005
6,381,381,0.007084760343713038,0.007084760343713038,0.9634617620490877,0.005
6,382,382,0.005420312337435173,0.005420312337435173,0.9629059035407594,0.005
6,383,383,0.005066541758662643,0.005066541758662643,0.9626512272014185,0.005
6,384,384,0.005975089275227679,0.005975089275227679,0.9628178259544903,0.005
6,385,385,0.004795995906200129,0.004795995906200129,0.9624055052830623,0.005
6,386,386,0.0054127185966606605,0.0054127185966606605,0.9624931145333784,0.005
6,387,387,0.006560583377123323,0.006560583377123323,0.9626909661766171,0.005
6,388,388,0.00654364033150058,0.00654364033150058,0.9626859869969474,0.005
6,389,389,0.005406993860311153,0.005406993860311153,0.962471341706905,0.005
6,390,390,0.00546693823885989,0.00546693823885989,0.9626766574561502,0.005
6,391,391,0.004499879110792475,0.004499879110792475,0.9619879978476418,0.005
6,392,392,0.005489702980490441,0.005489702980490441,0.9628470309319317,0.005
6,393,393,0.005018009998001373,0.005018009998001373,0.9628238006984059,0.005
6,394,394,0.00490848376615507,0.00490848376615507,0.9628396604563665,0.005
6,395,395,0.004745935372164586,0.004745935372164586,0.962893926797962,0.005
6,396,396,0.007232117292432655,0.007232117292432655,0.9638759493809678,0.005
6,397,397,0.005092309429834162,0.005092309429834162,0.963172314250935,0.005
6,398,398,0.008123723020811997,0.008123723020811997,0.9640356335327275,0.005
6,399,399,0.004720627753842965,0.004720627753842965,0.9625248765325649,0.005
6,400,400,0.005452864851150851,0.005452864851150851,0.9634795140522041,0.005
6,401,401,0.005215089565688663,0.005215089565688663,0.9632179521202093,0.005
6,402,402,0.005316220821186983,0.005316220821186983,0.9632784312323711,0.005
6,403,403,0.005438781353679601,0.005438781353679601,0.9631256497549112,0.005
6,404,404,0.004471644681303982,0.004471644681303982,0.9625777592772032,0.005
6,405,405,0.006224380117705078,0.006224380117705078,0.9630310447882475,0.005
6,406,406,0.006380653338007029,0.006380653338007029,0.9629083093383821,0.005
6,407,407,0.005921631667128849,0.005921631667128849,0.962727760990078,0.005
6,408,408,0.0052846219005419515,0.0052846219005419515,0.9624870764872745,0.005
6,409,409,0.00518949851460496,0.00518949851460496,0.9625009354905318,0.005
6,410,410,0.005988277733997077,0.005988277733997077,0.9627615947210176,0.005
6,411,411,0.006875276444080073,0.006875276444080073,0.9629804938925354,0.005
6,412,412,0.005214409724600055,0.005214409724600055,0.96273093497204,0.005
6,413,413,0.004571945026421852,0.004571945026421852,0.9625273383506964,0.005
6,414,414,0.005722959228502829,0.005722959228502829,0.9632158604816516,0.005
6,415,415,0.005867013859408656,0.005867013859408656,0.9635194634847449,0.005
6,416,416,0.004564510747087686,0.004564510747087686,0.9628333113813293,0.005
6,417,417,0.004907556172543846,0.004907556172543846,0.96304900221192,0.005
6,418,418,0.005014407763187029,0.005014407763187029,0.9631782237146399,0.005
6,419,419,0.0053588146821039,0.0053588146821039,0.9632268709814097,0.005
6,420,420,0.004822405942600534,0.004822405942600534,0.9629596386358695,0.005
6,421,421,0.0058378693920299205,0.0058378693920299205,0.9631628844118612,0.005
6,422,422,0.005185911773378675,0.005185911773378675,0.9627932128018256,0.005
6,423,423,0.0043473437438897875,0.0043473437438897875,0.9620063687387909,0.005
6,424,424,0.005728959827534486,0.005728959827534486,0.9627947319612555,0.005
6,425,425,0.006058725328897207,0.006058725328897207,0.9628131855049687,0.005
6,426,426,0.004618908797082015,0.004618908797082015,0.9617471934094757,0.005
6,427,427,0.0072735458617652375,0.0072735458617652375,0.9631850984364833,0.005
6,428,428,0.00612534549797279,0.00612534549797279,0.9630020952111925,0.005
6,429,429,0.0059112851495176505,0.0059112851495176505,0.9630879522375098,0.005
6,430,430,0.005868762794776221,0.005868762794776221,0.9631504383977645,0.005
6,431,431,0.004538544902899737,0.004538544902899737,0.9627586842284381,0.005
6,432,432,0.004426837120925701,0.004426837120925701,0.962618219194484,0.005
6,433,433,0.004394370446200994,0.004394370446200994,0.9624324668637361,0.005
6,434,434,0.004760896143427777,0.004760896143427777,0.9626896930539858,0.005
6,435,435,0.005762685070021326,0.005762685070021326,0.9630011298798287,0.005
6,436,436,0.005336975874792231,0.005336975874792231,0.9627886027230201,0.005
6,437,437,0.00489593323456515,0.00489593323456515,0.9625417983582291,0.005
6,438,438,0.005699010292339147,0.005699010292339147,0.962793311216695,0.005
6,439,439,0.005356299970072275,0.005356299970072275,0.9627102201315265,0.005
6,440,440,0.005772020548611699,0.005772020548611699,0.9628973785073959,0.005
6,441,441,0.0052563053570059085,0.0052563053570059085,0.9626867413144519,0.005
6,442,442,0.005508502187839576,0.005508502187839576,0.9628159979225457,0.005
6,443,443,0.004847447296540474,0.004847447296540474,0.9627573112672358,0.005
6,444,444,0.0049864065594949145,0.0049864065594949145,0.9629121002299377,0.005
6,445,445,0.005654096408422902,0.005654096408422902,0.9631679117476865,0.005
6,446,446,0.005202772339695216,0.005202772339695216,0.9628295014732762,0.005
6,447,447,0.004847633641900585,0.004847633641900585,0.9626741068122155,0.005
6,448,448,0.004557094548898721,0.004557094548898721,0.9625141287261326,0.005
6,449,449,0.006510319257028215,0.006510319257028215,0.9630964967647284,0.005
6,450,450,0.006255653386045996,0.006255653386045996,0.9629502729996093,0.005
6,451,451,0.004732348666242172,0.004732348666242172,0.9624548494864061,0.005
6,452,452,0.005986085716253526,0.005986085716253526,0.9628990337899764,0.005
6,453,453,0.005403550038291009,0.005403550038291009,0.9624801768240417,0.005
6,454,454,0.005007437395119276,0.005007437395119276,0.9627067710646352,0.005
6,455,455,0.004617093440834535,0.004617093440834535,0.9625949975372545,0.005
6,456,456,0.006195553761409555,0.006195553761409555,0.9631802578951063,0.005
6,457,457,0.005792975283357229,0.005792975283357229,0.9632557488994097,0.005
6,458,458,0.0045661275332505085,0.0045661275332505085,0.9626962366476289,0.005
6,459,459,0.005747963694018223,0.005747963694018223,0.9632606740659214,0.005
6,460,460,0.005122851050704452,0.005122851050704452,0.9632039383586392,0.005
6,461,461,0.004646300627991827,0.004646300627991827,0.9626947893526006,0.005
6,462,462,0.005982840319439887,0.005982840319439887,0.9632336982646593,0.005
6,463,463,0.006029679495891482,0.006029679495891482,0.9632073715985106,0.005
6,464,464,0.006184422418190758,0.006184422418190758,0.9632515485466142,0.005
6,465,465,0.005830443237918254,0.005830443237918254,0.9630672154243428,0.005
6,466,466,0.0043904808933225275,0.0043904808933225275,0.9623096375291221,0.005
6,467,467,0.005113148499270481,0.005113148499270481,0.9626614999511495,0.005
6,468,468,0.006234492916355154,0.006234492916355154,0.9629019065795843,0.005
6,469,469,0.005766866988537101,0.005766866988537101,0.9626131884528776,0.005
6,470,470,0.005019361543710782,0.005019361543710782,0.9624404277629464,0.005
6,471,471,0.005662666029862719,0.005662666029862719,0.9628201740926491,0.005
6,472,472,0.00462180388432515,0.00462180388432515,0.962481121318115,0.005
6,473,473,0.0054977856106019456,0.0054977856106019456,0.9628328353586247,0.005
6,474,474,0.00452548713286122,0.00452548713286122,0.9626099064153816,0.005
6,475,475,0.004892862166058019,0.004892862166058019,0.9627965158210722,0.005
6,476,476,0.005421668418708729,0.005421668418708729,0.9631496451902398,0.005
6,477,477,0.006453767717777586,0.006453767717777586,0.963455810557254,0.005
6,478,478,0.0051070572952243085,0.0051070572952243085,0.9630470283347387,0.005
6,479,479,0.005106322100558328,0.005106322100558328,0.9630412434320639,0.005
6,480,480,0.006274112560541264,0.006274112560541264,0.9633956460152333,0.005
6,481,481,0.006209524769146906,0.006209524769146906,0.9633092296156108,0.005
6,482,482,0.006061652920284285,0.006061652920284285,0.9633361453201756,0.005
6,483,483,0.005508931507487578,0.005508931507487578,0.9631267049042418,0.005
6,484,484,0.006148190980332261,0.006148190980332261,0.9633266582239572,0.005
6,485,485,0.005423704378095913,0.005423704378095913,0.9631094195473753,0.005
6,486,486,0.005647978244185458,0.005647978244185458,0.9631146883974411,0.005
6,487,487,0.005074800865573046,0.005074800865573046,0.962822951735067,0.005
6,488,488,0.004977905253594522,0.004977905253594522,0.962896458213603,0.005
6,489,489,0.00529323851018525,0.00529323851018525,0.9631067795333177,0.005
6,490,490,0.006324947651246932,0.006324947651246932,0.9634342740389643,0.005
6,491,491,0.006157752392588256,0.006157752392588256,0.9634525526948937,0.005
6,492,492,0.0048105630698296615,0.0048105630698296615,0.9629053735463807,0.005
6,493,493,0.005308547837980274,0.005308547837980274,0.96313156256035,0.005
6,494,494,0.005777350844569713,0.005777350844569713,0.9632153703577351,0.005
6,495,495,0.005723998679817866,0.005723998679817866,0.9630731857106376,0.005
6,496,496,0.00579020575354037,0.00579020575354037,0.9629711110839492,0.005
6,497,497,0.005761738067631641,0.005761738067631641,0.9628293872928404,0.005
6,498,498,0.005281359310564977,0.005281359310564977,0.9628051482661766,0.005
6,499,499,0.005563247670306251,0.005563247670306251,0.9628318389024367,0.005
6,500,500,0.005559678773105807,0.005559678773105807,0.9626840282035563,0.005
6,501,501,0.007186660686601714,0.007186660686601714,0.9632620433767985,0.005
6,502,502,0.0053191058870106726,0.0053191058870106726,0.9626550571486614,0.005
6,503,503,0.005080800296863684,0.005080800296863684,0.962568075334088,0.005
6,504,504,0.005892550408149065,0.005892550408149065,0.9630811981286934,0.005
6,505,505,0.004502223212018937,0.004502223212018937,0.9622699555953179,0.005
6,506,506,0.0062333101213811245,0.0062333101213811245,0.9630767716406922,0.005
6,507,507,0.0052744710232520454,0.0052744710232520454,0.9630128673180118,0.005
6,508,508,0.006078429889959387,0.006078429889959387,0.9634992153476492,0.005
6,509,509,0.005620916767135971,0.005620916767135971,0.9634294566889391,0.005
6,510,510,0.005596591293666699,0.005596591293666699,0.963327295206297,0.005
6,511,511,0.004771118011404053,0.004771118011404053,0.962839835850562,0.005
6,512,512,0.004782182532761038,0.004782182532761038,0.9630659131306258,0.005
6,513,513,0.004402812373217093,0.004402812373217093,0.9627718290016023,0.005
6,514,514,0.005808206863809698,0.005808206863809698,0.9632380768938884,0.005
6,515,515,0.005067620019317563,0.005067620019317563,0.9627080375694969,0.005
6,516,516,0.004742852225407712,0.004742852225407712,0.9625405859651396,0.005
6,517,517,0.004608176361641602,0.004608176361641602,0.9622337271572826,0.005
6,518,518,0.004808912606351712,0.004808912606351712,0.962142984025765,0.005
6,519,519,0.005254133167486522,0.005254133167486522,0.9620354435763392,0.005
6,520,520,0.005613187326370969,0.005613187326370969,0.9619300516664219,0.005
6,521,521,0.005346311939637756,0.005346311939637756,0.9618758002384906,0.005
6,522,522,0.004613585465433428,0.004613585465433428,0.9616830552420925,0.005
6,523,523,0.0047889778059856045,0.0047889778059856045,0.9618453659081756,0.005
6,524,524,0.00669417861615226,0.00669417861615226,0.9626210711827989,0.005
6,525,525,0.005587217380625285,0.005587217380625285,0.9625956296176781,0.005
6,526,526,0.006915396340266588,0.006915396340266588,0.9632810416105005,0.005
6,527,527,0.005037568931044788,0.005037568931044788,0.9630358888928975,0.005
6,528,528,0.0055621916931663075,0.0055621916931663075,0.9635581758214751,0.005
6,529,529,0.0051035740930586646,0.0051035740930586646,0.9634593303440645,0.005
6,530,530,0.005273705660083488,0.005273705660083488,0.9638183072889334,0.005
6,531,531,0.005324751901898588,0.005324751901898588,0.9639195089711344,0.005
6,532,532,0.004586631196820378,0.004586631196820378,0.9633376789795545,0.005
6,533,533,0.005007091232518707,0.005007091232518707,0.9635610204016648,0.005
6,534,534,0.005090650155503161,0.005090650155503161,0.9634782422391757,0.005
6,535,535,0.005903963396688819,0.005903963396688819,0.9634299393631078,0.005
6,536,536,0.0052084567957757216,0.0052084567957757216,0.9629639269164971,0.005
6,537,537,0.0050834575175046845,0.0050834575175046845,0.9626089285387652,0.005
6,538,538,0.004505576503702841,0.004505576503702841,0.9620448482749049,0.005
6,539,539,0.005466974202930612,0.005466974202930612,0.9620606387175907,0.005
6,540,540,0.006985768818113854,0.006985768818113854,0.9622870359985956,0.005
6,541,541,0.0046278542325337135,0.0046278542325337135,0.9616274375839557,0.005
6,542,542,0.0048185826796665375,0.0048185826796665375,0.9616184364639169,0.005
6,543,543,0.004881124730194492,0.004881124730194492,0.9619058019098166,0.005
6,544,544,0.006171522158931681,0.006171522158931681,0.9625622548396657,0.005
6,545,545,0.004368730229256105,0.004368730229256105,0.9619532742660529,0.005
6,546,546,0.004775402260826633,0.004775402260826633,0.962467582386858,0.005
6,547,547,0.004578281651061547,0.004578281651061547,0.9625200960295788,0.005
6,548,548,0.006299839215269107,0.006299839215269107,0.9632436932015266,0.005
6,549,549,0.005554312652651007,0.005554312652651007,0.963223960653201,0.005
6,550,550,0.005351274567001608,0.005351274567001608,0.9632337394705692,0.005
6,551,551,0.004681450648337696,0.004681450648337696,0.9629571262586173,0.005
6,552,552,0.0048929736105124185,0.0048929736105124185,0.9629249579360322,0.005
6,553,553,0.005277713270301545,0.005277713270301545,0.9629922650416293,0.005
6,554,554,0.005835639175472458,0.005835639175472458,0.9629039889521174,0.005
6,555,555,0.004550979990534036,0.004550979990534036,0.9622821213445452,0.005
6,556,556,0.0051729879957218465,0.0051729879957218465,0.9625472318534934,0.005
6,557,557,0.004661893066087679,0.004661893066087679,0.9622204074021222,0.005
6,558,558,0.005326326087690018,0.005326326087690018,0.9623668235403824,0.005
6,559,559,0.005720599402897113,0.005720599402897113,0.9627452795583299,0.005
6,560,560,0.005067115807213649,0.005067115807213649,0.962588673378067,0.005
6,561,561,0.005762175014388143,0.005762175014388143,0.9628414626523264,0.005
6,562,562,0.0065839261282776415,0.0065839261282776415,0.9630299480994032,0.005
6,563,563,0.0051359387623075336,0.0051359387623075336,0.9624432859080838,0.005
6,564,564,0.004820873448877003,0.004820873448877003,0.9627554626511854,0.005
6,565,565,0.004842400688532792,0.004842400688532792,0.9625944053090485,0.005
6,566,566,0.004971162801490913,0.004971162801490913,0.9627488589555991,0.005
6,567,567,0.006953600438355259,0.006953600438355259,0.963351983065562,0.005
6,568,568,0.006095746207085837,0.006095746207085837,0.9631405374187777,0.005
6,569,569,0.004642918046536798,0.004642918046536798,0.9628691457704128,0.005
6,570,570,0.006247655291200464,0.006247655291200464,0.9634830839866314,0.005
6,571,571,0.0074559409701584235,0.0074559409701584235,0.9639255230386027,0.005
6,572,572,0.006306373566982719,0.006306373566982719,0.9637446706791593,0.005
6,573,573,0.0060400135427113545,0.0060400135427113545,0.9638344743765942,0.005
6,574,574,0.00521992491082447,0.00521992491082447,0.963054838403223,0.005
6,575,575,0.005275271295043477,0.005275271295043477,0.963508718213005,0.005
6,576,576,0.005439675652814194,0.005439675652814194,0.9635887494893196,0.005
6,577,577,0.0053656197084455326,0.0053656197084455326,0.9634722800172982,0.005
6,578,578,0.005046444027686434,0.005046444027686434,0.9629881994370628,0.005
6,579,579,0.005784588878822296,0.005784588878822296,0.9635217037170611,0.005
6,580,580,0.004423119565214012,0.004423119565214012,0.9624411168662997,0.005
6,581,581,0.006489222583340863,0.006489222583340863,0.9634132917976986,0.005
6,582,582,0.005071750909989721,0.005071750909989721,0.9627259094136773,0.005
6,583,583,0.005139411929770298,0.005139411929770298,0.9628221656519527,0.005
6,584,584,0.0048807778219800745,0.0048807778219800745,0.9625232181135216,0.005
6,585,585,0.006179351820301405,0.006179351820301405,0.9628254816128156,0.005
6,586,586,0.004853680749017517,0.004853680749017517,0.9620977994177067,0.005
6,587,587,0.005195069333170475,0.005195069333170475,0.9623222110251235,0.005
6,588,588,0.005670018542669844,0.005670018542669844,0.9624020337442387,0.005
6,589,589,0.004233384022161262,0.004233384022161262,0.9614754191742697,0.005
6,590,590,0.005749187735857414,0.005749187735857414,0.9623649969696293,0.005
6,591,591,0.005099497692467539,0.005099497692467539,0.9622796268674425,0.005
6,592,592,0.0057482318705215744,0.0057482318705215744,0.9622263251343435,0.005
6,593,593,0.005120604403169141,0.005120604403169141,0.9625030453011503,0.005
6,594,594,0.005782052383469319,0.005782052383469319,0.9628229535294124,0.005
6,595,595,0.004767318730005654,0.004767318730005654,0.9626113748476803,0.005
6,596,596,0.005415401136705973,0.005415401136705973,0.962993544852298,0.005
6,597,597,0.00428034718412966,0.00428034718412966,0.9624135383373245,0.005
6,598,598,0.005565487402330533,0.005565487402330533,0.9631627097173201,0.005
6,599,599,0.0049193691820806525,0.0049193691820806525,0.9629367835515132,0.005
6,600,600,0.005966415901180333,0.005966415901180333,0.9633103982856727,0.005
6,601,601,0.005904868329364812,0.005904868329364812,0.9633193969780085,0.005
6,602,602,0.005084864528682429,0.005084864528682429,0.9629654464845312,0.005
6,603,603,0.005053872297100168,0.005053872297100168,0.9628021099257842,0.005
6,604,604,0.005254482793280939,0.005254482793280939,0.9630324387579813,0.005
6,605,605,0.005666716513422192,0.005666716513422192,0.9631561832887776,0.005
6,606,606,0.004973031303129731,0.004973031303129731,0.9626769445664315,0.005
6,607,607,0.007071753174447179,0.007071753174447179,0.9634750069298643,0.005
6,608,608,0.0054845418621183705,0.0054845418621183705,0.963052877768659,0.005
6,609,609,0.006453434326968848,0.006453434326968848,0.9634669986545598,0.005
6,610,610,0.004452609533006803,0.004452609533006803,0.9627348666279888,0.005
6,611,611,0.004737038262833118,0.004737038262833118,0.96266324745575,0.005
6,612,612,0.00470639646513394,0.00470639646513394,0.9628332208020047,0.005
6,613,613,0.00533304002351459,0.00533304002351459,0.9631139096583986,0.005
6,614,614,0.00474497287817343,0.00474497287817343,0.9627426976349386,0.005
6,615,615,0.004920157976441713,0.004920157976441713,0.9626188329409097,0.005
6,616,616,0.005826682685383308,0.005826682685383308,0.9627666425650789,0.005
6,617,617,0.005256641140500412,0.005256641140500412,0.9624126836248416,0.005
6,618,618,0.004442839593602561,0.004442839593602561,0.9619742366414159,0.005
6,619,619,0.005134319465255675,0.005134319465255675,0.9622772778897496,0.005
6,620,620,0.005557114705595856,0.005557114705595856,0.9624737629042306,0.005
6,621,621,0.006165967540553624,0.006165967540553624,0.9626865509072021,0.005
6,622,622,0.005104137994784253,0.005104137994784253,0.9622652382190836,0.005
6,623,623,0.00484194307040707,0.00484194307040707,0.9625332033215525,0.005
6,624,624,0.004948998662034226,0.004948998662034226,0.962369824693475,0.005
6,625,625,0.005312433485095261,0.005312433485095261,0.9630017371541381,0.005
6,626,626,0.004909995028193856,0.004909995028193856,0.9629398644129348,0.005
6,627,627,0.006304726324566551,0.006304726324566551,0.9634849814267095,0.005
6,628,628,0.005866670015430303,0.005866670015430303,0.963299539761882,0.005
6,629,629,0.004560258350076936,0.004560258350076936,0.9627650262162454,0.005
6,630,630,0.005665820327677404,0.005665820327677404,0.9633128222043783,0.005
6,631,631,0.004880521214433853,0.004880521214433853,0.9628932937606557,0.005
6,632,632,0.005277143747481743,0.005277143747481743,0.9629561333049469,0.005
6,633,633,0.006127923948225573,0.006127923948225573,0.9631938373808883,0.005
6,634,634,0.006390016985990944,0.006390016985990944,0.963293417825188,0.005
6,635,635,0.004445130798177359,0.004445130798177359,0.9621456611490653,0.005
6,636,636,0.006322050606097269,0.006322050606097269,0.9633291357766739,0.005
6,637,637,0.0056929505960058,0.0056929505960058,0.9624952937266481,0.005
6,638,638,0.006003935587170689,0.006003935587170689,0.9633029930139443,0.005
6,639,639,0.005835542361814014,0.005835542361814014,0.9635333623769761,0.005
6,640,640,0.005607372586743691,0.005607372586743691,0.9635262384174789,0.005
6,641,641,0.0049202776706182005,0.0049202776706182005,0.9632834825166784,0.005
6,642,642,0.00501932854218026,0.00501932854218026,0.9632850676421537,0.005
6,643,643,0.005360753174276173,0.005360753174276173,0.9632243796549017,0.005
6,644,644,0.0059189878093003625,0.0059189878093003625,0.9632100447265727,0.005
6,645,645,0.006794609008979104,0.006794609008979104,0.9629455740639027,0.005
6,646,646,0.006174819753692639,0.006174819753692639,0.9630786962307959,0.005
6,647,647,0.0060912062885300055,0.0060912062885300055,0.9629822253051389,0.005
6,648,648,0.005318615239681829,0.005318615239681829,0.9627989307887235,0.005
6,649,649,0.005079648826147628,0.005079648826147628,0.9626262464960137,0.005
6,650,650,0.006277055654587358,0.006277055654587358,0.9629865184595052,0.005
6,651,651,0.006125863870748111,0.006125863870748111,0.9632464000763269,0.005
6,652,652,0.005191936423770825,0.005191936423770825,0.9628754927962135,0.005
6,653,653,0.005127758739526129,0.005127758739526129,0.9628656058351546,0.005
6,654,654,0.004995922908118477,0.004995922908118477,0.962972452932429,0.005
6,655,655,0.0068087460812349156,0.0068087460812349156,0.9637966110627476,0.005
6,656,656,0.006027762861785427,0.006027762861785427,0.963667843199555,0.005
6,657,657,0.005508428171963732,0.005508428171963732,0.9635553996440095,0.005
6,658,658,0.005243375423136127,0.005243375423136127,0.9634600931048612,0.005
6,659,659,0.004635147560833842,0.004635147560833842,0.9630085133806755,0.005
6,660,660,0.004642399299640176,0.004642399299640176,0.9627501305420277,0.005
6,661,661,0.005558983306025018,0.005558983306025018,0.9627589784593209,0.005
6,662,662,0.00570891448293794,0.00570891448293794,0.963044912764389,0.005
6,663,663,0.0047203955665677455,0.0047203955665677455,0.9624618952201116,0.005
6,664,664,0.00667770521236964,0.00667770521236964,0.9631325317032942,0.005
6,665,665,0.004572019085893554,0.004572019085893554,0.9623598568060436,0.005
6,666,666,0.0055084077151438884,0.0055084077151438884,0.962633760285857,0.005
6,667,667,0.004948795928978258,0.004948795928978258,0.9623717059820626,0.005
6,668,668,0.005157918347325844,0.005157918347325844,0.9624125257237699,0.005
6,669,669,0.004841463392889366,0.004841463392889366,0.9621689923025301,0.005
6,670,670,0.004990189116479693,0.004990189116479693,0.9620836801523862,0.005
6,671,671,0.006180350325132939,0.006180350325132939,0.9626219411562296,0.005
6,672,672,0.004413777968251325,0.004413777968251325,0.9618912337145117,0.005
6,673,673,0.006166998749046759,0.006166998749046759,0.9627797577323233,0.005
6,674,674,0.006388763941869748,0.006388763941869748,0.9628027772042166,0.005
6,675,675,0.004778663271214491,0.004778663271214491,0.9628182266608474,0.005
6,676,676,0.004474548600773471,0.004474548600773471,0.9625483741995653,0.005
6,677,677,0.0049026800262440065,0.0049026800262440065,0.9631026516861061,0.005
6,678,678,0.004730327156538807,0.004730327156538807,0.9630215482838321,0.005
6,679,679,0.006261121924802793,0.006261121924802793,0.96353195483107,0.005
6,680,680,0.006162806747200437,0.006162806747200437,0.9633414758326148,0.005
6,681,681,0.005631396689023908,0.005631396689023908,0.963164032998775,0.005
6,682,682,0.005744350991598236,0.005744350991598236,0.9631706504532033,0.005
6,683,683,0.005918248541594175,0.005918248541594175,0.9631490404978899,0.005
6,684,684,0.00471865179076682,0.00471865179076682,0.9624925642773906,0.005
6,685,685,0.005057916531201891,0.005057916531201891,0.96262373865394,0.005
6,686,686,0.005112395641534815,0.005112395641534815,0.9623030469709213,0.005
6,687,687,0.005458713956197946,0.005458713956197946,0.962547392848917,0.005
6,688,688,0.005654140863773569,0.005654140863773569,0.9627907934042851,0.005
6,689,689,0.004481122464627518,0.004481122464627518,0.9623028195473879,0.005
6,690,690,0.0047849297947994834,0.0047849297947994834,0.9627116362939233,0.005
6,691,691,0.005131283010343314,0.005131283010343314,0.9629200568701314,0.005
6,692,692,0.005007674129588746,0.005007674129588746,0.9626719215491935,0.005
6,693,693,0.005554011907911893,0.005554011907911893,0.9630801394040136,0.005
6,694,694,0.004843345978247809,0.004843345978247809,0.9629084605593602,0.005
6,695,695,0.0046831613427706555,0.0046831613427706555,0.9627450505603091,0.005
6,696,696,0.0045552375519861054,0.0045552375519861054,0.9624560682186075,0.005
6,697,697,0.005479582336114973,0.005479582336114973,0.9627220478336557,0.005
6,698,698,0.006592974118195602,0.006592974118195602,0.9627496096994028,0.005
6,699,699,0.004717542514490258,0.004717542514490258,0.9621032515112535,0.005
6,700,700,0.005189986154893264,0.005189986154893264,0.962322131498863,0.005
6,701,701,0.005230047971747035,0.005230047971747035,0.9621929366975847,0.005
6,702,702,0.0049817707772285185,0.0049817707772285185,0.9614615275885067,0.005
6,703,703,0.0056341816086220384,0.0056341816086220384,0.9625685881040751,0.005
6,704,704,0.006213056397227681,0.006213056397227681,0.9629414654553232,0.005
6,705,705,0.005012343502134,0.005012343502134,0.9627791827690579,0.005
6,706,706,0.006062062757214206,0.006062062757214206,0.9633177640954986,0.005
6,707,707,0.005067513119617752,0.005067513119617752,0.9631464689789527,0.005
6,708,708,0.006674673035229785,0.006674673035229785,0.9639391139489771,0.005
6,709,709,0.005849773648980613,0.005849773648980613,0.9637730322976008,0.005
6,710,710,0.004428952592968228,0.004428952592968228,0.9631159652162922,0.005
6,711,711,0.004759376295853306,0.004759376295853306,0.9633346243769926,0.005
6,712,712,0.004533817782523824,0.004533817782523824,0.9629500433599755,0.005
6,713,713,0.0052677725722038524,0.0052677725722038524,0.9633723875561293,0.005
6,714,714,0.005257246802790539,0.005257246802790539,0.9630354032114175,0.005
6,715,715,0.005847881631910495,0.005847881631910495,0.9629782029277998,0.005
6,716,716,0.00641928045905329,0.00641928045905329,0.9627461332879095,0.005
6,717,717,0.006254484355760951,0.006254484355760951,0.9625000681107587,0.005
6,718,718,0.006177268842146463,0.006177268842146463,0.9623290524093766,0.005
6,719,719,0.007441906200243496,0.007441906200243496,0.9628230584190217,0.005
6,720,720,0.004749757468820679,0.004749757468820679,0.9621872396251296,0.005
6,721,721,0.0046051401662664,0.0046051401662664,0.9622708232188565,0.005
6,722,722,0.005286696824686294,0.005286696824686294,0.9629118676537721,0.005
6,723,723,0.005181879675074733,0.005181879675074733,0.9628037673783569,0.005
6,724,724,0.006252935213782236,0.006252935213782236,0.9631640488454312,0.005
6,725,725,0.005501902106197029,0.005501902106197029,0.9632291728153404,0.005
6,726,726,0.005906214634110807,0.005906214634110807,0.9636448717104396,0.005
6,727,727,0.0067941663006507525,0.0067941663006507525,0.964113864132566,0.005
6,728,728,0.005171646343889073,0.005171646343889073,0.9635865683682442,0.005
6,729,729,0.005297233518994362,0.005297233518994362,0.96379409574836,0.005
6,730,730,0.005294228262089562,0.005294228262089562,0.9637306983811527,0.005
6,731,731,0.00659864671104437,0.00659864671104437,0.9638900663198787,0.005
6,732,732,0.004930057941726587,0.004930057941726587,0.963321811681409,0.005
6,733,733,0.00611096096744046,0.00611096096744046,0.963488723953957,0.005
6,734,734,0.0049176892161708445,0.0049176892161708445,0.9626502451027799,0.005
6,735,735,0.005058733011839988,0.005058733011839988,0.962649256094896,0.005
6,736,736,0.00466055302571952,0.00466055302571952,0.9623223626412366,0.005
6,737,737,0.004860770437984956,0.004860770437984956,0.9620581818699994,0.005
6,738,738,0.004659010705999731,0.004659010705999731,0.9618972771176069,0.005
6,739,739,0.0056630238742997555,0.0056630238742997555,0.9621368956473895,0.005
6,740,740,0.004851212411532803,0.004851212411532803,0.961724910306541,0.005
6,741,741,0.005228044574757965,0.005228044574757965,0.9619812769933577,0.005
6,742,742,0.005247599449383014,0.005247599449383014,0.9619793259838655,0.005
6,743,743,0.00627580052389674,0.00627580052389674,0.9623576691708419,0.005
6,744,744,0.004956616779958601,0.004956616779958601,0.9624654404532289,0.005
6,745,745,0.006184070798087485,0.006184070798087485,0.9630836991394732,0.005
6,746,746,0.005179445179034231,0.005179445179034231,0.9630612638788549,0.005
6,747,747,0.005688839288864793,0.005688839288864793,0.9634091981887963,0.005
6,748,748,0.005234239832223787,0.005234239832223787,0.9633804930546882,0.005
6,749,749,0.0049340605527573855,0.0049340605527573855,0.9633536334612113,0.005
6,750,750,0.005598299171595562,0.005598299171595562,0.963593257343326,0.005
6,751,751,0.004784257387148821,0.004784257387148821,0.9630045734603419,0.005
6,752,752,0.006206029053742044,0.006206029053742044,0.963238245340782,0.005
6,753,753,0.00628419325006606,0.00628419325006606,0.9634659578860661,0.005
6,754,754,0.005251454575679859,0.005251454575679859,0.9628235514038607,0.005
6,755,755,0.006651938474651013,0.006651938474651013,0.9633296830005111,0.005
6,756,756,0.006123245772690687,0.006123245772690687,0.9633172395417374,0.005
6,757,757,0.006158899850614642,0.006158899850614642,0.9633485998212388,0.005
6,758,758,0.005211480226471621,0.005211480226471621,0.9630689747943699,0.005
6,759,759,0.006402448113118436,0.006402448113118436,0.9634907877174282,0.005
6,760,760,0.004751369491441724,0.004751369491441724,0.9626507406701437,0.005
6,761,761,0.004922882606578268,0.004922882606578268,0.962949111185694,0.005
6,762,762,0.005336692543598361,0.005336692543598361,0.9631308719007233,0.005
6,763,763,0.004632011518268764,0.004632011518268764,0.9627013992265475,0.005
6,764,764,0.005507935839892711,0.005507935839892711,0.9631571613340272,0.005
6,765,765,0.00501357819100635,0.00501357819100635,0.962649743069556,0.005
6,766,766,0.005400013710476428,0.005400013710476428,0.9627552652569015,0.005
6,767,767,0.005919640344344253,0.005919640344344253,0.9628825590548202,0.005
6,768,768,0.005303743261864776,0.005303743261864776,0.962387762599626,0.005
6,769,769,0.00551975655853304,0.00551975655853304,0.9625126464795027,0.005
6,770,770,0.005815049134612739,0.005815049134612739,0.962532715174944,0.005
6,771,771,0.0065394710309422815,0.0065394710309422815,0.9626672826287892,0.005
6,772,772,0.006030483687774436,0.006030483687774436,0.9627080519264736,0.005
6,773,773,0.004832458854740318,0.004832458854740318,0.9623677100599286,0.005
6,774,774,0.005146304661988113,0.005146304661988113,0.9626960795309897,0.005
6,775,775,0.006301197207369512,0.006301197207369512,0.9634399550698203,0.005
6,776,776,0.0063053714278522065,0.0063053714278522065,0.9635168202434387,0.005
6,777,777,0.005244995416356087,0.005244995416356087,0.9636032533569655,0.005
6,778,778,0.0061685196182481895,0.0061685196182481895,0.9641237486462664,0.005
6,779,779,0.005445639688528108,0.005445639688528108,0.9638141415627688,0.005
6,780,780,0.005534794153628574,0.005534794153628574,0.9639066326165497,0.005
6,781,781,0.0053148279489419635,0.0053148279489419635,0.9638626774804523,0.005
6,782,782,0.004977555821164584,0.004977555821164584,0.9634542930353827,0.005
6,783,783,0.005117392496703115,0.005117392496703115,0.9631567867901126,0.005
6,784,784,0.0055119785732872465,0.0055119785732872465,0.9629995241509031,0.005
6,785,785,0.005533614079498742,0.005533614079498742,0.962761942853985,0.005
6,786,786,0.005985644585965594,0.005985644585965594,0.9625723175087718,0.005
6,787,787,0.005209750479129804,0.005209750479129804,0.9620120530060129,0.005
6,788,788,0.005775965327440485,0.005775965327440485,0.9623087496051053,0.005
6,789,789,0.00556594459175434,0.00556594459175434,0.9622744627458332,0.005
6,790,790,0.00519603592111712,0.00519603592111712,0.9621484426098105,0.005
6,791,791,0.0055354826828283,0.0055354826828283,0.9625784243428762,0.005
6,792,792,0.004589433174587617,0.004589433174587617,0.9621375389755551,0.005
6,793,793,0.00648221912695477,0.00648221912695477,0.963131522910182,0.005
6,794,794,0.005349893726756895,0.005349893726756895,0.9630318029707639,0.005
6,795,795,0.004661673659367985,0.004661673659367985,0.9625027504119266,0.005
6,796,796,0.006425694920744092,0.006425694920744092,0.9635801370320249,0.005
6,797,797,0.005650500486756986,0.005650500486756986,0.9634178578149175,0.005
6,798,798,0.005812441525332569,0.005812441525332569,0.9634732874001384,0.005
6,799,799,0.005094154960079601,0.005094154960079601,0.963320225000733,0.005
6,800,800,0.005871976462045418,0.005871976462045418,0.9636174687264211,0.005
6,801,801,0.005476711726855384,0.005476711726855384,0.9634073190111806,0.005
6,802,802,0.005883118891352965,0.005883118891352965,0.9634780520082106,0.005
6,803,803,0.0046967025568841955,0.0046967025568841955,0.962970317722776,0.005
6,804,804,0.005354096719159816,0.005354096719159816,0.9631046166723763,0.005
6,805,805,0.004620985550812451,0.004620985550812451,0.9627194702538957,0.005
6,806,806,0.00440017115580707,0.00440017115580707,0.9623581354994367,0.005
6,807,807,0.004257906131304246,0.004257906131304246,0.9620965191805679,0.005
6,808,808,0.004815267183045539,0.004815267183045539,0.9623341118100418,0.005
6,809,809,0.004601084975445223,0.004601084975445223,0.9619508881644856,0.005
6,810,810,0.005336615829829123,0.005336615829829123,0.9617468271551874,0.005
6,811,811,0.00644919544563983,0.00644919544563983,0.9621655901687027,0.005
6,812,812,0.0054581395051590325,0.0054581395051590325,0.9620025176237887,0.005
6,813,813,0.006143902384538041,0.006143902384538041,0.9622410410886287,0.005
6,814,814,0.006186976609284833,0.006186976609284833,0.9624668403014867,0.005
6,815,815,0.004578121973117061,0.004578121973117061,0.962062222280069,0.005
6,816,816,0.00429524375103966,0.00429524375103966,0.9619890051162857,0.005
6,817,817,0.004529313838313112,0.004529313838313112,0.9625080910736592,0.005
6,818,818,0.004997529923645116,0.004997529923645116,0.9630558049653334,0.005
6,819,819,0.004506061377264885,0.004506061377264885,0.9629043846687044,0.005
6,820,820,0.005993198606525787,0.005993198606525787,0.9636159104097654,0.005
6,821,821,0.005729304065094708,0.005729304065094708,0.9634929783902321,0.005
6,822,822,0.0059807400393836925,0.0059807400393836925,0.963545100574125,0.005
6,823,823,0.006249167204317774,0.006249167204317774,0.9634315055705723,0.005
6,824,824,0.005630283811282709,0.005630283811282709,0.9633728254521863,0.005
6,825,825,0.006076101638463346,0.006076101638463346,0.9633815595538707,0.005
6,826,826,0.005108379895331975,0.005108379895331975,0.9629781175489447,0.005
6,827,827,0.004524326061252701,0.004524326061252701,0.9625684194427643,0.005
6,828,828,0.0053930026245322185,0.0053930026245322185,0.9628742233284342,0.005
6,829,829,0.004726684888905259,0.004726684888905259,0.9624060121601328,0.005
6,830,830,0.0053390291734117514,0.0053390291734117514,0.9627956784365311,0.005
6,831,831,0.006504037528822001,0.006504037528822001,0.9631095950424826,0.005
6,832,832,0.005019306563364863,0.005019306563364863,0.9627011335514872,0.005
6,833,833,0.005244595653321719,0.005244595653321719,0.9626583918775192,0.005
6,834,834,0.005022838288418391,0.005022838288418391,0.9626885502673733,0.005
6,835,835,0.005321985712087831,0.005321985712087831,0.9625336663283924,0.005
6,836,836,0.005824466588281492,0.005824466588281492,0.9628688365790037,0.005
6,837,837,0.004374041029247118,0.004374041029247118,0.9622410843770515,0.005
6,838,838,0.00542062425013611,0.00542062425013611,0.9626276113897945,0.005
6,839,839,0.004688343254628511,0.004688343254628511,0.9622453391300099,0.005
6,840,840,0.006152912144538511,0.006152912144538511,0.9628283352619816,0.005
6,841,841,0.0048613821018374075,0.0048613821018374075,0.9622885742718361,0.005
6,842,842,0.0055373932498153575,0.0055373932498153575,0.9627341845774477,0.005
6,843,843,0.006315328535321009,0.006315328535321009,0.9630913429920941,0.005
6,844,844,0.005225376274783485,0.005225376274783485,0.9627417860728978,0.005
6,845,845,0.007958566736971257,0.007958566736971257,0.9640024349855288,0.005
6,846,846,0.006564795405637149,0.006564795405637149,0.9639344392396334,0.005
6,847,847,0.00452566214511148,0.00452566214511148,0.9630869369721983,0.005
6,848,848,0.004928444105349379,0.004928444105349379,0.9636639585201799,0.005
6,849,849,0.007385369808223786,0.007385369808223786,0.9646550422680364,0.005
6,850,850,0.005612501100482905,0.005612501100482905,0.9638658067798712,0.005
6,851,851,0.005210746921682346,0.005210746921682346,0.9632967193405492,0.005
6,852,852,0.004715757692514495,0.004715757692514495,0.9632309414830279,0.005
6,853,853,0.005153484458592558,0.005153484458592558,0.9631139557210958,0.005
6,854,854,0.005219295104033076,0.005219295104033076,0.9628136538622072,0.005
6,855,855,0.00586380092012171,0.00586380092012171,0.9629473030458369,0.005
6,856,856,0.0046425441550355506,0.0046425441550355506,0.9620443724799048,0.005
6,857,857,0.0049433271215777765,0.0049433271215777765,0.962035100230796,0.005
6,858,858,0.0050576895580056345,0.0050576895580056345,0.9619107109955131,0.005
6,859,859,0.004985538658677153,0.004985538658677153,0.9618092759670334,0.005
6,860,860,0.004527578374072571,0.004527578374072571,0.9616981818137563,0.005
6,861,861,0.006494571300117581,0.006494571300117581,0.9622709477834742,0.005
6,862,862,0.0045323823779425945,0.0045323823779425945,0.9616074426838673,0.005
6,863,863,0.006969661568475413,0.006969661568475413,0.9627403004123862,0.005
6,864,864,0.006482214458035453,0.006482214458035453,0.9628771186162572,0.005
6,865,865,0.004981379911404172,0.004981379911404172,0.9627290543031197,0.005
6,866,866,0.004601342715982576,0.004601342715982576,0.9625790402538191,0.005
6,867,867,0.004881409994184949,0.004881409994184949,0.9631347955116107,0.005
6,868,868,0.0055367811638211695,0.0055367811638211695,0.9634150884106898,0.005
6,869,869,0.0056221199884777286,0.0056221199884777286,0.9636937035527047,0.005
6,870,870,0.00464515168676942,0.00464515168676942,0.9632414367979022,0.005
6,871,871,0.005294565214485716,0.005294565214485716,0.9635890044604787,0.005
6,872,872,0.005550359116119933,0.005550359116119933,0.9635606732520273,0.005
6,873,873,0.0058283334027699075,0.0058283334027699075,0.9634807259563397,0.005
6,874,874,0.005969183170801688,0.005969183170801688,0.9633550995041235,0.005
6,875,875,0.005201999132745201,0.005201999132745201,0.9629867467445853,0.005
6,876,876,0.006003810557667151,0.006003810557667151,0.9630907752661508,0.005
6,877,877,0.004728176837714426,0.004728176837714426,0.9620988844043601,0.005
6,878,878,0.005206411895626379,0.005206411895626379,0.9625491138592618,0.005
6,879,879,0.00523007914326204,0.00523007914326204,0.962664788534308,0.005
6,880,880,0.006733230278595226,0.006733230278595226,0.9631780560774073,0.005
6,881,881,0.004824142006770841,0.004824142006770841,0.962353435533409,0.005
6,882,882,0.004417384608364956,0.004417384608364956,0.9622800610219711,0.005
6,883,883,0.004880567361071,0.004880567361071,0.9626147803438068,0.005
6,884,884,0.005623907671871631,0.005623907671871631,0.9629283078988756,0.005
6,885,885,0.0050032675847836786,0.0050032675847836786,0.962703006611624,0.005
6,886,886,0.005505818970383028,0.005505818970383028,0.9626343334911129,0.005
6,887,887,0.00547239777295603,0.00547239777295603,0.9626893879690077,0.005
6,888,888,0.004519618986245972,0.004519618986245972,0.9621915920316806,0.005
6,889,889,0.0047425677100901825,0.0047425677100901825,0.9623528922313593,0.005
6,890,890,0.005159457127280359,0.005159457127280359,0.9623778448484125,0.005
6,891,891,0.005478155021679648,0.005478155021679648,0.9625657213022777,0.005
6,892,892,0.004726059076708372,0.004726059076708372,0.9623016296653583,0.005
6,893,893,0.005686640671670915,0.005686640671670915,0.9626928670514048,0.005
6,894,894,0.005380875238866781,0.005380875238866781,0.9622727753722373,0.005
6,895,895,0.005621787783220286,0.005621787783220286,0.9628298441099314,0.005
6,896,896,0.004672921023454567,0.004672921023454567,0.962564094789122,0.005
6,897,897,0.0051957622208252535,0.0051957622208252535,0.9629242128575307,0.005
6,898,898,0.0054570661353277134,0.0054570661353277134,0.9631200007249947,0.005
6,899,899,0.004451522669260505,0.004451522669260505,0.9624835060152015,0.005
6,900,900,0.004991514726424432,0.004991514726424432,0.962887797527177,0.005
6,901,901,0.006197281224467282,0.006197281224467282,0.9634852864547458,0.005
6,902,902,0.006657550850177182,0.006657550850177182,0.9636054138735559,0.005
6,903,903,0.0068087017135611385,0.0068087017135611385,0.963786189117618,0.005
6,904,904,0.005670786949081101,0.005670786949081101,0.9634565964735005,0.005
6,905,905,0.005642370558317678,0.005642370558317678,0.9635261726966962,0.005
6,906,906,0.005403584306717826,0.005403584306717826,0.963453384386134,0.005
6,907,907,0.005305762208393659,0.005305762208393659,0.9633545771867011,0.005
6,908,908,0.006839074019100854,0.006839074019100854,0.9637131075138088,0.005
6,909,909,0.005779194189806023,0.005779194189806023,0.9632379215515082,0.005
6,910,910,0.004816711920634432,0.004816711920634432,0.9626062006004045,0.005
6,911,911,0.0052282166608025715,0.0052282166608025715,0.9627230002632361,0.005
6,912,912,0.005395194199504658,0.005395194199504658,0.9630294038530857,0.005
6,913,913,0.005466494572003147,0.005466494572003147,0.9629764464225086,0.005
6,914,914,0.004509649983115169,0.004509649983115169,0.9624908312273766,0.005
6,915,915,0.005553216716663057,0.005553216716663057,0.9629817598337079,0.005
6,916,916,0.005613900681528311,0.005613900681528311,0.9626160433268192,0.005
6,917,917,0.005299938769537215,0.005299938769537215,0.9625762261858841,0.005
6,918,918,0.00458304140898689,0.00458304140898689,0.9621459202182528,0.005
6,919,919,0.00448592939235528,0.00448592939235528,0.9620527001442329,0.005
6,920,920,0.0055697874668132075,0.0055697874668132075,0.9623327269925678,0.005
6,921,921,0.006695000364601546,0.006695000364601546,0.9625410966891327,0.005
6,922,922,0.006545070807089836,0.006545070807089836,0.9624729821609206,0.005
6,923,923,0.005167809067415534,0.005167809067415534,0.9622914725938708,0.005
6,924,924,0.0060613208678251965,0.0060613208678251965,0.9629122783231975,0.005
6,925,925,0.005996236879321358,0.005996236879321358,0.9631979869401667,0.005
6,926,926,0.005756480130704357,0.005756480130704357,0.9634078671718017,0.005
6,927,927,0.0059708505884600365,0.0059708505884600365,0.9637985410038215,0.005
6,928,928,0.004881097334304278,0.004881097334304278,0.9629260010489907,0.005
6,929,929,0.006496113920306277,0.006496113920306277,0.9643148120612259,0.005
6,930,930,0.005530354863343492,0.005530354863343492,0.9640414163142949,0.005
6,931,931,0.005368631375397314,0.005368631375397314,0.9638691377262283,0.005
6,932,932,0.005084914159536182,0.005084914159536182,0.9637182290786382,0.005
6,933,933,0.007171616038545938,0.007171616038545938,0.9641473181181477,0.005
6,934,934,0.0054057389959865886,0.0054057389959865886,0.9632015293052302,0.005
6,935,935,0.0047103255266065505,0.0047103255266065505,0.9626090565089228,0.005
6,936,936,0.004830427359789572,0.004830427359789572,0.9627145298418529,0.005
6,937,937,0.005410934047322871,0.005410934047322871,0.9628783732747285,0.005
6,938,938,0.00581367264514579,0.00581367264514579,0.9625395122719849,0.005
6,939,939,0.005810218889544951,0.005810218889544951,0.9626668738902492,0.005
6,940,940,0.008379052238069118,0.008379052238069118,0.963228630113545,0.005
6,941,941,0.006424869006899323,0.006424869006899323,0.96296149407298,0.005
6,942,942,0.005622294655190458,0.005622294655190458,0.9629004992569717,0.005
6,943,943,0.005023800897848188,0.005023800897848188,0.9628508230773763,0.005
6,944,944,0.004419682577786979,0.004419682577786979,0.9624581092516957,0.005
6,945,945,0.005846017966288949,0.005846017966288949,0.9627178904373188,0.005
6,946,946,0.00547182634420067,0.00547182634420067,0.9634338796482482,0.005
6,947,947,0.004510416636697359,0.004510416636697359,0.9626897809740363,0.005
6,948,948,0.004520182181250167,0.004520182181250167,0.962907420567501,0.005
6,949,949,0.006282827827676023,0.006282827827676023,0.9634984426908149,0.005
6,950,950,0.004702057438834785,0.004702057438834785,0.962725465097373,0.005
6,951,951,0.005088663682891341,0.005088663682891341,0.9626450125341355,0.005
6,952,952,0.0052533267386465346,0.0052533267386465346,0.9626509485471707,0.005
6,953,953,0.005458612834667503,0.005458612834667503,0.9624235385196821,0.005
6,954,954,0.005579944255366787,0.005579944255366787,0.9623666253083626,0.005
6,955,955,0.005245574076133184,0.005245574076133184,0.9622564765481868,0.005
6,956,956,0.004745305392590631,0.004745305392590631,0.9620332607426157,0.005
6,957,957,0.0048857123282471295,0.0048857123282471295,0.9618747575347442,0.005
6,958,958,0.005828636735356286,0.005828636735356286,0.962537357895425,0.005
6,959,959,0.004597746876511791,0.004597746876511791,0.9621939483191484,0.005
6,960,960,0.004722063011757428,0.004722063011757428,0.9624544344059162,0.005
6,961,961,0.005506335247601633,0.005506335247601633,0.9628771868348716,0.005
6,962,962,0.004803117369071991,0.004803117369071991,0.96268955565769,0.005
6,963,963,0.005494105401391846,0.005494105401391846,0.9631712124054334,0.005
6,964,964,0.005666387070375747,0.005666387070375747,0.963234047136799,0.005
6,965,965,0.0056450424056901215,0.0056450424056901215,0.9632760026017455,0.005
6,966,966,0.006467792633280057,0.006467792633280057,0.9634192178512294,0.005
6,967,967,0.0050137360462819336,0.0050137360462819336,0.9630392724025764,0.005
6,968,968,0.006603996824103781,0.006603996824103781,0.9634407494641565,0.005
6,969,969,0.004446610345065006,0.004446610345065006,0.9625839386279154,0.005
6,970,970,0.006257657986377528,0.006257657986377528,0.9634856928142912,0.005
6,971,971,0.0052629294625580695,0.0052629294625580695,0.9628779692637507,0.005
6,972,972,0.00714806189584243,0.00714806189584243,0.963754773663668,0.005
6,973,973,0.0050272254575266274,0.0050272254575266274,0.963137368480747,0.005
6,974,974,0.00664463938562357,0.00664463938562357,0.9641706348900995,0.005
6,975,975,0.005123092289764878,0.005123092289764878,0.9633578350774977,0.005
6,976,976,0.0044516593913769276,0.0044516593913769276,0.9629557201343575,0.005
6,977,977,0.005642898021993473,0.005642898021993473,0.9634565596883408,0.005
6,978,978,0.0058590322787869555,0.0058590322787869555,0.963417863151541,0.005
6,979,979,0.0045732513430124105,0.0045732513430124105,0.9623590424565519,0.005
6,980,980,0.006646215149936281,0.006646215149936281,0.9631363005203152,0.005
6,981,981,0.005610954767239419,0.005610954767239419,0.9625504552289935,0.005
6,982,982,0.006119594514482346,0.006119594514482346,0.9626663306689199,0.005
6,983,983,0.004958851507576806,0.004958851507576806,0.9621260028700818,0.005
6,984,984,0.005902598990026706,0.005902598990026706,0.9629046481771363,0.005
6,985,985,0.004985745281079284,0.004985745281079284,0.9623943325255074,0.005
6,986,986,0.004934482068323864,0.004934482068323864,0.962749260203648,0.005
6,987,987,0.005476425039120256,0.005476425039120256,0.9630998178000802,0.005
6,988,988,0.005224862497848969,0.005224862497848969,0.9628773608308248,0.005
6,989,989,0.0053331788543573,0.0053331788543573,0.962916427450504,0.005
6,990,990,0.004986021441488437,0.004986021441488437,0.9627254303902024,0.005
6,991,991,0.00656602803883599,0.00656602803883599,0.9630149138936288,0.005
6,992,992,0.006077308092017308,0.006077308092017308,0.9628945528188235,0.005
6,993,993,0.005365026249053214,0.005365026249053214,0.9627229993503396,0.005
6,994,994,0.005308192672995021,0.005308192672995021,0.9626743710628569,0.005
6,995,995,0.006232071324326054,0.006232071324326054,0.9633510939506567,0.005
6,996,996,0.005349703287288713,0.005349703287288713,0.9630500752410978,0.005
6,997,997,0.004861990331165492,0.004861990331165492,0.9631303789835074,0.005
6,998,998,0.0049302811553801965,0.0049302811553801965,0.9628391066532833,0.005
6,999,999,0.005413628090781549,0.005413628090781549,0.9634412687917097,0.005
6,1000,1000,0.004525213109536661,0.004525213109536661,0.9630005515492531,0.005
6,1001,1001,0.0051019799071708736,0.0051019799071708736,0.9631086749480412,0.005
6,1002,1002,0.005780402121112957,0.005780402121112957,0.963011239665765,0.005
6,1003,1003,0.004950726866424853,0.004950726866424853,0.9624880225742556,0.005
6,1004,1004,0.006442152377323075,0.006442152377323075,0.9626350236005158,0.005
6,1005,1005,0.004878286774809962,0.004878286774809962,0.9616765348736981,0.005
6,1006,1006,0.005126698740252702,0.005126698740252702,0.9620319721909906,0.005
6,1007,1007,0.0054329995517431225,0.0054329995517431225,0.9621722592899747,0.005
6,1008,1008,0.005860907142412507,0.005860907142412507,0.9623943597297534,0.005
6,1009,1009,0.006389188787962151,0.006389188787962151,0.9627724164328738,0.005
6,1010,1010,0.004751578509669108,0.004751578509669108,0.9623823421823201,0.005
6,1011,1011,0.0071767522120698025,0.0071767522120698025,0.9637651066116776,0.005
6,1012,1012,0.005614531400201874,0.005614531400201874,0.9637074116331805,0.005
6,1013,1013,0.005284499054740276,0.005284499054740276,0.9638085145182986,0.005
6,1014,1014,0.0053490137757036494,0.0053490137757036494,0.9639545081030789,0.005
6,1015,1015,0.005549279263496349,0.005549279263496349,0.9639987843385364,0.005
6,1016,1016,0.0056768176642241226,0.0056768176642241226,0.9638670411615233,0.005
6,1017,1017,0.0057523181811924805,0.0057523181811924805,0.9635294785808718,0.005
6,1018,1018,0.004838722394500171,0.004838722394500171,0.9628730564651222,0.005
6,1019,1019,0.005521782281339028,0.005521782281339028,0.9630487510471496,0.005
6,1020,1020,0.004867927223549322,0.004867927223549322,0.9625481683012223,0.005
6,1021,1021,0.005128449758667329,0.005128449758667329,0.9625167902498375,0.005
6,1022,1022,0.004907182965973795,0.004907182965973795,0.9623264746734682,0.005
6,1023,1023,0.0048404511924106065,0.0048404511924106065,0.9621700765454567,0.005
6,1024,1024,0.004949031003814969,0.004949031003814969,0.9620745157155672,0.005
6,1025,1025,0.005030642089171984,0.005030642089171984,0.962255488287536,0.005
6,1026,1026,0.0054671744176462735,0.0054671744176462735,0.9624255351382803,0.005
6,1027,1027,0.005007604329377226,0.005007604329377226,0.9622889086343629,0.005
6,1028,1028,0.005355356129079964,0.005355356129079964,0.962393731719401,0.005
6,1029,1029,0.006836995430644809,0.006836995430644809,0.9625812849692326,0.005
6,1030,1030,0.005339311175182121,0.005339311175182121,0.9624007288181072,0.005
6,1031,1031,0.004645129384054795,0.004645129384054795,0.962065219559942,0.005
6,1032,1032,0.006045326661334179,0.006045326661334179,0.9627906060910957,0.005
6,1033,1033,0.006258428463959447,0.006258428463959447,0.9630669588965913,0.005
6,1034,1034,0.004981192995204747,0.004981192995204747,0.962762780350437,0.005
6,1035,1035,0.004884212636096841,0.004884212636096841,0.9629186521022522,0.005
6,1036,1036,0.006254915602903324,0.006254915602903324,0.9638019680016177,0.005
6,1037,1037,0.005039669768102058,0.005039669768102058,0.9633870565258653,0.005
6,1038,1038,0.004503815620439689,0.004503815620439689,0.963299048650649,0.005
6,1039,1039,0.00501831953155806,0.00501831953155806,0.9637308783698093,0.005
6,1040,1040,0.006036693181544514,0.006036693181544514,0.9636942629262892,0.005
6,1041,1041,0.00514288318993344,0.00514288318993344,0.9634260242100733,0.005
6,1042,1042,0.005554534189822,0.005554534189822,0.9632051148909913,0.005
6,1043,1043,0.005591942715855969,0.005591942715855969,0.9627762578044771,0.005
6,1044,1044,0.005581128456472821,0.005581128456472821,0.9625560464336759,0.005
6,1045,1045,0.006417016960179649,0.006417016960179649,0.9625292574486747,0.005
6,1046,1046,0.006276471969383609,0.006276471969383609,0.9622177656421204,0.005
6,1047,1047,0.00533061938052779,0.00533061938052779,0.9619807626111971,0.005
6,1048,1048,0.005557203082214565,0.005557203082214565,0.9625483713571866,0.005
6,1049,1049,0.005183322026774138,0.005183322026774138,0.9626373241228557,0.005
6,1050,1050,0.004546204589656725,0.004546204589656725,0.9621971181779758,0.005
6,1051,1051,0.0060302737650167896,0.0060302737650167896,0.9635663576660315,0.005
6,1052,1052,0.005333135244463551,0.005333135244463551,0.9632840272020451,0.005
6,1053,1053,0.005764241313357442,0.005764241313357442,0.9634959665508028,0.005
6,1054,1054,0.00488350028952113,0.00488350028952113,0.9630061745340249,0.005
6,1055,1055,0.004866324816041982,0.004866324816041982,0.9628477770600207,0.005
6,1056,1056,0.005583448457076815,0.005583448457076815,0.9629907626926023,0.005
6,1057,1057,0.006560072954089382,0.006560072954089382,0.9632039795886116,0.005
6,1058,1058,0.005613651723952293,0.005613651723952293,0.9628304540966707,0.005
6,1059,1059,0.006658992018702519,0.006658992018702519,0.9631588463838303,0.005
6,1060,1060,0.005953878864873797,0.005953878864873797,0.9630492521681474,0.005
6,1061,1061,0.005146255285454378,0.005146255285454378,0.9629990184592869,0.005
6,1062,1062,0.005714075181305933,0.005714075181305933,0.9633047190403344,0.005
6,1063,1063,0.0048960350869325,0.0048960350869325,0.9629033739048751,0.005
6,1064,1064,0.005599297795309502,0.005599297795309502,0.96336690937051,0.005
6,1065,1065,0.00603788572685381,0.00603788572685381,0.9635009431692677,0.005
6,1066,1066,0.004463130409419165,0.004463130409419165,0.9624864103491048,0.005
6,1067,1067,0.0047169201377811505,0.0047169201377811505,0.962733476499438,0.005
6,1068,1068,0.005324902803450092,0.005324902803450092,0.9628909825864627,0.005
6,1069,1069,0.006363769961903068,0.006363769961903068,0.963059332479212,0.005
6,1070,1070,0.004174842962763303,0.004174842962763303,0.9620420188275123,0.005
6,1071,1071,0.0066484261386331196,0.0066484261386331196,0.962666572852607,0.005
6,1072,1072,0.005181977367377015,0.005181977367377015,0.9624159803096688,0.005
6,1073,1073,0.004909902812777882,0.004909902812777882,0.9623730219461389,0.005
6,1074,1074,0.007508056644904301,0.007508056644904301,0.9628360922509732,0.005
6,1075,1075,0.0058200356908926,0.0058200356908926,0.962744709043613,0.005
6,1076,1076,0.004610396816586095,0.004610396816586095,0.9624482818319624,0.005
6,1077,1077,0.005359214370646681,0.005359214370646681,0.9628601870625746,0.005
6,1078,1078,0.005446457416417877,0.005446457416417877,0.9627926116944536,0.005
6,1079,1079,0.005396157839592941,0.005396157839592941,0.9630868044631207,0.005
6,1080,1080,0.005419173925601666,0.005419173925601666,0.9632891488019905,0.005
6,1081,1081,0.004700076431384593,0.004700076431384593,0.9629962884046305,0.005
6,1082,1082,0.007646341888708576,0.007646341888708576,0.9639476166314284,0.005
6,1083,1083,0.005771665764878961,0.005771665764878961,0.9636711615111053,0.005
6,1084,1084,0.005043473757598544,0.005043473757598544,0.9635312347320849,0.005
6,1085,1085,0.007331246014080543,0.007331246014080543,0.9642921834279573,0.005
6,1086,1086,0.005110087196136504,0.005110087196136504,0.9633306238403044,0.005
6,1087,1087,0.006239163665570825,0.006239163665570825,0.9638397483820503,0.005
6,1088,1088,0.005574428326476999,0.005574428326476999,0.9635644677292305,0.005
6,1089,1089,0.005671987913244825,0.005671987913244825,0.9631555450828916,0.005
6,1090,1090,0.004913965045546779,0.004913965045546779,0.9627481188980419,0.005
6,1091,1091,0.005065489901412807,0.005065489901412807,0.9628226333012959,0.005
6,1092,1092,0.0049287694793519726,0.0049287694793519726,0.962509330557245,0.005
6,1093,1093,0.005050219925504617,0.005050219925504617,0.9625857372493596,0.005
6,1094,1094,0.004791744486211063,0.004791744486211063,0.96239461655533,0.005
6,1095,1095,0.005737839011502785,0.005737839011502785,0.9625374203741814,0.005
6,1096,1096,0.005477747080065732,0.005477747080065732,0.9624389260577239,0.005
6,1097,1097,0.005232904102722698,0.005232904102722698,0.9624160085295033,0.005
6,1098,1098,0.0046055874384182014,0.0046055874384182014,0.9620654385886644,0.005
6,1099,1099,0.005688267921914396,0.005688267921914396,0.9625179740043641,0.005
6,1100,1100,0.005424805648290286,0.005424805648290286,0.9623119745782147,0.005
6,1101,1101,0.00556944077490296,0.00556944077490296,0.9624130258734614,0.005
6,1102,1102,0.004522555071611405,0.004522555071611405,0.9620344300652253,0.005
6,1103,1103,0.0049675660791574094,0.0049675660791574094,0.9622933980248057,0.005
6,1104,1104,0.0063280391957108335,0.0063280391957108335,0.9630771251060265,0.005
6,1105,1105,0.005504202272421947,0.005504202272421947,0.9629526319330363,0.005
6,1106,1106,0.00513224183931782,0.00513224183931782,0.9630103343361385,0.005
6,1107,1107,0.005406813354786153,0.005406813354786153,0.9632847766259444,0.005
6,1108,1108,0.004981765808766206,0.004981765808766206,0.9630783124414655,0.005
6,1109,1109,0.00555539628708232,0.00555539628708232,0.9633546227020581,0.005
6,1110,1110,0.005469716042713029,0.005469716042713029,0.9631194103168608,0.005
6,1111,1111,0.004446477736800118,0.004446477736800118,0.9628174452993775,0.005
6,1112,1112,0.004632821243635452,0.004632821243635452,0.9629190121595305,0.005
6,1113,1113,0.006222330685057082,0.006222330685057082,0.9633567111796464,0.005
6,1114,1114,0.005368233468313237,0.005368233468313237,0.9629968452951344,0.005
6,1115,1115,0.005643994953341956,0.005643994953341956,0.9628720024265583,0.005
6,1116,1116,0.005459537852085362,0.005459537852085362,0.9626957322937127,0.005
6,1117,1117,0.00556694037169235,0.00556694037169235,0.9625428938422045,0.005
6,1118,1118,0.004617365679080877,0.004617365679080877,0.9620151097524661,0.005
6,1119,1119,0.007119211050680006,0.007119211050680006,0.9627587922282946,0.005
6,1120,1120,0.004829707157720667,0.004829707157720667,0.9620987887028849,0.005
6,1121,1121,0.006093788558986044,0.006093788558986044,0.962777700914975,0.005
6,1122,1122,0.00480682358612441,0.00480682358612441,0.9625381054166796,0.005
6,1123,1123,0.005855333036813484,0.005855333036813484,0.9633865834512548,0.005
6,1124,1124,0.0070509508929918335,0.0070509508929918335,0.9637284064454477,0.005
6,1125,1125,0.004764458486788556,0.004764458486788556,0.9632644831072136,0.005
6,1126,1126,0.005536590413749234,0.005536590413749234,0.9636446782282061,0.005
6,1127,1127,0.0051608764829687934,0.0051608764829687934,0.9635074289995519,0.005
6,1128,1128,0.005776322796575179,0.005776322796575179,0.963679102627815,0.005
6,1129,1129,0.004432803865385944,0.004432803865385944,0.9628266940246221,0.005
6,1130,1130,0.006866928986889025,0.006866928986889025,0.9637336836988921,0.005
6,1131,1131,0.004738431503771156,0.004738431503771156,0.9628483164432157,0.005
6,1132,1132,0.005397638249435415,0.005397638249435415,0.9630176452729979,0.005
6,1133,1133,0.004843396251057195,0.004843396251057195,0.9625522021645553,0.005
6,1134,1134,0.004626481522173159,0.004626481522173159,0.9622281052576733,0.005
6,1135,1135,0.005147464358754226,0.005147464358754226,0.9621452050564349,0.005
6,1136,1136,0.006097781049045994,0.006097781049045994,0.9625912856734584,0.005
6,1137,1137,0.006003813612462579,0.006003813612462579,0.9625563597405011,0.005
6,1138,1138,0.005055537133509395,0.005055537133509395,0.9622620590951186,0.005
6,1139,1139,0.006984961521313563,0.006984961521313563,0.9631489607632896,0.005
6,1140,1140,0.005052553531792358,0.005052553531792358,0.9627043063907231,0.005
6,1141,1141,0.005587882275785241,0.005587882275785241,0.962907369769578,0.005
6,1142,1142,0.0069626986382061214,0.0069626986382061214,0.9637465801638068,0.005
6,1143,1143,0.0055347644771479,0.0055347644771479,0.9635533858550221,0.005
6,1144,1144,0.004934635235254405,0.004934635235254405,0.9630262295214264,0.005
6,1145,1145,0.004735341551119596,0.004735341551119596,0.9631565147135702,0.005
6,1146,1146,0.005313176256053293,0.005313176256053293,0.9637201181352852,0.005
6,1147,1147,0.005306886361052602,0.005306886361052602,0.9637774368882651,0.005
6,1148,1148,0.006908549307761375,0.006908549307761375,0.9641679856762513,0.005
6,1149,1149,0.004620398865515633,0.004620398865515633,0.9632341953589443,0.005
6,1150,1150,0.005695176711243067,0.005695176711243067,0.9633571903449307,0.005
6,1151,1151,0.004918339880776188,0.004918339880776188,0.962680678775258,0.005
6,1152,1152,0.005773931692539408,0.005773931692539408,0.9624823609394395,0.005
6,1153,1153,0.00491167797769556,0.00491167797769556,0.9618002819817357,0.005
6,1154,1154,0.004994554492048409,0.004994554492048409,0.9612662135962994,0.005
6,1155,1155,0.00723249050546234,0.00723249050546234,0.962121845225324,0.005
6,1156,1156,0.0046816545205343296,0.0046816545205343296,0.96150262566834,0.005
6,1157,1157,0.004600423963252755,0.004600423963252755,0.9617945647090314,0.005
6,1158,1158,0.004313770446593371,0.004313770446593371,0.9617682598591144,0.005
6,1159,1159,0.0052274739839063104,0.0052274739839063104,0.9628240646311519,0.005
6,1160,1160,0.006169008581270734,0.006169008581270734,0.9636619766439024,0.005
6,1161,1161,0.006140514769358764,0.006140514769358764,0.9639319854780483,0.005
6,1162,1162,0.004970933905798294,0.004970933905798294,0.9636897338387098,0.005
6,1163,1163,0.004914345774057128,0.004914345774057128,0.9635250442257133,0.005
6,1164,1164,0.004584791575193481,0.004584791575193481,0.9630595773430851,0.005
6,1165,1165,0.005229652721758989,0.005229652721758989,0.9632844862158083,0.005
6,1166,1166,0.004659286358140599,0.004659286358140599,0.9626326554373342,0.005
6,1167,1167,0.006067745801812018,0.006067745801812018,0.9628225357650192,0.005
6,1168,1168,0.006948272031287686,0.006948272031287686,0.9628155320869577,0.005
6,1169,1169,0.006591863086267909,0.006591863086267909,0.9627363604390939,0.005
6,1170,1170,0.006078290845273641,0.006078290845273641,0.9626797485359039,0.005
6,1171,1171,0.00650937563039716,0.00650937563039716,0.9631561868953165,0.005
6,1172,1172,0.005294961654360716,0.005294961654360716,0.9628304482363965,0.005
6,1173,1173,0.006402535802244419,0.006402535802244419,0.9638613015905317,0.005
6,1174,1174,0.005653572897813833,0.005653572897813833,0.9638171660654502,0.005
6,1175,1175,0.005010910828929172,0.005010910828929172,0.963089742801922,0.005
6,1176,1176,0.004778902863353664,0.004778902863353664,0.9634552070154802,0.005
6,1177,1177,0.004706880594017728,0.004706880594017728,0.9633956531919299,0.005
6,1178,1178,0.005580420852552134,0.005580420852552134,0.9635796510190434,0.005
6,1179,1179,0.005240266589422292,0.005240266589422292,0.963185110230145,0.005
6,1180,1180,0.005047776599346672,0.005047776599346672,0.9628786249656464,0.005
6,1181,1181,0.0057396072547427545,0.0057396072547427545,0.9626646949494074,0.005
6,1182,1182,0.005513190263272674,0.005513190263272674,0.9622825565751352,0.005
6,1183,1183,0.005026358385331166,0.005026358385331166,0.9617447072798448,0.005
6,1184,1184,0.004274976188244965,0.004274976188244965,0.9612372868884177,0.005
6,1185,1185,0.0049062956945684225,0.0049062956945684225,0.9615074124217332,0.005
6,1186,1186,0.005440930969107532,0.005440930969107532,0.9616845794762688,0.005
6,1187,1187,0.005330563472560399,0.005330563472560399,0.9620959303248092,0.005
6,1188,1188,0.0054626105317490126,0.0054626105317490126,0.9623893838645791,0.005
6,1189,1189,0.004893609258243693,0.004893609258243693,0.96231114435763,0.005
6,1190,1190,0.00541130818389696,0.00541130818389696,0.9628177701897102,0.005
6,1191,1191,0.005085428673854079,0.005085428673854079,0.9628652129578681,0.005
6,1192,1192,0.004454327869549182,0.004454327869549182,0.9626689668792391,0.005
6,1193,1193,0.004403287688701046,0.004403287688701046,0.9627142599691877,0.005
6,1194,1194,0.006691148072153328,0.006691148072153328,0.9635428962822368,0.005
6,1195,1195,0.005418818015251327,0.005418818015251327,0.9632901717123836,0.005
6,1196,1196,0.0048817650282143,0.0048817650282143,0.9631725799711003,0.005
6,1197,1197,0.005111515155728651,0.005111515155728651,0.963221919018958,0.005
6,1198,1198,0.005033738434642145,0.005033738434642145,0.962948393217262,0.005
6,1199,1199,0.004853347588930718,0.004853347588930718,0.9626954053871222,0.005
6,1200,1200,0.004745472098116798,0.004745472098116798,0.9626536315064023,0.005
6,1201,1201,0.004722833594737699,0.004722833594737699,0.9623232474120891,0.005
6,1202,1202,0.005789114978237307,0.005789114978237307,0.9625125127340715,0.005
6,1203,1203,0.005554495409780858,0.005554495409780858,0.9619215267832016,0.005
6,1204,1204,0.00586171242530441,0.00586171242530441,0.9625692925760702,0.005
6,1205,1205,0.005512759649642576,0.005512759649642576,0.9625418426919007,0.005
6,1206,1206,0.005423584273024697,0.005423584273024697,0.9625639789966565,0.005
6,1207,1207,0.005043830596444538,0.005043830596444538,0.9626384731562516,0.005
6,1208,1208,0.0051487663629546905,0.0051487663629546905,0.9627136041800403,0.005
6,1209,1209,0.007040519474658211,0.007040519474658211,0.9632927485629534,0.005
6,1210,1210,0.005531736738448322,0.005531736738448322,0.9629850330057387,0.005
6,1211,1211,0.004878253636525543,0.004878253636525543,0.9628838438463707,0.005
6,1212,1212,0.005040477410759712,0.005040477410759712,0.9629493077982195,0.005
6,1213,1213,0.005070226914583317,0.005070226914583317,0.9630401355838892,0.005
6,1214,1214,0.005306677430748494,0.005306677430748494,0.9631148748986995,0.005
6,1215,1215,0.00473445009273794,0.00473445009273794,0.9626786473777887,0.005
6,1216,1216,0.0050036155532936725,0.0050036155532936725,0.9625855523746021,0.005
6,1217,1217,0.007089392201620368,0.007089392201620368,0.9633949557002304,0.005
6,1218,1218,0.00500810182414678,0.00500810182414678,0.9627022030916944,0.005
6,1219,1219,0.004619780906471303,0.004619780906471303,0.9624144475892852,0.005
6,1220,1220,0.005266426115678545,0.005266426115678545,0.9627933317011761,0.005
6,1221,1221,0.00458872118001751,0.00458872118001751,0.9625211959597902,0.005
6,1222,1222,0.00444522298365684,0.00444522298365684,0.9623227038143433,0.005
6,1223,1223,0.005048938092151636,0.005048938092151636,0.9624079330461509,0.005
6,1224,1224,0.005676183424180566,0.005676183424180566,0.9626776444767453,0.005
6,1225,1225,0.005022887220955022,0.005022887220955022,0.9623944485737319,0.005
6,1226,1226,0.004352512170705122,0.004352512170705122,0.9617044879625994,0.005
6,1227,1227,0.004935973897767066,0.004935973897767066,0.9622189876843792,0.005
6,1228,1228,0.004644151238974074,0.004644151238974074,0.9619249453684261,0.005
6,1229,1229,0.005915122843921624,0.005915122843921624,0.9624921248664163,0.005
6,1230,1230,0.004906970923448369,0.004906970923448369,0.9622652916328076,0.005
6,1231,1231,0.006905750964119757,0.006905750964119757,0.9629375167292583,0.005
6,1232,1232,0.006063776244115915,0.006063776244115915,0.9629545547581071,0.005
6,1233,1233,0.005661665889687731,0.005661665889687731,0.9630940153880031,0.005
6,1234,1234,0.004718948810580909,0.004718948810580909,0.9627308415121972,0.005
6,1235,1235,0.005868178933021811,0.005868178933021811,0.963458332040306,0.005
6,1236,1236,0.004946430597956965,0.004946430597956965,0.9633850589485172,0.005
6,1237,1237,0.005428122545021025,0.005428122545021025,0.9636362158066802,0.005
6,1238,1238,0.004823676653152432,0.004823676653152432,0.9633686593818191,0.005
6,1239,1239,0.006262519273612445,0.006262519273612445,0.9639410911247273,0.005
6,1240,1240,0.006059233101924966,0.006059233101924966,0.9637190597606032,0.005
6,1241,1241,0.004877538464197129,0.004877538464197129,0.9630250480238148,0.005
6,1242,1242,0.005128578676009949,0.005128578676009949,0.9629453090521005,0.005
6,1243,1243,0.00542032479639331,0.00542032479639331,0.9626248743601254,0.005
6,1244,1244,0.0046644255030325755,0.0046644255030325755,0.9618487458497512,0.005
6,1245,1245,0.004380553936090743,0.004380553936090743,0.9616742906589946,0.005
6,1246,1246,0.004729256557278819,0.004729256557278819,0.9618038672789837,0.005
6,1247,1247,0.006170972632371942,0.006170972632371942,0.9622546767792035,0.005
6,1248,1248,0.005354659805805538,0.005354659805805538,0.9620671542448963,0.005
6,1249,1249,0.0059176532148455885,0.0059176532148455885,0.9624033987529973,0.005
6,1250,1250,0.0048224160089386636,0.0048224160089386636,0.962371163994541,0.005
6,1251,1251,0.005691095282205884,0.005691095282205884,0.9628364335953357,0.005
6,1252,1252,0.005051756924283111,0.005051756924283111,0.9626471160711474,0.005
6,1253,1253,0.005947870770720632,0.005947870770720632,0.9633106762389686,0.005
6,1254,1254,0.005736271273492452,0.005736271273492452,0.9632636796891643,0.005
6,1255,1255,0.0057764967681212965,0.0057764967681212965,0.9633576925326703,0.005
6,1256,1256,0.004890447215682342,0.004890447215682342,0.9629337090259382,0.005
6,1257,1257,0.0047666305450795605,0.0047666305450795605,0.962716522637675,0.005
6,1258,1258,0.0056588164008401455,0.0056588164008401455,0.963219475704219,0.005
6,1259,1259,0.005405812238390916,0.005405812238390916,0.963191596485188,0.005
6,1260,1260,0.0051919276306334056,0.0051919276306334056,0.9630782712625047,0.005
6,1261,1261,0.005407292445797933,0.005407292445797933,0.9631204472980415,0.005
6,1262,1262,0.0050987668164818,0.0050987668164818,0.9630494252766821,0.005
6,1263,1263,0.0048876697133032575,0.0048876697133032575,0.9628586982266143,0.005
6,1264,1264,0.005228456043572546,0.005228456043572546,0.9625663176223207,0.005
6,1265,1265,0.005752830567963784,0.005752830567963784,0.9624631642083118,0.005
6,1266,1266,0.005231091756221704,0.005231091756221704,0.9623306747452302,0.005
6,1267,1267,0.004924874717860814,0.004924874717860814,0.9620227684328994,0.005
6,1268,1268,0.005346199890226402,0.005346199890226402,0.96196932115963,0.005
6,1269,1269,0.005255935657817122,0.005255935657817122,0.9619454802804612,0.005
6,1270,1270,0.005636647814113891,0.005636647814113891,0.9620815454808285,0.005
6,1271,1271,0.005834423345417711,0.005834423345417711,0.9623400492949812,0.005
6,1272,1272,0.004729804702576443,0.004729804702576443,0.9622055197934275,0.005
6,1273,1273,0.00469382188564346,0.00469382188564346,0.9624472699189152,0.005
6,1274,1274,0.004844009591968093,0.004844009591968093,0.9624532878239846,0.005
6,1275,1275,0.005333876059866431,0.005333876059866431,0.9633106640520124,0.005
6,1276,1276,0.004562276634028001,0.004562276634028001,0.9629551837716616,0.005
6,1277,1277,0.005255428848297293,0.005255428848297293,0.9634779351741203,0.005
6,1278,1278,0.005006283428966314,0.005006283428966314,0.9634533903243554,0.005
6,1279,1279,0.004146141673104726,0.004146141673104726,0.962715474784152,0.005
6,1280,1280,0.006455630171025144,0.006455630171025144,0.9632490917322732,0.005
6,1281,1281,0.00485968538588117,0.00485968538588117,0.962761101875899,0.005
6,1282,1282,0.005010954050279557,0.005010954050279557,0.9623267116677586,0.005
6,1283,1283,0.005882272396222032,0.005882272396222032,0.9622909235079279,0.005
6,1284,1284,0.00611412490148848,0.00611412490148848,0.9620384417870661,0.005
6,1285,1285,0.0059702689490042996,0.0059702689490042996,0.9620257167196363,0.005
6,1286,1286,0.004843763324342782,0.004843763324342782,0.9618349117576238,0.005
6,1287,1287,0.004906732957398556,0.004906732957398556,0.9621299203902415,0.005
6,1288,1288,0.0055246455836075615,0.0055246455836075615,0.9627249029719362,0.005
6,1289,1289,0.005161755236463528,0.005161755236463528,0.9626172323115891,0.005
6,1290,1290,0.005475873215618736,0.005475873215618736,0.963427665168385,0.005
6,1291,1291,0.005141991759398467,0.005141991759398467,0.9634863712467204,0.005
6,1292,1292,0.004739450571684144,0.004739450571684144,0.9632305156268803,0.005
6,1293,1293,0.005235146958798344,0.005235146958798344,0.9633613620394519,0.005
6,1294,1294,0.006087613457795528,0.006087613457795528,0.9637092547466886,0.005
6,1295,1295,0.00577348252815629,0.00577348252815629,0.9634135049548952,0.005
6,1296,1296,0.0048004227780225174,0.0048004227780225174,0.962775629710624,0.005
6,1297,1297,0.005029548654583518,0.005029548654583518,0.9624499435739603,0.005
6,1298,1298,0.005218054942975249,0.005218054942975249,0.962551874278301,0.005
6,1299,1299,0.005420933667910063,0.005420933667910063,0.9624520846301685,0.005
6,1300,1300,0.005127287867545154,0.005127287867545154,0.9622647802698848,0.005
6,1301,1301,0.0045776807718334155,0.0045776807718334155,0.9615163856573203,0.005
6,1302,1302,0.005426649015695234,0.005426649015695234,0.9622686671952289,0.005
6,1303,1303,0.006987131396972327,0.006987131396972327,0.962931590726714,0.005
6,1304,1304,0.004550505718549784,0.004550505718549784,0.9622951960979194,0.005
6,1305,1305,0.005504562679461981,0.005504562679461981,0.9626822567717075,0.005
6,1306,1306,0.0043415840017921,0.0043415840017921,0.9623678840112881,0.005
6,1307,1307,0.007189247367219433,0.007189247367219433,0.9633715638522615,0.005
6,1308,1308,0.005594558811290419,0.005594558811290419,0.9630756598122653,0.005
6,1309,1309,0.004730671696328505,0.004730671696328505,0.9627637639363279,0.005
6,1310,1310,0.005110705905942662,0.005110705905942662,0.9629328092835622,0.005
6,1311,1311,0.005659503324257515,0.005659503324257515,0.9633641216853434,0.005
6,1312,1312,0.004505142718260654,0.004505142718260654,0.9628038561637005,0.005
6,1313,1313,0.005170067522845165,0.005170067522845165,0.9631798657700528,0.005
6,1314,1314,0.004696447130443713,0.004696447130443713,0.9630660589647378,0.005
6,1315,1315,0.005586744472280283,0.005586744472280283,0.9632012862851693,0.005
6,1316,1316,0.005209872303013477,0.005209872303013477,0.9631484916811427,0.005
6,1317,1317,0.005743801719854223,0.005743801719854223,0.9631696895813481,0.005
6,1318,1318,0.005899877629164462,0.005899877629164462,0.9629641789284964,0.005
6,1319,1319,0.005038629742923659,0.005038629742923659,0.9624579818044204,0.005
6,1320,1320,0.00482672396822952,0.00482672396822952,0.9623296689007613,0.005
6,1321,1321,0.005118925349766155,0.005118925349766155,0.9623818828745815,0.005
6,1322,1322,0.004598810503017789,0.004598810503017789,0.9617227970699749,0.005
6,1323,1323,0.00530595156141871,0.00530595156141871,0.9623030980367152,0.005
6,1324,1324,0.004597854358823011,0.004597854358823011,0.9617525840649594,0.005
6,1325,1325,0.005873533998721562,0.005873533998721562,0.9627501970763342,0.005
6,1326,1326,0.00596585389145747,0.00596585389145747,0.9629547508085263,0.005
6,1327,1327,0.008181094041078045,0.008181094041078045,0.9636109209697301,0.005
6,1328,1328,0.006123021383435178,0.006123021383435178,0.9634005387533587,0.005
6,1329,1329,0.005807437915137954,0.005807437915137954,0.963528417564038,0.005
6,1330,1330,0.005201673072776255,0.005201673072776255,0.9634820716284949,0.005
6,1331,1331,0.005476084004609137,0.005476084004609137,0.9634670839090473,0.005
6,1332,1332,0.0049402424093161566,0.0049402424093161566,0.9632568959608533,0.005
6,1333,1333,0.005487211750206988,0.005487211750206988,0.963428065423587,0.005
6,1334,1334,0.005104782660367898,0.005104782660367898,0.9630280657875243,0.005
6,1335,1335,0.004930706765398342,0.004930706765398342,0.962762703667273,0.005
6,1336,1336,0.004909514359618699,0.004909514359618699,0.962900062148276,0.005
6,1337,1337,0.0050143380408130215,0.0050143380408130215,0.9630794215646112,0.005
6,1338,1338,0.005024602704703538,0.005024602704703538,0.9629267290366669,0.005
6,1339,1339,0.005464353529764334,0.005464353529764334,0.9626942239621189,0.005
6,1340,1340,0.0048622303416736914,0.0048622303416736914,0.9622276361001348,0.005
6,1341,1341,0.0055219598057413425,0.0055219598057413425,0.9616159526988303,0.005
6,1342,1342,0.004357865142673682,0.004357865142673682,0.9609682399362175,0.005
6,1343,1343,0.004802846196771998,0.004802846196771998,0.9610910351907991,0.005
6,1344,1344,0.005518517883676099,0.005518517883676099,0.9612666635260403,0.005
6,1345,1345,0.005658677619717046,0.005658677619717046,0.9615837982234197,0.005
6,1346,1346,0.004608613704439478,0.004608613704439478,0.9614249199944349,0.005
6,1347,1347,0.006037654041008554,0.006037654041008554,0.9625622687296745,0.005
6,1348,1348,0.0052618588916358315,0.0052618588916358315,0.9627626098214227,0.005
6,1349,1349,0.005527552151204949,0.005527552151204949,0.9634638969679267,0.005
6,1350,1350,0.005408528354243222,0.005408528354243222,0.9637495335643482,0.005
6,1351,1351,0.005644957004855957,0.005644957004855957,0.9639328397460011,0.005
6,1352,1352,0.0061341556115126206,0.0061341556115126206,0.9641090376869148,0.005
6,1353,1353,0.005119983883419252,0.005119983883419252,0.963738679321756,0.005
6,1354,1354,0.006879047925701303,0.006879047925701303,0.9640757979957871,0.005
6,1355,1355,0.005461894838702159,0.005461894838702159,0.9631933136658342,0.005
6,1356,1356,0.005386885553684614,0.005386885553684614,0.9629621797334532,0.005
6,1357,1357,0.004727799835109541,0.004727799835109541,0.9626918136479501,0.005
6,1358,1358,0.004998053290119375,0.004998053290119375,0.9630750992970247,0.005
6,1359,1359,0.006190350677880872,0.006190350677880872,0.963263828776113,0.005
6,1360,1360,0.006481058205697379,0.006481058205697379,0.9631943519348567,0.005
6,1361,1361,0.005855189403759318,0.005855189403759318,0.9626890041651818,0.005
6,1362,1362,0.007375425191282739,0.007375425191282739,0.9631856893063246,0.005
6,1363,1363,0.005136936743432489,0.005136936743432489,0.9626930992752576,0.005
6,1364,1364,0.005187116873342073,0.005187116873342073,0.9625714063525611,0.005
6,1365,1365,0.0057454258989648975,0.0057454258989648975,0.9629290504975876,0.005
6,1366,1366,0.006296392595541989,0.006296392595541989,0.9630722190355459,0.005
6,1367,1367,0.007514349021224711,0.007514349021224711,0.9634663015067269,0.005
6,1368,1368,0.005594107038791251,0.005594107038791251,0.9633792133591833,0.005
6,1369,1369,0.004719105897864567,0.004719105897864567,0.9629792244802986,0.005
6,1370,1370,0.0046075323318296255,0.0046075323318296255,0.9633087410462872,0.005
6,1371,1371,0.005495693513898324,0.005495693513898324,0.9638941417149185,0.005
6,1372,1372,0.005575881239335162,0.005575881239335162,0.9628379832740237,0.005
6,1373,1373,0.004857829799380982,0.004857829799380982,0.9634028482681095,0.005
6,1374,1374,0.0049439574582351015,0.0049439574582351015,0.963162674001389,0.005
6,1375,1375,0.005922207058884238,0.005922207058884238,0.9629137573215649,0.005
6,1376,1376,0.00510718671566718,0.00510718671566718,0.9622188928311819,0.005
6,1377,1377,0.0055175575230458854,0.0055175575230458854,0.9620461318990693,0.005
6,1378,1378,0.004482891169219794,0.004482891169219794,0.9612644398112924,0.005
6,1379,1379,0.005197700335757123,0.005197700335757123,0.9617102355253218,0.005
6,1380,1380,0.004661718282092543,0.004661718282092543,0.9614225896097158,0.005
6,1381,1381,0.005910054010612049,0.005910054010612049,0.9622926415958726,0.005
6,1382,1382,0.006810398541565915,0.006810398541565915,0.9629228114779759,0.005
6,1383,1383,0.005325492494612779,0.005325492494612779,0.9629349182695275,0.005
6,1384,1384,0.005136006082091854,0.005136006082091854,0.9630213089177267,0.005
6,1385,1385,0.004984354568744809,0.004984354568744809,0.9632703661671729,0.005
6,1386,1386,0.004939681068476459,0.004939681068476459,0.9633190225862344,0.005
6,1387,1387,0.005259057758373233,0.005259057758373233,0.9634519935463501,0.005
6,1388,1388,0.0051717702313383886,0.0051717702313383886,0.9630713261020308,0.005
6,1389,1389,0.004605268649905228,0.004605268649905228,0.9627806262166786,0.005
6,1390,1390,0.004817340032125203,0.004817340032125203,0.9628941470888837,0.005
6,1391,1391,0.004645348578571039,0.004645348578571039,0.9626901253272814,0.005
6,1392,1392,0.005294773943144307,0.005294773943144307,0.96250669079749,0.005
6,1393,1393,0.005380779722806741,0.005380779722806741,0.962573979435255,0.005
6,1394,1394,0.00459030689890355,0.00459030689890355,0.9621998564258054,0.005
6,1395,1395,0.0051863383691137365,0.0051863383691137365,0.962144851540384,0.005
6,1396,1396,0.00455432465752494,0.00455432465752494,0.9618417518473232,0.005
6,1397,1397,0.004438485139435249,0.004438485139435249,0.9615443064767671,0.005
6,1398,1398,0.005136219925114073,0.005136219925114073,0.9616135317799086,0.005
6,1399,1399,0.004708947886728222,0.004708947886728222,0.961426069369068,0.005
6,1400,1400,0.004434361289956161,0.004434361289956161,0.9613894578855223,0.005
6,1401,1401,0.005091650783600359,0.005091650783600359,0.9618365090589481,0.005
6,1402,1402,0.005609578862008088,0.005609578862008088,0.9621758484796025,0.005
6,1403,1403,0.005767893448049153,0.005767893448049153,0.9628215210361836,0.005
6,1404,1404,0.0051617917208936406,0.0051617917208936406,0.9629991339318309,0.005
6,1405,1405,0.004715422990257621,0.004715422990257621,0.962988960443515,0.005
6,1406,1406,0.006826550798946169,0.006826550798946169,0.9638567466548849,0.005
6,1407,1407,0.0058141561560618345,0.0058141561560618345,0.9638139816998744,0.005
6,1408,1408,0.004473701256250708,0.004473701256250708,0.9631119338088627,0.005
6,1409,1409,0.00477455007869011,0.00477455007869011,0.9632040550626425,0.005
6,1410,1410,0.005370630647860477,0.005370630647860477,0.9634146189940672,0.005
6,1411,1411,0.004744839613425771,0.004744839613425771,0.9629726737457063,0.005
6,1412,1412,0.004657099630043638,0.004657099630043638,0.9626541315556876,0.005
6,1413,1413,0.006163018229377335,0.006163018229377335,0.962982350493885,0.005
6,1414,1414,0.005087423069546987,0.005087423069546987,0.9624753890078868,0.005
6,1415,1415,0.0056974007107473915,0.0056974007107473915,0.9625567497601871,0.005
6,1416,1416,0.004494853903223516,0.004494853903223516,0.9621155346331772,0.005
6,1417,1417,0.004957676192953946,0.004957676192953946,0.9623883559732025,0.005
6,1418,1418,0.0062968260833203326,0.0062968260833203326,0.9626102527125521,0.005
6,1419,1419,0.004384890632508215,0.004384890632508215,0.9620543493093802,0.005
6,1420,1420,0.006690322012881222,0.006690322012881222,0.9628522137137229,0.005
6,1421,1421,0.005430047940447567,0.005430047940447567,0.9626674023781533,0.005
6,1422,1422,0.005553980825878678,0.005553980825878678,0.9624818988128726,0.005
6,1423,1423,0.0054253995033083854,0.0054253995033083854,0.962887435838914,0.005
6,1424,1424,0.007134179171799927,0.007134179171799927,0.9636695655606174,0.005
6,1425,1425,0.0047059163609940585,0.0047059163609940585,0.9628974589193727,0.005
6,1426,1426,0.0056600162231323,0.0056600162231323,0.9634470436196063,0.005
6,1427,1427,0.005437307926327479,0.005437307926327479,0.9636406449018327,0.005
6,1428,1428,0.005928886175316672,0.005928886175316672,0.9638941494726693,0.005
6,1429,1429,0.005540467897806683,0.005540467897806683,0.963493708215296,0.005
6,1430,1430,0.004868299878082303,0.004868299878082303,0.9630327603757469,0.005
6,1431,1431,0.005772323525311129,0.005772323525311129,0.9634064565165161,0.005
6,1432,1432,0.004826032612105379,0.004826032612105379,0.9625778435033503,0.005
6,1433,1433,0.005735494521856624,0.005735494521856624,0.9622170424397272,0.005
6,1434,1434,0.006770206178421638,0.006770206178421638,0.9631921151936932,0.005
6,1435,1435,0.0053207836574936124,0.0053207836574936124,0.9627183152287919,0.005
6,1436,1436,0.004987743199117038,0.004987743199117038,0.9626204660258435,0.005
6,1437,1437,0.004629389445942636,0.004629389445942636,0.9621327129595085,0.005
6,1438,1438,0.005874591798671699,0.005874591798671699,0.9625996550184973,0.005
6,1439,1439,0.0053008881558694555,0.0053008881558694555,0.9622396540329283,0.005
6,1440,1440,0.0053393429266928175,0.0053393429266928175,0.96228187157148,0.005
6,1441,1441,0.005805591902983433,0.005805591902983433,0.9624975166860809,0.005
6,1442,1442,0.0057020998918611695,0.0057020998918611695,0.9621888877513448,0.005
6,1443,1443,0.004525826566245205,0.004525826566245205,0.9622987986576962,0.005
6,1444,1444,0.0049441902235193005,0.0049441902235193005,0.9628109001922629,0.005
6,1445,1445,0.0055467761698164515,0.0055467761698164515,0.9634035843699672,0.005
6,1446,1446,0.005350042378707789,0.005350042378707789,0.9630137496093558,0.005
6,1447,1447,0.004916395908537377,0.004916395908537377,0.9632621722837843,0.005
6,1448,1448,0.005594529319549634,0.005594529319549634,0.9635069674288557,0.005
6,1449,1449,0.005897605766477722,0.005897605766477722,0.9635965743033836,0.005
6,1450,1450,0.006664535507945245,0.006664535507945245,0.963573814966407,0.005
6,1451,1451,0.004721803518045406,0.004721803518045406,0.9628989977103546,0.005
6,1452,1452,0.004390333909233237,0.004390333909233237,0.9623841491314404,0.005
6,1453,1453,0.004742289401159726,0.004742289401159726,0.9625071665516497,0.005
6,1454,1454,0.0061150053714168415,0.0061150053714168415,0.9627905781838816,0.005
6,1455,1455,0.004651386745477202,0.004651386745477202,0.9621499509884638,0.005
6,1456,1456,0.005597394039269818,0.005597394039269818,0.9623907410350693,0.005
6,1457,1457,0.006608898063207198,0.006608898063207198,0.9628016346693374,0.005
6,1458,1458,0.006162807968346777,0.006162807968346777,0.9627255850375607,0.005
6,1459,1459,0.006164623661493782,0.006164623661493782,0.9630820794483708,0.005
6,1460,1460,0.004543144115842534,0.004543144115842534,0.9623412573567721,0.005
6,1461,1461,0.006466257638893953,0.006466257638893953,0.9637542331728833,0.005
6,1462,1462,0.005159990857951937,0.005159990857951937,0.9632968482243814,0.005
6,1463,1463,0.0060189035528543915,0.0060189035528543915,0.9640823318169833,0.005
6,1464,1464,0.005955731076548476,0.005955731076548476,0.9640854055894821,0.005
6,1465,1465,0.005119099712924955,0.005119099712924955,0.9635923029150574,0.005
6,1466,1466,0.004988766405269795,0.004988766405269795,0.9636233576197715,0.005
6,1467,1467,0.005875870608805361,0.005875870608805361,0.9637615327000671,0.005
6,1468,1468,0.005664645066458526,0.005664645066458526,0.963321818304118,0.005
6,1469,1469,0.005314450992602082,0.005314450992602082,0.9626114086365121,0.005
6,1470,1470,0.005134838499523302,0.005134838499523302,0.961903088301251,0.005
6,1471,1471,0.005981791237953502,0.005981791237953502,0.9623977770888895,0.005
6,1472,1472,0.005503712274422458,0.005503712274422458,0.9622710680205002,0.005
6,1473,1473,0.004591719895312631,0.004591719895312631,0.9617286871965102,0.005
6,1474,1474,0.005055221602287044,0.005055221602287044,0.9618792351342487,0.005
6,1475,1475,0.00625649298242023,0.00625649298242023,0.9624605617717767,0.005
6,1476,1476,0.0060781253828541505,0.0060781253828541505,0.9626264140516827,0.005
6,1477,1477,0.005326492289949502,0.005326492289949502,0.9626428059597595,0.005
6,1478,1478,0.004813663932041177,0.004813663932041177,0.9625109670842221,0.005
6,1479,1479,0.00438508067363909,0.00438508067363909,0.9623143250933818,0.005
6,1480,1480,0.004889680699318511,0.004889680699318511,0.9630290911787892,0.005
6,1481,1481,0.004849066946884748,0.004849066946884748,0.9628631324006082,0.005
6,1482,1482,0.0048880520963857305,0.0048880520963857305,0.963018530117611,0.005
6,1483,1483,0.005065289794480732,0.005065289794480732,0.9629920493669788,0.005
6,1484,1484,0.005320673906739034,0.005320673906739034,0.9629060097602635,0.005
6,1485,1485,0.005246830803809426,0.005246830803809426,0.9626540969833121,0.005
6,1486,1486,0.00507660672881073,0.00507660672881073,0.9625987056270678,0.005
6,1487,1487,0.0056579063584493074,0.0056579063584493074,0.9626418903359951,0.005
6,1488,1488,0.00472998635920206,0.00472998635920206,0.9624350164391204,0.005
6,1489,1489,0.006119088090837068,0.006119088090837068,0.9628618047568617,0.005
6,1490,1490,0.0045005121351477315,0.0045005121351477315,0.9623766551776987,0.005
6,1491,1491,0.005094197114598065,0.005094197114598065,0.962734789048398,0.005
6,1492,1492,0.005627162202401691,0.005627162202401691,0.9627983152821282,0.005
6,1493,1493,0.004826720901671683,0.004826720901671683,0.9625149294935785,0.005
6,1494,1494,0.004643526620263979,0.004643526620263979,0.9620451377786491,0.005
6,1495,1495,0.004776043606078998,0.004776043606078998,0.9626434330475634,0.005
6,1496,1496,0.004855507025356024,0.004855507025356024,0.9627690898497145,0.005
6,1497,1497,0.0051906355697773346,0.0051906355697773346,0.96281826088008,0.005
6,1498,1498,0.005689484953269482,0.005689484953269482,0.9630030038326873,0.005
6,1499,1499,0.0049375304894052775,0.0049375304894052775,0.9627627626828111,0.005
6,1500,1500,0.005665157582408086,0.005665157582408086,0.9627271328162762,0.005
6,1501,1501,0.004291380550799976,0.004291380550799976,0.9617143029457137,0.005
6,1502,1502,0.006757216731078616,0.006757216731078616,0.9629180875766136,0.005
6,1503,1503,0.0047990643736348735,0.0047990643736348735,0.9622336231661995,0.005
6,1504,1504,0.005046303374340637,0.005046303374340637,0.9624134465915266,0.005
6,1505,1505,0.005105459721918222,0.005105459721918222,0.9623863457986274,0.005
6,1506,1506,0.005445908667304036,0.005445908667304036,0.9626623779479653,0.005
6,1507,1507,0.004929955444053641,0.004929955444053641,0.9621406893701923,0.005
6,1508,1508,0.005502671882280699,0.005502671882280699,0.9630029217144591,0.005
6,1509,1509,0.005308105367872518,0.005308105367872518,0.9631085714134962,0.005
6,1510,1510,0.0057901205680133865,0.0057901205680133865,0.9633966959879908,0.005
6,1511,1511,0.005176690626524236,0.005176690626524236,0.9632798528699114,0.005
6,1512,1512,0.005595582204199881,0.005595582204199881,0.9633422662280097,0.005
6,1513,1513,0.004984897858996711,0.004984897858996711,0.9630457681028729,0.005
6,1514,1514,0.005887614492644074,0.005887614492644074,0.9631809377882943,0.005
6,1515,1515,0.006246632843300259,0.006246632843300259,0.9631766841591249,0.005
6,1516,1516,0.005195504639376977,0.005195504639376977,0.9627213100555524,0.005
6,1517,1517,0.0058978897682615255,0.0058978897682615255,0.9629871607317589,0.005
6,1518,1518,0.005639817019299833,0.005639817019299833,0.9630375507601703,0.005
6,1519,1519,0.005292238186682605,0.005292238186682605,0.9629138201441009,0.005
6,1520,1520,0.004460251666782794,0.004460251666782794,0.9625149022593318,0.005
6,1521,1521,0.005773495379315914,0.005773495379315914,0.9632374695526608,0.005
6,1522,1522,0.005867566632587955,0.005867566632587955,0.9632988578626074,0.005
6,1523,1523,0.005548114312755698,0.005548114312755698,0.9627038667392063,0.005
6,1524,1524,0.004429304080501996,0.004429304080501996,0.9625600834945243,0.005
6,1525,1525,0.0049763908094667825,0.0049763908094667825,0.9626742430445564,0.005
6,1526,1526,0.004397956195791839,0.004397956195791839,0.9621488899646702,0.005
6,1527,1527,0.004633141420919933,0.004633141420919933,0.9621816420290532,0.005
6,1528,1528,0.005514917353613245,0.005514917353613245,0.9623893103222331,0.005
6,1529,1529,0.004762690011298903,0.004762690011298903,0.9620755347205788,0.005
6,1530,1530,0.0050644955931902,0.0050644955931902,0.962084285241658,0.005
6,1531,1531,0.004966774686666283,0.004966774686666283,0.962065911865095,0.005
6,1532,1532,0.006739107809281643,0.006739107809281643,0.9625317043822154,0.005
6,1533,1533,0.005074495710139463,0.005074495710139463,0.9622135044390935,0.005
6,1534,1534,0.005318233326480669,0.005318233326480669,0.9627154112243971,0.005
6,1535,1535,0.005011507571002879,0.005011507571002879,0.9628760386131231,0.005
6,1536,1536,0.004666085649703779,0.004666085649703779,0.9625213639040245,0.005
6,1537,1537,0.005062302470891215,0.005062302470891215,0.9631848746953005,0.005
6,1538,1538,0.005585865995184651,0.005585865995184651,0.9633797506440628,0.005
6,1539,1539,0.004473898671658431,0.004473898671658431,0.9629676226259938,0.005
6,1540,1540,0.005517071881540811,0.005517071881540811,0.9631211953755974,0.005
6,1541,1541,0.005501071761016099,0.005501071761016099,0.9629362147598152,0.005
6,1542,1542,0.005761300896315196,0.005761300896315196,0.9632170472803996,0.005
6,1543,1543,0.0051145816082779,0.0051145816082779,0.9628958529386564,0.005
6,1544,1544,0.00490083168279276,0.00490083168279276,0.9626671035321434,0.005
6,1545,1545,0.004393930418786739,0.004393930418786739,0.9622053289932246,0.005
6,1546,1546,0.005242790407148893,0.005242790407148893,0.9624874845266539,0.005
6,1547,1547,0.00463574093238918,0.00463574093238918,0.9618194425898703,0.005
6,1548,1548,0.00505072889132039,0.00505072889132039,0.9620641459920332,0.005
6,1549,1549,0.004338135994624333,0.004338135994624333,0.9619098581240527,0.005
6,1550,1550,0.004702729382081768,0.004702729382081768,0.9621841808092962,0.005
6,1551,1551,0.005287297752749285,0.005287297752749285,0.9623499777183497,0.005
6,1552,1552,0.0047039415293130766,0.0047039415293130766,0.9622502470859758,0.005
6,1553,1553,0.005422616335745934,0.005422616335745934,0.9625503647196495,0.005
6,1554,1554,0.004897419510899869,0.004897419510899869,0.9623548396435436,0.005
6,1555,1555,0.005964568972245475,0.005964568972245475,0.962726880667376,0.005
6,1556,1556,0.005574749238089732,0.005574749238089732,0.962697754653191,0.005
6,1557,1557,0.005772080697955064,0.005772080697955064,0.9624286537540048,0.005
6,1558,1558,0.005865011482176476,0.005865011482176476,0.9622477496637195,0.005
6,1559,1559,0.004667927130017603,0.004667927130017603,0.9628901718999591,0.005
6,1560,1560,0.00464483502854585,0.00464483502854585,0.9627340431471805,0.005
6,1561,1561,0.005024020152867218,0.005024020152867218,0.9631996049135502,0.005
6,1562,1562,0.005524742115667233,0.005524742115667233,0.9633446989804855,0.005
6,1563,1563,0.004744688195647618,0.004744688195647618,0.9627987009062734,0.005
6,1564,1564,0.0057272281533090955,0.0057272281533090955,0.963086018663228,0.005
6,1565,1565,0.0049303952694726896,0.0049303952694726896,0.9626774816310507,0.005
6,1566,1566,0.004911671109037085,0.004911671109037085,0.9624594611806806,0.005
6,1567,1567,0.005008448848245792,0.005008448848245792,0.9622347749877749,0.005
6,1568,1568,0.0049663972177829314,0.0049663972177829314,0.9620655618125028,0.005
6,1569,1569,0.0050977623645557645,0.0050977623645557645,0.9616784424240521,0.005
6,1570,1570,0.007093818933646705,0.007093818933646705,0.9630281471982912,0.005
6,1571,1571,0.005362005862609254,0.005362005862609254,0.9631292899184152,0.005
6,1572,1572,0.005522490127601247,0.005522490127601247,0.9635117503939841,0.005
6,1573,1573,0.005145272702435666,0.005145272702435666,0.9635476426609776,0.005
6,1574,1574,0.0052403046199162445,0.0052403046199162445,0.9635258971554679,0.005
6,1575,1575,0.005766734540135018,0.005766734540135018,0.9634386590123272,0.005
6,1576,1576,0.004805545417936129,0.004805545417936129,0.9624010700332863,0.005
6,1577,1577,0.006338205946158178,0.006338205946158178,0.9630631100883199,0.005
6,1578,1578,0.0051345261165126116,0.0051345261165126116,0.9624825173416405,0.005
6,1579,1579,0.004851916134117958,0.004851916134117958,0.9622603175484455,0.005
6,1580,1580,0.005102361602766817,0.005102361602766817,0.9623517356473132,0.005
6,1581,1581,0.005219018206194279,0.005219018206194279,0.9627512575696531,0.005
6,1582,1582,0.0045974210431495395,0.0045974210431495395,0.9624311412807838,0.005
6,1583,1583,0.00469429963119238,0.00469429963119238,0.9626736831828625,0.005
6,1584,1584,0.00456402832476747,0.00456402832476747,0.9621106654490101,0.005
6,1585,1585,0.005451688939839756,0.005451688939839756,0.962700472604885,0.005
6,1586,1586,0.006020955675572188,0.006020955675572188,0.962831452082628,0.005
6,1587,1587,0.0046125963435297524,0.0046125963435297524,0.9622679836490631,0.005
6,1588,1588,0.0045185135777556845,0.0045185135777556845,0.9620772810133258,0.005
6,1589,1589,0.005606712721339559,0.005606712721339559,0.9623174713392826,0.005
6,1590,1590,0.006521384790045253,0.006521384790045253,0.9623375101626346,0.005
6,1591,1591,0.005571331227846568,0.005571331227846568,0.9623560361130528,0.005
6,1592,1592,0.005693159117395742,0.005693159117395742,0.9624428853684313,0.005
6,1593,1593,0.0055580328070008655,0.0055580328070008655,0.962295063328333,0.005
6,1594,1594,0.004937081912904057,0.004937081912904057,0.9628197598552554,0.005
6,1595,1595,0.004609366349271565,0.004609366349271565,0.9631271855207215,0.005
6,1596,1596,0.00526865677640437,0.00526865677640437,0.9635834410668744,0.005
6,1597,1597,0.004442748502512283,0.004442748502512283,0.9631887650036787,0.005
6,1598,1598,0.005000634737379252,0.005000634737379252,0.9633245409367875,0.005
6,1599,1599,0.005360613037308495,0.005360613037308495,0.963201434469292,0.005
6,1600,1600,0.0047811913933039985,0.0047811913933039985,0.962653995886898,0.005
6,1601,1601,0.006063282114587884,0.006063282114587884,0.9627017985330262,0.005
6,1602,1602,0.006146256902082019,0.006146256902082019,0.9624228315678635,0.005
6,1603,1603,0.006177474801345579,0.006177474801345579,0.9624212586658775,0.005
6,1604,1604,0.005868115074661668,0.005868115074661668,0.9623966258855832,0.005
6,1605,1605,0.005387818157947639,0.005387818157947639,0.9623231813679904,0.005
6,1606,1606,0.005153653494581103,0.005153653494581103,0.9621050597730464,0.005
6,1607,1607,0.004785343842116376,0.004785343842116376,0.9628011192084563,0.005
6,1608,1608,0.005782474116203633,0.005782474116203633,0.9635315412445725,0.005
6,1609,1609,0.006382774578228034,0.006382774578228034,0.9639754868417053,0.005
6,1610,1610,0.006731990632460029,0.006731990632460029,0.9640340204156699,0.005
6,1611,1611,0.005225680480987628,0.005225680480987628,0.9638568109479646,0.005
6,1612,1612,0.005138298699976913,0.005138298699976913,0.9638174803690536,0.005
6,1613,1613,0.006463622921594175,0.006463622921594175,0.9640835011137017,0.005
6,1614,1614,0.005114503409966072,0.005114503409966072,0.9632806824331389,0.005
6,1615,1615,0.005328009892567778,0.005328009892567778,0.9630075789074679,0.005
6,1616,1616,0.005087305366512402,0.005087305366512402,0.9623876297799638,0.005
6,1617,1617,0.005371023554803636,0.005371023554803636,0.9623584616591317,0.005
6,1618,1618,0.005159246223599394,0.005159246223599394,0.9620596884890342,0.005
6,1619,1619,0.004551733417208485,0.004551733417208485,0.9619235319711392,0.005
6,1620,1620,0.004461397004303315,0.004461397004303315,0.962038893945055,0.005
6,1621,1621,0.004697254806254823,0.004697254806254823,0.9621747272110553,0.005
6,1622,1622,0.0053029450123169225,0.0053029450123169225,0.9623024241813405,0.005
6,1623,1623,0.0043587731568745635,0.0043587731568745635,0.9617233016298717,0.005
6,1624,1624,0.005408264021241206,0.005408264021241206,0.9620474029657162,0.005
6,1625,1625,0.006390349383967909,0.006390349383967909,0.9621082628632595,0.005
6,1626,1626,0.004814369803996588,0.004814369803996588,0.9617017479379527,0.005
6,1627,1627,0.004439035073165357,0.004439035073165357,0.961750341711731,0.005
6,1628,1628,0.0055049548673753845,0.0055049548673753845,0.9624879654268498,0.005
6,1629,1629,0.005113545959869707,0.005113545959869707,0.9626165505854628,0.005
6,1630,1630,0.005099333162706285,0.005099333162706285,0.9629740158613964,0.005
6,1631,1631,0.004837698486088926,0.004837698486088926,0.9629344794064768,0.005
6,1632,1632,0.0053277445119190815,0.0053277445119190815,0.9635608009449113,0.005
6,1633,1633,0.005143608534186446,0.005143608534186446,0.9634807029356349,0.005
6,1634,1634,0.005796862602850197,0.005796862602850197,0.9635788544509498,0.005
6,1635,1635,0.006894896589251619,0.006894896589251619,0.9637258666952411,0.005
6,1636,1636,0.005255814383150717,0.005255814383150717,0.9632172654411513,0.005
6,1637,1637,0.005020530078703592,0.005020530078703592,0.9630252773531301,0.005
6,1638,1638,0.0058046944722703105,0.0058046944722703105,0.9632345435197,0.005
6,1639,1639,0.005597483355990005,0.005597483355990005,0.963061129473808,0.005
6,1640,1640,0.006067655844927428,0.006067655844927428,0.9631286632343987,0.005
6,1641,1641,0.0049562710810947715,0.0049562710810947715,0.9626432998007433,0.005
6,1642,1642,0.005942366124117502,0.005942366124117502,0.9628118393455972,0.005
6,1643,1643,0.005007584690329367,0.005007584690329367,0.9624883637723288,0.005
6,1644,1644,0.004905794459955517,0.004905794459955517,0.9622240579204334,0.005
6,1645,1645,0.005219997481168922,0.005219997481168922,0.9624798315526861,0.005
6,1646,1646,0.005499475488476795,0.005499475488476795,0.962723884493393,0.005
6,1647,1647,0.00526926164666416,0.00526926164666416,0.962715290869977,0.005
6,1648,1648,0.006092342645078349,0.006092342645078349,0.9630425014121571,0.005
6,1649,1649,0.005165949714629983,0.005165949714629983,0.9628478643263764,0.005
6,1650,1650,0.004573327840864642,0.004573327840864642,0.9628133003283189,0.005
6,1651,1651,0.004940822253768871,0.004940822253768871,0.9626915123118205,0.005
6,1652,1652,0.005310111044367603,0.005310111044367603,0.9623893941484832,0.005
6,1653,1653,0.004823262985397442,0.004823262985397442,0.9626325889146847,0.005
6,1654,1654,0.005760281405371952,0.005760281405371952,0.9627215949175413,0.005
6,1655,1655,0.005837653065112018,0.005837653065112018,0.962548035512205,0.005
6,1656,1656,0.004800211415955407,0.004800211415955407,0.9621185447762681,0.005
6,1657,1657,0.004963263345929553,0.004963263345929553,0.9621332432243315,0.005
6,1658,1658,0.005092497468607673,0.005092497468607673,0.962369908083797,0.005
6,1659,1659,0.005270470751835915,0.005270470751835915,0.962411805021593,0.005
6,1660,1660,0.005340187021636093,0.005340187021636093,0.9627906448463948,0.005
6,1661,1661,0.00569236095308297,0.00569236095308297,0.96303730479313,0.005
6,1662,1662,0.005223346266444278,0.005223346266444278,0.9630764561646268,0.005
6,1663,1663,0.006097697239190887,0.006097697239190887,0.9634030414263433,0.005
6,1664,1664,0.005545791582004684,0.005545791582004684,0.9633381542294549,0.005
6,1665,1665,0.004649535601414926,0.004649535601414926,0.9628042706356792,0.005
6,1666,1666,0.004811373774996451,0.004811373774996451,0.9630766445793215,0.005
6,1667,1667,0.005697381619835719,0.005697381619835719,0.9633723113335902,0.005
6,1668,1668,0.004380608138756327,0.004380608138756327,0.962531563582928,0.005
6,1669,1669,0.0046362284898856295,0.0046362284898856295,0.9626527614401059,0.005
6,1670,1670,0.004807477055069478,0.004807477055069478,0.9626124943157817,0.005
6,1671,1671,0.00517571475075792,0.00517571475075792,0.9624022644345948,0.005
6,1672,1672,0.00484929047572452,0.00484929047572452,0.9621540935265619,0.005
6,1673,1673,0.0046632740107278164,0.0046632740107278164,0.9618065785489013,0.005
6,1674,1674,0.004739572386984367,0.004739572386984367,0.961612658895264,0.005
6,1675,1675,0.005762454082129736,0.005762454082129736,0.9614860184908619,0.005
6,1676,1676,0.004333874847416012,0.004333874847416012,0.9614409293442577,0.005
6,1677,1677,0.0061127968266292305,0.0061127968266292305,0.962351635505857,0.005
6,1678,1678,0.005184238083714279,0.005184238083714279,0.9623827363353535,0.005
6,1679,1679,0.004657394327325046,0.004657394327325046,0.9623620675087521,0.005
6,1680,1680,0.0050640622581061,0.0050640622581061,0.962754084753208,0.005
6,1681,1681,0.005350606356270833,0.005350606356270833,0.9630066684053942,0.005
6,1682,1682,0.005315177322086596,0.005315177322086596,0.9630433164329407,0.005
6,1683,1683,0.0062461009440402115,0.0062461009440402115,0.9633824447142012,0.005
6,1684,1684,0.006841725609661639,0.006841725609661639,0.9638954504412647,0.005
6,1685,1685,0.004958116883263648,0.004958116883263648,0.9635613521969925,0.005
6,1686,1686,0.004719544659495584,0.004719544659495584,0.9634506770175071,0.005
6,1687,1687,0.004675420647066512,0.004675420647066512,0.9634676014370848,0.005
6,1688,1688,0.005494960139295665,0.005494960139295665,0.9634765353590552,0.005
6,1689,1689,0.005358697520388904,0.005358697520388904,0.962861493090852,0.005
6,1690,1690,0.0052306720310998055,0.0052306720310998055,0.9628310506150464,0.005
6,1691,1691,0.00489775013147541,0.00489775013147541,0.9623564583872966,0.005
6,1692,1692,0.004527380172449951,0.004527380172449951,0.9620268736660521,0.005
6,1693,1693,0.004927303712212401,0.004927303712212401,0.962086366100008,0.005
6,1694,1694,0.005869146971666577,0.005869146971666577,0.962032503301813,0.005
6,1695,1695,0.004763648332296383,0.004763648332296383,0.961853399212131,0.005
6,1696,1696,0.0061972797802641155,0.0061972797802641155,0.9621280633559275,0.005
6,1697,1697,0.004972653975660654,0.004972653975660654,0.9620495977821684,0.005
6,1698,1698,0.00540311822266804,0.00540311822266804,0.9625076703900084,0.005
6,1699,1699,0.005410607693199032,0.005410607693199032,0.9627593445204533,0.005
6,1700,1700,0.0061076770709294105,0.0061076770709294105,0.9630288464930047,0.005
6,1701,1701,0.004958647485707205,0.004958647485707205,0.9627611600955889,0.005
6,1702,1702,0.00552111741316539,0.00552111741316539,0.9632533916033393,0.005
6,1703,1703,0.005711796578030511,0.005711796578030511,0.9632129430794157,0.005
6,1704,1704,0.004625104064597201,0.004625104064597201,0.9628456382439938,0.005
6,1705,1705,0.00839880608451154,0.00839880608451154,0.9643356548168078,0.005
6,1706,1706,0.005053458223211952,0.005053458223211952,0.9636418425047488,0.005
6,1707,1707,0.006866127985091422,0.006866127985091422,0.9643166639344641,0.005
6,1708,1708,0.004771827872807003,0.004771827872807003,0.9635510276931024,0.005
6,1709,1709,0.0049389755147310616,0.0049389755147310616,0.9634207156615674,0.005
6,1710,1710,0.005247592132972367,0.005247592132972367,0.9635723303854898,0.005
6,1711,1711,0.00653445960715902,0.00653445960715902,0.963561771323549,0.005
6,1712,1712,0.0042674683642016245,0.0042674683642016245,0.9621327421551434,0.005
6,1713,1713,0.004733042449334382,0.004733042449334382,0.9623211433260794,0.005
6,1714,1714,0.005047374327780092,0.005047374327780092,0.9615530288724972,0.005
6,1715,1715,0.005005134373998919,0.005005134373998919,0.9618347599489256,0.005
6,1716,1716,0.005442542379590416,0.005442542379590416,0.961813454199331,0.005
6,1717,1717,0.004916814682241754,0.004916814682241754,0.9617532560033415,0.005
6,1718,1718,0.005023930226909533,0.005023930226909533,0.9619975626710399,0.005
6,1719,1719,0.0046494942598490924,0.0046494942598490924,0.961885661690377,0.005
6,1720,1720,0.00482570768314396,0.00482570768314396,0.9620940489978385,0.005
6,1721,1721,0.0058487245923441854,0.0058487245923441854,0.9630281111065415,0.005
6,1722,1722,0.005963055170008949,0.005963055170008949,0.9632831538970704,0.005
6,1723,1723,0.005336719974182294,0.005336719974182294,0.9632034481153664,0.005
6,1724,1724,0.004566127916736136,0.004566127916736136,0.9628480985963539,0.005
6,1725,1725,0.004900424192196917,0.004900424192196917,0.9629024652684667,0.005
6,1726,1726,0.004645362662130882,0.004645362662130882,0.9625739580642083,0.005
6,1727,1727,0.00447338264913049,0.00447338264913049,0.9623143613441572,0.005
6,1728,1728,0.004882088487570576,0.004882088487570576,0.9623407176228929,0.005
6,1729,1729,0.004155601193511501,0.004155601193511501,0.9617772427495311,0.005
6,1730,1730,0.004837479689857731,0.004837479689857731,0.9622724234239525,0.005
6,1731,1731,0.004565072269870177,0.004565072269870177,0.9620821326191403,0.005
6,1732,1732,0.00488778517188936,0.00488778517188936,0.9622585947400989,0.005
6,1733,1733,0.006051465248463983,0.006051465248463983,0.9627108531305716,0.005
6,1734,1734,0.0050810179969303275,0.0050810179969303275,0.9622099681218326,0.005
6,1735,1735,0.005779402785239898,0.005779402785239898,0.9627738937135284,0.005
6,1736,1736,0.00616804571451933,0.00616804571451933,0.9631275848370648,0.005
6,1737,1737,0.005393333105895185,0.005393333105895185,0.9630315314914133,0.005
6,1738,1738,0.004836908963871984,0.004836908963871984,0.9629875470106684,0.005
6,1739,1739,0.006611763314195957,0.006611763314195957,0.9635781846024147,0.005
6,1740,1740,0.005316056500357016,0.005316056500357016,0.9632388940769765,0.005
6,1741,1741,0.006438678410708317,0.006438678410708317,0.9636183742089991,0.005
6,1742,1742,0.0060542378059139125,0.0060542378059139125,0.9636746251718938,0.005
6,1743,1743,0.004979469650098175,0.004979469650098175,0.9629028114630461,0.005
6,1744,1744,0.005134357991541228,0.005134357991541228,0.963105002792465,0.005
6,1745,1745,0.0058297793892779885,0.0058297793892779885,0.9634478271429092,0.005
6,1746,1746,0.00505864947566505,0.00505864947566505,0.9631253960022507,0.005
6,1747,1747,0.004741420913955139,0.004741420913955139,0.9628479882680891,0.005
6,1748,1748,0.005233664122516258,0.005233664122516258,0.9629313681621254,0.005
6,1749,1749,0.005240382793207935,0.005240382793207935,0.9626818913598214,0.005
6,1750,1750,0.006020934807666218,0.006020934807666218,0.9625221629396278,0.005
6,1751,1751,0.004497743036347068,0.004497743036347068,0.9617765228376509,0.005
6,1752,1752,0.005257630505301128,0.005257630505301128,0.9617954169073685,0.005
6,1753,1753,0.007090200156483311,0.007090200156483311,0.9623172852247457,0.005
6,1754,1754,0.004378294069635415,0.004378294069635415,0.9616507469650278,0.005
6,1755,1755,0.004953462819525805,0.004953462819525805,0.962019027106323,0.005
6,1756,1756,0.005026632982294843,0.005026632982294843,0.9624183697727846,0.005
6,1757,1757,0.005567948207895746,0.005567948207895746,0.962538796580242,0.005
6,1758,1758,0.005022770275076296,0.005022770275076296,0.9628025952530894,0.005
6,1759,1759,0.004554444165026613,0.004554444165026613,0.9625208032330357,0.005
6,1760,1760,0.004517554828709423,0.004517554828709423,0.9626387660225483,0.005
6,1761,1761,0.006090998024386271,0.006090998024386271,0.9634637075868719,0.005
6,1762,1762,0.005423470996899268,0.005423470996899268,0.9632849405038036,0.005
6,1763,1763,0.004338275975461709,0.004338275975461709,0.9628378967288409,0.005
6,1764,1764,0.004788711386549601,0.004788711386549601,0.9627651057224059,0.005
6,1765,1765,0.005961655227347594,0.005961655227347594,0.9630946356497189,0.005
6,1766,1766,0.0041214791709004725,0.0041214791709004725,0.962177589936883,0.005
6,1767,1767,0.0052214672866106775,0.0052214672866106775,0.96255709863002,0.005
6,1768,1768,0.004434782479432526,0.004434782479432526,0.9620878981393609,0.005
6,1769,1769,0.005446021495384367,0.005446021495384367,0.9623807189506246,0.005
6,1770,1770,0.005066635056894326,0.005066635056894326,0.9619067342030126,0.005
6,1771,1771,0.006189231554754785,0.006189231554754785,0.9624927981997441,0.005
6,1772,1772,0.006394305751076766,0.006394305751076766,0.9627687784191836,0.005
6,1773,1773,0.004438908143660683,0.004438908143660683,0.9623132441625208,0.005
6,1774,1774,0.005483145948304672,0.005483145948304672,0.9630313244861771,0.005
6,1775,1775,0.004943898616941967,0.004943898616941967,0.9629436389345334,0.005
6,1776,1776,0.0055102905933888426,0.0055102905933888426,0.9633928027853698,0.005
6,1777,1777,0.004790849348160892,0.004790849348160892,0.9630045355337694,0.005
6,1778,1778,0.004552642220742001,0.004552642220742001,0.9628713771544657,0.005
6,1779,1779,0.005003975225448851,0.005003975225448851,0.9629651897966578,0.005
6,1780,1780,0.005620827262557233,0.005620827262557233,0.9630932751406032,0.005
6,1781,1781,0.004987707027270887,0.004987707027270887,0.9625889637882571,0.005
6,1782,1782,0.005988231593758038,0.005988231593758038,0.9627022407151823,0.005
6,1783,1783,0.004925707723383613,0.004925707723383613,0.9622272964098953,0.005
6,1784,1784,0.005400475070833655,0.005400475070833655,0.9624818467353038,0.005
6,1785,1785,0.004975693465167769,0.004975693465167769,0.9623594936722697,0.005
6,1786,1786,0.004753948511736973,0.004753948511736973,0.9623158265341266,0.005
6,1787,1787,0.004172131908362473,0.004172131908362473,0.9617962114223086,0.005
6,1788,1788,0.004936418277442378,0.004936418277442378,0.9624530069478603,0.005
6,1789,1789,0.005234364341471495,0.005234364341471495,0.9625049637217461,0.005
6,1790,1790,0.005551989595298228,0.005551989595298228,0.9626026402305615,0.005
6,1791,1791,0.0048094570558175126,0.0048094570558175126,0.9625128270627215,0.005
6,1792,1792,0.006091041480602142,0.006091041480602142,0.9627024314532552,0.005
6,1793,1793,0.004477955800488523,0.004477955800488523,0.9621281755125034,0.005
6,1794,1794,0.0058311002166498175,0.0058311002166498175,0.9628421554583977,0.005
6,1795,1795,0.0045653407646921535,0.0045653407646921535,0.9622917748390355,0.005
6,1796,1796,0.004441185811139025,0.004441185811139025,0.9622838539026749,0.005
6,1797,1797,0.004858794657193258,0.004858794657193258,0.9626860028725467,0.005
6,1798,1798,0.0055426456875700535,0.0055426456875700535,0.9632519677109597,0.005
6,1799,1799,0.004477920507938237,0.004477920507938237,0.96260355868294,0.005
6,1800,1800,0.0044149146951807175,0.0044149146951807175,0.962889479149628,0.005
6,1801,1801,0.005394530000610666,0.005394530000610666,0.9630850791199823,0.005
6,1802,1802,0.005269295400737004,0.005269295400737004,0.9626523508798736,0.005
6,1803,1803,0.00522611628171123,0.00522611628171123,0.9624897539343776,0.005
6,1804,1804,0.004716111258823732,0.004716111258823732,0.9619335826720646,0.005
6,1805,1805,0.005892449284367568,0.005892449284367568,0.9618751985309634,0.005
6,1806,1806,0.004886295748132064,0.004886295748132064,0.9617864619742589,0.005
6,1807,1807,0.005718319391157238,0.005718319391157238,0.9624120513951275,0.005
6,1808,1808,0.0054392777166895005,0.0054392777166895005,0.9625912418487479,0.005
6,1809,1809,0.005134804436485977,0.005134804436485977,0.9627125620986022,0.005
6,1810,1810,0.004913981361047249,0.004913981361047249,0.96259171526272,0.005
6,1811,1811,0.005677734467934377,0.005677734467934377,0.9633286349968487,0.005
6,1812,1812,0.005244584513929021,0.005244584513929021,0.9630651745491025,0.005
6,1813,1813,0.00455480199415882,0.00455480199415882,0.9628456377547028,0.005
6,1814,1814,0.004544056079929007,0.004544056079929007,0.9626911209997691,0.005
6,1815,1815,0.005418167884440517,0.005418167884440517,0.9631864024183889,0.005
6,1816,1816,0.005605338902323747,0.005605338902323747,0.9631536145538685,0.005
6,1817,1817,0.006814432629911008,0.006814432629911008,0.9630940838929523,0.005
6,1818,1818,0.005269813939517707,0.005269813939517707,0.962517271557053,0.005
6,1819,1819,0.0048117973942052505,0.0048117973942052505,0.9625261516508689,0.005
6,1820,1820,0.0059384327892445955,0.0059384327892445955,0.962708160874869,0.005
6,1821,1821,0.005255776800374598,0.005255776800374598,0.9625211990807937,0.005
6,1822,1822,0.006574407103843511,0.006574407103843511,0.962890688208145,0.005
6,1823,1823,0.004744483275637798,0.004744483275637798,0.9621478058385717,0.005
6,1824,1824,0.0051878866997694595,0.0051878866997694595,0.962452606310632,0.005
6,1825,1825,0.0049597269262435205,0.0049597269262435205,0.9622307882558871,0.005
6,1826,1826,0.00585047595001739,0.00585047595001739,0.9628590604062891,0.005
6,1827,1827,0.004696234989926756,0.004696234989926756,0.9625361838553461,0.005
6,1828,1828,0.0046380034401180825,0.0046380034401180825,0.9627367974726129,0.005
6,1829,1829,0.005274774065529544,0.005274774065529544,0.9631822973392304,0.005
6,1830,1830,0.005321381392402121,0.005321381392402121,0.9633738697680152,0.005
6,1831,1831,0.004850895115223033,0.004850895115223033,0.963084295033872,0.005
6,1832,1832,0.0045791483957992075,0.0045791483957992075,0.9629418623097381,0.005
6,1833,1833,0.005266125381764114,0.005266125381764114,0.9628757786124161,0.005
6,1834,1834,0.004834736943221243,0.004834736943221243,0.9626078775042727,0.005
6,1835,1835,0.004620583591853381,0.004620583591853381,0.9620155306886693,0.005
6,1836,1836,0.004730478671470518,0.004730478671470518,0.9621014867554446,0.005
6,1837,1837,0.004807159717238772,0.004807159717238772,0.9619694208572305,0.005
6,1838,1838,0.0049694136335504385,0.0049694136335504385,0.9618060536595884,0.005
6,1839,1839,0.0069654950593580605,0.0069654950593580605,0.9623817033773092,0.005
6,1840,1840,0.005369998638818818,0.005369998638818818,0.9621195190755804,0.005
6,1841,1841,0.005817221098861249,0.005817221098861249,0.962339352619055,0.005
6,1842,1842,0.005594097047160209,0.005594097047160209,0.9624574569200955,0.005
6,1843,1843,0.005262628816249641,0.005262628816249641,0.9627090270799893,0.005
6,1844,1844,0.005189034068298432,0.005189034068298432,0.9629166766501782,0.005
6,1845,1845,0.00602168731886648,0.00602168731886648,0.9633982040981642,0.005
6,1846,1846,0.005095954689231621,0.005095954689231621,0.9623396884073311,0.005
6,1847,1847,0.004990048265395675,0.004990048265395675,0.9634243371837831,0.005
6,1848,1848,0.0072381490771821315,0.0072381490771821315,0.9643919158831243,0.005
6,1849,1849,0.005378554082790533,0.005378554082790533,0.9637160618707862,0.005
6,1850,1850,0.005128404666595927,0.005128404666595927,0.9637946999455759,0.005
6,1851,1851,0.005615466922089144,0.005615466922089144,0.9638562870530976,0.005
6,1852,1852,0.0049247825296579,0.0049247825296579,0.9632096442407386,0.005
6,1853,1853,0.004966599893111361,0.004966599893111361,0.962623437785561,0.005
6,1854,1854,0.005233936182845362,0.005233936182845362,0.9624673365147123,0.005
6,1855,1855,0.004554794745926923,0.004554794745926923,0.9617188010531784,0.005
6,1856,1856,0.005689290529213948,0.005689290529213948,0.9614288618224721,0.005
6,1857,1857,0.0064609000595468175,0.0064609000595468175,0.9620714711127665,0.005
6,1858,1858,0.005903383028290992,0.005903383028290992,0.9619834936929064,0.005
6,1859,1859,0.005028779050022646,0.005028779050022646,0.9620443351385861,0.005
6,1860,1860,0.005698378959596093,0.005698378959596093,0.9627082320909189,0.005
6,1861,1861,0.005549256714727853,0.005549256714727853,0.9629436261460411,0.005
6,1862,1862,0.0053252734351157925,0.0053252734351157925,0.9632159931678252,0.005
6,1863,1863,0.004758029631093045,0.004758029631093045,0.9630582133673663,0.005
6,1864,1864,0.005111144525000005,0.005111144525000005,0.9631958880004372,0.005
6,1865,1865,0.0061097492270722475,0.0061097492270722475,0.9640696781873856,0.005
6,1866,1866,0.0047587792126233385,0.0047587792126233385,0.963534223903237,0.005
6,1867,1867,0.005312789400802355,0.005312789400802355,0.9636748862716054,0.005
6,1868,1868,0.006605984118181144,0.006605984118181144,0.9637741398403845,0.005
6,1869,1869,0.004480990491505986,0.004480990491505986,0.9625621205125816,0.005
6,1870,1870,0.0045480977831940115,0.0045480977831940115,0.9623029871926627,0.005
6,1871,1871,0.005404467651707807,0.005404467651707807,0.9624562317745077,0.005
6,1872,1872,0.005289125659864873,0.005289125659864873,0.9621548627845041,0.005
6,1873,1873,0.006700735128644697,0.006700735128644697,0.9626629630144468,0.005
6,1874,1874,0.004900203961043507,0.004900203961043507,0.961954873942304,0.005
6,1875,1875,0.007789448000806743,0.007789448000806743,0.9631125911463325,0.005
6,1876,1876,0.005658242178694501,0.005658242178694501,0.9625113081461427,0.005
6,1877,1877,0.005193857895437474,0.005193857895437474,0.9629273373075152,0.005
6,1878,1878,0.005532904730954767,0.005532904730954767,0.9634360811182591,0.005
6,1879,1879,0.006070992493628408,0.006070992493628408,0.96371148925489,0.005
6,1880,1880,0.005613168469477728,0.005613168469477728,0.9639486247439676,0.005
6,1881,1881,0.005569130995790891,0.005569130995790891,0.9635539839864272,0.005
6,1882,1882,0.005158209932405939,0.005158209932405939,0.9636526923495061,0.005
6,1883,1883,0.005868779803177374,0.005868779803177374,0.9637486371533429,0.005
6,1884,1884,0.004776928559572188,0.004776928559572188,0.9631126102734605,0.005
6,1885,1885,0.004866257312087118,0.004866257312087118,0.9626449809644892,0.005
6,1886,1886,0.005140374574300104,0.005140374574300104,0.9621463635425075,0.005
6,1887,1887,0.0046396077602340186,0.0046396077602340186,0.9614091982799575,0.005
6,1888,1888,0.004886481097070596,0.004886481097070596,0.9613309859611855,0.005
6,1889,1889,0.006793258556242902,0.006793258556242902,0.9617280893822372,0.005
6,1890,1890,0.005469286004769775,0.005469286004769775,0.9615450089490093,0.005
6,1891,1891,0.0049539693187968924,0.0049539693187968924,0.9617989020298933,0.005
6,1892,1892,0.004510298054962928,0.004510298054962928,0.9620222865085729,0.005
6,1893,1893,0.004774837078516244,0.004774837078516244,0.9627190935523923,0.005
6,1894,1894,0.005707337209597858,0.005707337209597858,0.9633724284476793,0.005
6,1895,1895,0.0054700631169126365,0.0054700631169126365,0.9633474802514557,0.005
6,1896,1896,0.005804270879240101,0.005804270879240101,0.9637278198291206,0.005
6,1897,1897,0.004903407387904424,0.004903407387904424,0.9635415052285334,0.005
6,1898,1898,0.005612715221435416,0.005612715221435416,0.9637499819725474,0.005
6,1899,1899,0.00516823218032316,0.00516823218032316,0.9634965642062718,0.005
6,1900,1900,0.006282379213696756,0.006282379213696756,0.9636720130467752,0.005
6,1901,1901,0.0068617438020978985,0.0068617438020978985,0.9637362479596355,0.005
6,1902,1902,0.005106240805586078,0.005106240805586078,0.9631731583897458,0.005
6,1903,1903,0.0052788454003299245,0.0052788454003299245,0.9628276780907371,0.005
6,1904,1904,0.005097126953020755,0.005097126953020755,0.9622727242569566,0.005
6,1905,1905,0.005633040142923492,0.005633040142923492,0.962653213651626,0.005
6,1906,1906,0.00492198216371884,0.00492198216371884,0.9624455180538055,0.005
6,1907,1907,0.004683354103146388,0.004683354103146388,0.9620421904396174,0.005
6,1908,1908,0.0061405342659041455,0.0061405342659041455,0.9627019880117572,0.005
6,1909,1909,0.005643542607988112,0.005643542607988112,0.9625318017440696,0.005
6,1910,1910,0.004380691360032804,0.004380691360032804,0.9617551983456354,0.005
6,1911,1911,0.005119188297128674,0.005119188297128674,0.9624980482352936,0.005
6,1912,1912,0.005629136886864265,0.005629136886864265,0.9627946067074634,0.005
6,1913,1913,0.004648006078873,0.004648006078873,0.9626490166154676,0.005
6,1914,1914,0.005752666945799645,0.005752666945799645,0.9628350167327985,0.005
6,1915,1915,0.005069409307020409,0.005069409307020409,0.9629015561795333,0.005
6,1916,1916,0.004715068706486339,0.004715068706486339,0.9626563344639141,0.005
6,1917,1917,0.00457062690724033,0.00457062690724033,0.9621267320486488,0.005
6,1918,1918,0.0046908877612297315,0.0046908877612297315,0.9624697622047005,0.005
6,1919,1919,0.004579531760314025,0.004579531760314025,0.9624222672226441,0.005
6,1920,1920,0.004484909248060913,0.004484909248060913,0.9622392831635602,0.005
6,1921,1921,0.006050105752745163,0.006050105752745163,0.9628044714500194,0.005
6,1922,1922,0.004629497920302353,0.004629497920302353,0.9623824976187455,0.005
6,1923,1923,0.005549042052313722,0.005549042052313722,0.9625775718616233,0.005
6,1924,1924,0.004597370982366246,0.004597370982366246,0.9622837502081005,0.005
6,1925,1925,0.004945529952268181,0.004945529952268181,0.9623128415102249,0.005
6,1926,1926,0.004491342901606491,0.004491342901606491,0.9624600453358475,0.005
6,1927,1927,0.004418562078903931,0.004418562078903931,0.9624136415732633,0.005
6,1928,1928,0.005529552589814206,0.005529552589814206,0.9628927603561975,0.005
6,1929,1929,0.005114127310447714,0.005114127310447714,0.9623183212233649,0.005
6,1930,1930,0.0044282208928664805,0.0044282208928664805,0.962119349503222,0.005
6,1931,1931,0.005579797064614577,0.005579797064614577,0.9627301955454838,0.005
6,1932,1932,0.005423681018650649,0.005423681018650649,0.9626465223704375,0.005
6,1933,1933,0.004874970718100042,0.004874970718100042,0.9624831451523226,0.005
6,1934,1934,0.004868607185693681,0.004868607185693681,0.9625032388809811,0.005
6,1935,1935,0.004592255585314394,0.004592255585314394,0.9623875769451953,0.005
6,1936,1936,0.005113280732390977,0.005113280732390977,0.9626811538856174,0.005
6,1937,1937,0.006018452790361693,0.006018452790361693,0.9629174958806802,0.005
6,1938,1938,0.005540298336740805,0.005540298336740805,0.9628021577095351,0.005
6,1939,1939,0.005601008639901797,0.005601008639901797,0.9626343646708769,0.005
6,1940,1940,0.004425836580550401,0.004425836580550401,0.9623232719358253,0.005
6,1941,1941,0.00609870669703182,0.00609870669703182,0.9630095309032178,0.005
6,1942,1942,0.004559538381528063,0.004559538381528063,0.9621553212430723,0.005
6,1943,1943,0.005431457705169746,0.005431457705169746,0.962661914978629,0.005
6,1944,1944,0.004791429847433544,0.004791429847433544,0.9624616569384893,0.005
6,1945,1945,0.004984639909692574,0.004984639909692574,0.962810959124157,0.005
6,1946,1946,0.006177355652639403,0.006177355652639403,0.9633899960493113,0.005
6,1947,1947,0.005569981018162334,0.005569981018162334,0.9632575008805412,0.005
6,1948,1948,0.004596957251416759,0.004596957251416759,0.9628593492927525,0.005
6,1949,1949,0.004626705900200198,0.004626705900200198,0.962786881095339,0.005
6,1950,1950,0.00459273296730034,0.00459273296730034,0.9626565209020519,0.005
6,1951,1951,0.004906793459372416,0.004906793459372416,0.962436736503259,0.005
6,1952,1952,0.006092471650578059,0.006092471650578059,0.9624417384172222,0.005
6,1953,1953,0.004732979738534721,0.004732979738534721,0.9618939305336168,0.005
6,1954,1954,0.004372293988981729,0.004372293988981729,0.9615998164714648,0.005
6,1955,1955,0.0062457863324856195,0.0062457863324856195,0.9620872544787512,0.005
6,1956,1956,0.004696474882996944,0.004696474882996944,0.9618214619972358,0.005
6,1957,1957,0.005682566056435987,0.005682566056435987,0.9624781546008552,0.005
6,1958,1958,0.005796598504367999,0.005796598504367999,0.9627796514656067,0.005
6,1959,1959,0.004737175709760141,0.004737175709760141,0.9622473031977294,0.005
6,1960,1960,0.005241474801280129,0.005241474801280129,0.9630614475962084,0.005
6,1961,1961,0.004634785261620913,0.004634785261620913,0.9632556074701714,0.005
6,1962,1962,0.004561559961747778,0.004561559961747778,0.9632491265309908,0.005
6,1963,1963,0.005981322069371094,0.005981322069371094,0.9634022220374587,0.005
6,1964,1964,0.005943149619475348,0.005943149619475348,0.963508059237173,0.005
6,1965,1965,0.004816855966205359,0.004816855966205359,0.9628858284101105,0.005
6,1966,1966,0.004579280751810497,0.004579280751810497,0.9622323821440496,0.005
6,1967,1967,0.006014767818775312,0.006014767818775312,0.9627750282231624,0.005
6,1968,1968,0.004744910010297591,0.004744910010297591,0.961996783825591,0.005
6,1969,1969,0.005523271271429712,0.005523271271429712,0.9621709367478772,0.005
6,1970,1970,0.005693194989175,0.005693194989175,0.962371898484225,0.005
6,1971,1971,0.0049054613580684124,0.0049054613580684124,0.9623862933951103,0.005
6,1972,1972,0.004414684106979712,0.004414684106979712,0.962046348907028,0.005
6,1973,1973,0.006235465598301401,0.006235465598301401,0.9629774777233877,0.005
6,1974,1974,0.004128037109366059,0.004128037109366059,0.9623545427432044,0.005
6,1975,1975,0.005559256711301275,0.005559256711301275,0.9631478633440546,0.005
6,1976,1976,0.004833749353808099,0.004833749353808099,0.9630331611692615,0.005
6,1977,1977,0.005564342662291865,0.005564342662291865,0.9630641658886822,0.005
6,1978,1978,0.0057155594105036366,0.0057155594105036366,0.9630967258663788,0.005
6,1979,1979,0.005018076381392189,0.005018076381392189,0.9627625768900029,0.005
6,1980,1980,0.004968777936019256,0.004968777936019256,0.9625417388974365,0.005
6,1981,1981,0.0051809005202330255,0.0051809005202330255,0.962473229536194,0.005
6,1982,1982,0.005310245417802759,0.005310245417802759,0.9624595620634643,0.005
6,1983,1983,0.005343733583442708,0.005343733583442708,0.9625143549116445,0.005
6,1984,1984,0.004687460959496561,0.004687460959496561,0.9621754466376117,0.005
6,1985,1985,0.005772117839701028,0.005772117839701028,0.9625982133484746,0.005
6,1986,1986,0.004540153555738836,0.004540153555738836,0.9624573664978724,0.005
6,1987,1987,0.005572273682687048,0.005572273682687048,0.9629724844865639,0.005
6,1988,1988,0.004791948236492732,0.004791948236492732,0.9626097456603891,0.005
6,1989,1989,0.00490809810394547,0.00490809810394547,0.9629969644964371,0.005
6,1990,1990,0.006106010151573084,0.006106010151573084,0.9633246654922267,0.005
6,1991,1991,0.004738885025242332,0.004738885025242332,0.9627884866337287,0.005
6,1992,1992,0.006321428892467418,0.006321428892467418,0.9631636249268535,0.005
6,1993,1993,0.004779916669669266,0.004779916669669266,0.9627480519654413,0.005
6,1994,1994,0.004472614144914262,0.004472614144914262,0.9624750175922396,0.005
6,1995,1995,0.004114700807880367,0.004114700807880367,0.9619330681676831,0.005
6,1996,1996,0.00436579401377357,0.00436579401377357,0.9620645857000003,0.005
6,1997,1997,0.006018650106166989,0.006018650106166989,0.9627307097884561,0.005
6,1998,1998,0.004764527666773736,0.004764527666773736,0.962136946172403,0.005
6,1999,1999,0.005276251934142989,0.005276251934142989,0.9622740991903773,0.005
6,2000,2000,0.00568362610078499,0.00568362610078499,0.9620446948226036,0.005
5,0,2001,0.07219371602588437,0.07219371602588437,0.8164591310134465,0.005
5,1,2002,0.07675475833969218,0.07675475833969218,0.8120521569741422,0.005
5,2,2003,0.06789117528223393,0.06789117528223393,0.8225908970783498,0.005
5,3,2004,0.06421731616099689,0.06421731616099689,0.8225899807784396,0.005
5,4,2005,0.0552138181320911,0.0552138181320911,0.8263742457287434,0.005
5,5,2006,0.049810681819871375,0.049810681819871375,0.8290558307627617,0.005
5,6,2007,0.04965819336653099,0.04965819336653099,0.8304613051694633,0.005
5,7,2008,0.04605250825248605,0.04605250825248605,0.8299609116584038,0.005
5,8,2009,0.042698718706542196,0.042698718706542196,0.8298910247135697,0.005
5,9,2010,0.04436121722074054,0.04436121722074054,0.8287788947545461,0.005
5,10,2011,0.03764319758765397,0.03764319758765397,0.8273626527257449,0.005
5,11,2012,0.03689932995726248,0.03689932995726248,0.8337048067915225,0.005
5,12,2013,0.03469278601827026,0.03469278601827026,0.8298455577498827,0.005
5,13,2014,0.034320664700978935,0.034320664700978935,0.8322037127341024,0.005
5,14,2015,0.031699301075497406,0.031699301075497406,0.832625384152452,0.005
5,15,2016,0.030318713240345012,0.030318713240345012,0.8264863685793715,0.005
5,16,2017,0.027155305566831885,0.027155305566831885,0.8263217549315254,0.005
5,17,2018,0.028154070758263726,0.028154070758263726,0.8280355349056703,0.005
5,18,2019,0.024939465066204813,0.024939465066204813,0.8262378764537004,0.005
5,19,2020,0.024014586645424975,0.024014586645424975,0.8234744391209948,0.005
5,20,2021,0.019271518505236618,0.019271518505236618,0.820591211661921,0.005
5,21,2022,0.02099856237588906,0.02099856237588906,0.8205773824288738,0.005
5,22,2023,0.021770012388473363,0.021770012388473363,0.8186922543838671,0.005
5,23,2024,0.017726409394191664,0.017726409394191664,0.8152022522833571,0.005
5,24,2025,0.020688451113876377,0.020688451113876377,0.8194371252502195,0.005
5,25,2026,0.024807925144999663,0.024807925144999663,0.823867663584729,0.005
5,26,2027,0.018407754594681223,0.018407754594681223,0.8142068448908284,0.005
5,27,2028,0.020157628038721682,0.020157628038721682,0.8166254939781016,0.005
5,28,2029,0.014912052747555964,0.014912052747555964,0.8119282697161593,0.005
5,29,2030,0.016550133451810688,0.016550133451810688,0.8141106713966906,0.005
5,30,2031,0.021598098524399315,0.021598098524399315,0.8134864426718557,0.005
5,31,2032,0.018746750171489933,0.018746750171489933,0.8148050309997369,0.005
5,32,2033,0.01642920150770718,0.01642920150770718,0.8106020620420121,0.005
5,33,2034,0.021308302780868142,0.021308302780868142,0.8147333848716841,0.005
5,34,2035,0.018234183419339134,0.018234183419339134,0.8145689879056909,0.005
5,35,2036,0.016329789722059875,0.016329789722059875,0.8133250416860472,0.005
5,36,2037,0.016623066859643917,0.016623066859643917,0.814000250793279,0.005
5,37,2038,0.019596669496927326,0.019596669496927326,0.8165148140147263,0.005
5,38,2039,0.016422032638873645,0.016422032638873645,0.8146929282431323,0.005
5,39,2040,0.016756348244215985,0.016756348244215985,0.8133354012086113,0.005
5,40,2041,0.01997175505054752,0.01997175505054752,0.8165136653459706,0.005
5,41,2042,0.018797811261435524,0.018797811261435524,0.8137823906556846,0.005
5,42,2043,0.017435789237938926,0.017435789237938926,0.8150136984472263,0.005
5,43,2044,0.016376304997927086,0.016376304997927086,0.8152967021379839,0.005
5,44,2045,0.016526167842251187,0.016526167842251187,0.8190193526247226,0.005
5,45,2046,0.016737691620047786,0.016737691620047786,0.8126874827685141,0.005
5,46,2047,0.01833709528416818,0.01833709528416818,0.8183762514597754,0.005
5,47,2048,0.01512843845590198,0.01512843845590198,0.8101723266357149,0.005
5,48,2049,0.017311355926184057,0.017311355926184057,0.8132087943850762,0.005
5,49,2050,0.015157633203559912,0.015157633203559912,0.8146713208244204,0.005
5,50,2051,0.018347100767312913,0.018347100767312913,0.8156484176046312,0.005
5,51,2052,0.014635818986704689,0.014635818986704689,0.8118969153925665,0.005
5,52,2053,0.015547284548857595,0.015547284548857595,0.8141460589837415,0.005
5,53,2054,0.013827882933751492,0.013827882933751492,0.8141401608150768,0.005
5,54,2055,0.014801743055889782,0.014801743055889782,0.8166236687927122,0.005
5,55,2056,0.017023054534796977,0.017023054534796977,0.8167292375367095,0.005
5,56,2057,0.014915518676096575,0.014915518676096575,0.819217247565023,0.005
5,57,2058,0.018006744459068462,0.018006744459068462,0.8198392250724635,0.005
5,58,2059,0.01549770996369794,0.01549770996369794,0.8174977268102692,0.005
5,59,2060,0.013613149195436387,0.013613149195436387,0.8122808258374593,0.005
5,60,2061,0.014694568026091072,0.014694568026091072,0.814223579781872,0.005
5,61,2062,0.012884128931931992,0.012884128931931992,0.8135764765221454,0.005
5,62,2063,0.013327984661054998,0.013327984661054998,0.8125804476019065,0.005
5,63,2064,0.01424610083994183,0.01424610083994183,0.8104212896186445,0.005
5,64,2065,0.014195275189605205,0.014195275189605205,0.811173660980626,0.005
5,65,2066,0.015175938342286787,0.015175938342286787,0.8115860303858939,0.005
5,66,2067,0.01577336606687954,0.01577336606687954,0.8127474860262778,0.005
5,67,2068,0.013670317646203654,0.013670317646203654,0.8141921289076027,0.005
5,68,2069,0.018648552767779727,0.018648552767779727,0.8172606209758422,0.005
5,69,2070,0.015520205714735669,0.015520205714735669,0.8158447649203061,0.005
5,70,2071,0.013777869602157346,0.013777869602157346,0.8150714336384497,0.005
5,71,2072,0.013933079501377055,0.013933079501377055,0.8109447299761965,0.005
5,72,2073,0.014181512786864359,0.014181512786864359,0.8151567998234394,0.005
5,73,2074,0.012666071908739116,0.012666071908739116,0.8116262220804058,0.005
5,74,2075,0.014345180268540638,0.014345180268540638,0.81865381105149,0.005
5,75,2076,0.013940508311353607,0.013940508311353607,0.8156408019412864,0.005
5,76,2077,0.015713006334567885,0.015713006334567885,0.8173485299214166,0.005
5,77,2078,0.012486590615126678,0.012486590615126678,0.8147346058685045,0.005
5,78,2079,0.012635121128479832,0.012635121128479832,0.815637374758595,0.005
5,79,2080,0.014521290094694137,0.014521290094694137,0.8180237835732531,0.005
5,80,2081,0.012817642879515246,0.012817642879515246,0.8137732207766053,0.005
5,81,2082,0.01880736896507026,0.01880736896507026,0.811220712715642,0.005
5,82,2083,0.014273188276037858,0.014273188276037858,0.8148443324508687,0.005
5,83,2084,0.011928135951831332,0.011928135951831332,0.8138110305384114,0.005
5,84,2085,0.01398406989931178,0.01398406989931178,0.8173562951780202,0.005
5,85,2086,0.014263581266926766,0.014263581266926766,0.8168396650282647,0.005
5,86,2087,0.012767049506098378,0.012767049506098378,0.8150010488029346,0.005
5,87,2088,0.015424913141142827,0.015424913141142827,0.8144558860181893,0.005
5,88,2089,0.012887322907072247,0.012887322907072247,0.8141567343581622,0.005
5,89,2090,0.011916624249489366,0.011916624249489366,0.8132494974822408,0.005
5,90,2091,0.01311292980440125,0.01311292980440125,0.8131745612410185,0.005
5,91,2092,0.014573674749126672,0.014573674749126672,0.8126134291486912,0.005
5,92,2093,0.015986863311462166,0.015986863311462166,0.8189047995539821,0.005
5,93,2094,0.012580308339308833,0.012580308339308833,0.8097013505441144,0.005
5,94,2095,0.012772663336409541,0.012772663336409541,0.8134572404272875,0.005
5,95,2096,0.012210349533768027,0.012210349533768027,0.817864137440537,0.005
5,96,2097,0.012359025386595926,0.012359025386595926,0.8134783089138043,0.005
5,97,2098,0.013497894577310642,0.013497894577310642,0.8164737532261617,0.005
5,98,2099,0.012231296031369143,0.012231296031369143,0.815790560170785,0.005
5,99,2100,0.014029846287089903,0.014029846287089903,0.8117678924494012,0.005
5,100,2101,0.01110925545194634,0.01110925545194634,0.8131634123714568,0.005
5,101,2102,0.013017092554388363,0.013017092554388363,0.8113266662275476,0.005
5,102,2103,0.01201056585148209,0.01201056585148209,0.8107885511343442,0.005
5,103,2104,0.01582168143770061,0.01582168143770061,0.8129559717492368,0.005
5,104,2105,0.013329698261599375,0.013329698261599375,0.8149866438117582,0.005
5,105,2106,0.014453934122861833,0.014453934122861833,0.8150831395987994,0.005
5,106,2107,0.020436238040896147,0.020436238040896147,0.812297230143013,0.005
5,107,2108,0.0158906680457465,0.0158906680457465,0.8150563809720635,0.005
5,108,2109,0.015657338626712543,0.015657338626712543,0.8163847532085841,0.005
5,109,2110,0.01323617090289282,0.01323617090289282,0.8150797288150234,0.005
5,110,2111,0.016385234339301186,0.016385234339301186,0.8157527065121069,0.005
5,111,2112,0.013417619150861492,0.013417619150861492,0.8136201421169599,0.005
5,112,2113,0.013237114065828778,0.013237114065828778,0.8144388598977504,0.005
5,113,2114,0.015648997051124536,0.015648997051124536,0.8166146289166009,0.005
5,114,2115,0.012449499512615198,0.012449499512615198,0.8139268163049157,0.005
5,115,2116,0.016712087409753735,0.016712087409753735,0.815702676039782,0.005
5,116,2117,0.013182216128652424,0.013182216128652424,0.8142489299816338,0.005
5,117,2118,0.012159134946347742,0.012159134946347742,0.8103458335342936,0.005
5,118,2119,0.015991573304425306,0.015991573304425306,0.8158110694663617,0.005
5,119,2120,0.014856976088209416,0.014856976088209416,0.8166617476336837,0.005
5,120,2121,0.014169437093935961,0.014169437093935961,0.8150991795405872,0.005
5,121,2122,0.012575558379830694,0.012575558379830694,0.8142655135849861,0.005
5,122,2123,0.013254700866696995,0.013254700866696995,0.810799921257979,0.005
5,123,2124,0.013878642329611512,0.013878642329611512,0.8141550993876211,0.005
5,124,2125,0.014348216678328026,0.014348216678328026,0.8167012898281104,0.005
5,125,2126,0.014691004745941426,0.014691004745941426,0.8154874612763191,0.005
5,126,2127,0.018105328861702092,0.018105328861702092,0.817984492273422,0.005
5,127,2128,0.013512205202212333,0.013512205202212333,0.8128250642072417,0.005
5,128,2129,0.013057248165794393,0.013057248165794393,0.8119082022445235,0.005
5,129,2130,0.01322773387001943,0.01322773387001943,0.8120736777253615,0.005
5,130,2131,0.013725785896477981,0.013725785896477981,0.8161257015648339,0.005
5,131,2132,0.013529550853180312,0.013529550853180312,0.8111786550680483,0.005
5,132,2133,0.013144142255287868,0.013144142255287868,0.8161532710422064,0.005
5,133,2134,0.014071665165528262,0.014071665165528262,0.81403006631646,0.005
5,134,2135,0.01448795855057916,0.01448795855057916,0.8165948402972145,0.005
5,135,2136,0.01324194281142619,0.01324194281142619,0.8179465020675553,0.005
5,136,2137,0.017089137269419543,0.017089137269419543,0.8146087384176094,0.005
5,137,2138,0.014300687774594503,0.014300687774594503,0.8133546613395176,0.005
5,138,2139,0.016505003760353555,0.016505003760353555,0.8159943718656117,0.005
5,139,2140,0.012997179121564081,0.012997179121564081,0.8155249866910851,0.005
5,140,2141,0.01293911115364823,0.01293911115364823,0.8137948847525335,0.005
5,141,2142,0.014250841564497825,0.014250841564497825,0.816827270414691,0.005
5,142,2143,0.01547800500352209,0.01547800500352209,0.8152489147699827,0.005
5,143,2144,0.012977055030577377,0.012977055030577377,0.8165348919079206,0.005
5,144,2145,0.013800293452192013,0.013800293452192013,0.8105854363866715,0.005
5,145,2146,0.013803845682470051,0.013803845682470051,0.8174156367926544,0.005
5,146,2147,0.012442577398499053,0.012442577398499053,0.8118618438596827,0.005
5,147,2148,0.013958743752940346,0.013958743752940346,0.8123758363237081,0.005
5,148,2149,0.015023846846990496,0.015023846846990496,0.811033704418562,0.005
5,149,2150,0.013605191199399118,0.013605191199399118,0.815130307353729,0.005
5,150,2151,0.011817194428570281,0.011817194428570281,0.8141684950949953,0.005
5,151,2152,0.013625703499125612,0.013625703499125612,0.816355391374873,0.005
5,152,2153,0.01469600674817619,0.01469600674817619,0.8193353168949878,0.005
5,153,2154,0.013408073883126717,0.013408073883126717,0.8156632307787532,0.005
5,154,2155,0.020732646076007312,0.020732646076007312,0.8161560270540409,0.005
5,155,2156,0.013242254960185938,0.013242254960185938,0.8154674127008985,0.005
5,156,2157,0.012795910384614206,0.012795910384614206,0.815103008316538,0.005
5,157,2158,0.01629757294857445,0.01629757294857445,0.8179008221053402,0.005
5,158,2159,0.014941146263871809,0.014941146263871809,0.8178015971647009,0.005
5,159,2160,0.011535672727465352,0.011535672727465352,0.8152759086919443,0.005
5,160,2161,0.015465516133478865,0.015465516133478865,0.8138442202617994,0.005
5,161,2162,0.013319775247754349,0.013319775247754349,0.8149845206984357,0.005
5,162,2163,0.017229943710272696,0.017229943710272696,0.8187816074444649,0.005
5,163,2164,0.013958445211302458,0.013958445211302458,0.8142113763581236,0.005
5,164,2165,0.013901751724063355,0.013901751724063355,0.8124257983863361,0.005
5,165,2166,0.012949345890671007,0.012949345890671007,0.8124365751135544,0.005
5,166,2167,0.01730184302983711,0.01730184302983711,0.8106609861449863,0.005
5,167,2168,0.014448632609666587,0.014448632609666587,0.8130344718648912,0.005
5,168,2169,0.012624904695356234,0.012624904695356234,0.8142266825209967,0.005
5,169,2170,0.011853092742785086,0.011853092742785086,0.8149276044029162,0.005
5,170,2171,0.011990072664666371,0.011990072664666371,0.8134491943161316,0.005
5,171,2172,0.016282237859280423,0.016282237859280423,0.8151478928851937,0.005
5,172,2173,0.012191138918913269,0.012191138918913269,0.8135276646586308,0.005
5,173,2174,0.013329171712608057,0.013329171712608057,0.8167768922822608,0.005
5,174,2175,0.015345369941811309,0.015345369941811309,0.8128336006842578,0.005
5,175,2176,0.013399093460642404,0.013399093460642404,0.8155470721515404,0.005
5,176,2177,0.014586957485953993,0.014586957485953993,0.8134771431931098,0.005
5,177,2178,0.016070140630452173,0.016070140630452173,0.8158360420300893,0.005
5,178,2179,0.01474250325454073,0.01474250325454073,0.8152971755329674,0.005
5,179,2180,0.015138765793649353,0.015138765793649353,0.8168432499918453,0.005
5,180,2181,0.013632489730143823,0.013632489730143823,0.8143520187965665,0.005
5,181,2182,0.01338110020728445,0.01338110020728445,0.8144743132196178,0.005
5,182,2183,0.01453947380367324,0.01453947380367324,0.8155814342879252,0.005
5,183,2184,0.01431132929886696,0.01431132929886696,0.8117268437238312,0.005
5,184,2185,0.013920418432724695,0.013920418432724695,0.8138288432649902,0.005
5,185,2186,0.01274833160861714,0.01274833160861714,0.811847509622246,0.005
5,186,2187,0.012542051244692645,0.012542051244692645,0.813739685206931,0.005
5,187,2188,0.011917218470921736,0.011917218470921736,0.8124053261874025,0.005
5,188,2189,0.014146967228677552,0.014146967228677552,0.8108297076653374,0.005
5,189,2190,0.013015733113748035,0.013015733113748035,0.8153354454254991,0.005
5,190,2191,0.013835869898624552,0.013835869898624552,0.813368586726209,0.005
5,191,2192,0.015431510649942082,0.015431510649942082,0.8154831477537878,0.005
5,192,2193,0.013878757846136394,0.013878757846136394,0.8111142389104633,0.005
5,193,2194,0.012076568904737805,0.012076568904737805,0.8142182166397424,0.005
5,194,2195,0.01429214337845848,0.01429214337845848,0.8139369884243945,0.005
5,195,2196,0.012185380230965345,0.012185380230965345,0.817910465682058,0.005
5,196,2197,0.012918799070235522,0.012918799070235522,0.8159992413590145,0.005
5,197,2198,0.013061291318563175,0.013061291318563175,0.8160519735730728,0.005
5,198,2199,0.011175263470858024,0.011175263470858024,0.8106067381448698,0.005
5,199,2200,0.013438548584301394,0.013438548584301394,0.8122676944907693,0.005
5,200,2201,0.012022677190472838,0.012022677190472838,0.8129063048521237,0.005
5,201,2202,0.0136055202744811,0.0136055202744811,0.813067039808471,0.005
5,202,2203,0.012554822457548135,0.012554822457548135,0.8114720221824415,0.005
5,203,2204,0.011882020021442665,0.011882020021442665,0.8139329556148361,0.005
5,204,2205,0.01324100365777028,0.01324100365777028,0.8127094212847059,0.005
5,205,2206,0.012237908169551212,0.012237908169551212,0.814667354836363,0.005
5,206,2207,0.013253633789922697,0.013253633789922697,0.8148203880417849,0.005
5,207,2208,0.017976848670676115,0.017976848670676115,0.8144205279529937,0.005
5,208,2209,0.013550979100428297,0.013550979100428297,0.8157717574819147,0.005
5,209,2210,0.013021315629803482,0.013021315629803482,0.8149299190073209,0.005
5,210,2211,0.011298886188049112,0.011298886188049112,0.8131456674268245,0.005
5,211,2212,0.013588031759792,0.013588031759792,0.813661764676093,0.005
5,212,2213,0.011772063108576852,0.011772063108576852,0.8115738246474654,0.005
5,213,2214,0.015217654048379199,0.015217654048379199,0.8127209807354537,0.005
5,214,2215,0.013516729663054484,0.013516729663054484,0.8161680609204383,0.005
5,215,2216,0.013498224310842112,0.013498224310842112,0.8127714421050162,0.005
5,216,2217,0.011608309166387094,0.011608309166387094,0.8107902024707051,0.005
5,217,2218,0.013061345156512196,0.013061345156512196,0.8123103958364488,0.005
5,218,2219,0.014210311017666065,0.014210311017666065,0.812028165754531,0.005
5,219,2220,0.01378937550690715,0.01378937550690715,0.8140444197222101,0.005
5,220,2221,0.0119131794011903,0.0119131794011903,0.8139574910180409,0.005
5,221,2222,0.013908531179025008,0.013908531179025008,0.8096225693700577,0.005
5,222,2223,0.012076352541103275,0.012076352541103275,0.8104033560428688,0.005
5,223,2224,0.012411856762871206,0.012411856762871206,0.8103356687106804,0.005
5,224,2225,0.011306747313125504,0.011306747313125504,0.8136716580647826,0.005
5,225,2226,0.012974789006022738,0.012974789006022738,0.81281101661776,0.005
5,226,2227,0.01289038137064888,0.01289038137064888,0.8180272634434689,0.005
5,227,2228,0.01193339611300405,0.01193339611300405,0.813189402091057,0.005
5,228,2229,0.017069815585814472,0.017069815585814472,0.8157695820714996,0.005
5,229,2230,0.01362281528650314,0.01362281528650314,0.8152242059173899,0.005
5,230,2231,0.011341462529628248,0.011341462529628248,0.8146655321120478,0.005
5,231,2232,0.011730842593324808,0.011730842593324808,0.8125315981723384,0.005
5,232,2233,0.011701749055036884,0.011701749055036884,0.8171897213677305,0.005
5,233,2234,0.012594770644378287,0.012594770644378287,0.8147106591262703,0.005
5,234,2235,0.011785169738441861,0.011785169738441861,0.8124896608059184,0.005
5,235,2236,0.012023281906163448,0.012023281906163448,0.8150144403475085,0.005
5,236,2237,0.012323185242893307,0.012323185242893307,0.8137164626984735,0.005
5,237,2238,0.011320296688244764,0.011320296688244764,0.8129032769940103,0.005
5,238,2239,0.01377019657532882,0.01377019657532882,0.8159238295479624,0.005
5,239,2240,0.011292659738133183,0.011292659738133183,0.8138394603057394,0.005
5,240,2241,0.010729274289167331,0.010729274289167331,0.8139189805882328,0.005
5,241,2242,0.012343052173801168,0.012343052173801168,0.8113717877904632,0.005
5,242,2243,0.011302918313711368,0.011302918313711368,0.8099118791399275,0.005
5,243,2244,0.010354062700527827,0.010354062700527827,0.808112114128177,0.005
5,244,2245,0.01197421171288994,0.01197421171288994,0.8120570620694265,0.005
5,245,2246,0.010823484978961392,0.010823484978961392,0.8106824490175919,0.005
5,246,2247,0.014196453230006522,0.014196453230006522,0.8099835622854766,0.005
5,247,2248,0.011370942573935222,0.011370942573935222,0.8124279274704915,0.005
5,248,2249,0.012151091646145997,0.012151091646145997,0.810683991074507,0.005
5,249,2250,0.01177775919513152,0.01177775919513152,0.80894568377809,0.005
5,250,2251,0.010737834808263697,0.010737834808263697,0.8110517010822487,0.005
5,251,2252,0.016276637417144295,0.016276637417144295,0.8107018805581476,0.005
5,252,2253,0.012067365709265884,0.012067365709265884,0.8043183731522906,0.005
5,253,2254,0.013177026039821363,0.013177026039821363,0.8126793498124935,0.005
5,254,2255,0.017507632239026176,0.017507632239026176,0.813948305235288,0.005
5,255,2256,0.011796508120478444,0.011796508120478444,0.8134002680738908,0.005
5,256,2257,0.013022542779825138,0.013022542779825138,0.8137215435684503,0.005
5,257,2258,0.010424849750249952,0.010424849750249952,0.814892642770729,0.005
5,258,2259,0.011478087250525876,0.011478087250525876,0.8130781662484742,0.005
5,259,2260,0.013783349857461411,0.013783349857461411,0.8122829974813187,0.005
5,260,2261,0.014300172272069936,0.014300172272069936,0.8069742197580717,0.005
5,261,2262,0.010353445625944972,0.010353445625944972,0.8108492960894595,0.005
5,262,2263,0.012500473869111472,0.012500473869111472,0.8154585095111768,0.005
5,263,2264,0.01557113361152399,0.01557113361152399,0.8140731096218695,0.005
5,264,2265,0.011370773934702759,0.011370773934702759,0.8129724375591817,0.005
5,265,2266,0.011257385520744324,0.011257385520744324,0.8107409976307176,0.005
5,266,2267,0.012435854431827223,0.012435854431827223,0.8171767996625229,0.005
5,267,2268,0.011502845063306628,0.011502845063306628,0.8174343481189198,0.005
5,268,2269,0.015240302855801191,0.015240302855801191,0.8182633369449812,0.005
5,269,2270,0.009986723683943207,0.009986723683943207,0.8131148010078634,0.005
5,270,2271,0.018067176270034287,0.018067176270034287,0.8164643022865242,0.005
5,271,2272,0.019748246347292456,0.019748246347292456,0.815974584383482,0.005
5,272,2273,0.012726129850574837,0.012726129850574837,0.8117096591000618,0.005
5,273,2274,0.01633936399323014,0.01633936399323014,0.8133933374172057,0.005
5,274,2275,0.011679198540264689,0.011679198540264689,0.8098696447308426,0.005
5,275,2276,0.011763205765948203,0.011763205765948203,0.8074184013908758,0.005
5,276,2277,0.011387324307378167,0.011387324307378167,0.8138916822587652,0.005
5,277,2278,0.011905336077989576,0.011905336077989576,0.8103162658842766,0.005
5,278,2279,0.012723220848877562,0.012723220848877562,0.8109782036518216,0.005
5,279,2280,0.010632023898554716,0.010632023898554716,0.8112287229088557,0.005
5,280,2281,0.010816415094782372,0.010816415094782372,0.8096894415199113,0.005
5,281,2282,0.012628207251206263,0.012628207251206263,0.8135516597104574,0.005
5,282,2283,0.013392344770964994,0.013392344770964994,0.8124555391680717,0.005
5,283,2284,0.012300487800470345,0.012300487800470345,0.8153750750281845,0.005
5,284,2285,0.01146170023464201,0.01146170023464201,0.8128776983830766,0.005
5,285,2286,0.017159237236058663,0.017159237236058663,0.8141686389566647,0.005
5,286,2287,0.013538261951698325,0.013538261951698325,0.8142997309247016,0.005
5,287,2288,0.011585989372887155,0.011585989372887155,0.8154457332025434,0.005
5,288,2289,0.011965983926946512,0.011965983926946512,0.8176486075779884,0.005
5,289,2290,0.01067871683102108,0.01067871683102108,0.810773632722831,0.005
5,290,2291,0.014551603857526586,0.014551603857526586,0.8119027366934939,0.005
5,291,2292,0.012267324000689205,0.012267324000689205,0.8131027398127301,0.005
5,292,2293,0.013752953243741796,0.013752953243741796,0.8166608829392629,0.005
5,293,2294,0.013066059242912802,0.013066059242912802,0.8127670130879543,0.005
5,294,2295,0.012806098346527368,0.012806098346527368,0.8111305889522542,0.005
5,295,2296,0.01635412056374916,0.01635412056374916,0.8135678171413514,0.005
5,296,2297,0.012282882958374255,0.012282882958374255,0.8195738166136497,0.005
5,297,2298,0.012213522059548735,0.012213522059548735,0.8138894678172469,0.005
5,298,2299,0.011090899355455316,0.011090899355455316,0.8144896004332833,0.005
5,299,2300,0.01475155011243259,0.01475155011243259,0.8167399405799733,0.005
5,300,2301,0.012379036815107679,0.012379036815107679,0.8161321738402367,0.005
5,301,2302,0.01127796149025118,0.01127796149025118,0.813549764083551,0.005
5,302,2303,0.011712447497448514,0.011712447497448514,0.812119881567466,0.005
5,303,2304,0.017923707385957437,0.017923707385957437,0.8172429331069553,0.005
5,304,2305,0.016657794072321312,0.016657794072321312,0.813647450495171,0.005
5,305,2306,0.01699726183376888,0.01699726183376888,0.812668106846598,0.005
5,306,2307,0.011092327664861096,0.011092327664861096,0.8128917782736953,0.005
5,307,2308,0.01082417687883587,0.01082417687883587,0.8114521689183186,0.005
5,308,2309,0.016951705032678552,0.016951705032678552,0.8158474476753637,0.005
5,309,2310,0.01089628940264064,0.01089628940264064,0.8104286277583898,0.005
5,310,2311,0.012297245510660443,0.012297245510660443,0.8164555139649116,0.005
5,311,2312,0.011072152777655036,0.011072152777655036,0.8107270282694783,0.005
5,312,2313,0.010994966406377416,0.010994966406377416,0.8157617799102508,0.005
5,313,2314,0.014616754294615323,0.014616754294615323,0.8168985495548358,0.005
5,314,2315,0.011706558209358807,0.011706558209358807,0.8148287962594813,0.005
5,315,2316,0.012622781523385241,0.012622781523385241,0.8164535237663629,0.005
5,316,2317,0.010895508457300269,0.010895508457300269,0.808839762817013,0.005
5,317,2318,0.01107613188417164,0.01107613188417164,0.8108767412884014,0.005
5,318,2319,0.010776021196034172,0.010776021196034172,0.811262024599419,0.005
5,319,2320,0.01221806306086623,0.01221806306086623,0.8155391446229837,0.005
5,320,2321,0.012808869376956756,0.012808869376956756,0.8050857561627927,0.005
5,321,2322,0.013344608226555794,0.013344608226555794,0.8135867068139898,0.005
5,322,2323,0.012070617450858617,0.012070617450858617,0.8060087579396651,0.005
5,323,2324,0.011665457344553345,0.011665457344553345,0.8095316324732498,0.005
5,324,2325,0.01299941956474506,0.01299941956474506,0.810575659694527,0.005
5,325,2326,0.009780725204825456,0.009780725204825456,0.8106165072920836,0.005
5,326,2327,0.013342598804189974,0.013342598804189974,0.8128023700122716,0.005
5,327,2328,0.01607580507087049,0.01607580507087049,0.8082915875672135,0.005
5,328,2329,0.010450710859582319,0.010450710859582319,0.8149296422337864,0.005
5,329,2330,0.013175177843143964,0.013175177843143964,0.8188933376359137,0.005
5,330,2331,0.012827878127116532,0.012827878127116532,0.8163163359840881,0.005
5,331,2332,0.012844371383133248,0.012844371383133248,0.8133348364208807,0.005
5,332,2333,0.014192101431638989,0.014192101431638989,0.8172416621903807,0.005
5,333,2334,0.010667926452817509,0.010667926452817509,0.8160721348245102,0.005
5,334,2335,0.01109096529440521,0.01109096529440521,0.8156092468027645,0.005
5,335,2336,0.01318340067313617,0.01318340067313617,0.8152992678620575,0.005
5,336,2337,0.012792376686945519,0.012792376686945519,0.8112911867290495,0.005
5,337,2338,0.010916620189146561,0.010916620189146561,0.8139686256492056,0.005
5,338,2339,0.011433881536681265,0.011433881536681265,0.8109574066382371,0.005
5,339,2340,0.01174574782037757,0.01174574782037757,0.8115772605966753,0.005
5,340,2341,0.011693966531731692,0.011693966531731692,0.8107268194752187,0.005
5,341,2342,0.014708507269545402,0.014708507269545402,0.8099043883052041,0.005
5,342,2343,0.013479242588819556,0.013479242588819556,0.8104053001553435,0.005
5,343,2344,0.011539187263498556,0.011539187263498556,0.8102175072400336,0.005
5,344,2345,0.010258707043966826,0.010258707043966826,0.8106025216735941,0.005
5,345,2346,0.01150300262791042,0.01150300262791042,0.8072214773125523,0.005
5,346,2347,0.01204556385113918,0.01204556385113918,0.8140063017823266,0.005
5,347,2348,0.009528623231497026,0.009528623231497026,0.8109481596320665,0.005
5,348,2349,0.012611279679837478,0.012611279679837478,0.811613608555032,0.005
5,349,2350,0.01207424589819642,0.01207424589819642,0.8131043467053669,0.005
5,350,2351,0.010074423091856712,0.010074423091856712,0.8098708237272122,0.005
5,351,2352,0.009978698543071285,0.009978698543071285,0.8074106601049998,0.005
5,352,2353,0.013384269875878051,0.013384269875878051,0.8072737242330504,0.005
5,353,2354,0.010143945929166159,0.010143945929166159,0.809381601024493,0.005
5,354,2355,0.010566601650637698,0.010566601650637698,0.8091310502086562,0.005
5,355,2356,0.010039527776033973,0.010039527776033973,0.8084637066663288,0.005
5,356,2357,0.011280561175174677,0.011280561175174677,0.8107253080279465,0.005
5,357,2358,0.011531211945704636,0.011531211945704636,0.812198043441884,0.005
5,358,2359,0.010867812087175431,0.010867812087175431,0.8138368792029292,0.005
5,359,2360,0.010340082655691855,0.010340082655691855,0.8151332798610904,0.005
5,360,2361,0.011915507711120946,0.011915507711120946,0.8108722237446091,0.005
5,361,2362,0.01200417930979669,0.01200417930979669,0.8133959768666124,0.005
5,362,2363,0.01076385611181517,0.01076385611181517,0.8137097027349174,0.005
5,363,2364,0.011379077558210372,0.011379077558210372,0.8116601087937886,0.005
5,364,2365,0.011784269804863717,0.011784269804863717,0.8133923559430242,0.005
5,365,2366,0.01097543048699924,0.01097543048699924,0.8114592967248752,0.005
5,366,2367,0.01498815784593328,0.01498815784593328,0.8144102449688809,0.005
5,367,2368,0.011959788920719267,0.011959788920719267,0.8130649073255751,0.005
5,368,2369,0.009936618130581337,0.009936618130581337,0.8085589354590399,0.005
5,369,2370,0.011144086289639397,0.011144086289639397,0.808628052281485,0.005
5,370,2371,0.013036981240564165,0.013036981240564165,0.8155046079609892,0.005
5,371,2372,0.014896404226948153,0.014896404226948153,0.8126785448810071,0.005
5,372,2373,0.010270153165095242,0.010270153165095242,0.8133327877489498,0.005
5,373,2374,0.01121789421181385,0.01121789421181385,0.8123753667449473,0.005
5,374,2375,0.010632541522686879,0.010632541522686879,0.8118015188128468,0.005
5,375,2376,0.01122754469884716,0.01122754469884716,0.8087756406180329,0.005
5,376,2377,0.011845254529384619,0.011845254529384619,0.8133480250450488,0.005
5,377,2378,0.011091260271306677,0.011091260271306677,0.8125589361041592,0.005
5,378,2379,0.011594190137591161,0.011594190137591161,0.8115894212699251,0.005
5,379,2380,0.010151294893926703,0.010151294893926703,0.8070596964116296,0.005
5,380,2381,0.011601069902780104,0.011601069902780104,0.8121053140270318,0.005
5,381,2382,0.011781822992575654,0.011781822992575654,0.8106510130562682,0.005
5,382,2383,0.01226327285034335,0.01226327285034335,0.8127199263446543,0.005
5,383,2384,0.012098965288462379,0.012098965288462379,0.812916008171122,0.005
5,384,2385,0.011704176844069672,0.011704176844069672,0.811453427630552,0.005
5,385,2386,0.013727150318887542,0.013727150318887542,0.8112466030679687,0.005
5,386,2387,0.01250193401198025,0.01250193401198025,0.8116169838792363,0.005
5,387,2388,0.010739942359572886,0.010739942359572886,0.811727193636921,0.005
5,388,2389,0.019577484720040072,0.019577484720040072,0.8166513662467267,0.005
5,389,2390,0.009552078951280997,0.009552078951280997,0.8087072532189378,0.005
5,390,2391,0.011225459837333404,0.011225459837333404,0.8142102712731575,0.005
5,391,2392,0.009823094784384255,0.009823094784384255,0.8149492933008308,0.005
5,392,2393,0.010027206313355921,0.010027206313355921,0.8133895117009395,0.005
5,393,2394,0.011992804348407651,0.011992804348407651,0.8137743972339418,0.005
5,394,2395,0.010336774344101084,0.010336774344101084,0.813736707725724,0.005
5,395,2396,0.010502654108283478,0.010502654108283478,0.810276301225517,0.005
5,396,2397,0.010072244620982588,0.010072244620982588,0.8107050059632633,0.005
5,397,2398,0.012511137027482497,0.012511137027482497,0.8114917065106911,0.005
5,398,2399,0.010706179559111507,0.010706179559111507,0.8110955643161675,0.005
5,399,2400,0.013183309152741686,0.013183309152741686,0.8122294626579613,0.005
5,400,2401,0.012905522870285221,0.012905522870285221,0.8089408258968147,0.005
5,401,2402,0.01032953280178521,0.01032953280178521,0.8074515207921422,0.005
5,402,2403,0.010163004744576199,0.010163004744576199,0.808280226765802,0.005
5,403,2404,0.008936764210400657,0.008936764210400657,0.8083196050515234,0.005
5,404,2405,0.010122167393784718,0.010122167393784718,0.8046472834982549,0.005
5,405,2406,0.010058883895943508,0.010058883895943508,0.8093971659263164,0.005
5,406,2407,0.009654820381911886,0.009654820381911886,0.8104719756861509,0.005
5,407,2408,0.010276548713093733,0.010276548713093733,0.8098708694260528,0.005
5,408,2409,0.012961060698791242,0.012961060698791242,0.8079194821494315,0.005
5,409,2410,0.01042340725012476,0.01042340725012476,0.8084658229082934,0.005
5,410,2411,0.009923963129647459,0.009923963129647459,0.8092112257152785,0.005
5,411,2412,0.009880559000867536,0.009880559000867536,0.8122898862087485,0.005
5,412,2413,0.010922620596602104,0.010922620596602104,0.8100216580862282,0.005
5,413,2414,0.00919786811432671,0.00919786811432671,0.8086830867269936,0.005
5,414,2415,0.009718894330393989,0.009718894330393989,0.8098155906986371,0.005
5,415,2416,0.012612093533060868,0.012612093533060868,0.8139379041061142,0.005
5,416,2417,0.00926143281701753,0.00926143281701753,0.8135722999670517,0.005
5,417,2418,0.00886433214805933,0.00886433214805933,0.8084628654015417,0.005
5,418,2419,0.011709115063507861,0.011709115063507861,0.8129170729970966,0.005
5,419,2420,0.014608484672787834,0.014608484672787834,0.8142916767540223,0.005
5,420,2421,0.010769914168879183,0.010769914168879183,0.8096158909191045,0.005
5,421,2422,0.012661705956458054,0.012661705956458054,0.8106615529169029,0.005
5,422,2423,0.01000256470865552,0.01000256470865552,0.8129717521560597,0.005
5,423,2424,0.015819204175241727,0.015819204175241727,0.8110830424608979,0.005
5,424,2425,0.010667413897362326,0.010667413897362326,0.8110268041273325,0.005
5,425,2426,0.009332352370050966,0.009332352370050966,0.8104710788861839,0.005
5,426,2427,0.009546002114386776,0.009546002114386776,0.8113496092332618,0.005
5,427,2428,0.013940665761443857,0.013940665761443857,0.8089743168495994,0.005
5,428,2429,0.012494888828135292,0.012494888828135292,0.8080590707816616,0.005
5,429,2430,0.01003111532219925,0.01003111532219925,0.8118688724121484,0.005
5,430,2431,0.011692790471887642,0.011692790471887642,0.8129897751549027,0.005
5,431,2432,0.011037868963997652,0.011037868963997652,0.8091455936547718,0.005
5,432,2433,0.011453850763246471,0.011453850763246471,0.8095875766826867,0.005
5,433,2434,0.01182205145693842,0.01182205145693842,0.8117059058215308,0.005
5,434,2435,0.009898661233156199,0.009898661233156199,0.8142626180224997,0.005
5,435,2436,0.010094205092787256,0.010094205092787256,0.8096148678310231,0.005
5,436,2437,0.01134985380918122,0.01134985380918122,0.8155511274020892,0.005
5,437,2438,0.010142406939064715,0.010142406939064715,0.8095887446029885,0.005
5,438,2439,0.010014031611297113,0.010014031611297113,0.8112550222286637,0.005
5,439,2440,0.0117445171326023,0.0117445171326023,0.8133490644488233,0.005
5,440,2441,0.009492625495635516,0.009492625495635516,0.8105742808539241,0.005
5,441,2442,0.009890761794338034,0.009890761794338034,0.8089501409990532,0.005
5,442,2443,0.009173640000662921,0.009173640000662921,0.8102702687332621,0.005
5,443,2444,0.011464982590703797,0.011464982590703797,0.8086698732292165,0.005
5,444,2445,0.010062514718582454,0.010062514718582454,0.8105387128439426,0.005
5,445,2446,0.013300750922266381,0.013300750922266381,0.8129252870774073,0.005
5,446,2447,0.008731612515954947,0.008731612515954947,0.8069812431195806,0.005
5,447,2448,0.00992224813792211,0.00992224813792211,0.810380288883094,0.005
5,448,2449,0.011180989325346486,0.011180989325346486,0.8035870305983449,0.005
5,449,2450,0.010365030291308317,0.010365030291308317,0.8068629883548816,0.005
5,450,2451,0.010959876681842194,0.010959876681842194,0.8107521149611211,0.005
5,451,2452,0.009917082509317268,0.009917082509317268,0.8123225624881614,0.005
5,452,2453,0.013550430464482878,0.013550430464482878,0.810092078959575,0.005
5,453,2454,0.009389952607814759,0.009389952607814759,0.8093789757939743,0.005
5,454,2455,0.010203493980231168,0.010203493980231168,0.810410417486125,0.005
5,455,2456,0.010785669333290457,0.010785669333290457,0.8083753397984307,0.005
5,456,2457,0.009929269616369168,0.009929269616369168,0.8120868477780872,0.005
5,457,2458,0.012204243126869956,0.012204243126869956,0.8114769840211944,0.005
5,458,2459,0.009385269435562924,0.009385269435562924,0.8122508549737925,0.005
5,459,2460,0.014169214429787205,0.014169214429787205,0.8090066080149295,0.005
5,460,2461,0.01123922411764446,0.01123922411764446,0.8093100236526274,0.005
5,461,2462,0.010290549284407403,0.010290549284407403,0.809593271022928,0.005
5,462,2463,0.01100122326214218,0.01100122326214218,0.8137960436941267,0.005
5,463,2464,0.0097215920499228,0.0097215920499228,0.8103756806227538,0.005
5,464,2465,0.012281920446651648,0.012281920446651648,0.8126587385525668,0.005
5,465,2466,0.011099485984193917,0.011099485984193917,0.8117688505316232,0.005
5,466,2467,0.011234903837102322,0.011234903837102322,0.8110124293982084,0.005
5,467,2468,0.010031803097740424,0.010031803097740424,0.8170767855651773,0.005
5,468,2469,0.011831579074245178,0.011831579074245178,0.8141061619159123,0.005
5,469,2470,0.01043215331486365,0.01043215331486365,0.8082250713670228,0.005
5,470,2471,0.00933898928444435,0.00933898928444435,0.810759718586324,0.005
5,471,2472,0.012839720205670205,0.012839720205670205,0.8139921500838105,0.005
5,472,2473,0.010080292753078174,0.010080292753078174,0.8086658465053593,0.005
5,473,2474,0.010339455173725701,0.010339455173725701,0.8021030534053475,0.005
5,474,2475,0.010239792348483113,0.010239792348483113,0.805584616836975,0.005
5,475,2476,0.011000752280270863,0.011000752280270863,0.8100021358238529,0.005
5,476,2477,0.012544583835307424,0.012544583835307424,0.807823563786366,0.005
5,477,2478,0.01292398238815749,0.01292398238815749,0.8055582001048909,0.005
5,478,2479,0.01137010174720027,0.01137010174720027,0.8110890587457844,0.005
5,479,2480,0.010273169249160947,0.010273169249160947,0.8100665105426628,0.005
5,480,2481,0.01026335690123813,0.01026335690123813,0.8096744339301226,0.005
5,481,2482,0.010188524684915146,0.010188524684915146,0.8154519481042156,0.005
5,482,2483,0.010466058432091018,0.010466058432091018,0.814016449503754,0.005
5,483,2484,0.011439204975064805,0.011439204975064805,0.8106431409811873,0.005
5,484,2485,0.01042169514401766,0.01042169514401766,0.8143153087805438,0.005
5,485,2486,0.009420844130343239,0.009420844130343239,0.8133213391047562,0.005
5,486,2487,0.01101120400907723,0.01101120400907723,0.8112655894195406,0.005
5,487,2488,0.010317573941443524,0.010317573941443524,0.8101394179083898,0.005
5,488,2489,0.010237897773202212,0.010237897773202212,0.8125343930128649,0.005
5,489,2490,0.009013802186857782,0.009013802186857782,0.8130117225243111,0.005
5,490,2491,0.01192300183180894,0.01192300183180894,0.8109976093769948,0.005
5,491,2492,0.00907045219199763,0.00907045219199763,0.8089888344431256,0.005
5,492,2493,0.012882631483782176,0.012882631483782176,0.8108860711619448,0.005
5,493,2494,0.009401054932730905,0.009401054932730905,0.8078612670347457,0.005
5,494,2495,0.013035075637638829,0.013035075637638829,0.8062663509665345,0.005
5,495,2496,0.011782859661966027,0.011782859661966027,0.8061591665515152,0.005
5,496,2497,0.010062346740862626,0.010062346740862626,0.8076763534048936,0.005
5,497,2498,0.01139694470757716,0.01139694470757716,0.8083374164742518,0.005
5,498,2499,0.009982483928778634,0.009982483928778634,0.8128797633846364,0.005
5,499,2500,0.010246292949057116,0.010246292949057116,0.8073940689412828,0.005
5,500,2501,0.009769932670100664,0.009769932670100664,0.8101788670900161,0.005
5,501,2502,0.010881594708188634,0.010881594708188634,0.8098320709495067,0.005
5,502,2503,0.01071767118123195,0.01071767118123195,0.8092306591742207,0.005
5,503,2504,0.01140136933971848,0.01140136933971848,0.8069948200577022,0.005
5,504,2505,0.010368623124025412,0.010368623124025412,0.8061327921251382,0.005
5,505,2506,0.009261581264093906,0.009261581264093906,0.8073149039233506,0.005
5,506,2507,0.010290630725922522,0.010290630725922522,0.8119742120158904,0.005
5,507,2508,0.010176873541360786,0.010176873541360786,0.8123779721029539,0.005
5,508,2509,0.010556065159667512,0.010556065159667512,0.8104380598463637,0.005
5,509,2510,0.009893738082075589,0.009893738082075589,0.8091619513249548,0.005
5,510,2511,0.01105874076345601,0.01105874076345601,0.8119041423548649,0.005
5,511,2512,0.009715243014274871,0.009715243014274871,0.8149121981488842,0.005
5,512,2513,0.012768404098403623,0.012768404098403623,0.8117748336919115,0.005
5,513,2514,0.009159350836744271,0.009159350836744271,0.812994880223602,0.005
5,514,2515,0.00944183447157291,0.00944183447157291,0.8109398932909799,0.005
5,515,2516,0.010492835580996219,0.010492835580996219,0.8105501021019824,0.005
5,516,2517,0.010870938436003444,0.010870938436003444,0.8100365596453762,0.005
5,517,2518,0.009822058761587567,0.009822058761587567,0.8084043006388689,0.005
5,518,2519,0.00898510328935392,0.00898510328935392,0.8123989938810718,0.005
5,519,2520,0.009220300881359252,0.009220300881359252,0.8096242998913856,0.005
5,520,2521,0.009158394306826178,0.009158394306826178,0.8102597739157087,0.005
5,521,2522,0.012098108279263702,0.012098108279263702,0.8125795378538093,0.005
5,522,2523,0.011420958817295698,0.011420958817295698,0.8068780396324968,0.005
5,523,2524,0.011310766680469611,0.011310766680469611,0.8084329774636223,0.005
5,524,2525,0.010032826963199034,0.010032826963199034,0.8088848444203743,0.005
5,525,2526,0.009337285643727225,0.009337285643727225,0.8157446050083114,0.005
5,526,2527,0.011068775588535005,0.011068775588535005,0.8084296835836402,0.005
5,527,2528,0.011946467661906626,0.011946467661906626,0.8089960183807751,0.005
5,528,2529,0.009546281524394946,0.009546281524394946,0.8109016690618074,0.005
5,529,2530,0.0112820055132208,0.0112820055132208,0.8070589210654677,0.005
5,530,2531,0.009661342302371409,0.009661342302371409,0.806726926260035,0.005
5,531,2532,0.010199324724669634,0.010199324724669634,0.8101104285623479,0.005
5,532,2533,0.00946708620074497,0.00946708620074497,0.8090160242516286,0.005
5,533,2534,0.009411106786431646,0.009411106786431646,0.8135638551419697,0.005
5,534,2535,0.010323417754688077,0.010323417754688077,0.8092090038804954,0.005
5,535,2536,0.010773626989510916,0.010773626989510916,0.8071039374356413,0.005
5,536,2537,0.012197772956051133,0.012197772956051133,0.813915711465236,0.005
5,537,2538,0.012153956070234258,0.012153956070234258,0.8082417564141968,0.005
5,538,2539,0.011865797731736459,0.011865797731736459,0.8077257262834903,0.005
5,539,2540,0.009541833147753954,0.009541833147753954,0.8110277048861555,0.005
5,540,2541,0.010067241389763056,0.010067241389763056,0.809702496001908,0.005
5,541,2542,0.010029533382994803,0.010029533382994803,0.8082079121829551,0.005
5,542,2543,0.011931528726726441,0.011931528726726441,0.8104812019733844,0.005
5,543,2544,0.010969586958901247,0.010969586958901247,0.8091524170450292,0.005
5,544,2545,0.011615412247739175,0.011615412247739175,0.8098722847767805,0.005
5,545,2546,0.009869053561619679,0.009869053561619679,0.8127240377404511,0.005
5,546,2547,0.009076594007659132,0.009076594007659132,0.8145253761465937,0.005
5,547,2548,0.008779471848648208,0.008779471848648208,0.8094898314252652,0.005
5,548,2549,0.009340896936088099,0.009340896936088099,0.8112684292629341,0.005
5,549,2550,0.013941977453978311,0.013941977453978311,0.8102274795857817,0.005
5,550,2551,0.009877564820897149,0.009877564820897149,0.813353310533371,0.005
5,551,2552,0.010530386246806633,0.010530386246806633,0.8093690854973485,0.005
5,552,2553,0.01145699110977469,0.01145699110977469,0.8093327853814898,0.005
5,553,2554,0.009201583576393856,0.009201583576393856,0.8095176597307038,0.005
5,554,2555,0.010220560439460031,0.010220560439460031,0.8109588682069961,0.005
5,555,2556,0.009107873840940195,0.009107873840940195,0.8097083367869762,0.005
5,556,2557,0.009551794616440668,0.009551794616440668,0.8130182072876881,0.005
5,557,2558,0.009723371808676377,0.009723371808676377,0.8104961582875978,0.005
5,558,2559,0.01003782427228647,0.01003782427228647,0.8088050604047361,0.005
5,559,2560,0.012494361228715545,0.012494361228715545,0.8076351552106764,0.005
5,560,2561,0.011763029993196786,0.011763029993196786,0.8151067914175513,0.005
5,561,2562,0.011911096758160399,0.011911096758160399,0.8071817194291525,0.005
5,562,2563,0.009608782328070425,0.009608782328070425,0.8105517521903739,0.005
5,563,2564,0.009165802924833759,0.009165802924833759,0.8115410607406855,0.005
5,564,2565,0.012440606082611048,0.012440606082611048,0.8094546550432881,0.005
5,565,2566,0.009636084476358546,0.009636084476358546,0.8103552336046124,0.005
5,566,2567,0.009832338987088338,0.009832338987088338,0.8133061494441525,0.005
5,567,2568,0.01017820487469774,0.01017820487469774,0.8127241835714667,0.005
5,568,2569,0.01010231666562529,0.01010231666562529,0.8063259637208907,0.005
5,569,2570,0.009631811684821249,0.009631811684821249,0.8110449968861646,0.005
5,570,2571,0.009539719103093001,0.009539719103093001,0.814821415137759,0.005
5,571,2572,0.00961938159001734,0.00961938159001734,0.8076545860171394,0.005
5,572,2573,0.014284272086251427,0.014284272086251427,0.8084593104666452,0.005
5,573,2574,0.011208316998275484,0.011208316998275484,0.8051480327999475,0.005
5,574,2575,0.011386368247813096,0.011386368247813096,0.8076473006874031,0.005
5,575,2576,0.009747824655673178,0.009747824655673178,0.8082070626627317,0.005
5,576,2577,0.009283491640675542,0.009283491640675542,0.8063074496018628,0.005
5,577,2578,0.010622914992609428,0.010622914992609428,0.8100586642125506,0.005
5,578,2579,0.010737570068239501,0.010737570068239501,0.8104427548355818,0.005
5,579,2580,0.009935992287311846,0.009935992287311846,0.812365457674441,0.005
5,580,2581,0.00924044811108553,0.00924044811108553,0.8113068304031763,0.005
5,581,2582,0.012243134573801138,0.012243134573801138,0.8118854045468857,0.005
5,582,2583,0.011282741441792393,0.011282741441792393,0.8081224751575706,0.005
5,583,2584,0.011576655442998823,0.011576655442998823,0.8078041029937969,0.005
5,584,2585,0.009970534443071617,0.009970534443071617,0.8128325179478937,0.005
5,585,2586,0.01062112635130747,0.01062112635130747,0.8154812444070385,0.005
5,586,2587,0.009701889271260398,0.009701889271260398,0.8119815130260395,0.005
5,587,2588,0.00969003313670808,0.00969003313670808,0.817177419243449,0.005
5,588,2589,0.009860534093440797,0.009860534093440797,0.8070827234800639,0.005
5,589,2590,0.009909271721974035,0.009909271721974035,0.8105246764176641,0.005
5,590,2591,0.013170530672741581,0.013170530672741581,0.8116041788741296,0.005
5,591,2592,0.011555866704835046,0.011555866704835046,0.8077527753285766,0.005
5,592,2593,0.009664977478476201,0.009664977478476201,0.8090939647593193,0.005
5,593,2594,0.00915130816237551,0.00915130816237551,0.8116986803256447,0.005
5,594,2595,0.008756091177280321,0.008756091177280321,0.8090465986749078,0.005
5,595,2596,0.010113867133215784,0.010113867133215784,0.8067830162056749,0.005
5,596,2597,0.010212764002822134,0.010212764002822134,0.8105687082723311,0.005
5,597,2598,0.009856911661057427,0.009856911661057427,0.8065788465970551,0.005
5,598,2599,0.013999698407917146,0.013999698407917146,0.8118348069856797,0.005
5,599,2600,0.010200649227481973,0.010200649227481973,0.8100811729675732,0.005
5,600,2601,0.009588002380177997,0.009588002380177997,0.8113181425316344,0.005
5,601,2602,0.012961637359461263,0.012961637359461263,0.8145161613826739,0.005
5,602,2603,0.010517737707523818,0.010517737707523818,0.8096542802064122,0.005
5,603,2604,0.010415965076709634,0.010415965076709634,0.8091373239561948,0.005
5,604,2605,0.009469693347281167,0.009469693347281167,0.8082084089592264,0.005
5,605,2606,0.011210850398390714,0.011210850398390714,0.8098631356626249,0.005
5,606,2607,0.013450279227259032,0.013450279227259032,0.8134794516378173,0.005
5,607,2608,0.010477284457039757,0.010477284457039757,0.807438430965027,0.005
5,608,2609,0.009872182413477716,0.009872182413477716,0.8124773209467782,0.005
5,609,2610,0.009736530921911377,0.009736530921911377,0.8129635466411714,0.005
5,610,2611,0.01023518882983396,0.01023518882983396,0.8121889550901561,0.005
5,611,2612,0.01089580325939654,0.01089580325939654,0.8132596547097665,0.005
5,612,2613,0.00974731224208657,0.00974731224208657,0.8080392044717617,0.005
5,613,2614,0.010606626557240866,0.010606626557240866,0.8093493566352964,0.005
5,614,2615,0.010892452453435609,0.010892452453435609,0.8097192865057365,0.005
5,615,2616,0.01038881609502636,0.01038881609502636,0.8108650029704902,0.005
5,616,2617,0.010848844661507023,0.010848844661507023,0.8052940365512765,0.005
5,617,2618,0.00862442125937881,0.00862442125937881,0.8082093531290417,0.005
5,618,2619,0.009503905479000069,0.009503905479000069,0.8126706802370706,0.005
5,619,2620,0.009122364888500932,0.009122364888500932,0.8072500328605604,0.005
5,620,2621,0.009877976418518258,0.009877976418518258,0.8086833134256622,0.005
5,621,2622,0.00996928133341138,0.00996928133341138,0.8070973089189029,0.005
5,622,2623,0.010903241365366488,0.010903241365366488,0.8130572299241466,0.005
5,623,2624,0.014168319853015957,0.014168319853015957,0.8142929761411615,0.005
5,624,2625,0.016235533221682037,0.016235533221682037,0.8092792961435645,0.005
5,625,2626,0.010784045378914617,0.010784045378914617,0.8102110317249995,0.005
5,626,2627,0.009459433153590373,0.009459433153590373,0.8133900051005795,0.005
5,627,2628,0.009780108749438991,0.009780108749438991,0.813168041143648,0.005
5,628,2629,0.010447094918910861,0.010447094918910861,0.8130427373518735,0.005
5,629,2630,0.010096603241851496,0.010096603241851496,0.8088483561508892,0.005
5,630,2631,0.008061043564300437,0.008061043564300437,0.8087454418650651,0.005
5,631,2632,0.010253796016770601,0.010253796016770601,0.8080878618015853,0.005
5,632,2633,0.009648054259953916,0.009648054259953916,0.8084394107313801,0.005
5,633,2634,0.010296811222341573,0.010296811222341573,0.8086278603917391,0.005
5,634,2635,0.009788246030270648,0.009788246030270648,0.8132089278624279,0.005
5,635,2636,0.011615612087893933,0.011615612087893933,0.8108885329041357,0.005
5,636,2637,0.01179813948725841,0.01179813948725841,0.8111026136733075,0.005
5,637,2638,0.01044325608447113,0.01044325608447113,0.8071969480619587,0.005
5,638,2639,0.009850462437284935,0.009850462437284935,0.8110306503265767,0.005
5,639,2640,0.009036181592300862,0.009036181592300862,0.8151160481039125,0.005
5,640,2641,0.00950270239687782,0.00950270239687782,0.807091528237017,0.005
5,641,2642,0.011926416970192054,0.011926416970192054,0.8066605868819018,0.005
5,642,2643,0.00945198539162588,0.00945198539162588,0.8116834537061585,0.005
5,643,2644,0.011549956748920266,0.011549956748920266,0.80900562298865,0.005
5,644,2645,0.011607949166867774,0.011607949166867774,0.808352053802032,0.005
5,645,2646,0.009546204321635724,0.009546204321635724,0.8131560197211366,0.005
5,646,2647,0.00946285781775727,0.00946285781775727,0.8116333061191094,0.005
5,647,2648,0.011260440279138466,0.011260440279138466,0.811376215388762,0.005
5,648,2649,0.012191044748653405,0.012191044748653405,0.8083999329266824,0.005
5,649,2650,0.011584654038324298,0.011584654038324298,0.8085863297224538,0.005
5,650,2651,0.011373382432163237,0.011373382432163237,0.8094332837228279,0.005
5,651,2652,0.009530194328327857,0.009530194328327857,0.8142451877382196,0.005
5,652,2653,0.010106874432025573,0.010106874432025573,0.8102327735100107,0.005
5,653,2654,0.010384143538998252,0.010384143538998252,0.8110856958686529,0.005
5,654,2655,0.009971122197523188,0.009971122197523188,0.804358990879243,0.005
5,655,2656,0.010440869430968513,0.010440869430968513,0.810074284983924,0.005
5,656,2657,0.00926366499228367,0.00926366499228367,0.8084416780652327,0.005
5,657,2658,0.011012736743796972,0.011012736743796972,0.8148765321533332,0.005
5,658,2659,0.009553307579930859,0.009553307579930859,0.8066260260724738,0.005
5,659,2660,0.00917040089730073,0.00917040089730073,0.8082455302512365,0.005
5,660,2661,0.012055098156561729,0.012055098156561729,0.807880000166742,0.005
5,661,2662,0.009458420968953586,0.009458420968953586,0.8139618733341912,0.005
5,662,2663,0.00930674596921615,0.00930674596921615,0.8070263390230191,0.005
5,663,2664,0.010227267458739562,0.010227267458739562,0.8072554595624889,0.005
5,664,2665,0.009298049617476378,0.009298049617476378,0.8063378793652575,0.005
5,665,2666,0.011968142577897602,0.011968142577897602,0.8104623816511732,0.005
5,666,2667,0.009554917834529473,0.009554917834529473,0.8083402172737484,0.005
5,667,2668,0.008976970974243083,0.008976970974243083,0.8100727007595315,0.005
5,668,2669,0.008767875353657126,0.008767875353657126,0.8103546252367535,0.005
5,669,2670,0.009239748246566057,0.009239748246566057,0.8159272331788792,0.005
5,670,2671,0.010792458628148899,0.010792458628148899,0.8139827634654117,0.005
5,671,2672,0.011268706446852593,0.011268706446852593,0.808817827891957,0.005
5,672,2673,0.011097892162439357,0.011097892162439357,0.8096878089662379,0.005
5,673,2674,0.008678996210763502,0.008678996210763502,0.8097856806203539,0.005
5,674,2675,0.010279830366547825,0.010279830366547825,0.8101712930832443,0.005
5,675,2676,0.010020203308151577,0.010020203308151577,0.8106727821515127,0.005
5,676,2677,0.010695373357188174,0.010695373357188174,0.8133325844230688,0.005
5,677,2678,0.011270097983063245,0.011270097983063245,0.8102978729955529,0.005
5,678,2679,0.009492126267877933,0.009492126267877933,0.8085750391459742,0.005
5,679,2680,0.009098789971482288,0.009098789971482288,0.8088903870873518,0.005
5,680,2681,0.009806743422467349,0.009806743422467349,0.8121246981022582,0.005
5,681,2682,0.010256754073341734,0.010256754073341734,0.8096764248744985,0.005
5,682,2683,0.009203663297736461,0.009203663297736461,0.8072437161957938,0.005
5,683,2684,0.009586089704812133,0.009586089704812133,0.8077870997080644,0.005
5,684,2685,0.008902840046433384,0.008902840046433384,0.8126333682881636,0.005
5,685,2686,0.010527785783937295,0.010527785783937295,0.8087580885876714,0.005
5,686,2687,0.009442003089251989,0.009442003089251989,0.8063582351805665,0.005
5,687,2688,0.009892541117553943,0.009892541117553943,0.8100643970848754,0.005
5,688,2689,0.010248788042899108,0.010248788042899108,0.8131384361588898,0.005
5,689,2690,0.009119551306835942,0.009119551306835942,0.8073854648108965,0.005
5,690,2691,0.011052297838649236,0.011052297838649236,0.810408021001253,0.005
5,691,2692,0.01336114467203186,0.01336114467203186,0.806837203102619,0.005
5,692,2693,0.011029858266043533,0.011029858266043533,0.8067639312510234,0.005
5,693,2694,0.012061502256876145,0.012061502256876145,0.8136001221357066,0.005
5,694,2695,0.013706523275856856,0.013706523275856856,0.8103167574999862,0.005
5,695,2696,0.009016941099615776,0.009016941099615776,0.8127066374571246,0.005
5,696,2697,0.009235522484855898,0.009235522484855898,0.8088809752083768,0.005
5,697,2698,0.00914762067975991,0.00914762067975991,0.8154259655208945,0.005
5,698,2699,0.009007164926326867,0.009007164926326867,0.8095629373019337,0.005
5,699,2700,0.008645840108642947,0.008645840108642947,0.8122093639845338,0.005
5,700,2701,0.00887883383049044,0.00887883383049044,0.811737753096341,0.005
5,701,2702,0.009963094611502311,0.009963094611502311,0.8107768078844605,0.005
5,702,2703,0.009620249045204175,0.009620249045204175,0.8080272568128207,0.005
5,703,2704,0.009803320484323197,0.009803320484323197,0.8068656179011497,0.005
5,704,2705,0.008733173985444872,0.008733173985444872,0.8090959360088128,0.005
5,705,2706,0.009266495305693824,0.009266495305693824,0.8066906404923153,0.005
5,706,2707,0.009687990048715164,0.009687990048715164,0.8073055214985038,0.005
5,707,2708,0.011696382486932246,0.011696382486932246,0.8085320741455723,0.005
5,708,2709,0.00886105106628076,0.00886105106628076,0.8121443596361873,0.005
5,709,2710,0.01018514832922537,0.01018514832922537,0.8129357168582985,0.005
5,710,2711,0.008799927431174501,0.008799927431174501,0.8119568410573189,0.005
5,711,2712,0.011907567800334536,0.011907567800334536,0.807509838150509,0.005
5,712,2713,0.009635201935059436,0.009635201935059436,0.8091611634639482,0.005
5,713,2714,0.009682078755818637,0.009682078755818637,0.8115375796710365,0.005
5,714,2715,0.009194703391534576,0.009194703391534576,0.8113485211289295,0.005
5,715,2716,0.009419397247930958,0.009419397247930958,0.8133607379726928,0.005
5,716,2717,0.011273560753152202,0.011273560753152202,0.8111922384161326,0.005
5,717,2718,0.010052941802938994,0.010052941802938994,0.8076947369951908,0.005
5,718,2719,0.011375337082441235,0.011375337082441235,0.8055002526271168,0.005
5,719,2720,0.010764208541881653,0.010764208541881653,0.8128341003030832,0.005
5,720,2721,0.010199909302618593,0.010199909302618593,0.8072631240705985,0.005
5,721,2722,0.009469287264402085,0.009469287264402085,0.8085091881453725,0.005
5,722,2723,0.008964115770579765,0.008964115770579765,0.8084950264618093,0.005
5,723,2724,0.010629672846575415,0.010629672846575415,0.8086719574733119,0.005
5,724,2725,0.011011414215678455,0.011011414215678455,0.8078768496400143,0.005
5,725,2726,0.01010694380454407,0.01010694380454407,0.8115992052656812,0.005
5,726,2727,0.01102696795063412,0.01102696795063412,0.8103670434059034,0.005
5,727,2728,0.00941897503664094,0.00941897503664094,0.8118967499047838,0.005
5,728,2729,0.009762382052298419,0.009762382052298419,0.8103988848591975,0.005
5,729,2730,0.009717601236835748,0.009717601236835748,0.8098795404019915,0.005
5,730,2731,0.009614899249030128,0.009614899249030128,0.8149161269621326,0.005
5,731,2732,0.009636806863221156,0.009636806863221156,0.8122307133991273,0.005
5,732,2733,0.01123647695253623,0.01123647695253623,0.8098380798540441,0.005
5,733,2734,0.009632070530949936,0.009632070530949936,0.8117178877783336,0.005
5,734,2735,0.010248177736491369,0.010248177736491369,0.8108426871180313,0.005
5,735,2736,0.011193010067671936,0.011193010067671936,0.8066361041490651,0.005
5,736,2737,0.009248079390500121,0.009248079390500121,0.8103458124641771,0.005
5,737,2738,0.010553732540605302,0.010553732540605302,0.8087359760105373,0.005
5,738,2739,0.009539980741839822,0.009539980741839822,0.8138416925482348,0.005
5,739,2740,0.010546176608614125,0.010546176608614125,0.8063839118034754,0.005
5,740,2741,0.008928679736202146,0.008928679736202146,0.8091263908400944,0.005
5,741,2742,0.008784618093785845,0.008784618093785845,0.8085343362321831,0.005
5,742,2743,0.009180550580154802,0.009180550580154802,0.8064237590754154,0.005
5,743,2744,0.008358166258110002,0.008358166258110002,0.809538182293722,0.005
5,744,2745,0.011682930625349591,0.011682930625349591,0.8063224741117265,0.005
5,745,2746,0.015945274798127077,0.015945274798127077,0.8096840644250022,0.005
5,746,2747,0.010917269302203447,0.010917269302203447,0.810748364003216,0.005
5,747,2748,0.011871545877794503,0.011871545877794503,0.8075631041130845,0.005
5,748,2749,0.011066493989512045,0.011066493989512045,0.8116213977438542,0.005
5,749,2750,0.010382697599642861,0.010382697599642861,0.8105131060210543,0.005
5,750,2751,0.00956605847251573,0.00956605847251573,0.8147590493893312,0.005
5,751,2752,0.01074206658219471,0.01074206658219471,0.8140157696482365,0.005
5,752,2753,0.009303912380306045,0.009303912380306045,0.8127759491978168,0.005
5,753,2754,0.009245454724016168,0.009245454724016168,0.8110600320350586,0.005
5,754,2755,0.011824713760620616,0.011824713760620616,0.810510013429718,0.005
5,755,2756,0.008666692028456028,0.008666692028456028,0.8129387488537697,0.005
5,756,2757,0.009107689251847958,0.009107689251847958,0.8100788114234662,0.005
5,757,2758,0.009774432748551937,0.009774432748551937,0.8122127795871807,0.005
5,758,2759,0.009164428633517517,0.009164428633517517,0.8088216912877224,0.005
5,759,2760,0.009452628069947731,0.009452628069947731,0.8085596696300286,0.005
5,760,2761,0.00932257681784317,0.00932257681784317,0.8047480176874607,0.005
5,761,2762,0.013068826567317142,0.013068826567317142,0.8040336031028401,0.005
5,762,2763,0.009893986270442603,0.009893986270442603,0.8099928193494738,0.005
5,763,2764,0.009424759260873302,0.009424759260873302,0.8082011465702333,0.005
5,764,2765,0.010586916095092788,0.010586916095092788,0.8102702777336583,0.005
5,765,2766,0.011949061572988091,0.011949061572988091,0.8124453299053918,0.005
5,766,2767,0.009225218580515067,0.009225218580515067,0.8073973597319979,0.005
5,767,2768,0.009448199473939165,0.009448199473939165,0.8098690840501853,0.005
5,768,2769,0.009546113597115663,0.009546113597115663,0.8090475406351092,0.005
5,769,2770,0.009390759740427131,0.009390759740427131,0.8117834822505484,0.005
5,770,2771,0.009603891269314036,0.009603891269314036,0.813402495494787,0.005
5,771,2772,0.009983516967628656,0.009983516967628656,0.8133317026691795,0.005
5,772,2773,0.011529473546057017,0.011529473546057017,0.8081071271122481,0.005
5,773,2774,0.010954468441209555,0.010954468441209555,0.8114019731761177,0.005
5,774,2775,0.009476817222286694,0.009476817222286694,0.8085919876077121,0.005
5,775,2776,0.01013077549184805,0.01013077549184805,0.8093059591505973,0.005
5,776,2777,0.009823703873912543,0.009823703873912543,0.8082703212999772,0.005
5,777,2778,0.011934985551233164,0.011934985551233164,0.8086742333093602,0.005
5,778,2779,0.010066161860654647,0.010066161860654647,0.8118033915705459,0.005
5,779,2780,0.00929888912532555,0.00929888912532555,0.8082984388228476,0.005
5,780,2781,0.009541819589013269,0.009541819589013269,0.812623285485144,0.005
5,781,2782,0.012243541356552465,0.012243541356552465,0.8112486896849709,0.005
5,782,2783,0.011192244103237785,0.011192244103237785,0.8148374067773674,0.005
5,783,2784,0.010577706052853332,0.010577706052853332,0.8132535962375539,0.005
5,784,2785,0.010123259531311553,0.010123259531311553,0.8137663057112677,0.005
5,785,2786,0.01089885454087169,0.01089885454087169,0.8068454609703721,0.005
5,786,2787,0.009379401162438019,0.009379401162438019,0.8083405104516468,0.005
5,787,2788,0.009521451128631783,0.009521451128631783,0.8121316477232265,0.005
5,788,2789,0.009697582908974035,0.009697582908974035,0.8046896830731995,0.005
5,789,2790,0.009232782816435569,0.009232782816435569,0.8084893741896827,0.005
5,790,2791,0.009347491129663333,0.009347491129663333,0.8049930354277944,0.005
5,791,2792,0.009223793352478474,0.009223793352478474,0.8088168325453701,0.005
5,792,2793,0.008760363979434789,0.008760363979434789,0.8108237083301644,0.005
5,793,2794,0.009801110473525583,0.009801110473525583,0.8078060341363117,0.005
5,794,2795,0.009138787701855696,0.009138787701855696,0.8105750084732835,0.005
5,795,2796,0.010951086410006805,0.010951086410006805,0.8062154423783313,0.005
5,796,2797,0.011146222983557953,0.011146222983557953,0.806385864110342,0.005
5,797,2798,0.011543345474666816,0.011543345474666816,0.811365990742055,0.005
5,798,2799,0.009791952425771196,0.009791952425771196,0.810822334161961,0.005
5,799,2800,0.009616856759611426,0.009616856759611426,0.8113264360280994,0.005
5,800,2801,0.009559231670570469,0.009559231670570469,0.8118063534042221,0.005
5,801,2802,0.010867647806091075,0.010867647806091075,0.8100270086768441,0.005
5,802,2803,0.008765075033101099,0.008765075033101099,0.8135503881359646,0.005
5,803,2804,0.008257322587920553,0.008257322587920553,0.8097942827004045,0.005
5,804,2805,0.00983037001612641,0.00983037001612641,0.8106397085305688,0.005
5,805,2806,0.009962001796417867,0.009962001796417867,0.8065489980977459,0.005
5,806,2807,0.011374484632270393,0.011374484632270393,0.805859216256647,0.005
5,807,2808,0.011222462406189838,0.011222462406189838,0.8102570178286255,0.005
5,808,2809,0.008432984992332755,0.008432984992332755,0.8093831411180638,0.005
5,809,2810,0.009881849277374607,0.009881849277374607,0.8080192250195792,0.005
5,810,2811,0.010550319957607537,0.010550319957607537,0.8066873974337329,0.005
5,811,2812,0.010037888854519172,0.010037888854519172,0.814600057583823,0.005
5,812,2813,0.009054635509614342,0.009054635509614342,0.8094870156912064,0.005
5,813,2814,0.010531746202061907,0.010531746202061907,0.812333936369684,0.005
5,814,2815,0.009733966935967935,0.009733966935967935,0.8062847429158916,0.005
5,815,2816,0.01114304470625076,0.01114304470625076,0.8117239291164641,0.005
5,816,2817,0.01144487731142714,0.01144487731142714,0.8098449732401524,0.005
5,817,2818,0.009878798209030116,0.009878798209030116,0.810907714548558,0.005
5,818,2819,0.01051637713821124,0.01051637713821124,0.8174430842366,0.005
5,819,2820,0.01115007430034209,0.01115007430034209,0.812844448630237,0.005
5,820,2821,0.010929599130515418,0.010929599130515418,0.816170974337087,0.005
5,821,2822,0.008995604469955423,0.008995604469955423,0.8064409017143702,0.005
5,822,2823,0.012355053552701523,0.012355053552701523,0.811331140497164,0.005
5,823,2824,0.009263176594395831,0.009263176594395831,0.8078667403793829,0.005
5,824,2825,0.014207505649965167,0.014207505649965167,0.8127036882324581,0.005
5,825,2826,0.010141594486406495,0.010141594486406495,0.81421579149262,0.005
5,826,2827,0.008890727275601019,0.008890727275601019,0.8136107289907394,0.005
5,827,2828,0.00959370936537617,0.00959370936537617,0.8095524885243378,0.005
5,828,2829,0.010655317752968949,0.010655317752968949,0.8114034362028603,0.005
5,829,2830,0.011073512588307058,0.011073512588307058,0.8107274744690212,0.005
5,830,2831,0.009095947110485572,0.009095947110485572,0.8127929349313268,0.005
5,831,2832,0.009173814591998656,0.009173814591998656,0.8104536571970241,0.005
5,832,2833,0.009438909573076523,0.009438909573076523,0.8085031146314534,0.005
5,833,2834,0.01155453703434741,0.01155453703434741,0.8093820799248006,0.005
5,834,2835,0.010525396570259665,0.010525396570259665,0.8066280220727322,0.005
5,835,2836,0.010110232049034724,0.010110232049034724,0.809677058271141,0.005
5,836,2837,0.009948496281013373,0.009948496281013373,0.8055915442333437,0.005
5,837,2838,0.01142618468540451,0.01142618468540451,0.806857636312318,0.005
5,838,2839,0.010159534821441031,0.010159534821441031,0.8086096651861828,0.005
5,839,2840,0.010807759516748453,0.010807759516748453,0.8070424962884396,0.005
5,840,2841,0.00928768362478344,0.00928768362478344,0.8087779893147863,0.005
5,841,2842,0.011206685067626038,0.011206685067626038,0.8056524546635042,0.005
5,842,2843,0.014913188072184667,0.014913188072184667,0.8078950564980087,0.005
5,843,2844,0.012357401808436289,0.012357401808436289,0.8104019589253518,0.005
5,844,2845,0.011415563782767,0.011415563782767,0.8159668956708558,0.005
5,845,2846,0.010146481734132379,0.010146481734132379,0.8090561862601737,0.005
5,846,2847,0.009622369876541439,0.009622369876541439,0.8111598528316749,0.005
5,847,2848,0.009417463666473128,0.009417463666473128,0.8139920449870406,0.005
5,848,2849,0.009970568101051026,0.009970568101051026,0.8134122266884523,0.005
5,849,2850,0.010548316915979945,0.010548316915979945,0.81555126519386,0.005
5,850,2851,0.014614700898072002,0.014614700898072002,0.8119913707734471,0.005
5,851,2852,0.013572547679694236,0.013572547679694236,0.8148527612371144,0.005
5,852,2853,0.01077945884944056,0.01077945884944056,0.8151458985521404,0.005
5,853,2854,0.012729145221343495,0.012729145221343495,0.8128923760991982,0.005
5,854,2855,0.009691546381759264,0.009691546381759264,0.8125592826809372,0.005
5,855,2856,0.009427966846327804,0.009427966846327804,0.8116447495987393,0.005
5,856,2857,0.011731267545939016,0.011731267545939016,0.8034000252198911,0.005
5,857,2858,0.010986105853229714,0.010986105853229714,0.8058052550339382,0.005
5,858,2859,0.00989069303469947,0.00989069303469947,0.8090192444633302,0.005
5,859,2860,0.0108285120829853,0.0108285120829853,0.810473477957246,0.005
5,860,2861,0.010273202476480184,0.010273202476480184,0.8074488324471679,0.005
5,861,2862,0.01000486954964129,0.01000486954964129,0.8088352475256587,0.005
5,862,2863,0.011624657036256467,0.011624657036256467,0.8082816191883836,0.005
5,863,2864,0.009984207723490459,0.009984207723490459,0.8096417070730244,0.005
5,864,2865,0.011737587407309073,0.011737587407309073,0.810012025734174,0.005
5,865,2866,0.009624299028375818,0.009624299028375818,0.8074498133114596,0.005
5,866,2867,0.01075960467633483,0.01075960467633483,0.8108820831130186,0.005
5,867,2868,0.012702636274960023,0.012702636274960023,0.8151463188173004,0.005
5,868,2869,0.01147043855498043,0.01147043855498043,0.8131455588939482,0.005
5,869,2870,0.009214224772947387,0.009214224772947387,0.8139129403568128,0.005
5,870,2871,0.010560471966808278,0.010560471966808278,0.8131931686549929,0.005
5,871,2872,0.0094049973795763,0.0094049973795763,0.8136808380958142,0.005
5,872,2873,0.011571858461408908,0.011571858461408908,0.8082532366719143,0.005
5,873,2874,0.010343315009807383,0.010343315009807383,0.8116513949127232,0.005
5,874,2875,0.009664485511732494,0.009664485511732494,0.808332137273354,0.005
5,875,2876,0.012635965797782084,0.012635965797782084,0.8110251629169246,0.005
5,876,2877,0.009814613832860829,0.009814613832860829,0.8097372798162867,0.005
5,877,2878,0.011607678686726328,0.011607678686726328,0.8121300513283457,0.005
5,878,2879,0.020760734657737825,0.020760734657737825,0.8089089697330425,0.005
5,879,2880,0.010973794765752859,0.010973794765752859,0.8115104089466977,0.005
5,880,2881,0.011077213629654413,0.011077213629654413,0.8080826109576718,0.005
5,881,2882,0.009680687304301223,0.009680687304301223,0.8099712040725567,0.005
5,882,2883,0.010193103221606749,0.010193103221606749,0.8095261760004906,0.005
5,883,2884,0.010711541834299787,0.010711541834299787,0.8133430788055045,0.005
5,884,2885,0.010570810841137271,0.010570810841137271,0.8121625278043176,0.005
5,885,2886,0.011126793684085562,0.011126793684085562,0.8132847773548654,0.005
5,886,2887,0.010257928321503195,0.010257928321503195,0.8096190329178347,0.005
5,887,2888,0.010239706291884428,0.010239706291884428,0.8077023736948059,0.005
5,888,2889,0.009877923583191419,0.009877923583191419,0.8123553028909297,0.005
5,889,2890,0.011052959657706484,0.011052959657706484,0.8111578640432482,0.005
5,890,2891,0.010932554577822651,0.010932554577822651,0.8072632626848268,0.005
5,891,2892,0.010446762659897395,0.010446762659897395,0.8100143973276134,0.005
5,892,2893,0.011234829799999749,0.011234829799999749,0.8122365085013703,0.005
5,893,2894,0.013837952131827211,0.013837952131827211,0.8110066262705743,0.005
5,894,2895,0.013801182214059377,0.013801182214059377,0.8144474241292458,0.005
5,895,2896,0.010105896326757456,0.010105896326757456,0.8110960998839729,0.005
5,896,2897,0.008992747591036084,0.008992747591036084,0.8133984963063314,0.005
5,897,2898,0.00991227423174122,0.00991227423174122,0.8076374741667629,0.005
5,898,2899,0.009663809317157716,0.009663809317157716,0.8117729740068943,0.005
5,899,2900,0.00887259604938859,0.00887259604938859,0.8086544128700577,0.005
5,900,2901,0.00950902223649654,0.00950902223649654,0.8084943750104371,0.005
5,901,2902,0.01130943870748673,0.01130943870748673,0.8121513028039318,0.005
5,902,2903,0.0090440206874377,0.0090440206874377,0.8095881717958595,0.005
5,903,2904,0.011141287800801685,0.011141287800801685,0.8112886651454353,0.005
5,904,2905,0.009943710434511123,0.009943710434511123,0.810320951461008,0.005
5,905,2906,0.010124005178605584,0.010124005178605584,0.8054528152056295,0.005
5,906,2907,0.010490873789193757,0.010490873789193757,0.8129336873809457,0.005
5,907,2908,0.010228856789608599,0.010228856789608599,0.8067053764337682,0.005
5,908,2909,0.010116276750719577,0.010116276750719577,0.8061209556648117,0.005
5,909,2910,0.011537474611251416,0.011537474611251416,0.8129854047082321,0.005
5,910,2911,0.01020181166498235,0.01020181166498235,0.8095063429715951,0.005
5,911,2912,0.01468654491801857,0.01468654491801857,0.8100373909386767,0.005
5,912,2913,0.009378943897780451,0.009378943897780451,0.8121655091584933,0.005
5,913,2914,0.009329939139367227,0.009329939139367227,0.8136542923608607,0.005
5,914,2915,0.010561886788835531,0.010561886788835531,0.8096934759291268,0.005
5,915,2916,0.009579521124152234,0.009579521124152234,0.8089045451726207,0.005
5,916,2917,0.008824654839771035,0.008824654839771035,0.810316301240957,0.005
5,917,2918,0.01180273506996591,0.01180273506996591,0.8093591899897136,0.005
5,918,2919,0.013065823851297476,0.013065823851297476,0.8112801215982083,0.005
5,919,2920,0.011982057951750462,0.011982057951750462,0.8110888267786462,0.005
5,920,2921,0.010158494757349153,0.010158494757349153,0.8103013787145963,0.005
5,921,2922,0.010016311441402859,0.010016311441402859,0.8144488573836516,0.005
5,922,2923,0.01029071110051118,0.01029071110051118,0.8132424948714676,0.005
5,923,2924,0.010197134585987136,0.010197134585987136,0.8102476604929905,0.005
5,924,2925,0.00995065860984846,0.00995065860984846,0.8122069468822185,0.005
5,925,2926,0.010553486101086602,0.010553486101086602,0.8066892301409303,0.005
5,926,2927,0.009311817627575176,0.009311817627575176,0.8088433281081764,0.005
5,927,2928,0.00930293938462115,0.00930293938462115,0.8093093749866551,0.005
5,928,2929,0.009744145276693667,0.009744145276693667,0.8129721158595612,0.005
5,929,2930,0.00937629303377405,0.00937629303377405,0.8150372267109469,0.005
5,930,2931,0.014469449725903753,0.014469449725903753,0.8189119128533412,0.005
5,931,2932,0.009111420338089746,0.009111420338089746,0.8081555300256579,0.005
5,932,2933,0.010531184222452101,0.010531184222452101,0.8080722279712023,0.005
5,933,2934,0.010781030835553491,0.010781030835553491,0.8087575041328908,0.005
5,934,2935,0.011939072938890115,0.011939072938890115,0.8073307930595335,0.005
5,935,2936,0.009660533718112943,0.009660533718112943,0.8095616561193678,0.005
5,936,2937,0.013288763835559759,0.013288763835559759,0.8098987154019913,0.005
5,937,2938,0.010934746297656863,0.010934746297656863,0.8102044755450805,0.005
5,938,2939,0.013333688583010005,0.013333688583010005,0.8082231387534324,0.005
5,939,2940,0.009540203430074364,0.009540203430074364,0.80799304711201,0.005
5,940,2941,0.009268307178859415,0.009268307178859415,0.804914869043734,0.005
5,941,2942,0.009216106059120278,0.009216106059120278,0.813331265909487,0.005
5,942,2943,0.012334107414554162,0.012334107414554162,0.8107378119097903,0.005
5,943,2944,0.009747857741674821,0.009747857741674821,0.8157787918886686,0.005
5,944,2945,0.00966870806216304,0.00966870806216304,0.8109992360395736,0.005
5,945,2946,0.01087518087814424,0.01087518087814424,0.8121208979787589,0.005
5,946,2947,0.010143730841182558,0.010143730841182558,0.8116105462703678,0.005
5,947,2948,0.012198413021283862,0.012198413021283862,0.8113639834931782,0.005
5,948,2949,0.009464409147501393,0.009464409147501393,0.81248583456562,0.005
5,949,2950,0.008963934525839812,0.008963934525839812,0.811148336361613,0.005
5,950,2951,0.010068425645722287,0.010068425645722287,0.8054466315660691,0.005
5,951,2952,0.012470591340209348,0.012470591340209348,0.8125640122757747,0.005
5,952,2953,0.010720083183793427,0.010720083183793427,0.8096793955744848,0.005
5,953,2954,0.010380445813380572,0.010380445813380572,0.8066488273930096,0.005
5,954,2955,0.011852034733705151,0.011852034733705151,0.8081726913615898,0.005
5,955,2956,0.009985231138964198,0.009985231138964198,0.8083057726159324,0.005
5,956,2957,0.012332178486225354,0.012332178486225354,0.8064311644805062,0.005
5,957,2958,0.00952463634727443,0.00952463634727443,0.8090641407268351,0.005
5,958,2959,0.010236005566739741,0.010236005566739741,0.8081227582332935,0.005
5,959,2960,0.010886074451492984,0.010886074451492984,0.8108897648349331,0.005
5,960,2961,0.010746925854980108,0.010746925854980108,0.8102119783664372,0.005
5,961,2962,0.009880712253646829,0.009880712253646829,0.8127023493655756,0.005
5,962,2963,0.009637556560118598,0.009637556560118598,0.8143484632657062,0.005
5,963,2964,0.00898407021724172,0.00898407021724172,0.812699970794005,0.005
5,964,2965,0.009040345864921822,0.009040345864921822,0.8098185744374792,0.005
5,965,2966,0.010136206786266738,0.010136206786266738,0.8088782070111935,0.005
5,966,2967,0.01060697003765049,0.01060697003765049,0.8137371394246707,0.005
5,967,2968,0.011462751647337045,0.011462751647337045,0.8100263282144625,0.005
5,968,2969,0.0087411874473367,0.0087411874473367,0.8084080323678362,0.005
5,969,2970,0.009725123165786245,0.009725123165786245,0.8113489757077936,0.005
5,970,2971,0.010584359519413344,0.010584359519413344,0.8116223124703857,0.005
5,971,2972,0.009875971555982755,0.009875971555982755,0.8080758013634842,0.005
5,972,2973,0.009624266808777798,0.009624266808777798,0.8115495103813015,0.005
5,973,2974,0.01024860944931192,0.01024860944931192,0.8090475600026666,0.005
5,974,2975,0.009931878404920902,0.009931878404920902,0.8073212882142589,0.005
5,975,2976,0.01065296410291358,0.01065296410291358,0.8041305638438516,0.005
5,976,2977,0.009523077038407969,0.009523077038407969,0.810184357851524,0.005
5,977,2978,0.011196269172989153,0.011196269172989153,0.8090041035818417,0.005
5,978,2979,0.010024767027421543,0.010024767027421543,0.807649041273833,0.005
5,979,2980,0.009572514383650777,0.009572514383650777,0.8093473326443624,0.005
5,980,2981,0.009253701174255932,0.009253701174255932,0.8073027270856082,0.005
5,981,2982,0.009286051971305099,0.009286051971305099,0.81135029512975,0.005
5,982,2983,0.012195117013341928,0.012195117013341928,0.812465116118114,0.005
5,983,2984,0.008596777960575905,0.008596777960575905,0.8078555762437702,0.005
5,984,2985,0.00935118378809387,0.00935118378809387,0.8071376466174339,0.005
5,985,2986,0.011354614616088218,0.011354614616088218,0.8088871318163384,0.005
5,986,2987,0.010564100227962333,0.010564100227962333,0.8099245232785905,0.005
5,987,2988,0.01041069084558586,0.01041069084558586,0.8124812342206084,0.005
5,988,2989,0.009826998857839268,0.009826998857839268,0.811369151175888,0.005
5,989,2990,0.012555971192656798,0.012555971192656798,0.8141995213204246,0.005
5,990,2991,0.009009133866907135,0.009009133866907135,0.8112368931447139,0.005
5,991,2992,0.010565897746580453,0.010565897746580453,0.8071566595654636,0.005
5,992,2993,0.010137984710701264,0.010137984710701264,0.8116776857941338,0.005
5,993,2994,0.012143619584016671,0.012143619584016671,0.8063918018613571,0.005
5,994,2995,0.009516090636061753,0.009516090636061753,0.8074473915951281,0.005
5,995,2996,0.011265103218680825,0.011265103218680825,0.8082110984424679,0.005
5,996,2997,0.009705575151387164,0.009705575151387164,0.8044277585418516,0.005
5,997,2998,0.012070127590113694,0.012070127590113694,0.8075630075498854,0.005
5,998,2999,0.009062335213102547,0.009062335213102547,0.8091334142804973,0.005
5,999,3000,0.011920306284013561,0.011920306284013561,0.8096826248119285,0.005
5,1000,3001,0.011056005954888943,0.011056005954888943,0.8155478269435091,0.005
5,1001,3002,0.010049130841687279,0.010049130841687279,0.8137361398980802,0.005
5,1002,3003,0.010703732627221758,0.010703732627221758,0.8125969187614055,0.005
5,1003,3004,0.009795864568296031,0.009795864568296031,0.8176059802659962,0.005
5,1004,3005,0.009956819663294727,0.009956819663294727,0.811929640411412,0.005
5,1005,3006,0.012671178435918473,0.012671178435918473,0.8134197571473674,0.005
5,1006,3007,0.012177334764319703,0.012177334764319703,0.8133405041946618,0.005
5,1007,3008,0.00987567167891747,0.00987567167891747,0.8069457052273483,0.005
5,1008,3009,0.011240833876801156,0.011240833876801156,0.8108793481828888,0.005
5,1009,3010,0.010061971781705991,0.010061971781705991,0.8133268306770266,0.005
5,1010,3011,0.010281444845997828,0.010281444845997828,0.8082347370223397,0.005
5,1011,3012,0.00936618821124095,0.00936618821124095,0.8081408666368358,0.005
5,1012,3013,0.010569237328493273,0.010569237328493273,0.8110666049504139,0.005
5,1013,3014,0.010882244721241897,0.010882244721241897,0.8116982387167725,0.005
5,1014,3015,0.011489422410925093,0.011489422410925093,0.8117668637681508,0.005
5,1015,3016,0.010335804674281655,0.010335804674281655,0.8090539067168101,0.005
5,1016,3017,0.010337233276588488,0.010337233276588488,0.8075363783028032,0.005
5,1017,3018,0.01064905494465912,0.01064905494465912,0.8061401833551229,0.005
5,1018,3019,0.00940510726630768,0.00940510726630768,0.8078434733738298,0.005
5,1019,3020,0.011834806771345357,0.011834806771345357,0.8074990319445597,0.005
5,1020,3021,0.011503571332869778,0.011503571332869778,0.8100470183014221,0.005
5,1021,3022,0.012649528637267985,0.012649528637267985,0.808411889951299,0.005
5,1022,3023,0.009652671313665557,0.009652671313665557,0.80909028079808,0.005
5,1023,3024,0.009692853911645486,0.009692853911645486,0.807733556774865,0.005
5,1024,3025,0.009107361559956464,0.009107361559956464,0.8137401212741734,0.005
5,1025,3026,0.009835090384517721,0.009835090384517721,0.8110812566227119,0.005
5,1026,3027,0.010972781060430394,0.010972781060430394,0.8121084180153665,0.005
5,1027,3028,0.01054372605835227,0.01054372605835227,0.8121271489638204,0.005
5,1028,3029,0.00986482854717975,0.00986482854717975,0.8136701856857894,0.005
5,1029,3030,0.010594706289371366,0.010594706289371366,0.8111962822825075,0.005
5,1030,3031,0.00942484846791033,0.00942484846791033,0.8145312421407962,0.005
5,1031,3032,0.008584815669195951,0.008584815669195951,0.8106283197146628,0.005
5,1032,3033,0.010516037355089738,0.010516037355089738,0.8104014290052887,0.005
5,1033,3034,0.009734076309235732,0.009734076309235732,0.8079307319087241,0.005
5,1034,3035,0.015151133070616992,0.015151133070616992,0.810830709068955,0.005
5,1035,3036,0.010392169537862348,0.010392169537862348,0.8139304087051354,0.005
5,1036,3037,0.010047909279239105,0.010047909279239105,0.8081951226151565,0.005
5,1037,3038,0.010655017773099953,0.010655017773099953,0.8088273088943022,0.005
5,1038,3039,0.00950858339238614,0.00950858339238614,0.8119848906498869,0.005
5,1039,3040,0.01126376865178233,0.01126376865178233,0.8128246443587874,0.005
5,1040,3041,0.009188999106536849,0.009188999106536849,0.8101793782209862,0.005
5,1041,3042,0.010265983383535354,0.010265983383535354,0.8057169996976778,0.005
5,1042,3043,0.011039060873726886,0.011039060873726886,0.8075923216744979,0.005
5,1043,3044,0.009383661696741,0.009383661696741,0.8095138415139266,0.005
5,1044,3045,0.011804976001031961,0.011804976001031961,0.8081467029392598,0.005
5,1045,3046,0.011384688621473465,0.011384688621473465,0.8069091862624234,0.005
5,1046,3047,0.009245105607109335,0.009245105607109335,0.804867621964215,0.005
5,1047,3048,0.010984145404361488,0.010984145404361488,0.8091633431810631,0.005
5,1048,3049,0.00969001746077668,0.00969001746077668,0.812167884980188,0.005
5,1049,3050,0.009392389531070824,0.009392389531070824,0.8081663586717194,0.005
5,1050,3051,0.010003151086898018,0.010003151086898018,0.8132940154757251,0.005
5,1051,3052,0.011341073895916081,0.011341073895916081,0.8093002488995265,0.005
5,1052,3053,0.011257738038089427,0.011257738038089427,0.812926568985208,0.005
5,1053,3054,0.009550369360518212,0.009550369360518212,0.8134381134999463,0.005
5,1054,3055,0.009193091947185547,0.009193091947185547,0.8142029707001348,0.005
5,1055,3056,0.010595771590153548,0.010595771590153548,0.809681298916446,0.005
5,1056,3057,0.010187796192573905,0.010187796192573905,0.8107897054619712,0.005
5,1057,3058,0.011426176816223824,0.011426176816223824,0.8084693597331464,0.005
5,1058,3059,0.010667923692756428,0.010667923692756428,0.8102885796721622,0.005
5,1059,3060,0.01140853457126414,0.01140853457126414,0.8104196583446472,0.005
5,1060,3061,0.011261809447142921,0.011261809447142921,0.8120380758066478,0.005
5,1061,3062,0.009452857788958383,0.009452857788958383,0.8092104113411068,0.005
5,1062,3063,0.012052330096082382,0.012052330096082382,0.8070473477997194,0.005
5,1063,3064,0.009137579068808025,0.009137579068808025,0.8070725122912583,0.005
5,1064,3065,0.011017972484086683,0.011017972484086683,0.8091246491051617,0.005
5,1065,3066,0.009179453237779302,0.009179453237779302,0.8075788721769462,0.005
5,1066,3067,0.009632651540736403,0.009632651540736403,0.8092760853854347,0.005
5,1067,3068,0.009894722104171194,0.009894722104171194,0.808910195595272,0.005
5,1068,3069,0.011249044122709512,0.011249044122709512,0.8100535662153294,0.005
5,1069,3070,0.009745760617225863,0.009745760617225863,0.8124950342519912,0.005
5,1070,3071,0.01034752350608779,0.01034752350608779,0.8130065107625885,0.005
5,1071,3072,0.011828768900539544,0.011828768900539544,0.8126153085327329,0.005
5,1072,3073,0.011342587680923456,0.011342587680923456,0.8110769645539843,0.005
5,1073,3074,0.009358495055362358,0.009358495055362358,0.8140459727717789,0.005
5,1074,3075,0.01179920244414541,0.01179920244414541,0.816485667262068,0.005
5,1075,3076,0.010532360335423147,0.010532360335423147,0.8134690135820414,0.005
5,1076,3077,0.011030636130008669,0.011030636130008669,0.8091752516462439,0.005
5,1077,3078,0.009302271788402393,0.009302271788402393,0.809793157030187,0.005
5,1078,3079,0.00974476920993066,0.00974476920993066,0.8110483173177332,0.005
5,1079,3080,0.010246292113598916,0.010246292113598916,0.8083115967414213,0.005
5,1080,3081,0.010398316307526585,0.010398316307526585,0.8074938328947947,0.005
5,1081,3082,0.012001122579486993,0.012001122579486993,0.8103567218328735,0.005
5,1082,3083,0.009322297730787707,0.009322297730787707,0.8059060643825074,0.005
5,1083,3084,0.011021180879817715,0.011021180879817715,0.8048138861476175,0.005
5,1084,3085,0.009600248077974327,0.009600248077974327,0.807478806270549,0.005
5,1085,3086,0.009856101092777292,0.009856101092777292,0.8086459852455782,0.005
5,1086,3087,0.011922497871926249,0.011922497871926249,0.8142683423764958,0.005
5,1087,3088,0.010124341339104267,0.010124341339104267,0.8084238292472097,0.005
5,1088,3089,0.010970099144048631,0.010970099144048631,0.810654674334395,0.005
5,1089,3090,0.00972799792690579,0.00972799792690579,0.8145300100295386,0.005
5,1090,3091,0.01123153592295797,0.01123153592295797,0.8123734592931847,0.005
5,1091,3092,0.009092118829409114,0.009092118829409114,0.8088599293061381,0.005
5,1092,3093,0.01089437752015569,0.01089437752015569,0.8141486669017072,0.005
5,1093,3094,0.010533026047522813,0.010533026047522813,0.8067758672375364,0.005
5,1094,3095,0.010125825940542958,0.010125825940542958,0.8094186646784978,0.005
5,1095,3096,0.012233924509006715,0.012233924509006715,0.8134689860806376,0.005
5,1096,3097,0.009346976785751871,0.009346976785751871,0.810806676418071,0.005
5,1097,3098,0.010546416467920214,0.010546416467920214,0.8101199366802315,0.005
5,1098,3099,0.008974062327807087,0.008974062327807087,0.8129935371699523,0.005
5,1099,3100,0.011118368945685412,0.011118368945685412,0.8116962180424536,0.005
5,1100,3101,0.01065425087298364,0.01065425087298364,0.8105699029054436,0.005
5,1101,3102,0.011315700470649706,0.011315700470649706,0.8088332510663435,0.005
5,1102,3103,0.011089651558211518,0.011089651558211518,0.8083980882663453,0.005
5,1103,3104,0.009918029353370014,0.009918029353370014,0.8123211742151522,0.005
5,1104,3105,0.0101377083489801,0.0101377083489801,0.80666158072528,0.005
5,1105,3106,0.00956541942286315,0.00956541942286315,0.8104638322182187,0.005
5,1106,3107,0.009297470386541381,0.009297470386541381,0.8081924018914409,0.005
5,1107,3108,0.010498939907300643,0.010498939907300643,0.8098072709066098,0.005
5,1108,3109,0.010810563296391986,0.010810563296391986,0.8105954474699,0.005
5,1109,3110,0.014591015263586268,0.014591015263586268,0.8058475695724651,0.005
5,1110,3111,0.008557902010122083,0.008557902010122083,0.8108739455270062,0.005
5,1111,3112,0.011406653314298172,0.011406653314298172,0.8080885344899645,0.005
5,1112,3113,0.010816828863185524,0.010816828863185524,0.8127845939164416,0.005
5,1113,3114,0.009689833124588168,0.009689833124588168,0.8101803478325486,0.005
5,1114,3115,0.010738266777002247,0.010738266777002247,0.81078615965381,0.005
5,1115,3116,0.010594035232866802,0.010594035232866802,0.8093359742853609,0.005
5,1116,3117,0.011978734096899823,0.011978734096899823,0.8168315382034229,0.005
5,1117,3118,0.010742331203334204,0.010742331203334204,0.810412268662026,0.005
5,1118,3119,0.010291167791191849,0.010291167791191849,0.8148965809860401,0.005
5,1119,3120,0.011233855454273132,0.011233855454273132,0.8164976732548006,0.005
5,1120,3121,0.010491208891471204,0.010491208891471204,0.8116583422571354,0.005
5,1121,3122,0.011401587936300167,0.011401587936300167,0.8094911307227962,0.005
5,1122,3123,0.010899231020865019,0.010899231020865019,0.8056682663893867,0.005
5,1123,3124,0.011120706314246758,0.011120706314246758,0.8085073761367984,0.005
5,1124,3125,0.009912195885921422,0.009912195885921422,0.8099499706293568,0.005
5,1125,3126,0.009453598045065147,0.009453598045065147,0.8095579214482067,0.005
5,1126,3127,0.011790938875390261,0.011790938875390261,0.8106612338773814,0.005
5,1127,3128,0.00933819097139822,0.00933819097139822,0.810105811412727,0.005
5,1128,3129,0.01617377924907383,0.01617377924907383,0.8120613018174454,0.005
5,1129,3130,0.00975740329592424,0.00975740329592424,0.813337961186281,0.005
5,1130,3131,0.010141631708102637,0.010141631708102637,0.8143519701771371,0.005
5,1131,3132,0.01180570069995059,0.01180570069995059,0.8140483105522242,0.005
5,1132,3133,0.009351779746366628,0.009351779746366628,0.8095855545121389,0.005
5,1133,3134,0.009613315394279107,0.009613315394279107,0.8117675953588229,0.005
5,1134,3135,0.009623443484831245,0.009623443484831245,0.8111496350907356,0.005
5,1135,3136,0.009777640954352358,0.009777640954352358,0.8120096141002981,0.005
5,1136,3137,0.012912613812952809,0.012912613812952809,0.8105476722346744,0.005
5,1137,3138,0.008577775496774107,0.008577775496774107,0.8121542911914694,0.005
5,1138,3139,0.010927612638413077,0.010927612638413077,0.8065685537434626,0.005
5,1139,3140,0.010927792213579392,0.010927792213579392,0.8150794576808523,0.005
5,1140,3141,0.016092763741769458,0.016092763741769458,0.8079799661462463,0.005
5,1141,3142,0.010850244495887857,0.010850244495887857,0.8085041103088998,0.005
5,1142,3143,0.00945301553739844,0.00945301553739844,0.8088058937951375,0.005
5,1143,3144,0.009556095214609829,0.009556095214609829,0.806349897787573,0.005
5,1144,3145,0.010510731704030841,0.010510731704030841,0.8053118763760654,0.005
5,1145,3146,0.010705630392973255,0.010705630392973255,0.8080002968079002,0.005
5,1146,3147,0.011584799017564583,0.011584799017564583,0.8145064033385992,0.005
5,1147,3148,0.010148636667382221,0.010148636667382221,0.8131018893957653,0.005
5,1148,3149,0.00898826827075906,0.00898826827075906,0.8126881405270986,0.005
5,1149,3150,0.010646457343652603,0.010646457343652603,0.8111198358987568,0.005
5,1150,3151,0.01002426077639361,0.01002426077639361,0.8089986719554428,0.005
5,1151,3152,0.00949957578592467,0.00949957578592467,0.8112116764742882,0.005
5,1152,3153,0.011074780130191681,0.011074780130191681,0.8109996357540433,0.005
5,1153,3154,0.00889295128791048,0.00889295128791048,0.812916071143968,0.005
5,1154,3155,0.009640998295944272,0.009640998295944272,0.8100135297564978,0.005
5,1155,3156,0.010148301334108295,0.010148301334108295,0.8113859758068303,0.005
5,1156,3157,0.011524409133251094,0.011524409133251094,0.8135674697809028,0.005
5,1157,3158,0.010247446137584222,0.010247446137584222,0.811832119126593,0.005
5,1158,3159,0.011375658409885903,0.011375658409885903,0.8081321873899137,0.005
5,1159,3160,0.011200336894832283,0.011200336894832283,0.8078533544293282,0.005
5,1160,3161,0.009418683943850644,0.009418683943850644,0.8086194632399427,0.005
5,1161,3162,0.009791362067491247,0.009791362067491247,0.8073118332073278,0.005
5,1162,3163,0.010967006943320359,0.010967006943320359,0.8106809493530993,0.005
5,1163,3164,0.009059105425427386,0.009059105425427386,0.8116493786007508,0.005
5,1164,3165,0.008861890233960844,0.008861890233960844,0.8113926837860086,0.005
5,1165,3166,0.009129358548043056,0.009129358548043056,0.8098821596301452,0.005
5,1166,3167,0.011071370323340426,0.011071370323340426,0.8097910208533448,0.005
5,1167,3168,0.01042164242925097,0.01042164242925097,0.8101919236619505,0.005
5,1168,3169,0.012186998723897825,0.012186998723897825,0.8061177234327944,0.005
5,1169,3170,0.009993053041717468,0.009993053041717468,0.8056056513875112,0.005
5,1170,3171,0.009546929587270405,0.009546929587270405,0.8090465186617827,0.005
5,1171,3172,0.009771188666511582,0.009771188666511582,0.8126642738630486,0.005
5,1172,3173,0.009687361068751246,0.009687361068751246,0.8107666722039077,0.005
5,1173,3174,0.010058895027087714,0.010058895027087714,0.815996323201107,0.005
5,1174,3175,0.010378825694747042,0.010378825694747042,0.8119931603774038,0.005
5,1175,3176,0.009308602326808043,0.009308602326808043,0.8102388513861662,0.005
5,1176,3177,0.009198413469750645,0.009198413469750645,0.8109170491958448,0.005
5,1177,3178,0.011344733056748183,0.011344733056748183,0.8074409481014234,0.005
5,1178,3179,0.009014605626778737,0.009014605626778737,0.8133648510143343,0.005
5,1179,3180,0.009550788754613316,0.009550788754613316,0.8079692551837333,0.005
5,1180,3181,0.010069708548790498,0.010069708548790498,0.8096173214803727,0.005
5,1181,3182,0.009318736298615883,0.009318736298615883,0.8077904759193966,0.005
5,1182,3183,0.009310188922947299,0.009310188922947299,0.811235875065645,0.005
5,1183,3184,0.010470608217503527,0.010470608217503527,0.8084619157083259,0.005
5,1184,3185,0.009303549781326022,0.009303549781326022,0.810098968022168,0.005
5,1185,3186,0.00915593530814672,0.00915593530814672,0.8101324152234793,0.005
5,1186,3187,0.009182046133802522,0.009182046133802522,0.808392837361703,0.005
5,1187,3188,0.01261298479967771,0.01261298479967771,0.8110260302523741,0.005
5,1188,3189,0.009662866389457197,0.009662866389457197,0.8082330787031057,0.005
5,1189,3190,0.010076336457243642,0.010076336457243642,0.8159470021778638,0.005
5,1190,3191,0.00984988383820857,0.00984988383820857,0.8096195796780884,0.005
5,1191,3192,0.010697356496800238,0.010697356496800238,0.808907809592085,0.005
5,1192,3193,0.009587576588697065,0.009587576588697065,0.8079230273324367,0.005
5,1193,3194,0.01013163199195422,0.01013163199195422,0.8085039822216301,0.005
5,1194,3195,0.010315183063513216,0.010315183063513216,0.8095577992131462,0.005
5,1195,3196,0.010592351264187191,0.010592351264187191,0.8094714853338104,0.005
5,1196,3197,0.010152078467490128,0.010152078467490128,0.8074631044385988,0.005
5,1197,3198,0.014287333945316841,0.014287333945316841,0.8157676262300302,0.005
5,1198,3199,0.01472679264184247,0.01472679264184247,0.8090302155737397,0.005
5,1199,3200,0.010297766838124644,0.010297766838124644,0.8115078178564115,0.005
5,1200,3201,0.010307308571724471,0.010307308571724471,0.8125501333802997,0.005
5,1201,3202,0.011133164759221296,0.011133164759221296,0.8119851977967363,0.005
5,1202,3203,0.010190836413020005,0.010190836413020005,0.8114025087483874,0.005
5,1203,3204,0.01024059537777324,0.01024059537777324,0.8088981737288045,0.005
5,1204,3205,0.009952757616500173,0.009952757616500173,0.8082002932109398,0.005
5,1205,3206,0.008876800877938379,0.008876800877938379,0.8116143220413852,0.005
5,1206,3207,0.010152118298725425,0.010152118298725425,0.8111246179699538,0.005
5,1207,3208,0.012406936041976947,0.012406936041976947,0.8141348833565056,0.005
5,1208,3209,0.010449178858298866,0.010449178858298866,0.8109802216220034,0.005
5,1209,3210,0.010496554171667163,0.010496554171667163,0.8118420690018829,0.005
5,1210,3211,0.011912031437503565,0.011912031437503565,0.8096592879950537,0.005
5,1211,3212,0.00977429033903699,0.00977429033903699,0.8084877902499205,0.005
5,1212,3213,0.009500669853937646,0.009500669853937646,0.8067704863890811,0.005
5,1213,3214,0.011000948097609974,0.011000948097609974,0.8039127634975328,0.005
5,1214,3215,0.012070843584626696,0.012070843584626696,0.8108708116826966,0.005
5,1215,3216,0.011170111361167705,0.011170111361167705,0.812035423434243,0.005
5,1216,3217,0.009612093356018326,0.009612093356018326,0.8082815401773342,0.005
5,1217,3218,0.009979272607682861,0.009979272607682861,0.8154532028571752,0.005
5,1218,3219,0.011304957559331625,0.011304957559331625,0.8137849391447601,0.005
5,1219,3220,0.012665686573720518,0.012665686573720518,0.8153339495914151,0.005
5,1220,3221,0.010676014134135256,0.010676014134135256,0.8083738048532656,0.005
5,1221,3222,0.01234652027733981,0.01234652027733981,0.8098908667575354,0.005
5,1222,3223,0.00998963917725141,0.00998963917725141,0.8099558254599917,0.005
5,1223,3224,0.010478117981366535,0.010478117981366535,0.8125590970440791,0.005
5,1224,3225,0.011297394255104412,0.011297394255104412,0.8119906249530653,0.005
5,1225,3226,0.009551524594206013,0.009551524594206013,0.8146026666683897,0.005
5,1226,3227,0.011672690472096231,0.011672690472096231,0.8133605699666169,0.005
5,1227,3228,0.011108016521654988,0.011108016521654988,0.8145091691368223,0.005
5,1228,3229,0.009794105553644142,0.009794105553644142,0.8100911911123764,0.005
5,1229,3230,0.013115617867561883,0.013115617867561883,0.8115138961517315,0.005
5,1230,3231,0.013134201191890408,0.013134201191890408,0.8091817062734105,0.005
5,1231,3232,0.00981393026599299,0.00981393026599299,0.8056399110463203,0.005
5,1232,3233,0.010894212483625727,0.010894212483625727,0.805875555415544,0.005
5,1233,3234,0.00919702451881827,0.00919702451881827,0.8140570976922782,0.005
5,1234,3235,0.010248262914400494,0.010248262914400494,0.8091939980733692,0.005
5,1235,3236,0.01320262751654482,0.01320262751654482,0.8079940396668271,0.005
5,1236,3237,0.010328305165046944,0.010328305165046944,0.8019886564227254,0.005
5,1237,3238,0.01079790915655405,0.01079790915655405,0.8101694445407721,0.005
5,1238,3239,0.012344929564277282,0.012344929564277282,0.8087717927751704,0.005
5,1239,3240,0.00966565382632658,0.00966565382632658,0.8132039806258905,0.005
5,1240,3241,0.012166331987716328,0.012166331987716328,0.8130769416443336,0.005
5,1241,3242,0.010186665945381519,0.010186665945381519,0.8101991542776452,0.005
5,1242,3243,0.012849577449189985,0.012849577449189985,0.810117274821576,0.005
5,1243,3244,0.010257553249687527,0.010257553249687527,0.810250379216752,0.005
5,1244,3245,0.011888647259279891,0.011888647259279891,0.8120119321292792,0.005
5,1245,3246,0.01016436194449002,0.01016436194449002,0.809218314324965,0.005
5,1246,3247,0.010317796589710042,0.010317796589710042,0.8136675913307952,0.005
5,1247,3248,0.010344820097966795,0.010344820097966795,0.811938100643439,0.005
5,1248,3249,0.00961021138891737,0.00961021138891737,0.8092984705164175,0.005
5,1249,3250,0.009900291447272606,0.009900291447272606,0.8074678461717524,0.005
5,1250,3251,0.011443333103742402,0.011443333103742402,0.8127328208253485,0.005
5,1251,3252,0.010164401475692714,0.010164401475692714,0.8155183916015531,0.005
5,1252,3253,0.011036691000578283,0.011036691000578283,0.8137852687318179,0.005
5,1253,3254,0.009469231455190498,0.009469231455190498,0.8133386119834619,0.005
5,1254,3255,0.01022132967897897,0.01022132967897897,0.8122714102440276,0.005
5,1255,3256,0.01061086948544697,0.01061086948544697,0.8076468370750305,0.005
5,1256,3257,0.011104048363001608,0.011104048363001608,0.8050694961167161,0.005
5,1257,3258,0.010341172192433926,0.010341172192433926,0.8136107089234069,0.005
5,1258,3259,0.011223785201403099,0.011223785201403099,0.8130923894200591,0.005
5,1259,3260,0.010349393709164472,0.010349393709164472,0.8113074264521914,0.005
5,1260,3261,0.009848223016210873,0.009848223016210873,0.8096941531193441,0.005
5,1261,3262,0.010367586421546494,0.010367586421546494,0.8100719335420387,0.005
5,1262,3263,0.010815424532277665,0.010815424532277665,0.8124331970550251,0.005
5,1263,3264,0.01158925666931842,0.01158925666931842,0.8139108299657701,0.005
5,1264,3265,0.010234296773037197,0.010234296773037197,0.8073368129174111,0.005
5,1265,3266,0.013157860503880408,0.013157860503880408,0.813110230483534,0.005
5,1266,3267,0.010753025860347522,0.010753025860347522,0.8081740871283776,0.005
5,1267,3268,0.010191233589350056,0.010191233589350056,0.8145470410578964,0.005
5,1268,3269,0.009796818866861281,0.009796818866861281,0.8065800590484985,0.005
5,1269,3270,0.009145448941315913,0.009145448941315913,0.808318030785343,0.005
5,1270,3271,0.01021599651973196,0.01021599651973196,0.8088721568963796,0.005
5,1271,3272,0.01054584245584247,0.01054584245584247,0.8116888125169389,0.005
5,1272,3273,0.01374850239419126,0.01374850239419126,0.8115804859349803,0.005
5,1273,3274,0.009551560732102216,0.009551560732102216,0.808882192229228,0.005
5,1274,3275,0.011357583767500366,0.011357583767500366,0.8122844064024023,0.005
5,1275,3276,0.009857471113945776,0.009857471113945776,0.8094670821458063,0.005
5,1276,3277,0.010647001228652097,0.010647001228652097,0.8072901819824371,0.005
5,1277,3278,0.010155806401471259,0.010155806401471259,0.8117455163446816,0.005
5,1278,3279,0.01091303485168531,0.01091303485168531,0.8129998055887346,0.005
5,1279,3280,0.010476161464989212,0.010476161464989212,0.8123360575560551,0.005
5,1280,3281,0.009515588783884157,0.009515588783884157,0.8107021836640237,0.005
5,1281,3282,0.010904605513394833,0.010904605513394833,0.8125560447086073,0.005
5,1282,3283,0.012018725525619969,0.012018725525619969,0.8131786347911895,0.005
5,1283,3284,0.009884225259897399,0.009884225259897399,0.8106050864484634,0.005
5,1284,3285,0.011544928104229812,0.011544928104229812,0.8114774289442968,0.005
5,1285,3286,0.009543233586966699,0.009543233586966699,0.8067756314341837,0.005
5,1286,3287,0.012208063968789276,0.012208063968789276,0.8089260385501078,0.005
5,1287,3288,0.011250906837853484,0.011250906837853484,0.8113377866012111,0.005
5,1288,3289,0.010905798779905123,0.010905798779905123,0.8104725154037431,0.005
5,1289,3290,0.0106955809738212,0.0106955809738212,0.8128833319449543,0.005
5,1290,3291,0.009299229945037853,0.009299229945037853,0.8086449972076715,0.005
5,1291,3292,0.009796815173203861,0.009796815173203861,0.8109505780741193,0.005
5,1292,3293,0.009838382185273581,0.009838382185273581,0.8133868338712543,0.005
5,1293,3294,0.00944375738153966,0.00944375738153966,0.8106411575170116,0.005
5,1294,3295,0.009086494721057737,0.009086494721057737,0.8057227592707861,0.005
5,1295,3296,0.009442506964598932,0.009442506964598932,0.8086150252625611,0.005
5,1296,3297,0.012855489775965906,0.012855489775965906,0.8094603319867216,0.005
5,1297,3298,0.010596841405365869,0.010596841405365869,0.8117702254040544,0.005
5,1298,3299,0.010284825900238295,0.010284825900238295,0.8086567402358543,0.005
5,1299,3300,0.011015002186854608,0.011015002186854608,0.8095834889821583,0.005
5,1300,3301,0.011877303991269633,0.011877303991269633,0.8075496062501564,0.005
5,1301,3302,0.010283137807971476,0.010283137807971476,0.8136239168766399,0.005
5,1302,3303,0.009752043160200539,0.009752043160200539,0.8074836493050485,0.005
5,1303,3304,0.012996519091536603,0.012996519091536603,0.8089300596677578,0.005
5,1304,3305,0.009822356227523765,0.009822356227523765,0.8066832539066836,0.005
5,1305,3306,0.00973859700062981,0.00973859700062981,0.8117824214297511,0.005
5,1306,3307,0.010959838459263543,0.010959838459263543,0.81434010001559,0.005
5,1307,3308,0.009296933353331756,0.009296933353331756,0.8120578894580258,0.005
5,1308,3309,0.01075888847123391,0.01075888847123391,0.8082579295165503,0.005
5,1309,3310,0.00995464438285963,0.00995464438285963,0.812452694962434,0.005
5,1310,3311,0.009736987266778012,0.009736987266778012,0.8118249315009879,0.005
5,1311,3312,0.009776586270019379,0.009776586270019379,0.8097730964439934,0.005
5,1312,3313,0.009992085930400527,0.009992085930400527,0.808677547386848,0.005
5,1313,3314,0.010324268050015854,0.010324268050015854,0.8058602190808216,0.005
5,1314,3315,0.009073530812969285,0.009073530812969285,0.8083941477881635,0.005
5,1315,3316,0.011729713898773338,0.011729713898773338,0.8122412366040235,0.005
5,1316,3317,0.011752454964084055,0.011752454964084055,0.810325760297694,0.005
5,1317,3318,0.010575379942082169,0.010575379942082169,0.8106248484871432,0.005
5,1318,3319,0.009580918450694545,0.009580918450694545,0.81107194252448,0.005
5,1319,3320,0.00968102348003487,0.00968102348003487,0.809209850054878,0.005
5,1320,3321,0.011952451554780289,0.011952451554780289,0.8142153831188441,0.005
5,1321,3322,0.013149887934738378,0.013149887934738378,0.8109590610911728,0.005
5,1322,3323,0.010336085781342824,0.010336085781342824,0.8099903638483498,0.005
5,1323,3324,0.009766674199832884,0.009766674199832884,0.8133009039440098,0.005
5,1324,3325,0.01073879194880677,0.01073879194880677,0.8129726936074172,0.005
5,1325,3326,0.011149417485698082,0.011149417485698082,0.8062310098473183,0.005
5,1326,3327,0.008789594809247608,0.008789594809247608,0.8129634203062811,0.005
5,1327,3328,0.010248617172614044,0.010248617172614044,0.8116920678925724,0.005
5,1328,3329,0.010826811111015137,0.010826811111015137,0.811165903744806,0.005
5,1329,3330,0.010937189148262576,0.010937189148262576,0.8084020429611241,0.005
5,1330,3331,0.010056624306683467,0.010056624306683467,0.8062632533738938,0.005
5,1331,3332,0.010840455979049483,0.010840455979049483,0.8096018899921921,0.005
5,1332,3333,0.012068390517660187,0.012068390517660187,0.8114074805143764,0.005
5,1333,3334,0.009159355943602334,0.009159355943602334,0.8072654494474293,0.005
5,1334,3335,0.009880835999406062,0.009880835999406062,0.806782096417419,0.005
5,1335,3336,0.011215180652363151,0.011215180652363151,0.8147639182177908,0.005
5,1336,3337,0.010327216448421103,0.010327216448421103,0.8096553996910384,0.005
5,1337,3338,0.009392559468555892,0.009392559468555892,0.8123797395751228,0.005
5,1338,3339,0.009744881722099925,0.009744881722099925,0.8116839448881252,0.005
5,1339,3340,0.00975623070098999,0.00975623070098999,0.8104569224338346,0.005
5,1340,3341,0.009461335853502614,0.009461335853502614,0.8097500543451024,0.005
5,1341,3342,0.009674285866701255,0.009674285866701255,0.8120022708485513,0.005
5,1342,3343,0.011354094358513877,0.011354094358513877,0.8160639348624026,0.005
5,1343,3344,0.01231535504705664,0.01231535504705664,0.8129749493665295,0.005
5,1344,3345,0.010162993247101458,0.010162993247101458,0.8122612164841878,0.005
5,1345,3346,0.009524254114032838,0.009524254114032838,0.8136782986230617,0.005
5,1346,3347,0.010370705704093474,0.010370705704093474,0.8060728370897534,0.005
5,1347,3348,0.010572721337461129,0.010572721337461129,0.808307097538652,0.005
5,1348,3349,0.01080246992673489,0.01080246992673489,0.8058460151200268,0.005
5,1349,3350,0.009843916754243936,0.009843916754243936,0.8102030432140064,0.005
5,1350,3351,0.01012667444796891,0.01012667444796891,0.8112937176440689,0.005
5,1351,3352,0.01035792771910998,0.01035792771910998,0.8103475655414062,0.005
5,1352,3353,0.011276795687923384,0.011276795687923384,0.8054215725692467,0.005
5,1353,3354,0.009954282550410535,0.009954282550410535,0.8089577765899106,0.005
5,1354,3355,0.012889710893469162,0.012889710893469162,0.8134312481126653,0.005
5,1355,3356,0.011040262413799613,0.011040262413799613,0.8109894107751044,0.005
5,1356,3357,0.009823509520622465,0.009823509520622465,0.8106954505041573,0.005
5,1357,3358,0.011681818283037394,0.011681818283037394,0.8111606391465774,0.005
5,1358,3359,0.010848469862324852,0.010848469862324852,0.8065237976662337,0.005
5,1359,3360,0.009705652881094647,0.009705652881094647,0.8110684692007895,0.005
5,1360,3361,0.010529968886184456,0.010529968886184456,0.812411189242731,0.005
5,1361,3362,0.01027034554437378,0.01027034554437378,0.8124500142464629,0.005
5,1362,3363,0.011202911507746617,0.011202911507746617,0.8125005687087047,0.005
5,1363,3364,0.010141768567288722,0.010141768567288722,0.8101743636273084,0.005
5,1364,3365,0.010286187276102754,0.010286187276102754,0.8068526443861401,0.005
5,1365,3366,0.010353481919052516,0.010353481919052516,0.8121089579227796,0.005
5,1366,3367,0.010006495217640798,0.010006495217640798,0.8104215818121532,0.005
5,1367,3368,0.01148016505833651,0.01148016505833651,0.8115775481602358,0.005
5,1368,3369,0.010289863529060897,0.010289863529060897,0.8075579720743563,0.005
5,1369,3370,0.00941686968514387,0.00941686968514387,0.8105206978323644,0.005
5,1370,3371,0.009579163778453456,0.009579163778453456,0.8121296832342065,0.005
5,1371,3372,0.010576344770977351,0.010576344770977351,0.8119378455187048,0.005
5,1372,3373,0.009621141709710056,0.009621141709710056,0.8115639015988,0.005
5,1373,3374,0.012949087347976227,0.012949087347976227,0.8086635720862031,0.005
5,1374,3375,0.010961837461420515,0.010961837461420515,0.8150104364834001,0.005
5,1375,3376,0.009330579497548671,0.009330579497548671,0.8113823747809863,0.005
5,1376,3377,0.008737768988689259,0.008737768988689259,0.8103408650104468,0.005
5,1377,3378,0.009729489472691363,0.009729489472691363,0.8095983681343726,0.005
5,1378,3379,0.011507578458898434,0.011507578458898434,0.8136669531864229,0.005
5,1379,3380,0.00921856651677224,0.00921856651677224,0.8152806834922298,0.005
5,1380,3381,0.012623316042552226,0.012623316042552226,0.8097709155959104,0.005
5,1381,3382,0.009159286199921892,0.009159286199921892,0.8133802273226369,0.005
5,1382,3383,0.010734007814461021,0.010734007814461021,0.8116197527399382,0.005
5,1383,3384,0.008509892982219786,0.008509892982219786,0.8093815216572977,0.005
5,1384,3385,0.012406370852801211,0.012406370852801211,0.8075070722345712,0.005
5,1385,3386,0.009505062565166492,0.009505062565166492,0.8045099277465676,0.005
5,1386,3387,0.009991071086978368,0.009991071086978368,0.807807414768693,0.005
5,1387,3388,0.009207382999374472,0.009207382999374472,0.8077351750525302,0.005
5,1388,3389,0.00914629045857342,0.00914629045857342,0.808618233451626,0.005
5,1389,3390,0.00985918376767423,0.00985918376767423,0.8053331998510954,0.005
5,1390,3391,0.010386335887032132,0.010386335887032132,0.8068487703911184,0.005
5,1391,3392,0.010485917880217827,0.010485917880217827,0.8071992445504844,0.005
5,1392,3393,0.010665044497988722,0.010665044497988722,0.8092515605488871,0.005
5,1393,3394,0.011031988929438529,0.011031988929438529,0.8138973357589058,0.005
5,1394,3395,0.009514362964173361,0.009514362964173361,0.8114978244733304,0.005
5,1395,3396,0.008658549172010855,0.008658549172010855,0.8118967984073515,0.005
5,1396,3397,0.00959810134001713,0.00959810134001713,0.8094831013365885,0.005
5,1397,3398,0.008961854687180366,0.008961854687180366,0.8112132366345881,0.005
5,1398,3399,0.009698107476093707,0.009698107476093707,0.8072753465189815,0.005
5,1399,3400,0.009116638133915382,0.009116638133915382,0.811036224260358,0.005
5,1400,3401,0.009852369108644014,0.009852369108644014,0.810020386612054,0.005
5,1401,3402,0.011485973508775331,0.011485973508775331,0.8094613280506454,0.005
5,1402,3403,0.009164060685954876,0.009164060685954876,0.8106998487864229,0.005
5,1403,3404,0.010212278109842474,0.010212278109842474,0.8051899946224665,0.005
5,1404,3405,0.008976511554229023,0.008976511554229023,0.813616775982125,0.005
5,1405,3406,0.009963556405752534,0.009963556405752534,0.8075327003401844,0.005
5,1406,3407,0.009953364184919822,0.009953364184919822,0.8131753376608595,0.005
5,1407,3408,0.010099980084434263,0.010099980084434263,0.8121971940359219,0.005
5,1408,3409,0.010349566927694863,0.010349566927694863,0.8099694720122982,0.005
5,1409,3410,0.011244525566822323,0.011244525566822323,0.8143874085635069,0.005
5,1410,3411,0.01467997966473027,0.01467997966473027,0.8157320806359146,0.005
5,1411,3412,0.010850411367982035,0.010850411367982035,0.8104028366595153,0.005
5,1412,3413,0.010294969986667268,0.010294969986667268,0.8112093660937657,0.005
5,1413,3414,0.011225270488142938,0.011225270488142938,0.8123669927147303,0.005
5,1414,3415,0.009501196655983875,0.009501196655983875,0.8095822768930265,0.005
5,1415,3416,0.009580348120171809,0.009580348120171809,0.809962004544478,0.005
5,1416,3417,0.011083388535978034,0.011083388535978034,0.8099280611616729,0.005
5,1417,3418,0.01171107435224766,0.01171107435224766,0.8088560896483669,0.005
5,1418,3419,0.010202111467070797,0.010202111467070797,0.8081999115390389,0.005
5,1419,3420,0.01102419118191308,0.01102419118191308,0.8052255662391232,0.005
5,1420,3421,0.010019467916991497,0.010019467916991497,0.8085037600852774,0.005
5,1421,3422,0.009990673774874372,0.009990673774874372,0.8078142032982598,0.005
5,1422,3423,0.012802616409085995,0.012802616409085995,0.8133663133170149,0.005
5,1423,3424,0.009348550721506126,0.009348550721506126,0.8097942936976269,0.005
5,1424,3425,0.011418346125129559,0.011418346125129559,0.803216575449048,0.005
5,1425,3426,0.010093876765853407,0.010093876765853407,0.8113350617233258,0.005
5,1426,3427,0.009311625251795203,0.009311625251795203,0.81138469551774,0.005
5,1427,3428,0.01160726196350953,0.01160726196350953,0.816514340778062,0.005
5,1428,3429,0.00990763469409046,0.00990763469409046,0.8140266581790816,0.005
5,1429,3430,0.010780452639216434,0.010780452639216434,0.8142939365652456,0.005
5,1430,3431,0.010100789860250418,0.010100789860250418,0.8118645777662842,0.005
5,1431,3432,0.010264015751092427,0.010264015751092427,0.8145714553720382,0.005
5,1432,3433,0.010388385520146492,0.010388385520146492,0.8135308643925906,0.005
5,1433,3434,0.009679691998262753,0.009679691998262753,0.8072006930262188,0.005
5,1434,3435,0.011329328378108457,0.011329328378108457,0.8057902476581993,0.005
5,1435,3436,0.009405409991752293,0.009405409991752293,0.8062760022096461,0.005
5,1436,3437,0.010122631961800726,0.010122631961800726,0.8053445863477856,0.005
5,1437,3438,0.010120045450958463,0.010120045450958463,0.8095441551221593,0.005
5,1438,3439,0.010405232915269475,0.010405232915269475,0.8085158593644232,0.005
5,1439,3440,0.010947984924278648,0.010947984924278648,0.8085325425909018,0.005
5,1440,3441,0.011441300715907508,0.011441300715907508,0.8072717276469515,0.005
5,1441,3442,0.009886443679656437,0.009886443679656437,0.8097673227078315,0.005
5,1442,3443,0.010257352391334155,0.010257352391334155,0.8067584852659669,0.005
5,1443,3444,0.01033485039907199,0.01033485039907199,0.8138258453189333,0.005
5,1444,3445,0.010204938962081748,0.010204938962081748,0.8097442854927067,0.005
5,1445,3446,0.011665305489543401,0.011665305489543401,0.8150598934179557,0.005
5,1446,3447,0.009202437347340931,0.009202437347340931,0.8113858252707323,0.005
5,1447,3448,0.009170405436190856,0.009170405436190856,0.8122292579453231,0.005
5,1448,3449,0.011298332794191013,0.011298332794191013,0.8115156673729343,0.005
5,1449,3450,0.01229184207980396,0.01229184207980396,0.8091807080136582,0.005
5,1450,3451,0.010045457407298827,0.010045457407298827,0.8144597345541533,0.005
5,1451,3452,0.009928574569759102,0.009928574569759102,0.8094194094705552,0.005
5,1452,3453,0.009927285980557896,0.009927285980557896,0.8101984741955925,0.005
5,1453,3454,0.010197376653669064,0.010197376653669064,0.8144454359614244,0.005
5,1454,3455,0.009254437140509872,0.009254437140509872,0.8088684831412218,0.005
5,1455,3456,0.009770774652238547,0.009770774652238547,0.8098214734958332,0.005
5,1456,3457,0.010333129798506839,0.010333129798506839,0.8094551814155313,0.005
5,1457,3458,0.010563194833227391,0.010563194833227391,0.8112114135702723,0.005
5,1458,3459,0.010080715045535316,0.010080715045535316,0.8100603960360079,0.005
5,1459,3460,0.010317051217307124,0.010317051217307124,0.8078685690926839,0.005
5,1460,3461,0.009997170859761281,0.009997170859761281,0.8097016933268754,0.005
5,1461,3462,0.009843750350891259,0.009843750350891259,0.8071954719264702,0.005
5,1462,3463,0.010182133992032317,0.010182133992032317,0.8116448520865598,0.005
5,1463,3464,0.010063014356527048,0.010063014356527048,0.8054374622355231,0.005
5,1464,3465,0.00978725944286965,0.00978725944286965,0.8073104042029179,0.005
5,1465,3466,0.009394059125425354,0.009394059125425354,0.8088637594568714,0.005
5,1466,3467,0.008887337807297887,0.008887337807297887,0.8098245418863305,0.005
5,1467,3468,0.009667235116526942,0.009667235116526942,0.8105648310172688,0.005
5,1468,3469,0.011493420421479378,0.011493420421479378,0.8130112893335394,0.005
5,1469,3470,0.009704767078735629,0.009704767078735629,0.8171318378396769,0.005
5,1470,3471,0.010373415699708236,0.010373415699708236,0.8117437988131906,0.005
5,1471,3472,0.009279146239979486,0.009279146239979486,0.8127994310327595,0.005
5,1472,3473,0.01053441012842722,0.01053441012842722,0.8066285191551398,0.005
5,1473,3474,0.010971748363964657,0.010971748363964657,0.810254233924915,0.005
5,1474,3475,0.009153902036557313,0.009153902036557313,0.8129858680852997,0.005
5,1475,3476,0.010793801643767047,0.010793801643767047,0.8168246014359424,0.005
5,1476,3477,0.011397823301058612,0.011397823301058612,0.8134863598260754,0.005
5,1477,3478,0.009509758180644385,0.009509758180644385,0.8134463476941652,0.005
5,1478,3479,0.011555225421390727,0.011555225421390727,0.8082805013152715,0.005
5,1479,3480,0.01211146989998926,0.01211146989998926,0.8110913814881909,0.005
5,1480,3481,0.009959152993147292,0.009959152993147292,0.8089840279477365,0.005
5,1481,3482,0.009441334277183442,0.009441334277183442,0.8036028767717999,0.005
5,1482,3483,0.009753136154752016,0.009753136154752016,0.8107065767516355,0.005
5,1483,3484,0.00959739121514359,0.00959739121514359,0.8047713695436425,0.005
5,1484,3485,0.00958215735719201,0.00958215735719201,0.8051721646609791,0.005
5,1485,3486,0.009701120915530053,0.009701120915530053,0.8043993030169836,0.005
5,1486,3487,0.010941237353381792,0.010941237353381792,0.8071644348864667,0.005
5,1487,3488,0.009531087524674813,0.009531087524674813,0.8086597432821855,0.005
5,1488,3489,0.010736020381138387,0.010736020381138387,0.8090768733714058,0.005
5,1489,3490,0.009175376813725754,0.009175376813725754,0.8097406155587035,0.005
5,1490,3491,0.010501370256975898,0.010501370256975898,0.8177719982315352,0.005
5,1491,3492,0.009463593297764063,0.009463593297764063,0.8137972041262687,0.005
5,1492,3493,0.009423371879544538,0.009423371879544538,0.8139592030671247,0.005
5,1493,3494,0.009169663505304187,0.009169663505304187,0.8103975456254005,0.005
5,1494,3495,0.00988240231070597,0.00988240231070597,0.8072222693747041,0.005
5,1495,3496,0.009619077895129263,0.009619077895129263,0.8065132245942503,0.005
5,1496,3497,0.009943724377704471,0.009943724377704471,0.8067481914257946,0.005
5,1497,3498,0.01148796359432169,0.01148796359432169,0.8147183896499254,0.005
5,1498,3499,0.009334763822040987,0.009334763822040987,0.8105203167039706,0.005
5,1499,3500,0.009921968821571502,0.009921968821571502,0.8092721122834018,0.005
5,1500,3501,0.01398377135679994,0.01398377135679994,0.8111406380859703,0.005
5,1501,3502,0.01158736484938361,0.01158736484938361,0.8093563413525675,0.005
5,1502,3503,0.009740220566462027,0.009740220566462027,0.8111430001245176,0.005
5,1503,3504,0.010949940669501139,0.010949940669501139,0.8107954373708676,0.005
5,1504,3505,0.011454415600134979,0.011454415600134979,0.8136009458283004,0.005
5,1505,3506,0.009798731361229445,0.009798731361229445,0.8094752890019341,0.005
5,1506,3507,0.010585356843286044,0.010585356843286044,0.8096513234118057,0.005
5,1507,3508,0.01066171381620939,0.01066171381620939,0.8080250116785564,0.005
5,1508,3509,0.01237293605943376,0.01237293605943376,0.8084980593687462,0.005
5,1509,3510,0.01021571959229849,0.01021571959229849,0.8089161150831639,0.005
5,1510,3511,0.009770098954923668,0.009770098954923668,0.8105184429749901,0.005
5,1511,3512,0.009761106469198899,0.009761106469198899,0.8132400279584335,0.005
5,1512,3513,0.010630896204620256,0.010630896204620256,0.8112014119960935,0.005
5,1513,3514,0.011823215498755897,0.011823215498755897,0.8112247011261277,0.005
5,1514,3515,0.010686433565322138,0.010686433565322138,0.8078078878314817,0.005
5,1515,3516,0.01082929353563536,0.01082929353563536,0.8135316926179271,0.005
5,1516,3517,0.011454540953137714,0.011454540953137714,0.8136530865617241,0.005
5,1517,3518,0.009964756800765133,0.009964756800765133,0.8098515055645402,0.005
5,1518,3519,0.009717780511977489,0.009717780511977489,0.8164667021365917,0.005
5,1519,3520,0.01221522534511535,0.01221522534511535,0.8123708673519205,0.005
5,1520,3521,0.012292875628826465,0.012292875628826465,0.811888582210883,0.005
5,1521,3522,0.009590552904705382,0.009590552904705382,0.8083964477026282,0.005
5,1522,3523,0.010879091422490075,0.010879091422490075,0.811185800852803,0.005
5,1523,3524,0.013101904835090586,0.013101904835090586,0.8168209745219229,0.005
5,1524,3525,0.010248271967333232,0.010248271967333232,0.8053280055605812,0.005
5,1525,3526,0.01115328317917643,0.01115328317917643,0.8103749714786239,0.005
5,1526,3527,0.014714327590165307,0.014714327590165307,0.8088765179641528,0.005
5,1527,3528,0.010776522200113627,0.010776522200113627,0.8128950766242966,0.005
5,1528,3529,0.01021248811322559,0.01021248811322559,0.8128084369807417,0.005
5,1529,3530,0.00989284823192571,0.00989284823192571,0.8114284747680917,0.005
5,1530,3531,0.010601437972737222,0.010601437972737222,0.8085886918691788,0.005
5,1531,3532,0.00988106636448635,0.00988106636448635,0.807561979220074,0.005
5,1532,3533,0.009197941602332314,0.009197941602332314,0.813514472612069,0.005
5,1533,3534,0.010278018355727394,0.010278018355727394,0.8130808666015403,0.005
5,1534,3535,0.01019521973574848,0.01019521973574848,0.8129293096979775,0.005
5,1535,3536,0.010699131428698942,0.010699131428698942,0.8123932345590221,0.005
5,1536,3537,0.009958919255104373,0.009958919255104373,0.8088428509195567,0.005
5,1537,3538,0.009634529855852399,0.009634529855852399,0.811031640016874,0.005
5,1538,3539,0.010834198811895398,0.010834198811895398,0.8092605279642748,0.005
5,1539,3540,0.013021738252739192,0.013021738252739192,0.8118785054305395,0.005
5,1540,3541,0.010323022834883656,0.010323022834883656,0.8077551342064709,0.005
5,1541,3542,0.012837744065233223,0.012837744065233223,0.8097261722347023,0.005
5,1542,3543,0.009349444677480074,0.009349444677480074,0.8061381923070389,0.005
5,1543,3544,0.010628231469193176,0.010628231469193176,0.8071763767933665,0.005
5,1544,3545,0.009452594556221515,0.009452594556221515,0.8094949812741359,0.005
5,1545,3546,0.008888977935599318,0.008888977935599318,0.8097650966081494,0.005
5,1546,3547,0.009203148517138328,0.009203148517138328,0.8118155546932735,0.005
5,1547,3548,0.012211473806866146,0.012211473806866146,0.8119286262464336,0.005
5,1548,3549,0.01012147852015398,0.01012147852015398,0.8150260439207545,0.005
5,1549,3550,0.010131798906807094,0.010131798906807094,0.8096743858529643,0.005
5,1550,3551,0.009898346503476768,0.009898346503476768,0.8096053951727871,0.005
5,1551,3552,0.009342019491514975,0.009342019491514975,0.8067085140259462,0.005
5,1552,3553,0.010948323903371426,0.010948323903371426,0.8053438059397641,0.005
5,1553,3554,0.010548097272881501,0.010548097272881501,0.8113476240366679,0.005
5,1554,3555,0.009420823623077394,0.009420823623077394,0.811080689224951,0.005
5,1555,3556,0.009204916153312752,0.009204916153312752,0.8109830905596018,0.005
5,1556,3557,0.010811803223992455,0.010811803223992455,0.8135316247934389,0.005
5,1557,3558,0.01579224854093484,0.01579224854093484,0.8152209243850106,0.005
5,1558,3559,0.009126502060633835,0.009126502060633835,0.8103495210132915,0.005
5,1559,3560,0.009967150863204866,0.009967150863204866,0.808104240487152,0.005
5,1560,3561,0.011408089157871148,0.011408089157871148,0.8100128802361328,0.005
5,1561,3562,0.010069775970851486,0.010069775970851486,0.8077084242081803,0.005
5,1562,3563,0.009694632115055349,0.009694632115055349,0.8099939394617527,0.005
5,1563,3564,0.010347952301589776,0.010347952301589776,0.8081727693732234,0.005
5,1564,3565,0.00912320476682453,0.00912320476682453,0.8121400181114968,0.005
5,1565,3566,0.011131268688166454,0.011131268688166454,0.8119422380803489,0.005
5,1566,3567,0.01042041434421924,0.01042041434421924,0.8148321773668008,0.005
5,1567,3568,0.009932082496065933,0.009932082496065933,0.8114970011421769,0.005
5,1568,3569,0.008923258539492347,0.008923258539492347,0.8117687536357894,0.005
5,1569,3570,0.012611104277485338,0.012611104277485338,0.8104055882374014,0.005
5,1570,3571,0.010334906001294063,0.010334906001294063,0.8103020442043273,0.005
5,1571,3572,0.010769816996649032,0.010769816996649032,0.8091388158371979,0.005
5,1572,3573,0.009751868225776275,0.009751868225776275,0.8030575016409277,0.005
5,1573,3574,0.011206225307257137,0.011206225307257137,0.8063464587150234,0.005
5,1574,3575,0.009537765843046907,0.009537765843046907,0.8032736797605567,0.005
5,1575,3576,0.010703188584273885,0.010703188584273885,0.8065096269268281,0.005
5,1576,3577,0.009515121943661931,0.009515121943661931,0.8050218359726464,0.005
5,1577,3578,0.010879492892351808,0.010879492892351808,0.8070055523398424,0.005
5,1578,3579,0.00961525447145501,0.00961525447145501,0.8079966829123852,0.005
5,1579,3580,0.012426553394663534,0.012426553394663534,0.8134297499903451,0.005
5,1580,3581,0.009608450230684577,0.009608450230684577,0.8100264455377619,0.005
5,1581,3582,0.010007927638641168,0.010007927638641168,0.8119069842282708,0.005
5,1582,3583,0.00964630948648772,0.00964630948648772,0.8126754835510588,0.005
5,1583,3584,0.011580428482482117,0.011580428482482117,0.8117039617288927,0.005
5,1584,3585,0.010465764063286495,0.010465764063286495,0.8111536385272121,0.005
5,1585,3586,0.010374557554908011,0.010374557554908011,0.8135230209756378,0.005
5,1586,3587,0.010775098550289318,0.010775098550289318,0.8146334517574789,0.005
5,1587,3588,0.01077976817723393,0.01077976817723393,0.817625846471989,0.005
5,1588,3589,0.012081914994317001,0.012081914994317001,0.8168312429392459,0.005
5,1589,3590,0.011710213612658496,0.011710213612658496,0.8152283802904685,0.005
5,1590,3591,0.011677787760515439,0.011677787760515439,0.8148366434618207,0.005
5,1591,3592,0.010894217349366304,0.010894217349366304,0.8121048081345013,0.005
5,1592,3593,0.010475585674040371,0.010475585674040371,0.8126524547976267,0.005
5,1593,3594,0.013463654771537126,0.013463654771537126,0.8096691752186489,0.005
5,1594,3595,0.012694828460759647,0.012694828460759647,0.8091273494118658,0.005
5,1595,3596,0.009849207810959309,0.009849207810959309,0.8060291476753155,0.005
5,1596,3597,0.010566474923551308,0.010566474923551308,0.8114005022389578,0.005
5,1597,3598,0.010874252339049793,0.010874252339049793,0.8040638360033474,0.005
5,1598,3599,0.011611729916231819,0.011611729916231819,0.8035758866311997,0.005
5,1599,3600,0.009905806435323912,0.009905806435323912,0.8043660741522141,0.005
5,1600,3601,0.011034549551378451,0.011034549551378451,0.8112190044501709,0.005
5,1601,3602,0.010768187912221306,0.010768187912221306,0.8057742787885434,0.005
5,1602,3603,0.010573005568067867,0.010573005568067867,0.8100566436647381,0.005
5,1603,3604,0.010785937709749093,0.010785937709749093,0.8093030771573474,0.005
5,1604,3605,0.00992845535147638,0.00992845535147638,0.8113000219723233,0.005
5,1605,3606,0.010489792036450682,0.010489792036450682,0.8137394667479724,0.005
5,1606,3607,0.010014233311562778,0.010014233311562778,0.8101883110270705,0.005
5,1607,3608,0.011213969010566701,0.011213969010566701,0.8136260972105677,0.005
5,1608,3609,0.010048745799280688,0.010048745799280688,0.8124344824815661,0.005
5,1609,3610,0.009940950161923222,0.009940950161923222,0.8121903139277807,0.005
5,1610,3611,0.011874414730281186,0.011874414730281186,0.8112528224528189,0.005
5,1611,3612,0.00965706535106143,0.00965706535106143,0.8100115270593623,0.005
5,1612,3613,0.009950879196638982,0.009950879196638982,0.8090611213204607,0.005
5,1613,3614,0.009926770095943685,0.009926770095943685,0.8144868727740601,0.005
5,1614,3615,0.010039620260662177,0.010039620260662177,0.8160431068101976,0.005
5,1615,3616,0.01016994659978083,0.01016994659978083,0.8088712952309072,0.005
5,1616,3617,0.011520909268499708,0.011520909268499708,0.815007766946431,0.005
5,1617,3618,0.009917637396557002,0.009917637396557002,0.8114676564077229,0.005
5,1618,3619,0.009652782497613477,0.009652782497613477,0.8082849439482911,0.005
5,1619,3620,0.009397874738398553,0.009397874738398553,0.8131618275600824,0.005
5,1620,3621,0.014115758869367476,0.014115758869367476,0.8057069838170198,0.005
5,1621,3622,0.010154454540881755,0.010154454540881755,0.8113080412485746,0.005
5,1622,3623,0.008998059722376044,0.008998059722376044,0.806620156263046,0.005
5,1623,3624,0.009390584639502726,0.009390584639502726,0.8095626773698605,0.005
5,1624,3625,0.009280610975011674,0.009280610975011674,0.8051773238448643,0.005
5,1625,3626,0.010375243918075885,0.010375243918075885,0.8100264588017396,0.005
5,1626,3627,0.013274527202684554,0.013274527202684554,0.8096690293435641,0.005
5,1627,3628,0.009062048122113864,0.009062048122113864,0.8106185475634408,0.005
5,1628,3629,0.012503707111603847,0.012503707111603847,0.8087146544834057,0.005
5,1629,3630,0.010753393520557738,0.010753393520557738,0.8095962685148308,0.005
5,1630,3631,0.013193559672214337,0.013193559672214337,0.8096328471018649,0.005
5,1631,3632,0.01140620910147283,0.01140620910147283,0.8095942109174318,0.005
5,1632,3633,0.01044664321801302,0.01044664321801302,0.8114811711291327,0.005
5,1633,3634,0.00981863805034446,0.00981863805034446,0.8117358835902669,0.005
5,1634,3635,0.00974119473662136,0.00974119473662136,0.8095665710043372,0.005
5,1635,3636,0.010310732127879987,0.010310732127879987,0.8088704020452009,0.005
5,1636,3637,0.009436160128514191,0.009436160128514191,0.811384599504313,0.005
5,1637,3638,0.009420430430068842,0.009420430430068842,0.8090285168107486,0.005
5,1638,3639,0.009751671092005434,0.009751671092005434,0.8111837740717202,0.005
5,1639,3640,0.01064208933852446,0.01064208933852446,0.8132176833468664,0.005
5,1640,3641,0.0097071680069007,0.0097071680069007,0.8101153614925887,0.005
5,1641,3642,0.010899441957371934,0.010899441957371934,0.8099509235945993,0.005
5,1642,3643,0.011199648922504631,0.011199648922504631,0.813054862731066,0.005
5,1643,3644,0.011872364959631784,0.011872364959631784,0.8138130178346641,0.005
5,1644,3645,0.009436306360723033,0.009436306360723033,0.8108831177782043,0.005
5,1645,3646,0.009017507665329015,0.009017507665329015,0.8117727229806093,0.005
5,1646,3647,0.009174301249602241,0.009174301249602241,0.8151700425437644,0.005
5,1647,3648,0.009681839367436336,0.009681839367436336,0.8136261173928832,0.005
5,1648,3649,0.01177244193469786,0.01177244193469786,0.8104023790004754,0.005
5,1649,3650,0.009396090749307579,0.009396090749307579,0.805862098932775,0.005
5,1650,3651,0.01067235525305558,0.01067235525305558,0.8090250691933553,0.005
5,1651,3652,0.00917681346104825,0.00917681346104825,0.8062363891751995,0.005
5,1652,3653,0.011704941070461152,0.011704941070461152,0.8080101377868452,0.005
5,1653,3654,0.009852587251195567,0.009852587251195567,0.808395069192485,0.005
5,1654,3655,0.011260272970341847,0.011260272970341847,0.8079167497478295,0.005
5,1655,3656,0.01008524948072488,0.01008524948072488,0.8082263541586717,0.005
5,1656,3657,0.010221839867751681,0.010221839867751681,0.81392564531961,0.005
5,1657,3658,0.011296902265960411,0.011296902265960411,0.8095918291598648,0.005
5,1658,3659,0.009860139181505578,0.009860139181505578,0.8110889200529515,0.005
5,1659,3660,0.01056813930428309,0.01056813930428309,0.8127580492357588,0.005
5,1660,3661,0.01108429394278469,0.01108429394278469,0.8091391124273665,0.005
5,1661,3662,0.009587605985549062,0.009587605985549062,0.8120104858552611,0.005
5,1662,3663,0.010687737712548917,0.010687737712548917,0.8101455954517819,0.005
5,1663,3664,0.009801375511732048,0.009801375511732048,0.8108521044473722,0.005
5,1664,3665,0.009299012962295551,0.009299012962295551,0.8091061036681603,0.005
5,1665,3666,0.014005050682961661,0.014005050682961661,0.8071055509382874,0.005
5,1666,3667,0.011207213517658274,0.011207213517658274,0.810948357085476,0.005
5,1667,3668,0.0118767612375468,0.0118767612375468,0.8114668081551563,0.005
5,1668,3669,0.01022176966091077,0.01022176966091077,0.8060807201649975,0.005
5,1669,3670,0.011061369681965196,0.011061369681965196,0.8114046474557917,0.005
5,1670,3671,0.01241716366696713,0.01241716366696713,0.8093491814505951,0.005
5,1671,3672,0.011932856103281644,0.011932856103281644,0.8155160366218274,0.005
5,1672,3673,0.01120749776494631,0.01120749776494631,0.8111706583628467,0.005
5,1673,3674,0.013276488545629548,0.013276488545629548,0.8159872151592134,0.005
5,1674,3675,0.010400315538218621,0.010400315538218621,0.8148418349909741,0.005
5,1675,3676,0.01114449063225072,0.01114449063225072,0.8118503633459592,0.005
5,1676,3677,0.011332427543916786,0.011332427543916786,0.8152873920532555,0.005
5,1677,3678,0.00905915211237543,0.00905915211237543,0.8115153760048319,0.005
5,1678,3679,0.010159966850945269,0.010159966850945269,0.8094175301108807,0.005
5,1679,3680,0.011151633864127205,0.011151633864127205,0.8112845079473999,0.005
5,1680,3681,0.00958968258647461,0.00958968258647461,0.8071009340015937,0.005
5,1681,3682,0.010579514541883706,0.010579514541883706,0.8121460303819755,0.005
5,1682,3683,0.00942421790207842,0.00942421790207842,0.8136490865435939,0.005
5,1683,3684,0.011170764149116818,0.011170764149116818,0.8085722617253308,0.005
5,1684,3685,0.00973250219208015,0.00973250219208015,0.8119827489300854,0.005
5,1685,3686,0.009743153916274505,0.009743153916274505,0.8062216868845828,0.005
5,1686,3687,0.01139124792287499,0.01139124792287499,0.808751760585132,0.005
5,1687,3688,0.012526607968537391,0.012526607968537391,0.8128029208625606,0.005
5,1688,3689,0.009835381638863029,0.009835381638863029,0.8079957851698668,0.005
5,1689,3690,0.009561136593852174,0.009561136593852174,0.8143472895220246,0.005
5,1690,3691,0.010065824551749234,0.010065824551749234,0.8109536466406057,0.005
5,1691,3692,0.011948540216263662,0.011948540216263662,0.80286284656879,0.005
5,1692,3693,0.00961552796210811,0.00961552796210811,0.8097912289919449,0.005
5,1693,3694,0.010112182209198598,0.010112182209198598,0.8089861157810643,0.005
5,1694,3695,0.010736246737037273,0.010736246737037273,0.812003967481512,0.005
5,1695,3696,0.01117927286748022,0.01117927286748022,0.8086904522262746,0.005
5,1696,3697,0.009126071635058918,0.009126071635058918,0.8091592980854448,0.005
5,1697,3698,0.011611755420330935,0.011611755420330935,0.8091440952829727,0.005
5,1698,3699,0.011127793961510838,0.011127793961510838,0.8067327841252578,0.005
5,1699,3700,0.00953150972619265,0.00953150972619265,0.8097335752279785,0.005
5,1700,3701,0.010909013262449896,0.010909013262449896,0.8089841092649549,0.005
5,1701,3702,0.009810711636844702,0.009810711636844702,0.8113061845017028,0.005
5,1702,3703,0.009683061598689464,0.009683061598689464,0.8055458612745096,0.005
5,1703,3704,0.010229520447167292,0.010229520447167292,0.807561321577061,0.005
5,1704,3705,0.01070575022527671,0.01070575022527671,0.8124941232634074,0.005
5,1705,3706,0.010930904160206676,0.010930904160206676,0.8169650802831596,0.005
5,1706,3707,0.011416560991176423,0.011416560991176423,0.8113391584177132,0.005
5,1707,3708,0.011078083191492005,0.011078083191492005,0.8149519619610246,0.005
5,1708,3709,0.009936855188247506,0.009936855188247506,0.8114677671197926,0.005
5,1709,3710,0.011778410093973103,0.011778410093973103,0.8120026472477717,0.005
5,1710,3711,0.009109234679274835,0.009109234679274835,0.8123623448043207,0.005
5,1711,3712,0.013105274361374552,0.013105274361374552,0.8136752993900862,0.005
5,1712,3713,0.012871415592205615,0.012871415592205615,0.812398972800122,0.005
5,1713,3714,0.009151107774400705,0.009151107774400705,0.8118630389183653,0.005
5,1714,3715,0.009525994258104846,0.009525994258104846,0.8093228897254477,0.005
5,1715,3716,0.010310275087665507,0.010310275087665507,0.8137404502947899,0.005
5,1716,3717,0.010208945639012448,0.010208945639012448,0.8092900430878616,0.005
5,1717,3718,0.010678669207383983,0.010678669207383983,0.8089470664187292,0.005
5,1718,3719,0.011101585165929307,0.011101585165929307,0.813134833464477,0.005
5,1719,3720,0.010849322298259162,0.010849322298259162,0.8152155114774152,0.005
5,1720,3721,0.009900699275088073,0.009900699275088073,0.8092514489772065,0.005
5,1721,3722,0.011323021628098154,0.011323021628098154,0.8119510454107131,0.005
5,1722,3723,0.009998118126849111,0.009998118126849111,0.8100414435008847,0.005
5,1723,3724,0.010635005167187782,0.010635005167187782,0.8111750814840701,0.005
5,1724,3725,0.008958466457690701,0.008958466457690701,0.8079253525031121,0.005
5,1725,3726,0.011892434065779587,0.011892434065779587,0.8093977010284787,0.005
5,1726,3727,0.012220107789229304,0.012220107789229304,0.8114902925477533,0.005
5,1727,3728,0.010392092965412394,0.010392092965412394,0.8116330519809298,0.005
5,1728,3729,0.00951007833399761,0.00951007833399761,0.8091599977513113,0.005
5,1729,3730,0.010702668160234671,0.010702668160234671,0.8129490789299215,0.005
5,1730,3731,0.009034422951432464,0.009034422951432464,0.8099623235681093,0.005
5,1731,3732,0.009638617516247993,0.009638617516247993,0.8110882403794576,0.005
5,1732,3733,0.00962611031890528,0.00962611031890528,0.8134345315205599,0.005
5,1733,3734,0.01032043427834081,0.01032043427834081,0.8067395978554557,0.005
5,1734,3735,0.01002501683695992,0.01002501683695992,0.8075183312554004,0.005
5,1735,3736,0.009521561149377314,0.009521561149377314,0.8121563071250469,0.005
5,1736,3737,0.010010534080791975,0.010010534080791975,0.8091226651305513,0.005
5,1737,3738,0.011918664532041235,0.011918664532041235,0.8069429150750049,0.005
5,1738,3739,0.010609691726235456,0.010609691726235456,0.8082252931772762,0.005
5,1739,3740,0.011404280068044712,0.011404280068044712,0.8141985102758682,0.005
5,1740,3741,0.009376729534200172,0.009376729534200172,0.8111355416799044,0.005
5,1741,3742,0.010964229154774265,0.010964229154774265,0.8133003100696813,0.005
5,1742,3743,0.013409813927332932,0.013409813927332932,0.809548288378724,0.005
5,1743,3744,0.010626984475468615,0.010626984475468615,0.8103921388082502,0.005
5,1744,3745,0.012709532856663947,0.012709532856663947,0.809841195042866,0.005
5,1745,3746,0.012146817390197715,0.012146817390197715,0.8086762194458768,0.005
5,1746,3747,0.010125018766440216,0.010125018766440216,0.8137268911264702,0.005
5,1747,3748,0.009664118391210818,0.009664118391210818,0.8077890128079466,0.005
5,1748,3749,0.009106663542587292,0.009106663542587292,0.8113649552164417,0.005
5,1749,3750,0.012502020655523909,0.012502020655523909,0.808247160300525,0.005
5,1750,3751,0.013352579203304585,0.013352579203304585,0.8195696524692547,0.005
5,1751,3752,0.009491062283315956,0.009491062283315956,0.8104722782012583,0.005
5,1752,3753,0.010403308091331036,0.010403308091331036,0.8117195342460723,0.005
5,1753,3754,0.009416937046687921,0.009416937046687921,0.8092883900532658,0.005
5,1754,3755,0.010443392440940185,0.010443392440940185,0.8157766946818769,0.005
5,1755,3756,0.011252077471652149,0.011252077471652149,0.8129087749888401,0.005
5,1756,3757,0.00927049589151932,0.00927049589151932,0.8107308723837431,0.005
5,1757,3758,0.00970365982358793,0.00970365982358793,0.8128334982262739,0.005
5,1758,3759,0.010242883771754321,0.010242883771754321,0.8080598283827989,0.005
5,1759,3760,0.01210158679118813,0.01210158679118813,0.8112718085292724,0.005
5,1760,3761,0.010395896753326424,0.010395896753326424,0.8078531012520355,0.005
5,1761,3762,0.011562379531634904,0.011562379531634904,0.8107550878803598,0.005
5,1762,3763,0.009983234190160358,0.009983234190160358,0.8123703570440278,0.005
5,1763,3764,0.009097672432913137,0.009097672432913137,0.8092659559722474,0.005
5,1764,3765,0.010893520155043888,0.010893520155043888,0.814700056258234,0.005
5,1765,3766,0.009942095523800824,0.009942095523800824,0.8085920298068644,0.005
5,1766,3767,0.010769564046884405,0.010769564046884405,0.8153958392429097,0.005
5,1767,3768,0.01142715904808273,0.01142715904808273,0.8111189351008562,0.005
5,1768,3769,0.009125255251232934,0.009125255251232934,0.8115945165612859,0.005
5,1769,3770,0.008632566078835498,0.008632566078835498,0.8128383112861529,0.005
5,1770,3771,0.009405966204335163,0.009405966204335163,0.8069805324317832,0.005
5,1771,3772,0.010948437365919841,0.010948437365919841,0.8105876825063355,0.005
5,1772,3773,0.009786735221108529,0.009786735221108529,0.8086384739857561,0.005
5,1773,3774,0.010478901990437207,0.010478901990437207,0.8102042716990934,0.005
5,1774,3775,0.011287110348894305,0.011287110348894305,0.811809833539767,0.005
5,1775,3776,0.010928430204030865,0.010928430204030865,0.8072124361367762,0.005
5,1776,3777,0.009488027086193757,0.009488027086193757,0.8050120737714935,0.005
5,1777,3778,0.010009590227816131,0.010009590227816131,0.8061729633094521,0.005
5,1778,3779,0.011519667702185614,0.011519667702185614,0.8104231288757899,0.005
5,1779,3780,0.010984302216600513,0.010984302216600513,0.8109861488657509,0.005
5,1780,3781,0.010095292113390903,0.010095292113390903,0.8147973336090175,0.005
5,1781,3782,0.010811158201371913,0.010811158201371913,0.8103419634908706,0.005
5,1782,3783,0.011033830548468994,0.011033830548468994,0.8105000484770091,0.005
5,1783,3784,0.010031758200695837,0.010031758200695837,0.8123990488032421,0.005
5,1784,3785,0.011152273593966956,0.011152273593966956,0.818151125820748,0.005
5,1785,3786,0.013497947081369518,0.013497947081369518,0.8103290070087581,0.005
5,1786,3787,0.009985386651362473,0.009985386651362473,0.8154447958540832,0.005
5,1787,3788,0.012377639484077847,0.012377639484077847,0.8107375773170263,0.005
5,1788,3789,0.012203084190627746,0.012203084190627746,0.8107120841511916,0.005
5,1789,3790,0.010673288480514957,0.010673288480514957,0.8065038216693619,0.005
5,1790,3791,0.009622937049538885,0.009622937049538885,0.8052698184192416,0.005
5,1791,3792,0.01065287656920677,0.01065287656920677,0.8110028999701053,0.005
5,1792,3793,0.01155006329023891,0.01155006329023891,0.8050598492454973,0.005
5,1793,3794,0.009891034537517829,0.009891034537517829,0.8080425463129128,0.005
5,1794,3795,0.010288366018096327,0.010288366018096327,0.8137843472062402,0.005
5,1795,3796,0.013869841816302408,0.013869841816302408,0.8107477341197706,0.005
5,1796,3797,0.012667474162612637,0.012667474162612637,0.8117648158685752,0.005
5,1797,3798,0.01318501455541895,0.01318501455541895,0.8128063038335568,0.005
5,1798,3799,0.010837806919956408,0.010837806919956408,0.8066999433085795,0.005
5,1799,3800,0.011272722572337794,0.011272722572337794,0.8139345589546656,0.005
5,1800,3801,0.010599644083260997,0.010599644083260997,0.8120119302877582,0.005
5,1801,3802,0.01075833089404475,0.01075833089404475,0.8080652075120474,0.005
5,1802,3803,0.01110288244496822,0.01110288244496822,0.8136225207026759,0.005
5,1803,3804,0.012865310628784947,0.012865310628784947,0.8111892688393436,0.005
5,1804,3805,0.011984620655934506,0.011984620655934506,0.8150773729146913,0.005
5,1805,3806,0.010515473507936348,0.010515473507936348,0.8093016617950612,0.005
5,1806,3807,0.011114861283296688,0.011114861283296688,0.8130151840404067,0.005
5,1807,3808,0.011408735788095703,0.011408735788095703,0.8161310186707244,0.005
5,1808,3809,0.011895868703224191,0.011895868703224191,0.8121334038301266,0.005
5,1809,3810,0.010911938514274976,0.010911938514274976,0.8155321795550701,0.005
5,1810,3811,0.010133381626618712,0.010133381626618712,0.8140208605374666,0.005
5,1811,3812,0.009887211796083917,0.009887211796083917,0.8112666427158526,0.005
5,1812,3813,0.009970618748481302,0.009970618748481302,0.8133374621656505,0.005
5,1813,3814,0.009756146709920747,0.009756146709920747,0.8143121441473401,0.005
5,1814,3815,0.013397041555315476,0.013397041555315476,0.808886148675419,0.005
5,1815,3816,0.010714321203922714,0.010714321203922714,0.8064709199507956,0.005
5,1816,3817,0.010666818754997169,0.010666818754997169,0.8118495507049711,0.005
5,1817,3818,0.010522754475549392,0.010522754475549392,0.8139930335933713,0.005
5,1818,3819,0.011264410533639939,0.011264410533639939,0.8090815426308193,0.005
5,1819,3820,0.00983308292308178,0.00983308292308178,0.8097944612444938,0.005
5,1820,3821,0.015437430673592264,0.015437430673592264,0.8103316138294431,0.005
5,1821,3822,0.009547463285981363,0.009547463285981363,0.8096099723174001,0.005
5,1822,3823,0.010237525391766502,0.010237525391766502,0.8105553963596629,0.005
5,1823,3824,0.010766387664945276,0.010766387664945276,0.8095819999069842,0.005
5,1824,3825,0.00998276027362519,0.00998276027362519,0.8100841491506066,0.005
5,1825,3826,0.010369192681690741,0.010369192681690741,0.8123124530167519,0.005
5,1826,3827,0.011915597746461129,0.011915597746461129,0.8094413207176606,0.005
5,1827,3828,0.01259878439027455,0.01259878439027455,0.807742616666681,0.005
5,1828,3829,0.012550890458500564,0.012550890458500564,0.8115585917951453,0.005
5,1829,3830,0.010594798756699726,0.010594798756699726,0.8094479935176373,0.005
5,1830,3831,0.009495951841446106,0.009495951841446106,0.807652317772307,0.005
5,1831,3832,0.010949965209911748,0.010949965209911748,0.8151658927503939,0.005
5,1832,3833,0.009346341844338947,0.009346341844338947,0.8150260920686431,0.005
5,1833,3834,0.00981090339667122,0.00981090339667122,0.8128490125327099,0.005
5,1834,3835,0.015461264012793477,0.015461264012793477,0.8107226806658336,0.005
5,1835,3836,0.010128506691973339,0.010128506691973339,0.8094060510033414,0.005
5,1836,3837,0.009731805499218649,0.009731805499218649,0.8139455593643072,0.005
5,1837,3838,0.010723805031750244,0.010723805031750244,0.8148435311536792,0.005
5,1838,3839,0.01026081402342112,0.01026081402342112,0.8150194669084201,0.005
5,1839,3840,0.010264650899019366,0.010264650899019366,0.8111502157906268,0.005
5,1840,3841,0.011404688722668234,0.011404688722668234,0.8085027041739205,0.005
5,1841,3842,0.01005921352150986,0.01005921352150986,0.8084737804496186,0.005
5,1842,3843,0.009541695210078445,0.009541695210078445,0.8080061408562111,0.005
5,1843,3844,0.011339658665899137,0.011339658665899137,0.8128003278959194,0.005
5,1844,3845,0.009978279779597393,0.009978279779597393,0.805898086279936,0.005
5,1845,3846,0.009626760960839698,0.009626760960839698,0.8094162267227074,0.005
5,1846,3847,0.012976102713237594,0.012976102713237594,0.8097312549700753,0.005
5,1847,3848,0.00929939882147629,0.00929939882147629,0.808918656899201,0.005
5,1848,3849,0.011599408243437907,0.011599408243437907,0.8102156107372327,0.005
5,1849,3850,0.010511492923946444,0.010511492923946444,0.8109330472398215,0.005
5,1850,3851,0.010107702671566523,0.010107702671566523,0.8073651970975761,0.005
5,1851,3852,0.010501508801885027,0.010501508801885027,0.8097524314381191,0.005
5,1852,3853,0.010885098078899796,0.010885098078899796,0.8129528334530582,0.005
5,1853,3854,0.01157440138497362,0.01157440138497362,0.8079485422132101,0.005
5,1854,3855,0.009162347663733934,0.009162347663733934,0.8124468512687948,0.005
5,1855,3856,0.01129560731896815,0.01129560731896815,0.8113412866149519,0.005
5,1856,3857,0.009948627100625948,0.009948627100625948,0.8116023862824935,0.005
5,1857,3858,0.009679469716283338,0.009679469716283338,0.806667502756427,0.005
5,1858,3859,0.009356670491083196,0.009356670491083196,0.8121760887790159,0.005
5,1859,3860,0.009888925377263725,0.009888925377263725,0.8062979180048557,0.005
5,1860,3861,0.0103565218853497,0.0103565218853497,0.8095221250878165,0.005
5,1861,3862,0.011184533745771993,0.011184533745771993,0.8091617974761259,0.005
5,1862,3863,0.009587321505755112,0.009587321505755112,0.8139447912026727,0.005
5,1863,3864,0.009382046594240134,0.009382046594240134,0.810164525860199,0.005
5,1864,3865,0.010293398931999676,0.010293398931999676,0.8104553330048726,0.005
5,1865,3866,0.010764573502835974,0.010764573502835974,0.80457953039647,0.005
5,1866,3867,0.011001900023362373,0.011001900023362373,0.815256137216897,0.005
5,1867,3868,0.010256842375555311,0.010256842375555311,0.8106881313990806,0.005
5,1868,3869,0.013477631591490229,0.013477631591490229,0.814656262887755,0.005
5,1869,3870,0.00915540963849426,0.00915540963849426,0.8127241840617386,0.005
5,1870,3871,0.009366075357918086,0.009366075357918086,0.8062456697422168,0.005
5,1871,3872,0.010778091000628239,0.010778091000628239,0.8125464843337886,0.005
5,1872,3873,0.010525084715492284,0.010525084715492284,0.8088953151193498,0.005
5,1873,3874,0.010977211157113375,0.010977211157113375,0.8079693359621114,0.005
5,1874,3875,0.010842205978574708,0.010842205978574708,0.8148226471140843,0.005
5,1875,3876,0.010067274246931105,0.010067274246931105,0.8105274333620562,0.005
5,1876,3877,0.009162025095000272,0.009162025095000272,0.8105232494047728,0.005
5,1877,3878,0.009686431761897103,0.009686431761897103,0.8095184793147433,0.005
5,1878,3879,0.009662641527752782,0.009662641527752782,0.810289165452033,0.005
5,1879,3880,0.012500018784520724,0.012500018784520724,0.8117069900361666,0.005
5,1880,3881,0.009417848697048259,0.009417848697048259,0.8125733429187263,0.005
5,1881,3882,0.01034190445316946,0.01034190445316946,0.8117337850744696,0.005
5,1882,3883,0.014836258253388069,0.014836258253388069,0.8120920649975523,0.005
5,1883,3884,0.010590369817994298,0.010590369817994298,0.8053394283352822,0.005
5,1884,3885,0.01110275786408911,0.01110275786408911,0.8045659606615931,0.005
5,1885,3886,0.011397518512599437,0.011397518512599437,0.8102574018995239,0.005
5,1886,3887,0.010023383530492841,0.010023383530492841,0.8113846859799437,0.005
5,1887,3888,0.009863092267794183,0.009863092267794183,0.8094029160596568,0.005
5,1888,3889,0.009379015053613772,0.009379015053613772,0.8085075440710788,0.005
5,1889,3890,0.009374409341871146,0.009374409341871146,0.8145951822203681,0.005
5,1890,3891,0.008993547894182965,0.008993547894182965,0.8100689750764056,0.005
5,1891,3892,0.012043306778154812,0.012043306778154812,0.81337903708689,0.005
5,1892,3893,0.008928857828409754,0.008928857828409754,0.8127464615355074,0.005
5,1893,3894,0.009665835514368986,0.009665835514368986,0.8084152560719302,0.005
5,1894,3895,0.012138614274880166,0.012138614274880166,0.8077576860240195,0.005
5,1895,3896,0.00948143508584601,0.00948143508584601,0.8137154495070692,0.005
5,1896,3897,0.009760795870723366,0.009760795870723366,0.8079350309648597,0.005
5,1897,3898,0.010460275636952735,0.010460275636952735,0.812938394523098,0.005
5,1898,3899,0.010288215997533696,0.010288215997533696,0.8099562168705879,0.005
5,1899,3900,0.009412532053563639,0.009412532053563639,0.8109792558636204,0.005
5,1900,3901,0.01041917594283977,0.01041917594283977,0.808527353449886,0.005
5,1901,3902,0.008824564337408934,0.008824564337408934,0.811474762034181,0.005
5,1902,3903,0.011487245376257928,0.011487245376257928,0.8081485834869926,0.005
5,1903,3904,0.01231682978184082,0.01231682978184082,0.8099548925656843,0.005
5,1904,3905,0.009023101909594974,0.009023101909594974,0.8092628819379051,0.005
5,1905,3906,0.0117022684075965,0.0117022684075965,0.8131225065948966,0.005
5,1906,3907,0.010017519705222147,0.010017519705222147,0.8076720122591629,0.005
5,1907,3908,0.01027550181567224,0.01027550181567224,0.8059668388784165,0.005
5,1908,3909,0.010378437787042297,0.010378437787042297,0.8117601846454967,0.005
5,1909,3910,0.010090715293621252,0.010090715293621252,0.8134572250091284,0.005
5,1910,3911,0.009622946117850138,0.009622946117850138,0.8114911427664165,0.005
5,1911,3912,0.009480004479632782,0.009480004479632782,0.8077675595573063,0.005
5,1912,3913,0.012833191785572438,0.012833191785572438,0.8162670797511137,0.005
5,1913,3914,0.01025062634327215,0.01025062634327215,0.8104506569363411,0.005
5,1914,3915,0.011044705961015807,0.011044705961015807,0.8115163791061052,0.005
5,1915,3916,0.012055428161940974,0.012055428161940974,0.8103129520243054,0.005
5,1916,3917,0.010123221179375808,0.010123221179375808,0.8117011600227197,0.005
5,1917,3918,0.009926254803304974,0.009926254803304974,0.8095771201450507,0.005
5,1918,3919,0.00940951196724222,0.00940951196724222,0.8111842658081029,0.005
5,1919,3920,0.011111257189860637,0.011111257189860637,0.8139039279339404,0.005
5,1920,3921,0.011329101071276448,0.011329101071276448,0.8056899712089793,0.005
5,1921,3922,0.010441476840888034,0.010441476840888034,0.8103725417488324,0.005
5,1922,3923,0.00973984095436589,0.00973984095436589,0.8072730786240169,0.005
5,1923,3924,0.010455051358131807,0.010455051358131807,0.8125829387131912,0.005
5,1924,3925,0.012068174630903448,0.012068174630903448,0.8066119956053052,0.005
5,1925,3926,0.010728646664747757,0.010728646664747757,0.8091365031188198,0.005
5,1926,3927,0.011422028762510967,0.011422028762510967,0.8071312570000465,0.005
5,1927,3928,0.010577232824083991,0.010577232824083991,0.8103757600370977,0.005
5,1928,3929,0.00975602880288492,0.00975602880288492,0.8163862225838256,0.005
5,1929,3930,0.00951111246929356,0.00951111246929356,0.8150068941657818,0.005
5,1930,3931,0.012239808707869164,0.012239808707869164,0.8137069176517829,0.005
5,1931,3932,0.009367920329535186,0.009367920329535186,0.8086428397503667,0.005
5,1932,3933,0.009638888513966984,0.009638888513966984,0.810515771470005,0.005
5,1933,3934,0.009423248768720412,0.009423248768720412,0.8085185821303507,0.005
5,1934,3935,0.01039581519919797,0.01039581519919797,0.809083558711757,0.005
5,1935,3936,0.011676368891331841,0.011676368891331841,0.8075059486487006,0.005
5,1936,3937,0.009557406107769617,0.009557406107769617,0.8124855791070155,0.005
5,1937,3938,0.014395699173259146,0.014395699173259146,0.8093678700580329,0.005
5,1938,3939,0.009694078959364017,0.009694078959364017,0.8036817592851309,0.005
5,1939,3940,0.010402416602299215,0.010402416602299215,0.8066544064323569,0.005
5,1940,3941,0.009995060429156644,0.009995060429156644,0.8101239598637072,0.005
5,1941,3942,0.010250392473218692,0.010250392473218692,0.8078929375928449,0.005
5,1942,3943,0.01004549873132387,0.01004549873132387,0.8094694974390907,0.005
5,1943,3944,0.010065977283700083,0.010065977283700083,0.8097774731642703,0.005
5,1944,3945,0.010723401900862725,0.010723401900862725,0.809517557956981,0.005
5,1945,3946,0.010551830338007374,0.010551830338007374,0.8129404788072436,0.005
5,1946,3947,0.00956034642452859,0.00956034642452859,0.8079702092681593,0.005
5,1947,3948,0.009913889100647413,0.009913889100647413,0.8151191724497653,0.005
5,1948,3949,0.009351575252390651,0.009351575252390651,0.8125693083087967,0.005
5,1949,3950,0.010087639808738585,0.010087639808738585,0.8172160800350483,0.005
5,1950,3951,0.012001177464603156,0.012001177464603156,0.8126138301587001,0.005
5,1951,3952,0.010753672711038902,0.010753672711038902,0.8112587690594854,0.005
5,1952,3953,0.009998347035911445,0.009998347035911445,0.8142575590516131,0.005
5,1953,3954,0.010968977026128778,0.010968977026128778,0.8077582249393718,0.005
5,1954,3955,0.011705005016244625,0.011705005016244625,0.8102908652617639,0.005
5,1955,3956,0.01020623537466022,0.01020623537466022,0.8088917351362942,0.005
5,1956,3957,0.010320524371031217,0.010320524371031217,0.808926327679492,0.005
5,1957,3958,0.01023700256565484,0.01023700256565484,0.8076904743120374,0.005
5,1958,3959,0.00958405803213382,0.00958405803213382,0.8101718009658022,0.005
5,1959,3960,0.01192243772588937,0.01192243772588937,0.8082441079698951,0.005
5,1960,3961,0.009504394765344669,0.009504394765344669,0.8107127728835709,0.005
5,1961,3962,0.012167642307877417,0.012167642307877417,0.8129211189979361,0.005
5,1962,3963,0.010489089224097067,0.010489089224097067,0.808532755655063,0.005
5,1963,3964,0.010856292221099507,0.010856292221099507,0.8119093170496575,0.005
5,1964,3965,0.011563968231619419,0.011563968231619419,0.8123748086273372,0.005
5,1965,3966,0.00943610528547282,0.00943610528547282,0.8088635096143723,0.005
5,1966,3967,0.011881264670026488,0.011881264670026488,0.8117647013536908,0.005
5,1967,3968,0.009929966733869037,0.009929966733869037,0.8093322556607926,0.005
5,1968,3969,0.01201962151837718,0.01201962151837718,0.8127319557665997,0.005
5,1969,3970,0.009718709574025855,0.009718709574025855,0.8104449168602414,0.005
5,1970,3971,0.010068540823785633,0.010068540823785633,0.8072105959720814,0.005
5,1971,3972,0.009027932271056947,0.009027932271056947,0.8096756705599204,0.005
5,1972,3973,0.009840483107438083,0.009840483107438083,0.809945672907868,0.005
5,1973,3974,0.009477692033025675,0.009477692033025675,0.8078170866156511,0.005
5,1974,3975,0.01079898203466504,0.01079898203466504,0.8130967767219054,0.005
5,1975,3976,0.012505903014742418,0.012505903014742418,0.8121350200838124,0.005
5,1976,3977,0.010807243687697168,0.010807243687697168,0.8106281896089519,0.005
5,1977,3978,0.010746514735612517,0.010746514735612517,0.8134378316154982,0.005
5,1978,3979,0.011707702783801198,0.011707702783801198,0.8167487584682193,0.005
5,1979,3980,0.009556336786885021,0.009556336786885021,0.8085488736799725,0.005
5,1980,3981,0.009291791187177715,0.009291791187177715,0.8110123815200843,0.005
5,1981,3982,0.01101950520124618,0.01101950520124618,0.8111528882996889,0.005
5,1982,3983,0.0096591292614872,0.0096591292614872,0.8076815174122348,0.005
5,1983,3984,0.009382416510005999,0.009382416510005999,0.8092868735898133,0.005
5,1984,3985,0.011805108431943413,0.011805108431943413,0.8056793607565597,0.005
5,1985,3986,0.010479420589939208,0.010479420589939208,0.8082914622543788,0.005
5,1986,3987,0.011634929624476112,0.011634929624476112,0.8104916313062621,0.005
5,1987,3988,0.009285035352913192,0.009285035352913192,0.8054815995983025,0.005
5,1988,3989,0.011720030514580194,0.011720030514580194,0.8038234257855864,0.005
5,1989,3990,0.012581111165422577,0.012581111165422577,0.8113182613874654,0.005
5,1990,3991,0.009989152821535304,0.009989152821535304,0.8080441535215267,0.005
5,1991,3992,0.009825125032243549,0.009825125032243549,0.8111419006320243,0.005
5,1992,3993,0.010323815019138313,0.010323815019138313,0.8119056411050083,0.005
5,1993,3994,0.01147477558329523,0.01147477558329523,0.8115964495695025,0.005
5,1994,3995,0.013546226511033387,0.013546226511033387,0.8110406522193605,0.005
5,1995,3996,0.010206235217389996,0.010206235217389996,0.8123705929476405,0.005
5,1996,3997,0.009379053809159325,0.009379053809159325,0.8128238819630331,0.005
5,1997,3998,0.010447057555731911,0.010447057555731911,0.8140072225195805,0.005
5,1998,3999,0.009124569238017409,0.009124569238017409,0.8151309781617238,0.005
5,1999,4000,0.010208087211923799,0.010208087211923799,0.8100534232929467,0.005
5,2000,4001,0.012053545408555645,0.012053545408555645,0.8137545241290143,0.005
4,0,4002,0.11625927885481202,0.11625927885481202,0.6341137315097658,0.005
4,1,4003,0.12356444169533033,0.12356444169533033,0.6352496541204282,0.005
4,2,4004,0.11282001643517123,0.11282001643517123,0.6350594849896448,0.005
4,3,4005,0.12083365669247237,0.12083365669247237,0.6398564390603979,0.005
4,4,4006,0.08681559290663861,0.08681559290663861,0.6476414326591173,0.005
4,5,4007,0.09161549712172701,0.09161549712172701,0.6443756556115902,0.005
4,6,4008,0.08566747346519017,0.08566747346519017,0.6489514982924578,0.005
4,7,4009,0.08835427945850233,0.08835427945850233,0.6460170375124166,0.005
4,8,4010,0.09309230033037491,0.09309230033037491,0.6468427510178952,0.005
4,9,4011,0.07619027545536435,0.07619027545536435,0.6515686848762593,0.005
4,10,4012,0.0786256731091684,0.0786256731091684,0.650161471704748,0.005
4,11,4013,0.06788986469425065,0.06788986469425065,0.6529884927424259,0.005
4,12,4014,0.060190695094014146,0.060190695094014146,0.6594128075669554,0.005
4,13,4015,0.06213993872530089,0.06213993872530089,0.6628713890662123,0.005
4,14,4016,0.0585595136225686,0.0585595136225686,0.6557376273595636,0.005
4,15,4017,0.05386791543010437,0.05386791543010437,0.6516016310846976,0.005
4,16,4018,0.06202071716014111,0.06202071716014111,0.6558895303970157,0.005
4,17,4019,0.050366742719523044,0.050366742719523044,0.6599895152251236,0.005
4,18,4020,0.04612830558116443,0.04612830558116443,0.6573101641300096,0.005
4,19,4021,0.048385101867411656,0.048385101867411656,0.6607803848272022,0.005
4,20,4022,0.04706449160260455,0.04706449160260455,0.6590117486849566,0.005
4,21,4023,0.04907182031316412,0.04907182031316412,0.6589021924602667,0.005
4,22,4024,0.05019701451395743,0.05019701451395743,0.6622206529786603,0.005
4,23,4025,0.041738579096607095,0.041738579096607095,0.6556166749005424,0.005
4,24,4026,0.041043421187156495,0.041043421187156495,0.6514302239683036,0.005
4,25,4027,0.048662239979807606,0.048662239979807606,0.663504670476225,0.005
4,26,4028,0.0470664279284653,0.0470664279284653,0.6575414309856277,0.005
4,27,4029,0.04260607290615659,0.04260607290615659,0.6556601780274137,0.005
4,28,4030,0.04310328017531685,0.04310328017531685,0.6565901040671859,0.005
4,29,4031,0.044397546607596435,0.044397546607596435,0.6560255422800485,0.005
4,30,4032,0.03879650109462722,0.03879650109462722,0.6647725964849865,0.005
4,31,4033,0.047129036894252754,0.047129036894252754,0.6622868913429604,0.005
4,32,4034,0.035052549544196246,0.035052549544196246,0.6573459380147111,0.005
4,33,4035,0.04165217070210174,0.04165217070210174,0.6502452420900176,0.005
4,34,4036,0.037932531413610915,0.037932531413610915,0.6573611362292874,0.005
4,35,4037,0.03703190353326399,0.03703190353326399,0.6601395157404857,0.005
4,36,4038,0.04290329211692967,0.04290329211692967,0.6631945529477635,0.005
4,37,4039,0.03854134843593609,0.03854134843593609,0.6551016140181888,0.005
4,38,4040,0.03367011614187633,0.03367011614187633,0.6647777601957078,0.005
4,39,4041,0.04063185216775829,0.04063185216775829,0.6617242934105237,0.005
4,40,4042,0.048907285009449644,0.048907285009449644,0.6587210375773028,0.005
4,41,4043,0.0361096083190084,0.0361096083190084,0.654808521189682,0.005
4,42,4044,0.037497020584520965,0.037497020584520965,0.6626338318835393,0.005
4,43,4045,0.03044881585510122,0.03044881585510122,0.6634146376200261,0.005
4,44,4046,0.029641930889060544,0.029641930889060544,0.6567257088631379,0.005
4,45,4047,0.03556279744677335,0.03556279744677335,0.6525698444092721,0.005
4,46,4048,0.030450974290705635,0.030450974290705635,0.660706661897524,0.005
4,47,4049,0.03330757286426004,0.03330757286426004,0.6670703011780296,0.005
4,48,4050,0.027319618943333672,0.027319618943333672,0.663545204399097,0.005
4,49,4051,0.032977936805092596,0.032977936805092596,0.6640028050464353,0.005
4,50,4052,0.03007265401602066,0.03007265401602066,0.6618991206219861,0.005
4,51,4053,0.026044508443297545,0.026044508443297545,0.6522274000889102,0.005
4,52,4054,0.029331990867290415,0.029331990867290415,0.6578046083283006,0.005
4,53,4055,0.02800900983089509,0.02800900983089509,0.6592003659605457,0.005
4,54,4056,0.028319386865638698,0.028319386865638698,0.6610355798619382,0.005
4,55,4057,0.030664968024014642,0.030664968024014642,0.6563743468342984,0.005
4,56,4058,0.03130871563920207,0.03130871563920207,0.6554568305702393,0.005
4,57,4059,0.03204337948104928,0.03204337948104928,0.6533842914871804,0.005
4,58,4060,0.028283122312104544,0.028283122312104544,0.6576403475322529,0.005
4,59,4061,0.0287083308229889,0.0287083308229889,0.6580093813736263,0.005
4,60,4062,0.027962587823979458,0.027962587823979458,0.6522644414176204,0.005
4,61,4063,0.02688514104508967,0.02688514104508967,0.6555413911571651,0.005
4,62,4064,0.030778249464609206,0.030778249464609206,0.6580209089118847,0.005
4,63,4065,0.031133521320309346,0.031133521320309346,0.6614465340020707,0.005
4,64,4066,0.030931286973813296,0.030931286973813296,0.6554688596061198,0.005
4,65,4067,0.02632296787795062,0.02632296787795062,0.659650242504395,0.005
4,66,4068,0.025271195088630582,0.025271195088630582,0.6507232459444698,0.005
4,67,4069,0.030366996288443852,0.030366996288443852,0.6527077205065959,0.005
4,68,4070,0.025316524054826012,0.025316524054826012,0.659887873051912,0.005
4,69,4071,0.02736288874204943,0.02736288874204943,0.6597324974901081,0.005
4,70,4072,0.024979748662960873,0.024979748662960873,0.6574252331401442,0.005
4,71,4073,0.027286288201927605,0.027286288201927605,0.6564583007018976,0.005
4,72,4074,0.02552834851093167,0.02552834851093167,0.6609727335004951,0.005
4,73,4075,0.025069573026254597,0.025069573026254597,0.6637035007678669,0.005
4,74,4076,0.02407030540857418,0.02407030540857418,0.6604871112963396,0.005
4,75,4077,0.027142256383285143,0.027142256383285143,0.6658583875721908,0.005
4,76,4078,0.027413295099682093,0.027413295099682093,0.6575634298241303,0.005
4,77,4079,0.02563233194355069,0.02563233194355069,0.6553702460750116,0.005
4,78,4080,0.02576328772845225,0.02576328772845225,0.6548847956590238,0.005
4,79,4081,0.031236260354442977,0.031236260354442977,0.6606531801467148,0.005
4,80,4082,0.029041107250584296,0.029041107250584296,0.6564546069893727,0.005
4,81,4083,0.02474040800020187,0.02474040800020187,0.6573581535669278,0.005
4,82,4084,0.025747401849123115,0.025747401849123115,0.6563986396053866,0.005
4,83,4085,0.02433738235473342,0.02433738235473342,0.656941150608702,0.005
4,84,4086,0.021312596273551462,0.021312596273551462,0.6622590089816033,0.005
4,85,4087,0.02388603382484148,0.02388603382484148,0.6628286368888028,0.005
4,86,4088,0.021101223273641213,0.021101223273641213,0.6526984908301771,0.005
4,87,4089,0.021313129662749508,0.021313129662749508,0.6597359197328845,0.005
4,88,4090,0.022108757133103264,0.022108757133103264,0.6612621103060905,0.005
4,89,4091,0.01951244492622701,0.01951244492622701,0.6583804094019579,0.005
4,90,4092,0.02303930728519122,0.02303930728519122,0.6589816979352165,0.005
4,91,4093,0.023712760623768356,0.023712760623768356,0.6637763595777951,0.005
4,92,4094,0.02449803995406634,0.02449803995406634,0.6607798664982224,0.005
4,93,4095,0.02239922004996681,0.02239922004996681,0.661368513135321,0.005
4,94,4096,0.023480253201319058,0.023480253201319058,0.6558987414441878,0.005
4,95,4097,0.02662220964068266,0.02662220964068266,0.6607705109129788,0.005
4,96,4098,0.022264265175799592,0.022264265175799592,0.6565185689485851,0.005
4,97,4099,0.022713003473805525,0.022713003473805525,0.6549207315705936,0.005
4,98,4100,0.021796219017536166,0.021796219017536166,0.6520056267885773,0.005
4,99,4101,0.02130152383857325,0.02130152383857325,0.6571778635814169,0.005
4,100,4102,0.02242169663910934,0.02242169663910934,0.6598806719208957,0.005
4,101,4103,0.0221695869256988,0.0221695869256988,0.6591215684317148,0.005
4,102,4104,0.024038137186780918,0.024038137186780918,0.6538651580432757,0.005
4,103,4105,0.02055049412676358,0.02055049412676358,0.6508368298791837,0.005
4,104,4106,0.020647039521653747,0.020647039521653747,0.6504214992894751,0.005
4,105,4107,0.021115566741639245,0.021115566741639245,0.653298350840781,0.005
4,106,4108,0.02302025950774036,0.02302025950774036,0.6508907238315214,0.005
4,107,4109,0.02035739209060888,0.02035739209060888,0.6548896924019687,0.005
4,108,4110,0.02345442969858483,0.02345442969858483,0.6560060767902366,0.005
4,109,4111,0.020786362328312324,0.020786362328312324,0.6565188173809756,0.005
4,110,4112,0.02234213100140439,0.02234213100140439,0.6590064571143843,0.005
4,111,4113,0.020208897751374546,0.020208897751374546,0.656632583564318,0.005
4,112,4114,0.024055912469846542,0.024055912469846542,0.6611358011318136,0.005
4,113,4115,0.021600283038472296,0.021600283038472296,0.6559619132173928,0.005
4,114,4116,0.02179099294588764,0.02179099294588764,0.6637220234515607,0.005
4,115,4117,0.022160236324917957,0.022160236324917957,0.6572278483962041,0.005
4,116,4118,0.022254084718297804,0.022254084718297804,0.656874135718467,0.005
4,117,4119,0.01818537162006795,0.01818537162006795,0.6514999891368263,0.005
4,118,4120,0.02417759499418068,0.02417759499418068,0.657256921864471,0.005
4,119,4121,0.021017357355314615,0.021017357355314615,0.6571902999490317,0.005
4,120,4122,0.02334074191133488,0.02334074191133488,0.6631417301919935,0.005
4,121,4123,0.020513859785189496,0.020513859785189496,0.657303738306654,0.005
4,122,4124,0.02150714634009412,0.02150714634009412,0.6558366314863369,0.005
4,123,4125,0.01824107316487641,0.01824107316487641,0.655082990959172,0.005
4,124,4126,0.026174291770041352,0.026174291770041352,0.6530801409059185,0.005
4,125,4127,0.022991856350279134,0.022991856350279134,0.6585111188611817,0.005
4,126,4128,0.01746796214858737,0.01746796214858737,0.6540551457293438,0.005
4,127,4129,0.021845664053912073,0.021845664053912073,0.6555581062620882,0.005
4,128,4130,0.024725574364167086,0.024725574364167086,0.6542755013142063,0.005
4,129,4131,0.018665517146998427,0.018665517146998427,0.6529851502186441,0.005
4,130,4132,0.021478881865501714,0.021478881865501714,0.6583588718004955,0.005
4,131,4133,0.022954694735759215,0.022954694735759215,0.6579035239222202,0.005
4,132,4134,0.022651051095327952,0.022651051095327952,0.6527303050789666,0.005
4,133,4135,0.021339520426489456,0.021339520426489456,0.6588009573431008,0.005
4,134,4136,0.021876957667374262,0.021876957667374262,0.6549329766743355,0.005
4,135,4137,0.02414882730350293,0.02414882730350293,0.662867446324185,0.005
4,136,4138,0.01894440777357937,0.01894440777357937,0.6536857689111272,0.005
4,137,4139,0.020122467323049398,0.020122467323049398,0.6531264304328147,0.005
4,138,4140,0.017716313885846918,0.017716313885846918,0.6580270034384781,0.005
4,139,4141,0.017147448463743047,0.017147448463743047,0.6561398403293683,0.005
4,140,4142,0.020445950496479563,0.020445950496479563,0.6577032557172741,0.005
4,141,4143,0.028735788794021097,0.028735788794021097,0.6573112221464514,0.005
4,142,4144,0.024268771937092176,0.024268771937092176,0.663262890358593,0.005
4,143,4145,0.022517535311279785,0.022517535311279785,0.660791404536308,0.005
4,144,4146,0.020490534988646964,0.020490534988646964,0.6497275628841828,0.005
4,145,4147,0.02453735589824487,0.02453735589824487,0.6587173420367514,0.005
4,146,4148,0.018307069417296803,0.018307069417296803,0.6579838187279718,0.005
4,147,4149,0.019422838276828985,0.019422838276828985,0.6629770121744986,0.005
4,148,4150,0.020782279004786956,0.020782279004786956,0.6670757062254481,0.005
4,149,4151,0.02322610233502343,0.02322610233502343,0.6631506341111388,0.005
4,150,4152,0.02204861440646346,0.02204861440646346,0.6593252723095464,0.005
4,151,4153,0.020879318041791762,0.020879318041791762,0.6576897395493734,0.005
4,152,4154,0.022660654029481253,0.022660654029481253,0.6554237719054599,0.005
4,153,4155,0.02024552102892413,0.02024552102892413,0.6571800792581338,0.005
4,154,4156,0.022171544393038985,0.022171544393038985,0.6620871074684236,0.005
4,155,4157,0.02275113601220257,0.02275113601220257,0.6610048933115362,0.005
4,156,4158,0.022171680535232552,0.022171680535232552,0.6597144213934325,0.005
4,157,4159,0.01968410997783088,0.01968410997783088,0.6596837703853178,0.005
4,158,4160,0.01780522670193148,0.01780522670193148,0.6568715893458159,0.005
4,159,4161,0.021366850458617963,0.021366850458617963,0.6542793110002139,0.005
4,160,4162,0.022563996522102128,0.022563996522102128,0.660356282630852,0.005
4,161,4163,0.02093875511483375,0.02093875511483375,0.6599812287107832,0.005
4,162,4164,0.0228306410699995,0.0228306410699995,0.6657076482709493,0.005
4,163,4165,0.020344278360356016,0.020344278360356016,0.6495657155285354,0.005
4,164,4166,0.022052254441873458,0.022052254441873458,0.6563850630050855,0.005
4,165,4167,0.01904149228490797,0.01904149228490797,0.6496801144167198,0.005
4,166,4168,0.022067676985638236,0.022067676985638236,0.6596550380481199,0.005
4,167,4169,0.019225733555774394,0.019225733555774394,0.6535929698187661,0.005
4,168,4170,0.01958580970334985,0.01958580970334985,0.6550996050486075,0.005
4,169,4171,0.019619783695205253,0.019619783695205253,0.6552729930065984,0.005
4,170,4172,0.020284159823939628,0.020284159823939628,0.6620672001797925,0.005
4,171,4173,0.017653932292573005,0.017653932292573005,0.6569137255442921,0.005
4,172,4174,0.017207453794782335,0.017207453794782335,0.6535192372508949,0.005
4,173,4175,0.022712348503890444,0.022712348503890444,0.6620252045510538,0.005
4,174,4176,0.022044485876465424,0.022044485876465424,0.6622783768915803,0.005
4,175,4177,0.02224033406963541,0.02224033406963541,0.6608488963503266,0.005
4,176,4178,0.02107631061185307,0.02107631061185307,0.664752521819857,0.005
4,177,4179,0.022784547122410508,0.022784547122410508,0.6592301529487691,0.005
4,178,4180,0.01975492789129698,0.01975492789129698,0.6577748144258131,0.005
4,179,4181,0.022116089174712004,0.022116089174712004,0.666288192718988,0.005
4,180,4182,0.018703870345214008,0.018703870345214008,0.657030685636446,0.005
4,181,4183,0.02001093151546445,0.02001093151546445,0.6662246341302367,0.005
4,182,4184,0.023201482598055656,0.023201482598055656,0.6668447232595596,0.005
4,183,4185,0.02197890944317933,0.02197890944317933,0.6619976769714813,0.005
4,184,4186,0.02074480956780011,0.02074480956780011,0.6600631536896079,0.005
4,185,4187,0.023319706064112496,0.023319706064112496,0.6638050767539151,0.005
4,186,4188,0.022842987312525563,0.022842987312525563,0.6601545108700397,0.005
4,187,4189,0.022446193309256783,0.022446193309256783,0.6665394331749022,0.005
4,188,4190,0.021593752872511286,0.021593752872511286,0.6588269390302487,0.005
4,189,4191,0.02235578075806316,0.02235578075806316,0.6617217167221895,0.005
4,190,4192,0.019228739806076617,0.019228739806076617,0.6592738503994251,0.005
4,191,4193,0.02259933888309299,0.02259933888309299,0.6669324677464538,0.005
4,192,4194,0.027235746539291728,0.027235746539291728,0.6648645063549351,0.005
4,193,4195,0.021757601147384217,0.021757601147384217,0.6636027084313282,0.005
4,194,4196,0.020501578212060327,0.020501578212060327,0.6621489461595085,0.005
4,195,4197,0.022848601923530408,0.022848601923530408,0.6597808751161862,0.005
4,196,4198,0.020002962273922342,0.020002962273922342,0.6568683974676742,0.005
4,197,4199,0.019688870088260542,0.019688870088260542,0.6546881252835799,0.005
4,198,4200,0.021462054725371205,0.021462054725371205,0.6636031084254997,0.005
4,199,4201,0.023232672416538997,0.023232672416538997,0.6587793943897663,0.005
4,200,4202,0.02185029477846228,0.02185029477846228,0.6691582588293832,0.005
4,201,4203,0.02261687058215532,0.02261687058215532,0.6629532943231083,0.005
4,202,4204,0.02235599140768236,0.02235599140768236,0.660163218572397,0.005
4,203,4205,0.02207703397118868,0.02207703397118868,0.6623178589087904,0.005
4,204,4206,0.020529250813932025,0.020529250813932025,0.6561938160691094,0.005
4,205,4207,0.01869453607385055,0.01869453607385055,0.6537618668176335,0.005
4,206,4208,0.02211539160786743,0.02211539160786743,0.6597312210720905,0.005
4,207,4209,0.0226807264023896,0.0226807264023896,0.6665319415140478,0.005
4,208,4210,0.018761259647482553,0.018761259647482553,0.6526679683448283,0.005
4,209,4211,0.020077374073441748,0.020077374073441748,0.6536070557708474,0.005
4,210,4212,0.021091443871508048,0.021091443871508048,0.6570902753878646,0.005
4,211,4213,0.02372676618351403,0.02372676618351403,0.6568288551449523,0.005
4,212,4214,0.022963335973351668,0.022963335973351668,0.6655888614421107,0.005
4,213,4215,0.02545807004019343,0.02545807004019343,0.6641448102946909,0.005
4,214,4216,0.020605664722285137,0.020605664722285137,0.6593034862981473,0.005
4,215,4217,0.02154918808839719,0.02154918808839719,0.6615991995953815,0.005
4,216,4218,0.018843671367537798,0.018843671367537798,0.6572630368526514,0.005
4,217,4219,0.020282859547270663,0.020282859547270663,0.6576846501850729,0.005
4,218,4220,0.02013168942100106,0.02013168942100106,0.6623102039408818,0.005
4,219,4221,0.018204585853103535,0.018204585853103535,0.658673707050934,0.005
4,220,4222,0.019207388347736595,0.019207388347736595,0.6601933555011794,0.005
4,221,4223,0.020933617403694392,0.020933617403694392,0.6526775999391223,0.005
4,222,4224,0.018438912524402253,0.018438912524402253,0.6568955834222534,0.005
4,223,4225,0.020338878563516426,0.020338878563516426,0.6610366654126606,0.005
4,224,4226,0.020706420705376573,0.020706420705376573,0.6605828259107756,0.005
4,225,4227,0.018287893686318946,0.018287893686318946,0.6562854959690427,0.005
4,226,4228,0.01914230790809433,0.01914230790809433,0.660390300269846,0.005
4,227,4229,0.019651250643164392,0.019651250643164392,0.6613939222029124,0.005
4,228,4230,0.02042625540462204,0.02042625540462204,0.6629606640950675,0.005
4,229,4231,0.023120842488522548,0.023120842488522548,0.6643080522608439,0.005
4,230,4232,0.02408333152065755,0.02408333152065755,0.6672517158720238,0.005
4,231,4233,0.02126544054076924,0.02126544054076924,0.667299278137341,0.005
4,232,4234,0.021058171731330906,0.021058171731330906,0.6683235289787927,0.005
4,233,4235,0.03228613356148508,0.03228613356148508,0.6655689352641774,0.005
4,234,4236,0.019655940239038258,0.019655940239038258,0.6649489802377241,0.005
4,235,4237,0.019627962079459688,0.019627962079459688,0.6650792665777788,0.005
4,236,4238,0.019740469991656538,0.019740469991656538,0.6578716572379999,0.005
4,237,4239,0.025885969727091843,0.025885969727091843,0.6606085533341073,0.005
4,238,4240,0.018580153200029138,0.018580153200029138,0.6586908055064234,0.005
4,239,4241,0.02105623388783665,0.02105623388783665,0.65880457257377,0.005
4,240,4242,0.021797486324681044,0.021797486324681044,0.663820157497379,0.005
4,241,4243,0.021491832385618657,0.021491832385618657,0.6600632403963682,0.005
4,242,4244,0.021817807526836007,0.021817807526836007,0.6555439968914598,0.005
4,243,4245,0.02023072801749162,0.02023072801749162,0.6552994732432396,0.005
4,244,4246,0.022034784430968794,0.022034784430968794,0.65684319550045,0.005
4,245,4247,0.02193409428781181,0.02193409428781181,0.6661981014430569,0.005
4,246,4248,0.020497460405150283,0.020497460405150283,0.6560933680040506,0.005
4,247,4249,0.018274914609408298,0.018274914609408298,0.6553938991493271,0.005
4,248,4250,0.024048939911295607,0.024048939911295607,0.6545287198409223,0.005
4,249,4251,0.022160187327082755,0.022160187327082755,0.6584201745346454,0.005
4,250,4252,0.021864235135542285,0.021864235135542285,0.6616817195986981,0.005
4,251,4253,0.019904996696418417,0.019904996696418417,0.6658254750006067,0.005
4,252,4254,0.027484916667074744,0.027484916667074744,0.6642216751677088,0.005
4,253,4255,0.025687412363593863,0.025687412363593863,0.6670499165701557,0.005
4,254,4256,0.02004892212388662,0.02004892212388662,0.6678038637118298,0.005
4,255,4257,0.019490763110509554,0.019490763110509554,0.6634258989031401,0.005
4,256,4258,0.02495249800317329,0.02495249800317329,0.6676289950765673,0.005
4,257,4259,0.0204311879061402,0.0204311879061402,0.6632108789165249,0.005
4,258,4260,0.021015039744793775,0.021015039744793775,0.6569062747517115,0.005
4,259,4261,0.019956783116739266,0.019956783116739266,0.6629396685348755,0.005
4,260,4262,0.022187051940452344,0.022187051940452344,0.6651514660619352,0.005
4,261,4263,0.023302067125435262,0.023302067125435262,0.6612474220492621,0.005
4,262,4264,0.021293109239763262,0.021293109239763262,0.664938585650848,0.005
4,263,4265,0.01974415888915984,0.01974415888915984,0.6645397290561742,0.005
4,264,4266,0.019979633377551632,0.019979633377551632,0.6540158414475036,0.005
4,265,4267,0.02229125516160621,0.02229125516160621,0.6506803555839361,0.005
4,266,4268,0.022321757940339422,0.022321757940339422,0.667977103118915,0.005
4,267,4269,0.01911957910044408,0.01911957910044408,0.6548824752445092,0.005
4,268,4270,0.019773318718970194,0.019773318718970194,0.6585930462685016,0.005
4,269,4271,0.023394066822283118,0.023394066822283118,0.663731451211411,0.005
4,270,4272,0.022057735541067457,0.022057735541067457,0.6616410435049508,0.005
4,271,4273,0.023103535716725396,0.023103535716725396,0.6586498807459342,0.005
4,272,4274,0.020550748587801988,0.020550748587801988,0.655312752213023,0.005
4,273,4275,0.021831834610474176,0.021831834610474176,0.664939932109402,0.005
4,274,4276,0.018275520422002093,0.018275520422002093,0.657306091214456,0.005
4,275,4277,0.018968280404365198,0.018968280404365198,0.6570443780428367,0.005
4,276,4278,0.020252182785951423,0.020252182785951423,0.6562809498137724,0.005
4,277,4279,0.02125245755545653,0.02125245755545653,0.6554872275920741,0.005
4,278,4280,0.019817980998090012,0.019817980998090012,0.6588288328113444,0.005
4,279,4281,0.021949812681130575,0.021949812681130575,0.6696383592560671,0.005
4,280,4282,0.022203933921615918,0.022203933921615918,0.6604963941337374,0.005
4,281,4283,0.024404917209567122,0.024404917209567122,0.6561899931173406,0.005
4,282,4284,0.020613698667457957,0.020613698667457957,0.6557074549182461,0.005
4,283,4285,0.02024881406483394,0.02024881406483394,0.6587798048466752,0.005
4,284,4286,0.019128415217476692,0.019128415217476692,0.6559934000825859,0.005
4,285,4287,0.019986437496357704,0.019986437496357704,0.6592770442486642,0.005
4,286,4288,0.023359509261723633,0.023359509261723633,0.6612879818685234,0.005
4,287,4289,0.023458393989819706,0.023458393989819706,0.6606379714217666,0.005
4,288,4290,0.02494343305180169,0.02494343305180169,0.658264372251698,0.005
4,289,4291,0.02075729916528318,0.02075729916528318,0.6585977341651135,0.005
4,290,4292,0.02040571530128362,0.02040571530128362,0.6575037424357715,0.005
4,291,4293,0.020104782438302823,0.020104782438302823,0.6663254321914541,0.005
4,292,4294,0.01844088889160328,0.01844088889160328,0.6582489946763033,0.005
4,293,4295,0.027127233354487017,0.027127233354487017,0.6629083941426375,0.005
4,294,4296,0.021267163488883384,0.021267163488883384,0.6620234507670443,0.005
4,295,4297,0.01814213293487172,0.01814213293487172,0.6651661606872438,0.005
4,296,4298,0.021311045190726918,0.021311045190726918,0.6608180326417056,0.005
4,297,4299,0.020823182061498947,0.020823182061498947,0.663305217478987,0.005
4,298,4300,0.02059684873408856,0.02059684873408856,0.6557386681833751,0.005
4,299,4301,0.019456550171834154,0.019456550171834154,0.6587450394922049,0.005
4,300,4302,0.022702981598029595,0.022702981598029595,0.6651373876026879,0.005
4,301,4303,0.023553707478037013,0.023553707478037013,0.661038336332843,0.005
4,302,4304,0.023525084108010512,0.023525084108010512,0.6546061486818553,0.005
4,303,4305,0.017288870495516993,0.017288870495516993,0.6614801121155416,0.005
4,304,4306,0.02503399775542473,0.02503399775542473,0.6605220656670941,0.005
4,305,4307,0.027866486837883758,0.027866486837883758,0.6573778287957593,0.005
4,306,4308,0.01946834089645364,0.01946834089645364,0.6618531288549726,0.005
4,307,4309,0.01991377651325458,0.01991377651325458,0.6694292923880678,0.005
4,308,4310,0.020095890618795867,0.020095890618795867,0.6569573649958566,0.005
4,309,4311,0.0196172276802013,0.0196172276802013,0.6624651504054122,0.005
4,310,4312,0.022470304453621713,0.022470304453621713,0.662903924475418,0.005
4,311,4313,0.022117889374645885,0.022117889374645885,0.6644004596925596,0.005
4,312,4314,0.01883193137711249,0.01883193137711249,0.6614054815625108,0.005
4,313,4315,0.02192844297480297,0.02192844297480297,0.6647824650968677,0.005
4,314,4316,0.024928049442982055,0.024928049442982055,0.6644032932736131,0.005
4,315,4317,0.019083973926420375,0.019083973926420375,0.6590520221503936,0.005
4,316,4318,0.020505098260116938,0.020505098260116938,0.6638210216258258,0.005
4,317,4319,0.019389108655811123,0.019389108655811123,0.6675930392983054,0.005
4,318,4320,0.021204299984843078,0.021204299984843078,0.6661285382805813,0.005
4,319,4321,0.02181240952278276,0.02181240952278276,0.6699590352031983,0.005
4,320,4322,0.020478977063626107,0.020478977063626107,0.6638977801073456,0.005
4,321,4323,0.02101404088940545,0.02101404088940545,0.658109596158754,0.005
4,322,4324,0.02127412993435942,0.02127412993435942,0.6657332429176077,0.005
4,323,4325,0.018703489552253566,0.018703489552253566,0.6630992985099496,0.005
4,324,4326,0.02096479220432812,0.02096479220432812,0.6646139857962108,0.005
4,325,4327,0.01862765911384084,0.01862765911384084,0.6605554935777255,0.005
4,326,4328,0.021166513652003068,0.021166513652003068,0.6578364492954119,0.005
4,327,4329,0.021861352698383907,0.021861352698383907,0.6681303501692388,0.005
4,328,4330,0.02041278207034286,0.02041278207034286,0.656387333254077,0.005
4,329,4331,0.02157685139296658,0.02157685139296658,0.6595998251825186,0.005
4,330,4332,0.01916821854959273,0.01916821854959273,0.6616713491311638,0.005
4,331,4333,0.01944088243239133,0.01944088243239133,0.6622479775028681,0.005
4,332,4334,0.02093541610208838,0.02093541610208838,0.6551107394127451,0.005
4,333,4335,0.020141735440574432,0.020141735440574432,0.6586150370390138,0.005
4,334,4336,0.017708911187121947,0.017708911187121947,0.6548299427026522,0.005
4,335,4337,0.019608470202054456,0.019608470202054456,0.6553794482349158,0.005
4,336,4338,0.020475340292393732,0.020475340292393732,0.6544910099751536,0.005
4,337,4339,0.020123697250007573,0.020123697250007573,0.6574817430020347,0.005
4,338,4340,0.021610609307352535,0.021610609307352535,0.6572816405877565,0.005
4,339,4341,0.01923000429472879,0.01923000429472879,0.6561092784689302,0.005
4,340,4342,0.024671537495714962,0.024671537495714962,0.6582729238431041,0.005
4,341,4343,0.018677471918346886,0.018677471918346886,0.6526973718082033,0.005
4,342,4344,0.022925003867483442,0.022925003867483442,0.6591186046637498,0.005
4,343,4345,0.01985732563833218,0.01985732563833218,0.6605869452836421,0.005
4,344,4346,0.02062500707841618,0.02062500707841618,0.656972020675217,0.005
4,345,4347,0.020111831154485345,0.020111831154485345,0.6579128067384027,0.005
4,346,4348,0.020400400589003283,0.020400400589003283,0.6650038492849508,0.005
4,347,4349,0.023172891381092124,0.023172891381092124,0.6618130234403545,0.005
4,348,4350,0.018317135107872327,0.018317135107872327,0.659431160842326,0.005
4,349,4351,0.0223520343688135,0.0223520343688135,0.6627044922236465,0.005
4,350,4352,0.017468829005911922,0.017468829005911922,0.6576078208847161,0.005
4,351,4353,0.02296939747520409,0.02296939747520409,0.659681224982491,0.005
4,352,4354,0.021876380617167325,0.021876380617167325,0.6647976733413536,0.005
4,353,4355,0.02152155498857007,0.02152155498857007,0.6625161960101679,0.005
4,354,4356,0.01997317732091282,0.01997317732091282,0.6548236640846131,0.005
4,355,4357,0.02176820852800993,0.02176820852800993,0.6662824928905838,0.005
4,356,4358,0.018086868353286857,0.018086868353286857,0.6618108827421848,0.005
4,357,4359,0.01877294850346759,0.01877294850346759,0.6634639035433348,0.005
4,358,4360,0.01974166680992756,0.01974166680992756,0.6597900643182227,0.005
4,359,4361,0.023965337537411605,0.023965337537411605,0.6699160008049904,0.005
4,360,4362,0.02373401431606848,0.02373401431606848,0.6674952575466107,0.005
4,361,4363,0.02282746886881102,0.02282746886881102,0.6639345321687607,0.005
4,362,4364,0.020815481788645035,0.020815481788645035,0.6589283086960103,0.005
4,363,4365,0.02072284962236702,0.02072284962236702,0.6635687387680055,0.005
4,364,4366,0.019542088588334387,0.019542088588334387,0.6625203669921949,0.005
4,365,4367,0.02617006087173377,0.02617006087173377,0.6582303008209626,0.005
4,366,4368,0.020313183388970216,0.020313183388970216,0.6543616824219392,0.005
4,367,4369,0.019772734083972343,0.019772734083972343,0.6586793186946325,0.005
4,368,4370,0.019371392401226917,0.019371392401226917,0.6551992017349436,0.005
4,369,4371,0.0194831536915879,0.0194831536915879,0.6623691970911249,0.005
4,370,4372,0.02130864427064462,0.02130864427064462,0.659504569243963,0.005
4,371,4373,0.01792877342436045,0.01792877342436045,0.6577700307438415,0.005
4,372,4374,0.020426476637847357,0.020426476637847357,0.6631910092407538,0.005
4,373,4375,0.01976090717445464,0.01976090717445464,0.6635753651811721,0.005
4,374,4376,0.022309937666793213,0.022309937666793213,0.664472534012201,0.005
4,375,4377,0.021363547675253218,0.021363547675253218,0.6596411060560036,0.005
4,376,4378,0.019363321519755436,0.019363321519755436,0.6563354416085111,0.005
4,377,4379,0.021274467298488364,0.021274467298488364,0.6636997294646612,0.005
4,378,4380,0.021619322974492462,0.021619322974492462,0.6652350898424662,0.005
4,379,4381,0.024232864279037925,0.024232864279037925,0.6629467140329697,0.005
4,380,4382,0.020951475996678,0.020951475996678,0.6603425822169272,0.005
4,381,4383,0.021095832399252758,0.021095832399252758,0.6602630294496061,0.005
4,382,4384,0.022779486416301568,0.022779486416301568,0.6574406835569772,0.005
4,383,4385,0.017238397063333393,0.017238397063333393,0.6565427418030777,0.005
4,384,4386,0.02052275010333402,0.02052275010333402,0.658319949023466,0.005
4,385,4387,0.02100058285738334,0.02100058285738334,0.6567414079541762,0.005
4,386,4388,0.02431478433251498,0.02431478433251498,0.6597410848720808,0.005
4,387,4389,0.02355860343180878,0.02355860343180878,0.6597061805024265,0.005
4,388,4390,0.019385941932436482,0.019385941932436482,0.6620411275475054,0.005
4,389,4391,0.019557987965867808,0.019557987965867808,0.6675199776382064,0.005
4,390,4392,0.02220243048894909,0.02220243048894909,0.6531037788890117,0.005
4,391,4393,0.021307271649576347,0.021307271649576347,0.6607654675702692,0.005
4,392,4394,0.018030406754519716,0.018030406754519716,0.6584078897537461,0.005
4,393,4395,0.017540595474366764,0.017540595474366764,0.6540462182863747,0.005
4,394,4396,0.018983594959644023,0.018983594959644023,0.6564767182397299,0.005
4,395,4397,0.022151615352038176,0.022151615352038176,0.6643430429778544,0.005
4,396,4398,0.022202737613559807,0.022202737613559807,0.6583363104944587,0.005
4,397,4399,0.0192671655382878,0.0192671655382878,0.6624733009144973,0.005
4,398,4400,0.01997670548364506,0.01997670548364506,0.6569287456717746,0.005
4,399,4401,0.021293823888081653,0.021293823888081653,0.659242334078442,0.005
4,400,4402,0.017712835115762375,0.017712835115762375,0.6549039609568885,0.005
4,401,4403,0.023061619191866934,0.023061619191866934,0.6619050054744473,0.005
4,402,4404,0.01970574973874062,0.01970574973874062,0.6633803613424083,0.005
4,403,4405,0.0205025722077007,0.0205025722077007,0.6574091312187917,0.005
4,404,4406,0.01909776769131557,0.01909776769131557,0.655366760959439,0.005
4,405,4407,0.019168493576417055,0.019168493576417055,0.6510217631403542,0.005
4,406,4408,0.02003742062267641,0.02003742062267641,0.6532603540166088,0.005
4,407,4409,0.018436686727706902,0.018436686727706902,0.6565591657792741,0.005
4,408,4410,0.022460116467529306,0.022460116467529306,0.6591275926144418,0.005
4,409,4411,0.018972113947753996,0.018972113947753996,0.6582121103440687,0.005
4,410,4412,0.02127198965732536,0.02127198965732536,0.6636683257162047,0.005
4,411,4413,0.017747155928054793,0.017747155928054793,0.6615447833577321,0.005
4,412,4414,0.01976832792609897,0.01976832792609897,0.6634186725848524,0.005
4,413,4415,0.01740455092281261,0.01740455092281261,0.657833830678901,0.005
4,414,4416,0.019822685820727194,0.019822685820727194,0.6654648116824127,0.005
4,415,4417,0.02392513479732255,0.02392513479732255,0.6696477719171166,0.005
4,416,4418,0.019674431238429078,0.019674431238429078,0.6599871320567645,0.005
4,417,4419,0.020476036285835393,0.020476036285835393,0.6641681563181208,0.005
4,418,4420,0.024665655424828584,0.024665655424828584,0.6633756095276362,0.005
4,419,4421,0.01972333622915704,0.01972333622915704,0.6621204188327283,0.005
4,420,4422,0.0203020867031921,0.0203020867031921,0.6599460927334438,0.005
4,421,4423,0.021176213572564207,0.021176213572564207,0.6629656021477358,0.005
4,422,4424,0.01776588902296508,0.01776588902296508,0.6571083529540712,0.005
4,423,4425,0.022074692677047928,0.022074692677047928,0.6613330818817739,0.005
4,424,4426,0.018932603032280223,0.018932603032280223,0.6601894337057653,0.005
4,425,4427,0.0202637252543165,0.0202637252543165,0.6570430013136058,0.005
4,426,4428,0.019749119561581957,0.019749119561581957,0.6655031174310052,0.005
4,427,4429,0.019823656038045485,0.019823656038045485,0.6570201581040086,0.005
4,428,4430,0.019867255664604823,0.019867255664604823,0.6565427557491021,0.005
4,429,4431,0.02048230893674438,0.02048230893674438,0.6560189233067227,0.005
4,430,4432,0.026026154738096795,0.026026154738096795,0.6643495276395045,0.005
4,431,4433,0.02149212741674965,0.02149212741674965,0.6553400946351671,0.005
4,432,4434,0.01891666692143212,0.01891666692143212,0.6626298067264476,0.005
4,433,4435,0.02038772960547546,0.02038772960547546,0.6596044475746056,0.005
4,434,4436,0.019873143201201968,0.019873143201201968,0.6588382684115444,0.005
4,435,4437,0.02038082760786355,0.02038082760786355,0.666627621375501,0.005
4,436,4438,0.0177176630794737,0.0177176630794737,0.664063818215746,0.005
4,437,4439,0.01870726325671053,0.01870726325671053,0.6589410993347968,0.005
4,438,4440,0.019493895609439343,0.019493895609439343,0.661732034612657,0.005
4,439,4441,0.018595171370023384,0.018595171370023384,0.6566295075106161,0.005
4,440,4442,0.017649937681799347,0.017649937681799347,0.6567168069719659,0.005
4,441,4443,0.02027655705184428,0.02027655705184428,0.6605393044273401,0.005
4,442,4444,0.02026202824009344,0.02026202824009344,0.6531439865713526,0.005
4,443,4445,0.01691035058400077,0.01691035058400077,0.6556574805316059,0.005
4,444,4446,0.022601849089025745,0.022601849089025745,0.6641391766222063,0.005
4,445,4447,0.020785840686357936,0.020785840686357936,0.6594303390731869,0.005
4,446,4448,0.019848865832121504,0.019848865832121504,0.6543901218164966,0.005
4,447,4449,0.023679197345007407,0.023679197345007407,0.6631598209466948,0.005
4,448,4450,0.021974944180958023,0.021974944180958023,0.658819774821002,0.005
4,449,4451,0.02231737971650785,0.02231737971650785,0.6683909342633096,0.005
4,450,4452,0.019217715160961074,0.019217715160961074,0.664709048548429,0.005
4,451,4453,0.020445240607171178,0.020445240607171178,0.6634651835780413,0.005
4,452,4454,0.024042449030822415,0.024042449030822415,0.6608998240167228,0.005
4,453,4455,0.02475692439028609,0.02475692439028609,0.6610012062856115,0.005
4,454,4456,0.021789775188511613,0.021789775188511613,0.6684695554628608,0.005
4,455,4457,0.016812121238449607,0.016812121238449607,0.6599465037828659,0.005
4,456,4458,0.022472154027947024,0.022472154027947024,0.665309432769791,0.005
4,457,4459,0.02148576739981177,0.02148576739981177,0.6599421601650491,0.005
4,458,4460,0.02341487893931495,0.02341487893931495,0.6585667740018635,0.005
4,459,4461,0.019005764088576176,0.019005764088576176,0.6560093610531252,0.005
4,460,4462,0.022706941225142704,0.022706941225142704,0.656104305553619,0.005
4,461,4463,0.019852059185710983,0.019852059185710983,0.6634882467923592,0.005
4,462,4464,0.022755166457342282,0.022755166457342282,0.6600968353838983,0.005
4,463,4465,0.023386809407298467,0.023386809407298467,0.6651668357427911,0.005
4,464,4466,0.025957687152931497,0.025957687152931497,0.659288486765843,0.005
4,465,4467,0.019120818099229962,0.019120818099229962,0.6543965977491859,0.005
4,466,4468,0.02258616088586831,0.02258616088586831,0.6585557209225131,0.005
4,467,4469,0.020993868227866006,0.020993868227866006,0.6544328760102661,0.005
4,468,4470,0.022693160332016904,0.022693160332016904,0.6544988274037885,0.005
4,469,4471,0.02418137789403095,0.02418137789403095,0.6597860923863383,0.005
4,470,4472,0.023196746632911,0.023196746632911,0.6702929777254802,0.005
4,471,4473,0.01813199718526507,0.01813199718526507,0.6493755964752823,0.005
4,472,4474,0.019491805568401965,0.019491805568401965,0.659968688044178,0.005
4,473,4475,0.018896472725292584,0.018896472725292584,0.661827023196816,0.005
4,474,4476,0.02045834051752246,0.02045834051752246,0.6670177164766651,0.005
4,475,4477,0.018523751513483264,0.018523751513483264,0.6595767137173378,0.005
4,476,4478,0.01872692587725357,0.01872692587725357,0.6567125843774185,0.005
4,477,4479,0.019250118379952573,0.019250118379952573,0.6623516553754207,0.005
4,478,4480,0.019895642605245623,0.019895642605245623,0.6679384779306518,0.005
4,479,4481,0.024356039112398392,0.024356039112398392,0.6627154833431308,0.005
4,480,4482,0.020281722990651268,0.020281722990651268,0.6614892574604712,0.005
4,481,4483,0.026674752074635842,0.026674752074635842,0.6554416718361568,0.005
4,482,4484,0.017714312883489236,0.017714312883489236,0.6534145821862434,0.005
4,483,4485,0.025316306693981175,0.025316306693981175,0.6629090536922273,0.005
4,484,4486,0.01907202787889634,0.01907202787889634,0.65592133443795,0.005
4,485,4487,0.02094685169121857,0.02094685169121857,0.6610214442151463,0.005
4,486,4488,0.023203991652323865,0.023203991652323865,0.655443172135395,0.005
4,487,4489,0.024227496434672202,0.024227496434672202,0.660761413943439,0.005
4,488,4490,0.020041287195096718,0.020041287195096718,0.6605984005130163,0.005
4,489,4491,0.02041965875911663,0.02041965875911663,0.6578190599265057,0.005
4,490,4492,0.02212546446222844,0.02212546446222844,0.6663216464587235,0.005
4,491,4493,0.019769990615574586,0.019769990615574586,0.6564374957720288,0.005
4,492,4494,0.01965683924013353,0.01965683924013353,0.6639651818445778,0.005
4,493,4495,0.02198884669397562,0.02198884669397562,0.6657086769122585,0.005
4,494,4496,0.01812795094470608,0.01812795094470608,0.6598947420580404,0.005
4,495,4497,0.020801371802190938,0.020801371802190938,0.665729054445455,0.005
4,496,4498,0.01946132969097069,0.01946132969097069,0.6626557945717007,0.005
4,497,4499,0.01990328901164063,0.01990328901164063,0.6610419115288795,0.005
4,498,4500,0.020285132868621616,0.020285132868621616,0.6600014992526937,0.005
4,499,4501,0.021448949164595124,0.021448949164595124,0.658002317225656,0.005
4,500,4502,0.01906794389822538,0.01906794389822538,0.6537795969243168,0.005
4,501,4503,0.01824403701256575,0.01824403701256575,0.6631772729884343,0.005
4,502,4504,0.022723226612388313,0.022723226612388313,0.6678007951047562,0.005
4,503,4505,0.020209980952091516,0.020209980952091516,0.6599348524817878,0.005
4,504,4506,0.0179833846960266,0.0179833846960266,0.6568882500450552,0.005
4,505,4507,0.020327872552591022,0.020327872552591022,0.6655453361968201,0.005
4,506,4508,0.023316718261470346,0.023316718261470346,0.662085590522518,0.005
4,507,4509,0.02130534549689858,0.02130534549689858,0.6571284294875839,0.005
4,508,4510,0.02127121849960866,0.02127121849960866,0.6622196789263028,0.005
4,509,4511,0.022720258071367523,0.022720258071367523,0.6541464645929277,0.005
4,510,4512,0.02135028743261151,0.02135028743261151,0.6666533056772873,0.005
4,511,4513,0.020276961835403826,0.020276961835403826,0.6580650689934956,0.005
4,512,4514,0.02147130680233283,0.02147130680233283,0.6580146011434815,0.005
4,513,4515,0.021465578544200715,0.021465578544200715,0.660433970689585,0.005
4,514,4516,0.020276761267835786,0.020276761267835786,0.6621626455775397,0.005
4,515,4517,0.019888111010154124,0.019888111010154124,0.6580560703946311,0.005
4,516,4518,0.022569297992855005,0.022569297992855005,0.6629713186979802,0.005
4,517,4519,0.017261878935737177,0.017261878935737177,0.6587055436694677,0.005
4,518,4520,0.02130154718517451,0.02130154718517451,0.6641484606169393,0.005
4,519,4521,0.02023064217220716,0.02023064217220716,0.6558885967816734,0.005
4,520,4522,0.022551655251350607,0.022551655251350607,0.6558522248823391,0.005
4,521,4523,0.01951192186273201,0.01951192186273201,0.6638187955674526,0.005
4,522,4524,0.023763047878226785,0.023763047878226785,0.667348092727226,0.005
4,523,4525,0.01862664888689301,0.01862664888689301,0.6568708943445616,0.005
4,524,4526,0.020544986350712384,0.020544986350712384,0.6587545097346674,0.005
4,525,4527,0.017354146405051805,0.017354146405051805,0.6618127178945128,0.005
4,526,4528,0.02077459406493896,0.02077459406493896,0.659494088412963,0.005
4,527,4529,0.02036912226228836,0.02036912226228836,0.6611316656693839,0.005
4,528,4530,0.022314473278731102,0.022314473278731102,0.663684832538667,0.005
4,529,4531,0.017221848963496215,0.017221848963496215,0.659029878882678,0.005
4,530,4532,0.021474665601131863,0.021474665601131863,0.657766512348829,0.005
4,531,4533,0.0193938497528241,0.0193938497528241,0.6677532700461358,0.005
4,532,4534,0.020187211070078058,0.020187211070078058,0.6532541931801792,0.005
4,533,4535,0.021025013327144897,0.021025013327144897,0.669168731364148,0.005
4,534,4536,0.022709027925310765,0.022709027925310765,0.6672274582065316,0.005
4,535,4537,0.02436461929595566,0.02436461929595566,0.6687227138218464,0.005
4,536,4538,0.018780195253393445,0.018780195253393445,0.6592299350714953,0.005
4,537,4539,0.01918174192760638,0.01918174192760638,0.655694632052513,0.005
4,538,4540,0.01870959309357187,0.01870959309357187,0.6559822328324528,0.005
4,539,4541,0.01894245825960235,0.01894245825960235,0.6629725283444243,0.005
4,540,4542,0.01936955980260134,0.01936955980260134,0.6607664932653424,0.005
4,541,4543,0.020870231030902436,0.020870231030902436,0.6561524416633174,0.005
4,542,4544,0.02527783403520371,0.02527783403520371,0.661694738919887,0.005
4,543,4545,0.019463771059076006,0.019463771059076006,0.6648355630304003,0.005
4,544,4546,0.02063917352356666,0.02063917352356666,0.6608247407967374,0.005
4,545,4547,0.03381084835476654,0.03381084835476654,0.6622412213031423,0.005
4,546,4548,0.02394669335516106,0.02394669335516106,0.6611672737426101,0.005
4,547,4549,0.021351136398103814,0.021351136398103814,0.6572595967101936,0.005
4,548,4550,0.02186258074763845,0.02186258074763845,0.6631843921297366,0.005
4,549,4551,0.02087315784976522,0.02087315784976522,0.6603012293603358,0.005
4,550,4552,0.020185461484950956,0.020185461484950956,0.6601003566193695,0.005
4,551,4553,0.020819344246937082,0.020819344246937082,0.6598008762879132,0.005
4,552,4554,0.02248317144412389,0.02248317144412389,0.6478555338143988,0.005
4,553,4555,0.02138238718453439,0.02138238718453439,0.6547358237176707,0.005
4,554,4556,0.021246730222757342,0.021246730222757342,0.6608805840170922,0.005
4,555,4557,0.01994501496075954,0.01994501496075954,0.6507382819155726,0.005
4,556,4558,0.02002108326864767,0.02002108326864767,0.6590008442521897,0.005
4,557,4559,0.02137349723725112,0.02137349723725112,0.6640340620893721,0.005
4,558,4560,0.020786765039572986,0.020786765039572986,0.6627633311711459,0.005
4,559,4561,0.01926015799857115,0.01926015799857115,0.6583557149120906,0.005
4,560,4562,0.022366686701423742,0.022366686701423742,0.6621281525943605,0.005
4,561,4563,0.019169286609107595,0.019169286609107595,0.6597855246932506,0.005
4,562,4564,0.018155372157138534,0.018155372157138534,0.6581626886378393,0.005
4,563,4565,0.024180826168653823,0.024180826168653823,0.6631479093671521,0.005
4,564,4566,0.021673871640554718,0.021673871640554718,0.6619225921270528,0.005
4,565,4567,0.01866296539828109,0.01866296539828109,0.6644549420621737,0.005
4,566,4568,0.020397395042555437,0.020397395042555437,0.6662239588500625,0.005
4,567,4569,0.018782179805857474,0.018782179805857474,0.6661901879588532,0.005
4,568,4570,0.019905027462042632,0.019905027462042632,0.6614068019891325,0.005
4,569,4571,0.02414817338577176,0.02414817338577176,0.665409565289239,0.005
4,570,4572,0.020307902140377577,0.020307902140377577,0.6663671865637976,0.005
4,571,4573,0.021287768378974444,0.021287768378974444,0.661310109521863,0.005
4,572,4574,0.020838422438626686,0.020838422438626686,0.6687999080321569,0.005
4,573,4575,0.022072465533562645,0.022072465533562645,0.6607424786907035,0.005
4,574,4576,0.01768453095351244,0.01768453095351244,0.6646132729016198,0.005
4,575,4577,0.0220332114871954,0.0220332114871954,0.6670938960478885,0.005
4,576,4578,0.030581772179751245,0.030581772179751245,0.6631357689671634,0.005
4,577,4579,0.021798496391232804,0.021798496391232804,0.6714661955200844,0.005
4,578,4580,0.021347256932204912,0.021347256932204912,0.6606988494654968,0.005
4,579,4581,0.021615743437721772,0.021615743437721772,0.6530848340790799,0.005
4,580,4582,0.022201930951356037,0.022201930951356037,0.6672048855311083,0.005
4,581,4583,0.02165484903402167,0.02165484903402167,0.6582336194016792,0.005
4,582,4584,0.020212415218833185,0.020212415218833185,0.663362055585268,0.005
4,583,4585,0.019697540407229586,0.019697540407229586,0.6656870107944631,0.005
4,584,4586,0.021696588884306724,0.021696588884306724,0.6563702950485335,0.005
4,585,4587,0.01970661193043667,0.01970661193043667,0.6605494950269422,0.005
4,586,4588,0.0238071562220162,0.0238071562220162,0.6554654749757731,0.005
4,587,4589,0.02099502207106982,0.02099502207106982,0.6553444110549558,0.005
4,588,4590,0.023001271464404643,0.023001271464404643,0.6633348798367615,0.005
4,589,4591,0.025136974052115856,0.025136974052115856,0.6627035222142208,0.005
4,590,4592,0.02241084873861371,0.02241084873861371,0.6627563730918935,0.005
4,591,4593,0.01934823917721435,0.01934823917721435,0.6613015676615935,0.005
4,592,4594,0.02282542753792679,0.02282542753792679,0.6706977645708607,0.005
4,593,4595,0.02136543162849021,0.02136543162849021,0.660220185923266,0.005
4,594,4596,0.02222552880016634,0.02222552880016634,0.668643466927022,0.005
4,595,4597,0.0209532840978316,0.0209532840978316,0.6658313774575934,0.005
4,596,4598,0.020865766651866176,0.020865766651866176,0.6555313133607983,0.005
4,597,4599,0.019350601812391177,0.019350601812391177,0.6637957435154777,0.005
4,598,4600,0.02066980082872562,0.02066980082872562,0.6597472706449417,0.005
4,599,4601,0.025047997571741497,0.025047997571741497,0.6687354242669369,0.005
4,600,4602,0.0178735675993882,0.0178735675993882,0.6617535386400991,0.005
4,601,4603,0.018974100714799415,0.018974100714799415,0.6602948480210783,0.005
4,602,4604,0.01851186279498483,0.01851186279498483,0.6584596588506586,0.005
4,603,4605,0.019347996657446697,0.019347996657446697,0.6586834329800267,0.005
4,604,4606,0.019308827748794107,0.019308827748794107,0.6580238186681383,0.005
4,605,4607,0.02022587650796722,0.02022587650796722,0.6633295161968027,0.005
4,606,4608,0.019390769236854816,0.019390769236854816,0.6627955526208146,0.005
4,607,4609,0.020471352711113795,0.020471352711113795,0.6614689555946288,0.005
4,608,4610,0.022181818144877977,0.022181818144877977,0.664042365478763,0.005
4,609,4611,0.021269474236286223,0.021269474236286223,0.6679320248529255,0.005
4,610,4612,0.020456950744140313,0.020456950744140313,0.6653009981197616,0.005
4,611,4613,0.01843999859197413,0.01843999859197413,0.6627512369066227,0.005
4,612,4614,0.021008422687374288,0.021008422687374288,0.6612034326244701,0.005
4,613,4615,0.031273694227797515,0.031273694227797515,0.6637547625506501,0.005
4,614,4616,0.020173208491167306,0.020173208491167306,0.6597999568379939,0.005
4,615,4617,0.018646151901783564,0.018646151901783564,0.6566002328763673,0.005
4,616,4618,0.021931580442665126,0.021931580442665126,0.6581044839319083,0.005
4,617,4619,0.02016640432586507,0.02016640432586507,0.6662000202519384,0.005
4,618,4620,0.020053087411162754,0.020053087411162754,0.6634176903714409,0.005
4,619,4621,0.018357189943850036,0.018357189943850036,0.6637125560551255,0.005
4,620,4622,0.020400688399215848,0.020400688399215848,0.6598139229688772,0.005
4,621,4623,0.01987238872595816,0.01987238872595816,0.6582041233915035,0.005
4,622,4624,0.01794206619541859,0.01794206619541859,0.6573539271662168,0.005
4,623,4625,0.02286350590036418,0.02286350590036418,0.6631727134927725,0.005
4,624,4626,0.03368364719881663,0.03368364719881663,0.6568355836373021,0.005
4,625,4627,0.02232079671048255,0.02232079671048255,0.6652752227706658,0.005
4,626,4628,0.01930828326438911,0.01930828326438911,0.6627118751875359,0.005
4,627,4629,0.021379835963557036,0.021379835963557036,0.6607843776038467,0.005
4,628,4630,0.0212880919065758,0.0212880919065758,0.6659910221730814,0.005
4,629,4631,0.02106058564259627,0.02106058564259627,0.6603670650410061,0.005
4,630,4632,0.02287071266145188,0.02287071266145188,0.6652895443431746,0.005
4,631,4633,0.024980966474733114,0.024980966474733114,0.661062660914568,0.005
4,632,4634,0.022185251403997124,0.022185251403997124,0.6634189407149003,0.005
4,633,4635,0.0253136715881358,0.0253136715881358,0.6635299995513221,0.005
4,634,4636,0.02366908042045085,0.02366908042045085,0.6624386501397498,0.005
4,635,4637,0.021077946677385117,0.021077946677385117,0.6586952059668363,0.005
4,636,4638,0.021147147404400532,0.021147147404400532,0.6604372495129318,0.005
4,637,4639,0.02279842493672906,0.02279842493672906,0.6688498459166875,0.005
4,638,4640,0.022957766289585714,0.022957766289585714,0.6618366881165759,0.005
4,639,4641,0.018912028360581777,0.018912028360581777,0.6619141222208733,0.005
4,640,4642,0.020616277912388056,0.020616277912388056,0.6607748931685268,0.005
4,641,4643,0.020311300580414388,0.020311300580414388,0.6609647138787333,0.005
4,642,4644,0.018910198304484337,0.018910198304484337,0.6618384001476568,0.005
4,643,4645,0.025519629800328625,0.025519629800328625,0.6550040617578018,0.005
4,644,4646,0.020261101901986718,0.020261101901986718,0.6629384205370246,0.005
4,645,4647,0.019603202189042268,0.019603202189042268,0.6642350981282782,0.005
4,646,4648,0.023944439507660648,0.023944439507660648,0.6609453536897212,0.005
4,647,4649,0.02026532848595477,0.02026532848595477,0.6611290786554236,0.005
4,648,4650,0.025586028983060602,0.025586028983060602,0.6633804459094225,0.005
4,649,4651,0.02081818645176666,0.02081818645176666,0.6587193343434585,0.005
4,650,4652,0.0211820591898119,0.0211820591898119,0.6640229536160827,0.005
4,651,4653,0.02124377189770407,0.02124377189770407,0.6658554928122105,0.005
4,652,4654,0.02154629271198153,0.02154629271198153,0.6621256637802108,0.005
4,653,4655,0.027609918619830164,0.027609918619830164,0.6602612556966527,0.005
4,654,4656,0.020179335909578586,0.020179335909578586,0.6617081991622398,0.005
4,655,4657,0.022957880698945964,0.022957880698945964,0.6601851431155811,0.005
4,656,4658,0.027414352383706146,0.027414352383706146,0.6608736416939436,0.005
4,657,4659,0.021603428020718914,0.021603428020718914,0.6655237904192617,0.005
4,658,4660,0.023596734120256868,0.023596734120256868,0.6587517469653047,0.005
4,659,4661,0.020797048383105254,0.020797048383105254,0.6595985914852592,0.005
4,660,4662,0.021903654536323904,0.021903654536323904,0.6656512125351086,0.005
4,661,4663,0.018114829617608443,0.018114829617608443,0.6601745340723196,0.005
4,662,4664,0.021895532720225007,0.021895532720225007,0.6651525743170151,0.005
4,663,4665,0.019633050993629768,0.019633050993629768,0.6592462965026425,0.005
4,664,4666,0.01715602027583983,0.01715602027583983,0.6566273357070637,0.005
4,665,4667,0.023418367714216636,0.023418367714216636,0.6620458945538392,0.005
4,666,4668,0.02534461816091102,0.02534461816091102,0.6647321507514091,0.005
4,667,4669,0.019810408327664973,0.019810408327664973,0.667714063497962,0.005
4,668,4670,0.019771898328959373,0.019771898328959373,0.6582483786215433,0.005
4,669,4671,0.02124581740652471,0.02124581740652471,0.6677647610110833,0.005
4,670,4672,0.019459968186437623,0.019459968186437623,0.6666373133661915,0.005
4,671,4673,0.023499590831490138,0.023499590831490138,0.6535481179643298,0.005
4,672,4674,0.01975553534670309,0.01975553534670309,0.6613670469532233,0.005
4,673,4675,0.019149163098053142,0.019149163098053142,0.6598387169991257,0.005
4,674,4676,0.021514528623242667,0.021514528623242667,0.6631118853421908,0.005
4,675,4677,0.019295077340102714,0.019295077340102714,0.656399988784409,0.005
4,676,4678,0.019357478750202654,0.019357478750202654,0.6620475376814164,0.005
4,677,4679,0.019598174115188445,0.019598174115188445,0.6592778725879189,0.005
4,678,4680,0.021323366866680685,0.021323366866680685,0.6686775337350495,0.005
4,679,4681,0.02567311784756062,0.02567311784756062,0.6677873579981226,0.005
4,680,4682,0.020506803883631616,0.020506803883631616,0.6575443891077929,0.005
4,681,4683,0.024598079496457995,0.024598079496457995,0.6605249770358939,0.005
4,682,4684,0.021219514270498625,0.021219514270498625,0.6657797260878618,0.005
4,683,4685,0.017178498809251763,0.017178498809251763,0.6546233329760964,0.005
4,684,4686,0.018346992853595027,0.018346992853595027,0.6611953631585704,0.005
4,685,4687,0.021474218768915542,0.021474218768915542,0.6589524931646518,0.005
4,686,4688,0.02052548969877148,0.02052548969877148,0.6638795956318191,0.005
4,687,4689,0.020993596863720758,0.020993596863720758,0.6625324222725963,0.005
4,688,4690,0.025612705511246982,0.025612705511246982,0.6593119202392974,0.005
4,689,4691,0.018088657427337916,0.018088657427337916,0.6593593322362826,0.005
4,690,4692,0.02105177633272539,0.02105177633272539,0.6564586196167626,0.005
4,691,4693,0.018318378976117832,0.018318378976117832,0.6579247969769662,0.005
4,692,4694,0.027349512325737457,0.027349512325737457,0.6690279030002109,0.005
4,693,4695,0.0194800702737163,0.0194800702737163,0.6614336398516037,0.005
4,694,4696,0.023397964877308598,0.023397964877308598,0.659050180609645,0.005
4,695,4697,0.018011607176982906,0.018011607176982906,0.6652002123931783,0.005
4,696,4698,0.018572059900225257,0.018572059900225257,0.6662720336109166,0.005
4,697,4699,0.025739340644918018,0.025739340644918018,0.6575681642421629,0.005
4,698,4700,0.018628760138434026,0.018628760138434026,0.6606504740334714,0.005
4,699,4701,0.019536398041566684,0.019536398041566684,0.6587311292668674,0.005
4,700,4702,0.023041761587768342,0.023041761587768342,0.6710831373471059,0.005
4,701,4703,0.025302443372436437,0.025302443372436437,0.6672994175051806,0.005
4,702,4704,0.023497297281907616,0.023497297281907616,0.6681982752661493,0.005
4,703,4705,0.022457776094727364,0.022457776094727364,0.6660666070163074,0.005
4,704,4706,0.019974075050512588,0.019974075050512588,0.6612100011369517,0.005
4,705,4707,0.022660521154633007,0.022660521154633007,0.663810969763455,0.005
4,706,4708,0.019481830352133862,0.019481830352133862,0.6672999756895428,0.005
4,707,4709,0.025953348737896634,0.025953348737896634,0.6650046101715893,0.005
4,708,4710,0.021701318001787453,0.021701318001787453,0.6627620105179414,0.005
4,709,4711,0.020801635014028243,0.020801635014028243,0.6577672280651723,0.005
4,710,4712,0.020368907991853015,0.020368907991853015,0.6574443304708539,0.005
4,711,4713,0.02104739649565075,0.02104739649565075,0.6580195686009657,0.005
4,712,4714,0.021355474777601753,0.021355474777601753,0.660832903407982,0.005
4,713,4715,0.02031702835366939,0.02031702835366939,0.6618673282786991,0.005
4,714,4716,0.019772705225247038,0.019772705225247038,0.6620499976917442,0.005
4,715,4717,0.022837522815990455,0.022837522815990455,0.6593821633248838,0.005
4,716,4718,0.02050716439144684,0.02050716439144684,0.6586086598230599,0.005
4,717,4719,0.02058143965427403,0.02058143965427403,0.6647581650260195,0.005
4,718,4720,0.01843017089511382,0.01843017089511382,0.6585000706983101,0.005
4,719,4721,0.019087737456488833,0.019087737456488833,0.6540042707422122,0.005
4,720,4722,0.022570850690316932,0.022570850690316932,0.6661843997285359,0.005
4,721,4723,0.01862679420093055,0.01862679420093055,0.6606563373636455,0.005
4,722,4724,0.01996024537063691,0.01996024537063691,0.659102839899832,0.005
4,723,4725,0.01976152609479949,0.01976152609479949,0.6554317151348276,0.005
4,724,4726,0.024602209461418577,0.024602209461418577,0.6557346142211941,0.005
4,725,4727,0.020099151804643202,0.020099151804643202,0.6638989549378976,0.005
4,726,4728,0.021153431479926293,0.021153431479926293,0.6626040443638818,0.005
4,727,4729,0.024102487106313936,0.024102487106313936,0.668091282008691,0.005
4,728,4730,0.02229722133615621,0.02229722133615621,0.6616176501232783,0.005
4,729,4731,0.022061075391730526,0.022061075391730526,0.6680805778570333,0.005
4,730,4732,0.018911415486008255,0.018911415486008255,0.6612841427997953,0.005
4,731,4733,0.021031385006791012,0.021031385006791012,0.6634787185596973,0.005
4,732,4734,0.019096877607155907,0.019096877607155907,0.662791775474492,0.005
4,733,4735,0.020268516603853835,0.020268516603853835,0.6631091928462277,0.005
4,734,4736,0.01946411267319374,0.01946411267319374,0.6604791403916518,0.005
4,735,4737,0.024280114479473217,0.024280114479473217,0.6636151235208801,0.005
4,736,4738,0.020806616513830464,0.020806616513830464,0.6602286026913508,0.005
4,737,4739,0.021657188111369838,0.021657188111369838,0.6669004772914253,0.005
4,738,4740,0.021938886763249333,0.021938886763249333,0.6652989838104191,0.005
4,739,4741,0.01834513430987233,0.01834513430987233,0.6601295186350843,0.005
4,740,4742,0.02262338514368308,0.02262338514368308,0.6682560665188431,0.005
4,741,4743,0.017594982788692454,0.017594982788692454,0.6620444949413348,0.005
4,742,4744,0.02338355193349697,0.02338355193349697,0.6612891284186426,0.005
4,743,4745,0.018887026775105318,0.018887026775105318,0.6567437953012722,0.005
4,744,4746,0.0242563469360634,0.0242563469360634,0.6638075219983927,0.005
4,745,4747,0.02447424131475197,0.02447424131475197,0.6645145438201137,0.005
4,746,4748,0.021393963702634314,0.021393963702634314,0.6611502907467485,0.005
4,747,4749,0.02218838491791561,0.02218838491791561,0.6560025068861599,0.005
4,748,4750,0.017915091063515964,0.017915091063515964,0.6597769773468524,0.005
4,749,4751,0.02125415449804518,0.02125415449804518,0.6608274848975513,0.005
4,750,4752,0.021931584319599094,0.021931584319599094,0.662698414185974,0.005
4,751,4753,0.02025035801593586,0.02025035801593586,0.6594828264364374,0.005
4,752,4754,0.023189243739588434,0.023189243739588434,0.6655920210730251,0.005
4,753,4755,0.02014879340454682,0.02014879340454682,0.6622551659680647,0.005
4,754,4756,0.022356995154624713,0.022356995154624713,0.6595814363609964,0.005
4,755,4757,0.02311338532182537,0.02311338532182537,0.6678227617243735,0.005
4,756,4758,0.021399943017345036,0.021399943017345036,0.6601728818839379,0.005
4,757,4759,0.0233421718877378,0.0233421718877378,0.6631360307427829,0.005
4,758,4760,0.01900422802777522,0.01900422802777522,0.6579374536958965,0.005
4,759,4761,0.020783447342431066,0.020783447342431066,0.6613534554061354,0.005
4,760,4762,0.020662298849177328,0.020662298849177328,0.6623788311804133,0.005
4,761,4763,0.02306654138419509,0.02306654138419509,0.661787840004308,0.005
4,762,4764,0.02149118986391853,0.02149118986391853,0.6608987415756441,0.005
4,763,4765,0.022431988133715365,0.022431988133715365,0.6665402739205795,0.005
4,764,4766,0.02210332423218553,0.02210332423218553,0.661015191442136,0.005
4,765,4767,0.02090733726600195,0.02090733726600195,0.6610973294660862,0.005
4,766,4768,0.019058617129938935,0.019058617129938935,0.6648390197651501,0.005
4,767,4769,0.019708280575571058,0.019708280575571058,0.6577314326451239,0.005
4,768,4770,0.021251109305910343,0.021251109305910343,0.6637930265245686,0.005
4,769,4771,0.023079596268246887,0.023079596268246887,0.6619159697765774,0.005
4,770,4772,0.020356714406193244,0.020356714406193244,0.6584273661386688,0.005
4,771,4773,0.0211585742410398,0.0211585742410398,0.6604652043850511,0.005
4,772,4774,0.020014501245717457,0.020014501245717457,0.6572210435763568,0.005
4,773,4775,0.021948782608629563,0.021948782608629563,0.6609338332172282,0.005
4,774,4776,0.021968472528815647,0.021968472528815647,0.6613001722765863,0.005
4,775,4777,0.018913416587890954,0.018913416587890954,0.6708965217960581,0.005
4,776,4778,0.02110113584162139,0.02110113584162139,0.6606438250309293,0.005
4,777,4779,0.020678759183681464,0.020678759183681464,0.6656677894627892,0.005
4,778,4780,0.01758079402121452,0.01758079402121452,0.6640421632124047,0.005
4,779,4781,0.022830654869282846,0.022830654869282846,0.6615930310926342,0.005
4,780,4782,0.024776110331451016,0.024776110331451016,0.6662598701796068,0.005
4,781,4783,0.024843011791648665,0.024843011791648665,0.6567312038695733,0.005
4,782,4784,0.018467600425644326,0.018467600425644326,0.6598958921446095,0.005
4,783,4785,0.02064297468735453,0.02064297468735453,0.6642339051578704,0.005
4,784,4786,0.019061965639218317,0.019061965639218317,0.6628271379957628,0.005
4,785,4787,0.02003962989555192,0.02003962989555192,0.6631858242278917,0.005
4,786,4788,0.017807545073976864,0.017807545073976864,0.6586274091214951,0.005
4,787,4789,0.022075130023815163,0.022075130023815163,0.6609577164865702,0.005
4,788,4790,0.019269852309936858,0.019269852309936858,0.6619674912220691,0.005
4,789,4791,0.020170005516918027,0.020170005516918027,0.6589736407426021,0.005
4,790,4792,0.01754132118312798,0.01754132118312798,0.6581018005717827,0.005
4,791,4793,0.019973724861203912,0.019973724861203912,0.6564087344034629,0.005
4,792,4794,0.02165006540164191,0.02165006540164191,0.659590589296559,0.005
4,793,4795,0.028481465702008553,0.028481465702008553,0.6649300348268369,0.005
4,794,4796,0.021211207671136524,0.021211207671136524,0.6567721430894149,0.005
4,795,4797,0.02031126479448367,0.02031126479448367,0.6588243601459388,0.005
4,796,4798,0.01920424573761611,0.01920424573761611,0.6533108062447911,0.005
4,797,4799,0.02483110110240761,0.02483110110240761,0.6587133262191351,0.005
4,798,4800,0.022301810875826264,0.022301810875826264,0.6636947684967067,0.005
4,799,4801,0.01990434373907122,0.01990434373907122,0.6654647468139553,0.005
4,800,4802,0.01842857771032815,0.01842857771032815,0.6626076118843881,0.005
4,801,4803,0.020878240236791225,0.020878240236791225,0.6622811350282966,0.005
4,802,4804,0.022320472119093465,0.022320472119093465,0.6671304610958538,0.005
4,803,4805,0.021304275728685575,0.021304275728685575,0.6592090790992853,0.005
4,804,4806,0.021532733189748313,0.021532733189748313,0.6536075240243616,0.005
4,805,4807,0.021363383891021423,0.021363383891021423,0.6514039782434191,0.005
4,806,4808,0.024555385834795725,0.024555385834795725,0.6685923339168385,0.005
4,807,4809,0.019161580321781314,0.019161580321781314,0.660362310612721,0.005
4,808,4810,0.02162015585276178,0.02162015585276178,0.6618167168947706,0.005
4,809,4811,0.01846598217985138,0.01846598217985138,0.6558311153736599,0.005
4,810,4812,0.020600359650719338,0.020600359650719338,0.6650357448002863,0.005
4,811,4813,0.018384109826371144,0.018384109826371144,0.6647358279984257,0.005
4,812,4814,0.021233099220892247,0.021233099220892247,0.6622305948568078,0.005
4,813,4815,0.01990896922643614,0.01990896922643614,0.6614930098023791,0.005
4,814,4816,0.02064606084887763,0.02064606084887763,0.6569538193058742,0.005
4,815,4817,0.019417118693049636,0.019417118693049636,0.6604687193162762,0.005
4,816,4818,0.024989378640360507,0.024989378640360507,0.6577551625568155,0.005
4,817,4819,0.021227158379162225,0.021227158379162225,0.6651407445949122,0.005
4,818,4820,0.0279738152933577,0.0279738152933577,0.6632739182073117,0.005
4,819,4821,0.02112900204704349,0.02112900204704349,0.666481626793361,0.005
4,820,4822,0.01902388109961694,0.01902388109961694,0.6625162265692394,0.005
4,821,4823,0.020114397056867878,0.020114397056867878,0.6578346119579578,0.005
4,822,4824,0.019596904751185105,0.019596904751185105,0.655737284632869,0.005
4,823,4825,0.02458982809378262,0.02458982809378262,0.6658177544851874,0.005
4,824,4826,0.017902396537298228,0.017902396537298228,0.6619318353792087,0.005
4,825,4827,0.02184366373031622,0.02184366373031622,0.6674924747543266,0.005
4,826,4828,0.02302265657197773,0.02302265657197773,0.65430587450002,0.005
4,827,4829,0.021893104335654272,0.021893104335654272,0.6615215990774059,0.005
4,828,4830,0.02190876383400618,0.02190876383400618,0.6634483617332337,0.005
4,829,4831,0.018688116017165517,0.018688116017165517,0.6652691914153611,0.005
4,830,4832,0.021631352323259242,0.021631352323259242,0.6561348881407559,0.005
4,831,4833,0.023312299317336454,0.023312299317336454,0.6612662894278319,0.005
4,832,4834,0.02280589564896339,0.02280589564896339,0.661609062022886,0.005
4,833,4835,0.017116300893168544,0.017116300893168544,0.6593441219566106,0.005
4,834,4836,0.027003357712395967,0.027003357712395967,0.6613607098859365,0.005
4,835,4837,0.019948899009442078,0.019948899009442078,0.659032022668324,0.005
4,836,4838,0.02428436932965692,0.02428436932965692,0.6627997429850095,0.005
4,837,4839,0.024487634112830614,0.024487634112830614,0.6579324205225956,0.005
4,838,4840,0.025202747731556688,0.025202747731556688,0.6601939994188695,0.005
4,839,4841,0.02148403838342166,0.02148403838342166,0.6601803354975154,0.005
4,840,4842,0.020449396365664466,0.020449396365664466,0.6604296309970834,0.005
4,841,4843,0.02420850259528896,0.02420850259528896,0.6644783968580813,0.005
4,842,4844,0.022767135007800123,0.022767135007800123,0.6647545388295938,0.005
4,843,4845,0.02199630341209285,0.02199630341209285,0.6591846420497446,0.005
4,844,4846,0.024510759170712555,0.024510759170712555,0.6635140753391279,0.005
4,845,4847,0.017635257739400587,0.017635257739400587,0.6559631875413635,0.005
4,846,4848,0.01991313183059638,0.01991313183059638,0.6598503544570089,0.005
4,847,4849,0.021207360797244515,0.021207360797244515,0.6666755995799233,0.005
4,848,4850,0.02028706127731237,0.02028706127731237,0.6621904750848598,0.005
4,849,4851,0.022254063184213364,0.022254063184213364,0.6626348584296176,0.005
4,850,4852,0.023005642136482464,0.023005642136482464,0.66570619474205,0.005
4,851,4853,0.02216930142725658,0.02216930142725658,0.6583672405079608,0.005
4,852,4854,0.023603427994063293,0.023603427994063293,0.6602076194490124,0.005
4,853,4855,0.018969312984012623,0.018969312984012623,0.6548890951428455,0.005
4,854,4856,0.019834920294096427,0.019834920294096427,0.6616464910875561,0.005
4,855,4857,0.019198466658769245,0.019198466658769245,0.6583625069671536,0.005
4,856,4858,0.019409704845899316,0.019409704845899316,0.6575845354066963,0.005
4,857,4859,0.021779768953601855,0.021779768953601855,0.6570678692468777,0.005
4,858,4860,0.018954171118667637,0.018954171118667637,0.6600934990274652,0.005
4,859,4861,0.01941750343872778,0.01941750343872778,0.6576194341743137,0.005
4,860,4862,0.019812974626617942,0.019812974626617942,0.6572026699506253,0.005
4,861,4863,0.020635280157261453,0.020635280157261453,0.6649501993583232,0.005
4,862,4864,0.022079726933263884,0.022079726933263884,0.6623573397704775,0.005
4,863,4865,0.018999842566259646,0.018999842566259646,0.6596836513588754,0.005
4,864,4866,0.022418229704935937,0.022418229704935937,0.6660993230466249,0.005
4,865,4867,0.018494733779061252,0.018494733779061252,0.6535840989313271,0.005
4,866,4868,0.02067095815521611,0.02067095815521611,0.6624661947670312,0.005
4,867,4869,0.020997265545760257,0.020997265545760257,0.6633487948582324,0.005
4,868,4870,0.02245881639318604,0.02245881639318604,0.6684336958121305,0.005
4,869,4871,0.021855914294255378,0.021855914294255378,0.6686039151984488,0.005
4,870,4872,0.02146826390843741,0.02146826390843741,0.6642375551832266,0.005
4,871,4873,0.02110521013261907,0.02110521013261907,0.6627333903313031,0.005
4,872,4874,0.018154017559228318,0.018154017559228318,0.6625741422211954,0.005
4,873,4875,0.02048889580736264,0.02048889580736264,0.666271423589503,0.005
4,874,4876,0.019566261357820875,0.019566261357820875,0.6639799706931224,0.005
4,875,4877,0.01820203299096592,0.01820203299096592,0.6560339975917394,0.005
4,876,4878,0.020906091955924175,0.020906091955924175,0.6664150140826683,0.005
4,877,4879,0.022556835725047682,0.022556835725047682,0.6634873813104252,0.005
4,878,4880,0.02194883371221299,0.02194883371221299,0.6678679978272655,0.005
4,879,4881,0.024018843860282954,0.024018843860282954,0.6608623793004423,0.005
4,880,4882,0.02087256980450105,0.02087256980450105,0.6627283724182381,0.005
4,881,4883,0.01913875618085954,0.01913875618085954,0.6611669592042894,0.005
4,882,4884,0.021632505375780407,0.021632505375780407,0.6668900067262041,0.005
4,883,4885,0.019943804012453843,0.019943804012453843,0.6618573074226656,0.005
4,884,4886,0.01874082576729721,0.01874082576729721,0.6629597950489458,0.005
4,885,4887,0.020531201053291905,0.020531201053291905,0.6615704461958138,0.005
4,886,4888,0.023429670255110453,0.023429670255110453,0.6641771957325961,0.005
4,887,4889,0.02671719453211566,0.02671719453211566,0.6599466647003369,0.005
4,888,4890,0.019598528921591363,0.019598528921591363,0.6599732440850574,0.005
4,889,4891,0.018228651926603886,0.018228651926603886,0.6577420762565083,0.005
4,890,4892,0.02240388388269049,0.02240388388269049,0.6625678031706888,0.005
4,891,4893,0.02049765319593326,0.02049765319593326,0.6580646388613252,0.005
4,892,4894,0.02190076581507831,0.02190076581507831,0.6520467361893889,0.005
4,893,4895,0.020462724511697308,0.020462724511697308,0.6621404617277808,0.005
4,894,4896,0.020735502532773425,0.020735502532773425,0.65052607789869,0.005
4,895,4897,0.019895554118137974,0.019895554118137974,0.6629323445345444,0.005
4,896,4898,0.027929378711503597,0.027929378711503597,0.6634729474247761,0.005
4,897,4899,0.019473762884650983,0.019473762884650983,0.6648280064813353,0.005
4,898,4900,0.02053617443667976,0.02053617443667976,0.6608189435350865,0.005
4,899,4901,0.021577495717288654,0.021577495717288654,0.6562931953094816,0.005
4,900,4902,0.021011478271095594,0.021011478271095594,0.6562950406276825,0.005
4,901,4903,0.023114792605016372,0.023114792605016372,0.6613329842888108,0.005
4,902,4904,0.019953719535128114,0.019953719535128114,0.6621416189402334,0.005
4,903,4905,0.020130513623098194,0.020130513623098194,0.6592926274022077,0.005
4,904,4906,0.025434736857400927,0.025434736857400927,0.6685463783605097,0.005
4,905,4907,0.02379934917752218,0.02379934917752218,0.6620468785768205,0.005
4,906,4908,0.020564674471578344,0.020564674471578344,0.662414334486683,0.005
4,907,4909,0.019841731792341475,0.019841731792341475,0.6643439780773184,0.005
4,908,4910,0.02222635998126739,0.02222635998126739,0.6678102912661349,0.005
4,909,4911,0.020037191859365516,0.020037191859365516,0.6640132660726485,0.005
4,910,4912,0.017881307096472808,0.017881307096472808,0.6583087039571274,0.005
4,911,4913,0.021951397009021843,0.021951397009021843,0.6592986609376776,0.005
4,912,4914,0.020854524527469755,0.020854524527469755,0.6632443160184311,0.005
4,913,4915,0.022821363484875436,0.022821363484875436,0.6670823310954802,0.005
4,914,4916,0.02050061827300071,0.02050061827300071,0.6601299061605512,0.005
4,915,4917,0.02053676835394691,0.02053676835394691,0.6558020274406089,0.005
4,916,4918,0.019936506890239594,0.019936506890239594,0.6599841150913066,0.005
4,917,4919,0.02006959450180972,0.02006959450180972,0.6611403681724168,0.005
4,918,4920,0.022118292625431833,0.022118292625431833,0.6634188076476686,0.005
4,919,4921,0.02427782500773932,0.02427782500773932,0.6606451093198145,0.005
4,920,4922,0.018925121777955977,0.018925121777955977,0.6634857063365979,0.005
4,921,4923,0.020472097914152592,0.020472097914152592,0.6626829940846776,0.005
4,922,4924,0.018924100491687874,0.018924100491687874,0.6562866649379903,0.005
4,923,4925,0.020784801581968812,0.020784801581968812,0.6626990654588243,0.005
4,924,4926,0.023414251540243618,0.023414251540243618,0.6605841568368633,0.005
4,925,4927,0.019380786915225004,0.019380786915225004,0.6623817855614611,0.005
4,926,4928,0.021724857564404277,0.021724857564404277,0.6619213043147817,0.005
4,927,4929,0.02094583526035693,0.02094583526035693,0.663037226562273,0.005
4,928,4930,0.020711048900641467,0.020711048900641467,0.6642701127121481,0.005
4,929,4931,0.023279979952916956,0.023279979952916956,0.6608607847891743,0.005
4,930,4932,0.021133595001598927,0.021133595001598927,0.6573323913339946,0.005
4,931,4933,0.025143890640758258,0.025143890640758258,0.6585958670547937,0.005
4,932,4934,0.023202918520643386,0.023202918520643386,0.6641720453149683,0.005
4,933,4935,0.02388141943474616,0.02388141943474616,0.657074993730321,0.005
4,934,4936,0.022474846718467927,0.022474846718467927,0.6605103781291629,0.005
4,935,4937,0.025568619285436522,0.025568619285436522,0.6592142238618984,0.005
4,936,4938,0.020026235502818415,0.020026235502818415,0.6617114713626338,0.005
4,937,4939,0.018281278193061072,0.018281278193061072,0.6597105428926576,0.005
4,938,4940,0.02094395887318912,0.02094395887318912,0.6636797143551069,0.005
4,939,4941,0.02095934369489065,0.02095934369489065,0.6666049967515475,0.005
4,940,4942,0.019649022560388807,0.019649022560388807,0.6626372458207765,0.005
4,941,4943,0.018669101672696885,0.018669101672696885,0.6541139178148551,0.005
4,942,4944,0.018436065685377555,0.018436065685377555,0.6533405790218642,0.005
4,943,4945,0.023298284697654353,0.023298284697654353,0.6680797041933949,0.005
4,944,4946,0.020191047431888983,0.020191047431888983,0.6683203394223786,0.005
4,945,4947,0.018941577244579906,0.018941577244579906,0.6621247532736243,0.005
4,946,4948,0.023221704850165156,0.023221704850165156,0.6560685100671012,0.005
4,947,4949,0.019342279987051864,0.019342279987051864,0.6614556275787227,0.005
4,948,4950,0.02019738756030997,0.02019738756030997,0.6567809931397699,0.005
4,949,4951,0.021971898801912644,0.021971898801912644,0.6669244227109598,0.005
4,950,4952,0.019657459929945824,0.019657459929945824,0.6616713434863722,0.005
4,951,4953,0.020164321043589128,0.020164321043589128,0.6612992658309165,0.005
4,952,4954,0.02091841727170105,0.02091841727170105,0.6542548907010054,0.005
4,953,4955,0.019449905052102874,0.019449905052102874,0.6630343697820957,0.005
4,954,4956,0.01986696910633578,0.01986696910633578,0.6523589884215423,0.005
4,955,4957,0.02200841584968056,0.02200841584968056,0.664870196419219,0.005
4,956,4958,0.019810914786162023,0.019810914786162023,0.6602672952459413,0.005
4,957,4959,0.01878334949569823,0.01878334949569823,0.6615151726900533,0.005
4,958,4960,0.023191523470963857,0.023191523470963857,0.6624647843393668,0.005
4,959,4961,0.017917749906081686,0.017917749906081686,0.6612556491115004,0.005
4,960,4962,0.023533194551028088,0.023533194551028088,0.6627249340176692,0.005
4,961,4963,0.021506974888193003,0.021506974888193003,0.6592361105456644,0.005
4,962,4964,0.021359761505797232,0.021359761505797232,0.6579144171130413,0.005
4,963,4965,0.020530740219385495,0.020530740219385495,0.6574836001507449,0.005
4,964,4966,0.029325703555363167,0.029325703555363167,0.6656600087973701,0.005
4,965,4967,0.020368393823594,0.020368393823594,0.6620607025485361,0.005
4,966,4968,0.018779691619708314,0.018779691619708314,0.6569638686649756,0.005
4,967,4969,0.02284698134730188,0.02284698134730188,0.6664136831362981,0.005
4,968,4970,0.02163374835035768,0.02163374835035768,0.6637837310029762,0.005
4,969,4971,0.018636585262277662,0.018636585262277662,0.6590400752688559,0.005
4,970,4972,0.023253479705039562,0.023253479705039562,0.6590719830788547,0.005
4,971,4973,0.021696734897527346,0.021696734897527346,0.6656787791834337,0.005
4,972,4974,0.019931896406083064,0.019931896406083064,0.6561309883569447,0.005
4,973,4975,0.025247011984534763,0.025247011984534763,0.6636560566147498,0.005
4,974,4976,0.019510622211732068,0.019510622211732068,0.6546171121992967,0.005
4,975,4977,0.019645417214624542,0.019645417214624542,0.6629839330753817,0.005
4,976,4978,0.018285563778930272,0.018285563778930272,0.6605895246108787,0.005
4,977,4979,0.020503015867942002,0.020503015867942002,0.6648493023073913,0.005
4,978,4980,0.023953547510080303,0.023953547510080303,0.6604620919512343,0.005
4,979,4981,0.02008157181979891,0.02008157181979891,0.6649450986654132,0.005
4,980,4982,0.024311222629357893,0.024311222629357893,0.6565427933323185,0.005
4,981,4983,0.020082828091650053,0.020082828091650053,0.6618076782277182,0.005
4,982,4984,0.020689174361835917,0.020689174361835917,0.6633175217972623,0.005
4,983,4985,0.01930559834677887,0.01930559834677887,0.6561018109708716,0.005
4,984,4986,0.021027875464676438,0.021027875464676438,0.6635871993299916,0.005
4,985,4987,0.02099005564337902,0.02099005564337902,0.6632091369161232,0.005
4,986,4988,0.029608761293341713,0.029608761293341713,0.6625492455726358,0.005
4,987,4989,0.019491055432279778,0.019491055432279778,0.6542847684940075,0.005
4,988,4990,0.02006463401943091,0.02006463401943091,0.6642686082641318,0.005
4,989,4991,0.020406741895499497,0.020406741895499497,0.6550901446365183,0.005
4,990,4992,0.019973138239721935,0.019973138239721935,0.6630534839571783,0.005
4,991,4993,0.02099226584733672,0.02099226584733672,0.6559204060624801,0.005
4,992,4994,0.02267175386224564,0.02267175386224564,0.6611992349144802,0.005
4,993,4995,0.020902821632067532,0.020902821632067532,0.6621874830605067,0.005
4,994,4996,0.02281159593170783,0.02281159593170783,0.6640401859998957,0.005
4,995,4997,0.021812582137784767,0.021812582137784767,0.6575151022620157,0.005
4,996,4998,0.023396724346668486,0.023396724346668486,0.6554056187972006,0.005
4,997,4999,0.019921499330582883,0.019921499330582883,0.6580544448319913,0.005
4,998,5000,0.018331262342497573,0.018331262342497573,0.652955411464566,0.005
4,999,5001,0.016722716477584575,0.016722716477584575,0.6563654809165319,0.005
4,1000,5002,0.027763523873928782,0.027763523873928782,0.6630580825710357,0.005
4,1001,5003,0.017829381359627656,0.017829381359627656,0.6601980782967364,0.005
4,1002,5004,0.01681054260291421,0.01681054260291421,0.6598785694139175,0.005
4,1003,5005,0.021958846886384494,0.021958846886384494,0.6657171113072334,0.005
4,1004,5006,0.023652943335462376,0.023652943335462376,0.6664017922493075,0.005
4,1005,5007,0.021896149773020505,0.021896149773020505,0.6599188206778733,0.005
4,1006,5008,0.022387968387450143,0.022387968387450143,0.6677271822127431,0.005
4,1007,5009,0.0203343881420552,0.0203343881420552,0.6672422757078581,0.005
4,1008,5010,0.022840507255028203,0.022840507255028203,0.6628558369144354,0.005
4,1009,5011,0.01774719105312032,0.01774719105312032,0.6558259735018266,0.005
4,1010,5012,0.020189380451193485,0.020189380451193485,0.6629740598886701,0.005
4,1011,5013,0.023666246701720996,0.023666246701720996,0.6595741853216432,0.005
4,1012,5014,0.017692768071941575,0.017692768071941575,0.6570844709179643,0.005
4,1013,5015,0.018763654726047165,0.018763654726047165,0.6597214576936947,0.005
4,1014,5016,0.02003300238130021,0.02003300238130021,0.6607314901966811,0.005
4,1015,5017,0.028899028848826166,0.028899028848826166,0.655646533921411,0.005
4,1016,5018,0.02189180153817765,0.02189180153817765,0.6580562645697171,0.005
4,1017,5019,0.021807344379661107,0.021807344379661107,0.6590995355428443,0.005
4,1018,5020,0.02195347377524265,0.02195347377524265,0.6566564831010168,0.005
4,1019,5021,0.022531732813625513,0.022531732813625513,0.6688798114999,0.005
4,1020,5022,0.02366511971058198,0.02366511971058198,0.657313155411977,0.005
4,1021,5023,0.017591211144320308,0.017591211144320308,0.6562749822143756,0.005
4,1022,5024,0.019221755644011067,0.019221755644011067,0.6531270667170923,0.005
4,1023,5025,0.02249922840379432,0.02249922840379432,0.6670328011097297,0.005
4,1024,5026,0.021036213109921292,0.021036213109921292,0.6551234233503548,0.005
4,1025,5027,0.020293780639385313,0.020293780639385313,0.6636455541561478,0.005
4,1026,5028,0.0224453218175728,0.0224453218175728,0.6585282730546569,0.005
4,1027,5029,0.0213680276247114,0.0213680276247114,0.6603364761900217,0.005
4,1028,5030,0.016379132078089314,0.016379132078089314,0.6552747985110363,0.005
4,1029,5031,0.021007189822328305,0.021007189822328305,0.6649177944246968,0.005
4,1030,5032,0.019869588855690023,0.019869588855690023,0.667340970313866,0.005
4,1031,5033,0.020593835120140326,0.020593835120140326,0.6597130241173631,0.005
4,1032,5034,0.020935951454258753,0.020935951454258753,0.6617050104223853,0.005
4,1033,5035,0.019860282861999295,0.019860282861999295,0.6609646078498185,0.005
4,1034,5036,0.01823497817956405,0.01823497817956405,0.6608811213507008,0.005
4,1035,5037,0.022083982510682165,0.022083982510682165,0.6636133219503573,0.005
4,1036,5038,0.019921642151863563,0.019921642151863563,0.6612331084830669,0.005
4,1037,5039,0.022765717912410343,0.022765717912410343,0.6580585171686788,0.005
4,1038,5040,0.017832877362614526,0.017832877362614526,0.656460237930421,0.005
4,1039,5041,0.02326253783432572,0.02326253783432572,0.6602026462690312,0.005
4,1040,5042,0.018912344600233534,0.018912344600233534,0.655283136688915,0.005
4,1041,5043,0.02033197326971046,0.02033197326971046,0.664489291488708,0.005
4,1042,5044,0.027311723316585712,0.027311723316585712,0.6633634103885951,0.005
4,1043,5045,0.01901442711790481,0.01901442711790481,0.6590084012663734,0.005
4,1044,5046,0.02035154363449852,0.02035154363449852,0.6590243102611419,0.005
4,1045,5047,0.017996435588114708,0.017996435588114708,0.6545935588970456,0.005
4,1046,5048,0.021447008442198896,0.021447008442198896,0.6596770235761953,0.005
4,1047,5049,0.01956968989275178,0.01956968989275178,0.6595039115846489,0.005
4,1048,5050,0.019085351593606588,0.019085351593606588,0.6539382566489229,0.005
4,1049,5051,0.020097366094088392,0.020097366094088392,0.6585562885240042,0.005
4,1050,5052,0.017765141576841673,0.017765141576841673,0.6634905865437762,0.005
4,1051,5053,0.02444111237704196,0.02444111237704196,0.6687827191355368,0.005
4,1052,5054,0.018447591144022873,0.018447591144022873,0.6633370130295718,0.005
4,1053,5055,0.021186262377458152,0.021186262377458152,0.6687985472070287,0.005
4,1054,5056,0.020560764229031435,0.020560764229031435,0.6635005067825227,0.005
4,1055,5057,0.02104667875219105,0.02104667875219105,0.658866899466511,0.005
4,1056,5058,0.02067127875328662,0.02067127875328662,0.6588450645390372,0.005
4,1057,5059,0.026429549612648345,0.026429549612648345,0.6679649508103163,0.005
4,1058,5060,0.02285461425002823,0.02285461425002823,0.6632121877698641,0.005
4,1059,5061,0.023484244009844016,0.023484244009844016,0.6631638738646535,0.005
4,1060,5062,0.019479193976257487,0.019479193976257487,0.6679533048722238,0.005
4,1061,5063,0.022043326701133913,0.022043326701133913,0.6584434622824833,0.005
4,1062,5064,0.019420075266951595,0.019420075266951595,0.6604078401971604,0.005
4,1063,5065,0.020305961031372676,0.020305961031372676,0.6664072726845166,0.005
4,1064,5066,0.0191286533312551,0.0191286533312551,0.6632282034786722,0.005
4,1065,5067,0.020034713525559147,0.020034713525559147,0.6653828455305231,0.005
4,1066,5068,0.02167901960989204,0.02167901960989204,0.6634752036388121,0.005
4,1067,5069,0.01763825232717319,0.01763825232717319,0.6576017169127245,0.005
4,1068,5070,0.019277185922975327,0.019277185922975327,0.6606648061979886,0.005
4,1069,5071,0.024564693063080102,0.024564693063080102,0.6543894093349968,0.005
4,1070,5072,0.02133369037986002,0.02133369037986002,0.6631995261728713,0.005
4,1071,5073,0.022502076541491115,0.022502076541491115,0.663103422757896,0.005
4,1072,5074,0.020740848064406382,0.020740848064406382,0.6518839625343357,0.005
4,1073,5075,0.019883855557909398,0.019883855557909398,0.6568457134573833,0.005
4,1074,5076,0.024463121211011584,0.024463121211011584,0.6500231219770797,0.005
4,1075,5077,0.021263733256279255,0.021263733256279255,0.663492841570706,0.005
4,1076,5078,0.02208026471607273,0.02208026471607273,0.6611656742082874,0.005
4,1077,5079,0.026133127065575724,0.026133127065575724,0.6594856678146157,0.005
4,1078,5080,0.029483467352268502,0.029483467352268502,0.6534296091633842,0.005
4,1079,5081,0.0201921179297255,0.0201921179297255,0.6572296846178138,0.005
4,1080,5082,0.019465700142531468,0.019465700142531468,0.6609599616005826,0.005
4,1081,5083,0.02379658246699338,0.02379658246699338,0.6567789603730255,0.005
4,1082,5084,0.023053528691440475,0.023053528691440475,0.6688769291570089,0.005
4,1083,5085,0.01865133072382285,0.01865133072382285,0.6641035838567808,0.005
4,1084,5086,0.021152295819656268,0.021152295819656268,0.6641733487336987,0.005
4,1085,5087,0.021490269430441973,0.021490269430441973,0.6653956424921205,0.005
4,1086,5088,0.01994650868588102,0.01994650868588102,0.6655697295939872,0.005
4,1087,5089,0.02202344900106617,0.02202344900106617,0.6622627313546305,0.005
4,1088,5090,0.021068196224615462,0.021068196224615462,0.6638126563892831,0.005
4,1089,5091,0.022988755740975718,0.022988755740975718,0.6652417591475591,0.005
4,1090,5092,0.023225536544759454,0.023225536544759454,0.6603311903229063,0.005
4,1091,5093,0.024892868671654994,0.024892868671654994,0.665832989206126,0.005
4,1092,5094,0.02071443192632584,0.02071443192632584,0.6569702503694873,0.005
4,1093,5095,0.020827981705744146,0.020827981705744146,0.6605511751182107,0.005
4,1094,5096,0.019398310412839962,0.019398310412839962,0.6591727564423937,0.005
4,1095,5097,0.019779697909930054,0.019779697909930054,0.6569196648234948,0.005
4,1096,5098,0.022049841293973752,0.022049841293973752,0.6609049080123567,0.005
4,1097,5099,0.02226245448518741,0.02226245448518741,0.6592747540378893,0.005
4,1098,5100,0.022535230490920842,0.022535230490920842,0.6615866631316619,0.005
4,1099,5101,0.022174831427326982,0.022174831427326982,0.6618754607633553,0.005
4,1100,5102,0.019255173363263593,0.019255173363263593,0.6590473238037803,0.005
4,1101,5103,0.021325942702979796,0.021325942702979796,0.6582006034755961,0.005
4,1102,5104,0.022106008049315583,0.022106008049315583,0.6637516433160104,0.005
4,1103,5105,0.023263747722057068,0.023263747722057068,0.6606085369942475,0.005
4,1104,5106,0.021506056873024836,0.021506056873024836,0.6607078510046974,0.005
4,1105,5107,0.01992314069250085,0.01992314069250085,0.6646669254093844,0.005
4,1106,5108,0.02186672543089118,0.02186672543089118,0.6632427038046215,0.005
4,1107,5109,0.01786642957680175,0.01786642957680175,0.6541184639862551,0.005
4,1108,5110,0.023618187025640936,0.023618187025640936,0.6628534094302393,0.005
4,1109,5111,0.02012954787212365,0.02012954787212365,0.661271044532295,0.005
4,1110,5112,0.01867705372426383,0.01867705372426383,0.6562377744401648,0.005
4,1111,5113,0.02128663755445805,0.02128663755445805,0.6610511268290898,0.005
4,1112,5114,0.022557629063043413,0.022557629063043413,0.6668527433724852,0.005
4,1113,5115,0.023519003296064885,0.023519003296064885,0.6620337871202246,0.005
4,1114,5116,0.01833591114187995,0.01833591114187995,0.662350420149262,0.005
4,1115,5117,0.019012779158817786,0.019012779158817786,0.6590447144400189,0.005
4,1116,5118,0.0159182752432713,0.0159182752432713,0.6549947920176062,0.005
4,1117,5119,0.02766835899235571,0.02766835899235571,0.6591754216083622,0.005
4,1118,5120,0.02195864922574407,0.02195864922574407,0.6655257309380802,0.005
4,1119,5121,0.020685403883578927,0.020685403883578927,0.6658461089562896,0.005
4,1120,5122,0.017566063311286163,0.017566063311286163,0.6512716623801657,0.005
4,1121,5123,0.01976355210396971,0.01976355210396971,0.6599418650775162,0.005
4,1122,5124,0.020839966444152765,0.020839966444152765,0.6555060332926421,0.005
4,1123,5125,0.020222362478450516,0.020222362478450516,0.6647486109169685,0.005
4,1124,5126,0.019498642559226474,0.019498642559226474,0.6532861945526697,0.005
4,1125,5127,0.01985620520303303,0.01985620520303303,0.6639747011191518,0.005
4,1126,5128,0.019881248171471952,0.019881248171471952,0.6553604998686562,0.005
4,1127,5129,0.018604319271017793,0.018604319271017793,0.6607611053180126,0.005
4,1128,5130,0.02591510996291177,0.02591510996291177,0.6611271286474154,0.005
4,1129,5131,0.02032859804290988,0.02032859804290988,0.6610556271735099,0.005
4,1130,5132,0.019393862571732555,0.019393862571732555,0.6659159420411453,0.005
4,1131,5133,0.025566501892892172,0.025566501892892172,0.6654466426932464,0.005
4,1132,5134,0.019368207244937402,0.019368207244937402,0.666232905010581,0.005
4,1133,5135,0.021197489325203506,0.021197489325203506,0.6677151779844941,0.005
4,1134,5136,0.02221469947911643,0.02221469947911643,0.6627281724082077,0.005
4,1135,5137,0.027468780105538257,0.027468780105538257,0.6613740505060207,0.005
4,1136,5138,0.019994203468049712,0.019994203468049712,0.6666721959633577,0.005
4,1137,5139,0.018738525484539602,0.018738525484539602,0.6576775190668827,0.005
4,1138,5140,0.02522914436635254,0.02522914436635254,0.667192214846101,0.005
4,1139,5141,0.021579827403506564,0.021579827403506564,0.6644667258648459,0.005
4,1140,5142,0.02002716329009814,0.02002716329009814,0.6560486340219238,0.005
4,1141,5143,0.020183679199786135,0.020183679199786135,0.6614218110936841,0.005
4,1142,5144,0.0204636854008452,0.0204636854008452,0.6630782422167943,0.005
4,1143,5145,0.020714276894351145,0.020714276894351145,0.6614175308549136,0.005
4,1144,5146,0.0195634180613587,0.0195634180613587,0.6661745182740928,0.005
4,1145,5147,0.023452460156896254,0.023452460156896254,0.6628087178542509,0.005
4,1146,5148,0.021025235097328156,0.021025235097328156,0.663541352830428,0.005
4,1147,5149,0.022986999811716174,0.022986999811716174,0.6638309663400457,0.005
4,1148,5150,0.019258914526821574,0.019258914526821574,0.6630069342025751,0.005
4,1149,5151,0.022709250496022765,0.022709250496022765,0.6610645743582498,0.005
4,1150,5152,0.025362007716100705,0.025362007716100705,0.6665695905583995,0.005
4,1151,5153,0.018121601077860698,0.018121601077860698,0.6551301214632956,0.005
4,1152,5154,0.019933203213837812,0.019933203213837812,0.6591266345291692,0.005
4,1153,5155,0.020774441282424456,0.020774441282424456,0.6604480278316911,0.005
4,1154,5156,0.02220104567328617,0.02220104567328617,0.6661803212544865,0.005
4,1155,5157,0.02197951968838705,0.02197951968838705,0.665875346714339,0.005
4,1156,5158,0.021102207212337725,0.021102207212337725,0.6652333568327585,0.005
4,1157,5159,0.019925220264920905,0.019925220264920905,0.6577483723306173,0.005
4,1158,5160,0.023230908713376887,0.023230908713376887,0.6683966580130993,0.005
4,1159,5161,0.021663093947307442,0.021663093947307442,0.6618578834558166,0.005
4,1160,5162,0.01896175408949692,0.01896175408949692,0.6501933246102503,0.005
4,1161,5163,0.019756928711929085,0.019756928711929085,0.6609073341733475,0.005
4,1162,5164,0.02201859579203648,0.02201859579203648,0.6585715962669338,0.005
4,1163,5165,0.01938669434962357,0.01938669434962357,0.6545045050589066,0.005
4,1164,5166,0.02517282709422476,0.02517282709422476,0.6556186028914277,0.005
4,1165,5167,0.016500073722131,0.016500073722131,0.6576180017799212,0.005
4,1166,5168,0.022801871296320282,0.022801871296320282,0.6592344670153855,0.005
4,1167,5169,0.018935115881269962,0.018935115881269962,0.6578876952206527,0.005
4,1168,5170,0.02154192662035293,0.02154192662035293,0.6593588063472242,0.005
4,1169,5171,0.023262863959638478,0.023262863959638478,0.6606179655951326,0.005
4,1170,5172,0.022245164287286033,0.022245164287286033,0.6632809451243551,0.005
4,1171,5173,0.025156377655074388,0.025156377655074388,0.6570015230838085,0.005
4,1172,5174,0.02223004309945815,0.02223004309945815,0.6620402108619159,0.005
4,1173,5175,0.02004210893075804,0.02004210893075804,0.6584762805704659,0.005
4,1174,5176,0.019700662926903235,0.019700662926903235,0.6655837873769617,0.005
4,1175,5177,0.02230293752305136,0.02230293752305136,0.660841878743556,0.005
4,1176,5178,0.020279484996644004,0.020279484996644004,0.6602085546508214,0.005
4,1177,5179,0.019064099572072682,0.019064099572072682,0.6597849876988349,0.005
4,1178,5180,0.01996468920021607,0.01996468920021607,0.6665476879759666,0.005
4,1179,5181,0.02453304876309688,0.02453304876309688,0.6573718993919858,0.005
4,1180,5182,0.02224986567778709,0.02224986567778709,0.6638309281120552,0.005
4,1181,5183,0.01803050476710139,0.01803050476710139,0.6567992988277601,0.005
4,1182,5184,0.026024822464908955,0.026024822464908955,0.6606954082631996,0.005
4,1183,5185,0.021246107958716925,0.021246107958716925,0.6540173105510904,0.005
4,1184,5186,0.02043527167498635,0.02043527167498635,0.6650357196465626,0.005
4,1185,5187,0.02162125208020146,0.02162125208020146,0.6628595946325977,0.005
4,1186,5188,0.020819885903925323,0.020819885903925323,0.6618290961137048,0.005
4,1187,5189,0.019734942725880125,0.019734942725880125,0.6611290944286499,0.005
4,1188,5190,0.022473949446697186,0.022473949446697186,0.6614588618100481,0.005
4,1189,5191,0.025493299495203306,0.025493299495203306,0.6607199392396044,0.005
4,1190,5192,0.017646184827694165,0.017646184827694165,0.6577676444538253,0.005
4,1191,5193,0.020418092335918903,0.020418092335918903,0.6649359499665418,0.005
4,1192,5194,0.021952221521698654,0.021952221521698654,0.659691581082368,0.005
4,1193,5195,0.018857319277802008,0.018857319277802008,0.663846452821852,0.005
4,1194,5196,0.019387763078111374,0.019387763078111374,0.6557295273031405,0.005
4,1195,5197,0.01906448710284339,0.01906448710284339,0.6690210004861037,0.005
4,1196,5198,0.021503036792546677,0.021503036792546677,0.6662663230281077,0.005
4,1197,5199,0.02335010196029092,0.02335010196029092,0.6611587271325734,0.005
4,1198,5200,0.019815607805984268,0.019815607805984268,0.6630979787576804,0.005
4,1199,5201,0.022080929925728014,0.022080929925728014,0.6624990766532292,0.005
4,1200,5202,0.020312191678059213,0.020312191678059213,0.6645244458980779,0.005
4,1201,5203,0.020288661335295395,0.020288661335295395,0.6658576983001248,0.005
4,1202,5204,0.01848019565012489,0.01848019565012489,0.6570713485673322,0.005
4,1203,5205,0.020906461506950868,0.020906461506950868,0.6536534021539951,0.005
4,1204,5206,0.019264194699782168,0.019264194699782168,0.6582840979425434,0.005
4,1205,5207,0.019444282146368456,0.019444282146368456,0.6630319758283684,0.005
4,1206,5208,0.020452020652726423,0.020452020652726423,0.6594124631751163,0.005
4,1207,5209,0.019838677120744393,0.019838677120744393,0.6621691220775701,0.005
4,1208,5210,0.020723352386480536,0.020723352386480536,0.6576996768091875,0.005
4,1209,5211,0.021260131132062935,0.021260131132062935,0.6591247666313459,0.005
4,1210,5212,0.027516279735527928,0.027516279735527928,0.6655909961826524,0.005
4,1211,5213,0.020719554194921278,0.020719554194921278,0.6637992584424757,0.005
4,1212,5214,0.025453806737880058,0.025453806737880058,0.6605720606198142,0.005
4,1213,5215,0.02097467057930476,0.02097467057930476,0.660367869268754,0.005
4,1214,5216,0.021337661661994155,0.021337661661994155,0.6629339350945861,0.005
4,1215,5217,0.029163685074907863,0.029163685074907863,0.6635774273581694,0.005
4,1216,5218,0.022622453971341282,0.022622453971341282,0.6612595786287105,0.005
4,1217,5219,0.019504689074638894,0.019504689074638894,0.6588579158811461,0.005
4,1218,5220,0.019714323648633764,0.019714323648633764,0.655599515226471,0.005
4,1219,5221,0.024463918808892086,0.024463918808892086,0.659280667351585,0.005
4,1220,5222,0.016549877197257885,0.016549877197257885,0.6620243669535603,0.005
4,1221,5223,0.017465620335002874,0.017465620335002874,0.6640852025750755,0.005
4,1222,5224,0.025319419741316806,0.025319419741316806,0.6555726050141104,0.005
4,1223,5225,0.02081177659273776,0.02081177659273776,0.6623561843738943,0.005
4,1224,5226,0.024346876916421845,0.024346876916421845,0.6593446126207095,0.005
4,1225,5227,0.01859695664752776,0.01859695664752776,0.6665931907772339,0.005
4,1226,5228,0.018692559119950783,0.018692559119950783,0.656520344419049,0.005
4,1227,5229,0.02236303396575231,0.02236303396575231,0.6622516199255742,0.005
4,1228,5230,0.019913527297012946,0.019913527297012946,0.659447766339866,0.005
4,1229,5231,0.02292062848986612,0.02292062848986612,0.6590150097186789,0.005
4,1230,5232,0.021798986821889767,0.021798986821889767,0.6601645835468705,0.005
4,1231,5233,0.01851742669867882,0.01851742669867882,0.661788771228942,0.005
4,1232,5234,0.02245117633840228,0.02245117633840228,0.6645741896452055,0.005
4,1233,5235,0.021503463729964437,0.021503463729964437,0.6575663090981761,0.005
4,1234,5236,0.019838287017167715,0.019838287017167715,0.6645438896538695,0.005
4,1235,5237,0.020877110378047858,0.020877110378047858,0.6587731270945205,0.005
4,1236,5238,0.018798166548889314,0.018798166548889314,0.6566417508084864,0.005
4,1237,5239,0.01913773962253818,0.01913773962253818,0.6600421237903286,0.005
4,1238,5240,0.02030100282795104,0.02030100282795104,0.6619980574030346,0.005
4,1239,5241,0.0182263938320989,0.0182263938320989,0.6619592787357697,0.005
4,1240,5242,0.02164469741350649,0.02164469741350649,0.6655882625403439,0.005
4,1241,5243,0.020696090395252054,0.020696090395252054,0.6583285610861683,0.005
4,1242,5244,0.02091185003150004,0.02091185003150004,0.660231368778553,0.005
4,1243,5245,0.020011448502164693,0.020011448502164693,0.6556693781154299,0.005
4,1244,5246,0.02060844207064301,0.02060844207064301,0.6606816538033365,0.005
4,1245,5247,0.020733165634568715,0.020733165634568715,0.6666010569149765,0.005
4,1246,5248,0.020487432203723302,0.020487432203723302,0.6662284817963365,0.005
4,1247,5249,0.022265239130897556,0.022265239130897556,0.6670191978274762,0.005
4,1248,5250,0.017530637940663823,0.017530637940663823,0.6570054251619342,0.005
4,1249,5251,0.022088271804147123,0.022088271804147123,0.6609241198345203,0.005
4,1250,5252,0.025652239198772117,0.025652239198772117,0.6625322893064937,0.005
4,1251,5253,0.021067716032819622,0.021067716032819622,0.6626769674822277,0.005
4,1252,5254,0.019396576220026364,0.019396576220026364,0.6584810139714918,0.005
4,1253,5255,0.019232354687639334,0.019232354687639334,0.6597675446623371,0.005
4,1254,5256,0.019939497283154015,0.019939497283154015,0.6642855231969473,0.005
4,1255,5257,0.02021646462230614,0.02021646462230614,0.6595570452092417,0.005
4,1256,5258,0.02312118658358378,0.02312118658358378,0.6682022844850101,0.005
4,1257,5259,0.017816363390531068,0.017816363390531068,0.6575270119907,0.005
4,1258,5260,0.020180601082756065,0.020180601082756065,0.6595565651693917,0.005
4,1259,5261,0.021411209656389745,0.021411209656389745,0.6562029231253492,0.005
4,1260,5262,0.02147767374498709,0.02147767374498709,0.6604031881085272,0.005
4,1261,5263,0.023082048455765246,0.023082048455765246,0.6691996542834573,0.005
4,1262,5264,0.019549254025573393,0.019549254025573393,0.6621388465469215,0.005
4,1263,5265,0.023626231192161076,0.023626231192161076,0.6627116635051019,0.005
4,1264,5266,0.017416686677318004,0.017416686677318004,0.6611358121880583,0.005
4,1265,5267,0.02293407279135537,0.02293407279135537,0.6614671030969985,0.005
4,1266,5268,0.0205928436626757,0.0205928436626757,0.6627647979395719,0.005
4,1267,5269,0.01902742127359909,0.01902742127359909,0.6566113328901199,0.005
4,1268,5270,0.025101385810158743,0.025101385810158743,0.6589200254940998,0.005
4,1269,5271,0.023963348443490212,0.023963348443490212,0.6569817635810732,0.005
4,1270,5272,0.01948693392139664,0.01948693392139664,0.6556925224351631,0.005
4,1271,5273,0.026252505356604238,0.026252505356604238,0.6577707283849495,0.005
4,1272,5274,0.01712134192944873,0.01712134192944873,0.6572946140060162,0.005
4,1273,5275,0.02368890823677775,0.02368890823677775,0.6616989276992981,0.005
4,1274,5276,0.020885920230291996,0.020885920230291996,0.6611161760976625,0.005
4,1275,5277,0.018622725147594544,0.018622725147594544,0.660519386749994,0.005
4,1276,5278,0.020379186411641985,0.020379186411641985,0.6603062250608279,0.005
4,1277,5279,0.01846261817349771,0.01846261817349771,0.660045566657509,0.005
4,1278,5280,0.02035829151752206,0.02035829151752206,0.6645926272480965,0.005
4,1279,5281,0.020040006595662654,0.020040006595662654,0.6679839191608572,0.005
4,1280,5282,0.02179537150329972,0.02179537150329972,0.6644827269976338,0.005
4,1281,5283,0.01865822579050672,0.01865822579050672,0.6627105375486925,0.005
4,1282,5284,0.021661938859935056,0.021661938859935056,0.6639203057226287,0.005
4,1283,5285,0.019778446833129865,0.019778446833129865,0.6538752877899023,0.005
4,1284,5286,0.02207723299455866,0.02207723299455866,0.6607736780433914,0.005
4,1285,5287,0.02237260843090562,0.02237260843090562,0.6620296859946332,0.005
4,1286,5288,0.02162028901015988,0.02162028901015988,0.6578857756748119,0.005
4,1287,5289,0.02282823183150009,0.02282823183150009,0.6620890411432718,0.005
4,1288,5290,0.022047623869389438,0.022047623869389438,0.6590624235625827,0.005
4,1289,5291,0.019775881783534816,0.019775881783534816,0.6636601273814622,0.005
4,1290,5292,0.019447312027735163,0.019447312027735163,0.6611805030049281,0.005
4,1291,5293,0.023595140803878888,0.023595140803878888,0.6667879836842663,0.005
4,1292,5294,0.019994197911568305,0.019994197911568305,0.6618277648490893,0.005
4,1293,5295,0.020971247217470887,0.020971247217470887,0.6585009762655328,0.005
4,1294,5296,0.019426534021844164,0.019426534021844164,0.6551273309283994,0.005
4,1295,5297,0.022565284123427717,0.022565284123427717,0.6614752851237349,0.005
4,1296,5298,0.01967224714628324,0.01967224714628324,0.6596250821252974,0.005
4,1297,5299,0.018013431802602578,0.018013431802602578,0.6555889817330837,0.005
4,1298,5300,0.019956515618608606,0.019956515618608606,0.6540252993483829,0.005
4,1299,5301,0.020316507782610498,0.020316507782610498,0.6613963292049286,0.005
4,1300,5302,0.020323765042779628,0.020323765042779628,0.6605543317560603,0.005
4,1301,5303,0.022498719232783834,0.022498719232783834,0.6554745795154198,0.005
4,1302,5304,0.022214188207798944,0.022214188207798944,0.6590848619369105,0.005
4,1303,5305,0.023805438609338186,0.023805438609338186,0.6594970148251093,0.005
4,1304,5306,0.01842730159102945,0.01842730159102945,0.6553510266789019,0.005
4,1305,5307,0.020213667423758287,0.020213667423758287,0.6619571863511258,0.005
4,1306,5308,0.019264521908409854,0.019264521908409854,0.659299073366374,0.005
4,1307,5309,0.020991007453881327,0.020991007453881327,0.66384559286561,0.005
4,1308,5310,0.022496546543934723,0.022496546543934723,0.6591933313733093,0.005
4,1309,5311,0.019153279719872053,0.019153279719872053,0.659920851530028,0.005
4,1310,5312,0.021773788318879238,0.021773788318879238,0.6614144796438065,0.005
4,1311,5313,0.02146380322232236,0.02146380322232236,0.6630560204573084,0.005
4,1312,5314,0.021965420516262362,0.021965420516262362,0.6606159719670904,0.005
4,1313,5315,0.021357255681784666,0.021357255681784666,0.6641495041350285,0.005
4,1314,5316,0.023902632434585402,0.023902632434585402,0.6678127683705625,0.005
4,1315,5317,0.022535096598995663,0.022535096598995663,0.6655023837322656,0.005
4,1316,5318,0.02211053787415227,0.02211053787415227,0.6596756940304053,0.005
4,1317,5319,0.02385451622608034,0.02385451622608034,0.6662071300107438,0.005
4,1318,5320,0.0198735254363379,0.0198735254363379,0.6608943694217777,0.005
4,1319,5321,0.02445690144223437,0.02445690144223437,0.6568101343874998,0.005
4,1320,5322,0.01886095476629307,0.01886095476629307,0.663468544844063,0.005
4,1321,5323,0.02421412146645637,0.02421412146645637,0.6631165403856428,0.005
4,1322,5324,0.023898969528427665,0.023898969528427665,0.671834605510333,0.005
4,1323,5325,0.02369267152680032,0.02369267152680032,0.6600828673971364,0.005
4,1324,5326,0.020578940618910687,0.020578940618910687,0.6603698838712418,0.005
4,1325,5327,0.020035763139124287,0.020035763139124287,0.6636114460145731,0.005
4,1326,5328,0.020497757050628028,0.020497757050628028,0.658145641455898,0.005
4,1327,5329,0.019797731060678576,0.019797731060678576,0.66122671001827,0.005
4,1328,5330,0.02039396470596202,0.02039396470596202,0.6653463718947871,0.005
4,1329,5331,0.023204450461903284,0.023204450461903284,0.6560877203485067,0.005
4,1330,5332,0.019106157499497158,0.019106157499497158,0.6618839830355449,0.005
4,1331,5333,0.02084459925220415,0.02084459925220415,0.6627358196066869,0.005
4,1332,5334,0.019023208001601694,0.019023208001601694,0.6631224750913083,0.005
4,1333,5335,0.02111065782872837,0.02111065782872837,0.6594768559520264,0.005
4,1334,5336,0.022500308569838055,0.022500308569838055,0.6522033853602215,0.005
4,1335,5337,0.020795491985697214,0.020795491985697214,0.6563248335427343,0.005
4,1336,5338,0.019237733227390884,0.019237733227390884,0.6535676771735298,0.005
4,1337,5339,0.022610190524673217,0.022610190524673217,0.6588456972475438,0.005
4,1338,5340,0.018054539526376208,0.018054539526376208,0.6567110167326475,0.005
4,1339,5341,0.01996918293546738,0.01996918293546738,0.6567873641387265,0.005
4,1340,5342,0.022058076085170807,0.022058076085170807,0.6594622892495428,0.005
4,1341,5343,0.026833644372040548,0.026833644372040548,0.6571840747264971,0.005
4,1342,5344,0.01874904603562257,0.01874904603562257,0.6573052524319672,0.005
4,1343,5345,0.021904204251900726,0.021904204251900726,0.6545415057285778,0.005
4,1344,5346,0.021969950993920448,0.021969950993920448,0.6620278009517097,0.005
4,1345,5347,0.027895085718072435,0.027895085718072435,0.6630317408008533,0.005
4,1346,5348,0.02910246984163907,0.02910246984163907,0.6634780263020262,0.005
4,1347,5349,0.021999128281814932,0.021999128281814932,0.6579535982598723,0.005
4,1348,5350,0.022528197474283,0.022528197474283,0.6608476778291125,0.005
4,1349,5351,0.02007768248473381,0.02007768248473381,0.6594929218194251,0.005
4,1350,5352,0.025598492791559256,0.025598492791559256,0.6570562934584127,0.005
4,1351,5353,0.02077425938133435,0.02077425938133435,0.6606532361557933,0.005
4,1352,5354,0.02022486146327716,0.02022486146327716,0.6637616998654667,0.005
4,1353,5355,0.020692784021875535,0.020692784021875535,0.6643622742705897,0.005
4,1354,5356,0.02136130563811491,0.02136130563811491,0.6682712329404805,0.005
4,1355,5357,0.02027966825982472,0.02027966825982472,0.6597913829557415,0.005
4,1356,5358,0.01922686672929897,0.01922686672929897,0.6581770124832078,0.005
4,1357,5359,0.02145689127053934,0.02145689127053934,0.6648159912640647,0.005
4,1358,5360,0.02281955852500392,0.02281955852500392,0.6657344358560194,0.005
4,1359,5361,0.020475609967743995,0.020475609967743995,0.6657106358174241,0.005
4,1360,5362,0.024073748305646295,0.024073748305646295,0.665592930173993,0.005
4,1361,5363,0.0208639552155076,0.0208639552155076,0.662005773215543,0.005
4,1362,5364,0.022120780901675935,0.022120780901675935,0.6686073534021832,0.005
4,1363,5365,0.02116629852843928,0.02116629852843928,0.654750334789363,0.005
4,1364,5366,0.02546481737429518,0.02546481737429518,0.6684122331405362,0.005
4,1365,5367,0.024060204032274095,0.024060204032274095,0.661731579368834,0.005
4,1366,5368,0.02010101832726361,0.02010101832726361,0.666905227521954,0.005
4,1367,5369,0.0186434908860449,0.0186434908860449,0.6611191436989591,0.005
4,1368,5370,0.0182522300882256,0.0182522300882256,0.6654514864146069,0.005
4,1369,5371,0.025050157252596565,0.025050157252596565,0.663522232365058,0.005
4,1370,5372,0.021179935829572463,0.021179935829572463,0.664970593824851,0.005
4,1371,5373,0.019353827217346815,0.019353827217346815,0.6634869506985656,0.005
4,1372,5374,0.019340655849356722,0.019340655849356722,0.6624709330561153,0.005
4,1373,5375,0.018665094623749906,0.018665094623749906,0.6588749336364087,0.005
4,1374,5376,0.02747796378236028,0.02747796378236028,0.6586204556088747,0.005
4,1375,5377,0.02186687929125703,0.02186687929125703,0.6646584422104059,0.005
4,1376,5378,0.021402398633767708,0.021402398633767708,0.6622610576973766,0.005
4,1377,5379,0.02348892122522821,0.02348892122522821,0.6619964261735518,0.005
4,1378,5380,0.01847475952505543,0.01847475952505543,0.6620409054892069,0.005
4,1379,5381,0.01848021986065638,0.01848021986065638,0.6568212963576291,0.005
4,1380,5382,0.021607622808495056,0.021607622808495056,0.6601886317146548,0.005
4,1381,5383,0.02382225162761406,0.02382225162761406,0.6617658627786595,0.005
4,1382,5384,0.022001444899476405,0.022001444899476405,0.6727672269215622,0.005
4,1383,5385,0.01999627860408373,0.01999627860408373,0.6666894423142667,0.005
4,1384,5386,0.02228309621164199,0.02228309621164199,0.6618546335333134,0.005
4,1385,5387,0.018035962187490484,0.018035962187490484,0.6584948257679084,0.005
4,1386,5388,0.028011947249622658,0.028011947249622658,0.6612910651806653,0.005
4,1387,5389,0.018890969454376273,0.018890969454376273,0.6625167830660343,0.005
4,1388,5390,0.01845212012506854,0.01845212012506854,0.65692948975389,0.005
4,1389,5391,0.01979611057464526,0.01979611057464526,0.6573189144416798,0.005
4,1390,5392,0.02146300293207163,0.02146300293207163,0.661639661414378,0.005
4,1391,5393,0.017948713638995625,0.017948713638995625,0.6585076736465055,0.005
4,1392,5394,0.016497525896699373,0.016497525896699373,0.657405211870575,0.005
4,1393,5395,0.022004362992775493,0.022004362992775493,0.656856333958729,0.005
4,1394,5396,0.021128443435146957,0.021128443435146957,0.6574307406349703,0.005
4,1395,5397,0.022151437768769378,0.022151437768769378,0.656324955059085,0.005
4,1396,5398,0.022026480966722117,0.022026480966722117,0.6625535066446698,0.005
4,1397,5399,0.016368385360034397,0.016368385360034397,0.6583559992930418,0.005
4,1398,5400,0.019327362085950806,0.019327362085950806,0.6595335684273999,0.005
4,1399,5401,0.020871864458285316,0.020871864458285316,0.6645769202815546,0.005
4,1400,5402,0.020852223341372447,0.020852223341372447,0.6576135185239247,0.005
4,1401,5403,0.020362407598731834,0.020362407598731834,0.6604443723268719,0.005
4,1402,5404,0.02266265255993606,0.02266265255993606,0.6610285070839311,0.005
4,1403,5405,0.028356018021967924,0.028356018021967924,0.6659892742044616,0.005
4,1404,5406,0.023641001356321495,0.023641001356321495,0.664325515576522,0.005
4,1405,5407,0.021418075234412085,0.021418075234412085,0.6553334847325989,0.005
4,1406,5408,0.025314601846832832,0.025314601846832832,0.6643963262432216,0.005
4,1407,5409,0.017515540001088487,0.017515540001088487,0.66392596047828,0.005
4,1408,5410,0.017897525033651766,0.017897525033651766,0.6581926538547378,0.005
4,1409,5411,0.020893261580815482,0.020893261580815482,0.6612470044901578,0.005
4,1410,5412,0.020465812786069914,0.020465812786069914,0.6619633227642796,0.005
4,1411,5413,0.02205129738739108,0.02205129738739108,0.6627630908078067,0.005
4,1412,5414,0.01907627979752074,0.01907627979752074,0.653767163477785,0.005
4,1413,5415,0.018083934654086777,0.018083934654086777,0.6572283221914966,0.005
4,1414,5416,0.019867457970970635,0.019867457970970635,0.6546234982018853,0.005
4,1415,5417,0.02059538233445214,0.02059538233445214,0.6656091513276954,0.005
4,1416,5418,0.022421471398196093,0.022421471398196093,0.6612685230253741,0.005
4,1417,5419,0.01942895092305383,0.01942895092305383,0.6601649904823667,0.005
4,1418,5420,0.019702568243608568,0.019702568243608568,0.6670656277610008,0.005
4,1419,5421,0.022811686895087217,0.022811686895087217,0.655765165717898,0.005
4,1420,5422,0.01825374049757392,0.01825374049757392,0.6563909586727074,0.005
4,1421,5423,0.02055658312415257,0.02055658312415257,0.6599544525815937,0.005
4,1422,5424,0.021761724030145167,0.021761724030145167,0.6591344830149717,0.005
4,1423,5425,0.02307014802931652,0.02307014802931652,0.6590742397561744,0.005
4,1424,5426,0.01942854753962269,0.01942854753962269,0.6555230151731252,0.005
4,1425,5427,0.019791823531963102,0.019791823531963102,0.6635664134494546,0.005
4,1426,5428,0.02377334632178462,0.02377334632178462,0.6662808268627293,0.005
4,1427,5429,0.02074524753530847,0.02074524753530847,0.6603293884919548,0.005
4,1428,5430,0.01877223850308814,0.01877223850308814,0.6612335079394701,0.005
4,1429,5431,0.017881793477523285,0.017881793477523285,0.6565881571860722,0.005
4,1430,5432,0.02875956461781957,0.02875956461781957,0.6526627411661539,0.005
4,1431,5433,0.018770886823752223,0.018770886823752223,0.6591234735081615,0.005
4,1432,5434,0.03069329728572913,0.03069329728572913,0.6615975980698408,0.005
4,1433,5435,0.019834167110779035,0.019834167110779035,0.6557261596838229,0.005
4,1434,5436,0.020166720844446123,0.020166720844446123,0.6576256426831549,0.005
4,1435,5437,0.02493391541969276,0.02493391541969276,0.6645350981787024,0.005
4,1436,5438,0.021241165655928672,0.021241165655928672,0.6584261393156124,0.005
4,1437,5439,0.02001073705130349,0.02001073705130349,0.6572671631875865,0.005
4,1438,5440,0.019760982846674886,0.019760982846674886,0.6566159523922139,0.005
4,1439,5441,0.021891906952805396,0.021891906952805396,0.6678219308680636,0.005
4,1440,5442,0.018583181247016106,0.018583181247016106,0.6595058681404918,0.005
4,1441,5443,0.01790725920225393,0.01790725920225393,0.6526900487089409,0.005
4,1442,5444,0.02239223109175811,0.02239223109175811,0.6565621616433528,0.005
4,1443,5445,0.02190065990253137,0.02190065990253137,0.6570645063155997,0.005
4,1444,5446,0.019806521126766084,0.019806521126766084,0.6558990888551923,0.005
4,1445,5447,0.01922586126269616,0.01922586126269616,0.6561056053430006,0.005
4,1446,5448,0.019758116454368306,0.019758116454368306,0.659892828047193,0.005
4,1447,5449,0.018677318519892582,0.018677318519892582,0.6592627250632316,0.005
4,1448,5450,0.024609799018583824,0.024609799018583824,0.6617090637786847,0.005
4,1449,5451,0.02052013916143029,0.02052013916143029,0.6534626981488573,0.005
4,1450,5452,0.018799957583286776,0.018799957583286776,0.6534639103655459,0.005
4,1451,5453,0.024004866018561305,0.024004866018561305,0.658264164355911,0.005
4,1452,5454,0.02435724062974038,0.02435724062974038,0.6600149736934252,0.005
4,1453,5455,0.01783040904162858,0.01783040904162858,0.6554658671999063,0.005
4,1454,5456,0.022964109239446903,0.022964109239446903,0.662425846331378,0.005
4,1455,5457,0.02208360567664746,0.02208360567664746,0.658123216446487,0.005
4,1456,5458,0.019140877688890258,0.019140877688890258,0.6588462576439593,0.005
4,1457,5459,0.024197736718779745,0.024197736718779745,0.6644655477444942,0.005
4,1458,5460,0.019446487883793117,0.019446487883793117,0.665412874525937,0.005
4,1459,5461,0.019249605461628478,0.019249605461628478,0.6620959074901561,0.005
4,1460,5462,0.02097841755789353,0.02097841755789353,0.6601795063887116,0.005
4,1461,5463,0.020761636529469843,0.020761636529469843,0.6602822370741114,0.005
4,1462,5464,0.021385446972585747,0.021385446972585747,0.6564553261848265,0.005
4,1463,5465,0.019765887584843447,0.019765887584843447,0.6655436569546741,0.005
4,1464,5466,0.02063375683091355,0.02063375683091355,0.6628595485245626,0.005
4,1465,5467,0.019778850945139335,0.019778850945139335,0.6593597496390526,0.005
4,1466,5468,0.01981888553787793,0.01981888553787793,0.6652199997038986,0.005
4,1467,5469,0.01914898558795458,0.01914898558795458,0.6588649621282043,0.005
4,1468,5470,0.024717923791445995,0.024717923791445995,0.6722975384878233,0.005
4,1469,5471,0.020696140415961642,0.020696140415961642,0.6645105586385595,0.005
4,1470,5472,0.019361416783585376,0.019361416783585376,0.6651069257083356,0.005
4,1471,5473,0.019069611671372524,0.019069611671372524,0.6594635256097802,0.005
4,1472,5474,0.018805802546504526,0.018805802546504526,0.6653610421402786,0.005
4,1473,5475,0.026189347913264535,0.026189347913264535,0.6632583023301006,0.005
4,1474,5476,0.02178781547877026,0.02178781547877026,0.6617007675667387,0.005
4,1475,5477,0.020727514665235633,0.020727514665235633,0.659644687113176,0.005
4,1476,5478,0.0232366253013918,0.0232366253013918,0.651986551532961,0.005
4,1477,5479,0.02727867014969878,0.02727867014969878,0.66329201592335,0.005
4,1478,5480,0.02019929904724873,0.02019929904724873,0.6625460447254214,0.005
4,1479,5481,0.02106344478576889,0.02106344478576889,0.6600099659604721,0.005
4,1480,5482,0.019935229720604564,0.019935229720604564,0.657601001639888,0.005
4,1481,5483,0.021142028398309982,0.021142028398309982,0.6495243677290724,0.005
4,1482,5484,0.017942455300605634,0.017942455300605634,0.6549557766217046,0.005
4,1483,5485,0.01925027816074506,0.01925027816074506,0.6671439037808702,0.005
4,1484,5486,0.022176263680978636,0.022176263680978636,0.6640507131528764,0.005
4,1485,5487,0.018912468763811224,0.018912468763811224,0.6569823680533576,0.005
4,1486,5488,0.021037729682003528,0.021037729682003528,0.6553103164573144,0.005
4,1487,5489,0.02236240686322409,0.02236240686322409,0.6574705919743129,0.005
4,1488,5490,0.01932235061630532,0.01932235061630532,0.6647283970877749,0.005
4,1489,5491,0.018086399748259104,0.018086399748259104,0.6610198694998096,0.005
4,1490,5492,0.020272174061875765,0.020272174061875765,0.6632685224287087,0.005
4,1491,5493,0.019420048467930075,0.019420048467930075,0.6558784480957961,0.005
4,1492,5494,0.02291118954414704,0.02291118954414704,0.6564642521141918,0.005
4,1493,5495,0.021452362045393494,0.021452362045393494,0.6552060119789065,0.005
4,1494,5496,0.016483380155536576,0.016483380155536576,0.6639719497841412,0.005
4,1495,5497,0.017456216479322405,0.017456216479322405,0.6581541933392009,0.005
4,1496,5498,0.021222792559426277,0.021222792559426277,0.659454790486161,0.005
4,1497,5499,0.021099951846223392,0.021099951846223392,0.6594589440867882,0.005
4,1498,5500,0.021734021409571813,0.021734021409571813,0.6624981371409686,0.005
4,1499,5501,0.022236056402272615,0.022236056402272615,0.6546826009281436,0.005
4,1500,5502,0.02451078797551687,0.02451078797551687,0.6652811410238619,0.005
4,1501,5503,0.018206182403186402,0.018206182403186402,0.6581755867620913,0.005
4,1502,5504,0.02643605333957577,0.02643605333957577,0.6604430087853567,0.005
4,1503,5505,0.019324336990707083,0.019324336990707083,0.6504968606253712,0.005
4,1504,5506,0.022544435079719413,0.022544435079719413,0.660018754522766,0.005
4,1505,5507,0.02113293205477786,0.02113293205477786,0.6632479745758519,0.005
4,1506,5508,0.021491653352662732,0.021491653352662732,0.6569532742036596,0.005
4,1507,5509,0.02071741582294643,0.02071741582294643,0.6585112765975282,0.005
4,1508,5510,0.020101984178560846,0.020101984178560846,0.6629239289408523,0.005
4,1509,5511,0.018540714009522168,0.018540714009522168,0.6572898641767178,0.005
4,1510,5512,0.021339876703133802,0.021339876703133802,0.6643945786322467,0.005
4,1511,5513,0.0195177031936708,0.0195177031936708,0.6563469004688013,0.005
4,1512,5514,0.021659622647803568,0.021659622647803568,0.6588552686391475,0.005
4,1513,5515,0.020958543936808446,0.020958543936808446,0.6584488315498674,0.005
4,1514,5516,0.02284319365197343,0.02284319365197343,0.6606542755937299,0.005
4,1515,5517,0.019422356488350195,0.019422356488350195,0.6662355652781197,0.005
4,1516,5518,0.018216041313499923,0.018216041313499923,0.6566697467466096,0.005
4,1517,5519,0.01706298431149598,0.01706298431149598,0.6522640188592528,0.005
4,1518,5520,0.018645193185990144,0.018645193185990144,0.6594155355206262,0.005
4,1519,5521,0.019737834367979254,0.019737834367979254,0.6597455908255063,0.005
4,1520,5522,0.01992282453812467,0.01992282453812467,0.6613338982476529,0.005
4,1521,5523,0.022795399026200744,0.022795399026200744,0.6646349796126666,0.005
4,1522,5524,0.02400588911858488,0.02400588911858488,0.6673177415789402,0.005
4,1523,5525,0.017906265627831135,0.017906265627831135,0.6607027369312648,0.005
4,1524,5526,0.020588508477123593,0.020588508477123593,0.6638428361599514,0.005
4,1525,5527,0.021454467699776908,0.021454467699776908,0.6662342231800819,0.005
4,1526,5528,0.01874758101846962,0.01874758101846962,0.6555279154619239,0.005
4,1527,5529,0.020398986538102255,0.020398986538102255,0.6601360569630796,0.005
4,1528,5530,0.01829753565150998,0.01829753565150998,0.649278623858257,0.005
4,1529,5531,0.021533666632803036,0.021533666632803036,0.656626958682174,0.005
4,1530,5532,0.021028651395861433,0.021028651395861433,0.6584896159634478,0.005
4,1531,5533,0.01991151745725436,0.01991151745725436,0.6671438857462021,0.005
4,1532,5534,0.017800585868825144,0.017800585868825144,0.6594549051452231,0.005
4,1533,5535,0.018098152691569683,0.018098152691569683,0.6607188181282956,0.005
4,1534,5536,0.018319293576149087,0.018319293576149087,0.6562089435299804,0.005
4,1535,5537,0.019898490737009306,0.019898490737009306,0.6623260077017264,0.005
4,1536,5538,0.021079086294617647,0.021079086294617647,0.656300687755053,0.005
4,1537,5539,0.02166838272676014,0.02166838272676014,0.6539414852576615,0.005
4,1538,5540,0.021708285579300296,0.021708285579300296,0.6631061336700439,0.005
4,1539,5541,0.01972848748048188,0.01972848748048188,0.6616254404397057,0.005
4,1540,5542,0.01998595626711424,0.01998595626711424,0.6537117034757423,0.005
4,1541,5543,0.02417007730416422,0.02417007730416422,0.6573986210132462,0.005
4,1542,5544,0.019639380562104604,0.019639380562104604,0.6539924192478671,0.005
4,1543,5545,0.024782636607471525,0.024782636607471525,0.6615418500836804,0.005
4,1544,5546,0.020397121268724745,0.020397121268724745,0.6526270329327156,0.005
4,1545,5547,0.02120868413394813,0.02120868413394813,0.6602865390988769,0.005
4,1546,5548,0.0212109833049383,0.0212109833049383,0.6606015167900346,0.005
4,1547,5549,0.022777694106906908,0.022777694106906908,0.6603295076887195,0.005
4,1548,5550,0.01942375773344247,0.01942375773344247,0.6531284350947593,0.005
4,1549,5551,0.020171899140890737,0.020171899140890737,0.6513219463900946,0.005
4,1550,5552,0.020742862548086,0.020742862548086,0.6602473538830842,0.005
4,1551,5553,0.018504029403557852,0.018504029403557852,0.6534630279661268,0.005
4,1552,5554,0.02014226189593312,0.02014226189593312,0.6582173689923779,0.005
4,1553,5555,0.022889022480436602,0.022889022480436602,0.6568015684345592,0.005
4,1554,5556,0.02879133862844193,0.02879133862844193,0.6614076178410286,0.005
4,1555,5557,0.021922910700864745,0.021922910700864745,0.6648344657006529,0.005
4,1556,5558,0.01961693681339833,0.01961693681339833,0.6555752820617659,0.005
4,1557,5559,0.01774432735444277,0.01774432735444277,0.6623063950085258,0.005
4,1558,5560,0.01995512943454762,0.01995512943454762,0.6680787705931195,0.005
4,1559,5561,0.0190147874232722,0.0190147874232722,0.6628873189130569,0.005
4,1560,5562,0.019618166772345305,0.019618166772345305,0.6628631494650308,0.005
4,1561,5563,0.022091175488318886,0.022091175488318886,0.6649755215448988,0.005
4,1562,5564,0.02429956634302617,0.02429956634302617,0.6580758040256522,0.005
4,1563,5565,0.01914919574526153,0.01914919574526153,0.6641867188902586,0.005
4,1564,5566,0.019254599564024477,0.019254599564024477,0.6630948335253628,0.005
4,1565,5567,0.023434894050473037,0.023434894050473037,0.6631195854748574,0.005
4,1566,5568,0.0183459175662532,0.0183459175662532,0.6603290356203027,0.005
4,1567,5569,0.02308372258260164,0.02308372258260164,0.6714831334439402,0.005
4,1568,5570,0.020191357484469527,0.020191357484469527,0.6660612663719885,0.005
4,1569,5571,0.0212270126344237,0.0212270126344237,0.659675092938795,0.005
4,1570,5572,0.02751338095895895,0.02751338095895895,0.6640287263117806,0.005
4,1571,5573,0.02133510980834465,0.02133510980834465,0.657116936763079,0.005
4,1572,5574,0.020669053222528093,0.020669053222528093,0.660712791174136,0.005
4,1573,5575,0.018976562423708532,0.018976562423708532,0.6611963209314651,0.005
4,1574,5576,0.020583037302954223,0.020583037302954223,0.656500190830629,0.005
4,1575,5577,0.021522327405608905,0.021522327405608905,0.6567370031425408,0.005
4,1576,5578,0.022313772959661096,0.022313772959661096,0.6605203899268139,0.005
4,1577,5579,0.019308298832248334,0.019308298832248334,0.6631655562788287,0.005
4,1578,5580,0.02046664874518891,0.02046664874518891,0.6631575442335803,0.005
4,1579,5581,0.02173841974567447,0.02173841974567447,0.6629149393221344,0.005
4,1580,5582,0.02518648463836727,0.02518648463836727,0.662532075064827,0.005
4,1581,5583,0.020898635159250695,0.020898635159250695,0.6601198730352179,0.005
4,1582,5584,0.020099164527183896,0.020099164527183896,0.6611214933568896,0.005
4,1583,5585,0.019403311227821303,0.019403311227821303,0.658432413021194,0.005
4,1584,5586,0.02359639980805111,0.02359639980805111,0.6583136125254011,0.005
4,1585,5587,0.02047180179444107,0.02047180179444107,0.6590765858797065,0.005
4,1586,5588,0.0208851372914892,0.0208851372914892,0.6529735443056086,0.005
4,1587,5589,0.020725111127658825,0.020725111127658825,0.6505196438350354,0.005
4,1588,5590,0.02131055556629244,0.02131055556629244,0.6605200650786783,0.005
4,1589,5591,0.020897356174686278,0.020897356174686278,0.6637396131805036,0.005
4,1590,5592,0.020093158256823538,0.020093158256823538,0.6600282407573862,0.005
4,1591,5593,0.02258765689689915,0.02258765689689915,0.6591591318120201,0.005
4,1592,5594,0.020407742932693602,0.020407742932693602,0.6561018450794053,0.005
4,1593,5595,0.020146532795880856,0.020146532795880856,0.6639300872571623,0.005
4,1594,5596,0.024487980264628534,0.024487980264628534,0.6627742410573977,0.005
4,1595,5597,0.020177749452762038,0.020177749452762038,0.6578771415019781,0.005
4,1596,5598,0.018881541244773155,0.018881541244773155,0.6569770605152839,0.005
4,1597,5599,0.018336481503603952,0.018336481503603952,0.6633682426054589,0.005
4,1598,5600,0.023995260801368087,0.023995260801368087,0.668604043427788,0.005
4,1599,5601,0.01722750840434488,0.01722750840434488,0.6630751698299544,0.005
4,1600,5602,0.022328822753402675,0.022328822753402675,0.6686352031517064,0.005
4,1601,5603,0.02181377965283318,0.02181377965283318,0.6597276607334409,0.005
4,1602,5604,0.02568426177213829,0.02568426177213829,0.6666812922538592,0.005
4,1603,5605,0.0232582369612711,0.0232582369612711,0.6646827276527021,0.005
4,1604,5606,0.024042774360882084,0.024042774360882084,0.6630328683130859,0.005
4,1605,5607,0.024768089429466435,0.024768089429466435,0.6596106122324981,0.005
4,1606,5608,0.021511148612770467,0.021511148612770467,0.6609553616294359,0.005
4,1607,5609,0.020719879203084303,0.020719879203084303,0.6635919507417244,0.005
4,1608,5610,0.025134303167279326,0.025134303167279326,0.6688087658904338,0.005
4,1609,5611,0.019394390406345833,0.019394390406345833,0.6629238049337918,0.005
4,1610,5612,0.020395565222358115,0.020395565222358115,0.6573715907499086,0.005
4,1611,5613,0.022080831021205324,0.022080831021205324,0.6577043383464789,0.005
4,1612,5614,0.02131413887059635,0.02131413887059635,0.6593269230735194,0.005
4,1613,5615,0.027128777122678124,0.027128777122678124,0.6560759560821544,0.005
4,1614,5616,0.020173910962817954,0.020173910962817954,0.6587150795228698,0.005
4,1615,5617,0.01856844313028987,0.01856844313028987,0.6594799235716471,0.005
4,1616,5618,0.021595289708268975,0.021595289708268975,0.6604001274018995,0.005
4,1617,5619,0.01727965048152467,0.01727965048152467,0.6584501630490261,0.005
4,1618,5620,0.0189468831678612,0.0189468831678612,0.663920674575418,0.005
4,1619,5621,0.01956018132076316,0.01956018132076316,0.6566755398999604,0.005
4,1620,5622,0.020087358826588894,0.020087358826588894,0.6605699223992251,0.005
4,1621,5623,0.02039997070476825,0.02039997070476825,0.6571710246291751,0.005
4,1622,5624,0.019337353240659255,0.019337353240659255,0.6567971728079439,0.005
4,1623,5625,0.02345944186513739,0.02345944186513739,0.665359180735539,0.005
4,1624,5626,0.020956325632326318,0.020956325632326318,0.6597881385469236,0.005
4,1625,5627,0.020975924629102766,0.020975924629102766,0.6651445663650951,0.005
4,1626,5628,0.02082192962859184,0.02082192962859184,0.6602292243028945,0.005
4,1627,5629,0.01929553881455627,0.01929553881455627,0.6658457415584008,0.005
4,1628,5630,0.019427179146699388,0.019427179146699388,0.6626232078979758,0.005
4,1629,5631,0.021052608221172612,0.021052608221172612,0.6616700563652563,0.005
4,1630,5632,0.018561567320158658,0.018561567320158658,0.6554941316846307,0.005
4,1631,5633,0.020382311967871904,0.020382311967871904,0.6594035870311455,0.005
4,1632,5634,0.020980989395788307,0.020980989395788307,0.6670852529438136,0.005
4,1633,5635,0.020732857421160045,0.020732857421160045,0.6620182348373193,0.005
4,1634,5636,0.017815313785513584,0.017815313785513584,0.6620922910158111,0.005
4,1635,5637,0.01887478837334723,0.01887478837334723,0.6547551832178048,0.005
4,1636,5638,0.023766475524841634,0.023766475524841634,0.662362337120134,0.005
4,1637,5639,0.02391202640781252,0.02391202640781252,0.6636947157443696,0.005
4,1638,5640,0.025478191940408988,0.025478191940408988,0.6650219263469522,0.005
4,1639,5641,0.021061822395022498,0.021061822395022498,0.6642643406762432,0.005
4,1640,5642,0.021985856918761273,0.021985856918761273,0.6583890197816602,0.005
4,1641,5643,0.021293652636257626,0.021293652636257626,0.6568523719027758,0.005
4,1642,5644,0.02131864523465761,0.02131864523465761,0.6621120425504422,0.005
4,1643,5645,0.022529348831638547,0.022529348831638547,0.6598927537203106,0.005
4,1644,5646,0.026121390738502604,0.026121390738502604,0.6589917047043501,0.005
4,1645,5647,0.02299359588636316,0.02299359588636316,0.6579613664178361,0.005
4,1646,5648,0.01690953745165843,0.01690953745165843,0.6535029522302298,0.005
4,1647,5649,0.026489571782065926,0.026489571782065926,0.6622512439716165,0.005
4,1648,5650,0.016193684088735245,0.016193684088735245,0.6525251290239289,0.005
4,1649,5651,0.018989756376815888,0.018989756376815888,0.6609029563367645,0.005
4,1650,5652,0.020714327641819984,0.020714327641819984,0.6581311552763714,0.005
4,1651,5653,0.02120121903009492,0.02120121903009492,0.663208305114925,0.005
4,1652,5654,0.022272037336009336,0.022272037336009336,0.6601141028455147,0.005
4,1653,5655,0.020200241699383205,0.020200241699383205,0.6633690248922122,0.005
4,1654,5656,0.01966704882716523,0.01966704882716523,0.6587910805557831,0.005
4,1655,5657,0.0207589263680834,0.0207589263680834,0.6660633557846967,0.005
4,1656,5658,0.021079424166286144,0.021079424166286144,0.6672505723227156,0.005
4,1657,5659,0.019505102090302963,0.019505102090302963,0.6556465594482717,0.005
4,1658,5660,0.01868043781685988,0.01868043781685988,0.6594771214215887,0.005
4,1659,5661,0.019870888303436928,0.019870888303436928,0.6620317669488154,0.005
4,1660,5662,0.01986163903247311,0.01986163903247311,0.6610468403400979,0.005
4,1661,5663,0.025757826920988137,0.025757826920988137,0.6614223939172352,0.005
4,1662,5664,0.018284498121606613,0.018284498121606613,0.6620248871682005,0.005
4,1663,5665,0.026380970736201943,0.026380970736201943,0.6612446408508412,0.005
4,1664,5666,0.021853600085444035,0.021853600085444035,0.662703801733368,0.005
4,1665,5667,0.01907831194579181,0.01907831194579181,0.6642504589997344,0.005
4,1666,5668,0.018437855676506066,0.018437855676506066,0.6572047961401276,0.005
4,1667,5669,0.020067885329364286,0.020067885329364286,0.6580538402233628,0.005
4,1668,5670,0.022266171537453444,0.022266171537453444,0.660842950163717,0.005
4,1669,5671,0.020876040743319182,0.020876040743319182,0.6533685671747661,0.005
4,1670,5672,0.02108542426547303,0.02108542426547303,0.6567607074590353,0.005
4,1671,5673,0.01943694709272733,0.01943694709272733,0.6634725727881543,0.005
4,1672,5674,0.019579966743391162,0.019579966743391162,0.6578400683340723,0.005
4,1673,5675,0.024169376189951075,0.024169376189951075,0.6527978532659126,0.005
4,1674,5676,0.01754017645657171,0.01754017645657171,0.6621216951080564,0.005
4,1675,5677,0.01888724519056969,0.01888724519056969,0.660511538189911,0.005
4,1676,5678,0.018594098958562302,0.018594098958562302,0.657910124483213,0.005
4,1677,5679,0.01948495364009914,0.01948495364009914,0.6585401508211796,0.005
4,1678,5680,0.0215980609879285,0.0215980609879285,0.6631010587711581,0.005
4,1679,5681,0.01915097892358871,0.01915097892358871,0.6606272601089126,0.005
4,1680,5682,0.01990687011943153,0.01990687011943153,0.6619868623197473,0.005
4,1681,5683,0.022654986599469386,0.022654986599469386,0.6657310174683626,0.005
4,1682,5684,0.01901041836962973,0.01901041836962973,0.6581497532818674,0.005
4,1683,5685,0.02272988630788251,0.02272988630788251,0.6620288284497735,0.005
4,1684,5686,0.021227290982068315,0.021227290982068315,0.6578811110190173,0.005
4,1685,5687,0.018151653235453872,0.018151653235453872,0.6606808998732625,0.005
4,1686,5688,0.018088496463279775,0.018088496463279775,0.6545016446610858,0.005
4,1687,5689,0.02250705133564852,0.02250705133564852,0.6597260362028512,0.005
4,1688,5690,0.022673118468732878,0.022673118468732878,0.6533234618013141,0.005
4,1689,5691,0.019498707668465592,0.019498707668465592,0.6594712116002398,0.005
4,1690,5692,0.02093503792450424,0.02093503792450424,0.6626109130791089,0.005
4,1691,5693,0.0231059932213933,0.0231059932213933,0.6577136580690893,0.005
4,1692,5694,0.02018638486111956,0.02018638486111956,0.657998270468796,0.005
4,1693,5695,0.0224914341663206,0.0224914341663206,0.6677638096002723,0.005
4,1694,5696,0.022465044462849592,0.022465044462849592,0.6621920157576412,0.005
4,1695,5697,0.021232429057222887,0.021232429057222887,0.6592416701153094,0.005
4,1696,5698,0.01839194244482283,0.01839194244482283,0.6598072890727738,0.005
4,1697,5699,0.01943718337477831,0.01943718337477831,0.6597875330318993,0.005
4,1698,5700,0.0207383537464155,0.0207383537464155,0.6615699494487838,0.005
4,1699,5701,0.022694459473287163,0.022694459473287163,0.6586166775358235,0.005
4,1700,5702,0.020009866698106362,0.020009866698106362,0.6651883525501832,0.005
4,1701,5703,0.020530445910728543,0.020530445910728543,0.6593510642225565,0.005
4,1702,5704,0.02489475974313985,0.02489475974313985,0.6622075507601388,0.005
4,1703,5705,0.020883953389875545,0.020883953389875545,0.6570206413917055,0.005
4,1704,5706,0.019529860557302096,0.019529860557302096,0.664253057340724,0.005
4,1705,5707,0.018626061550271134,0.018626061550271134,0.6650892931713559,0.005
4,1706,5708,0.021104706203933586,0.021104706203933586,0.6590801050522402,0.005
4,1707,5709,0.018601392897430867,0.018601392897430867,0.6573916728609458,0.005
4,1708,5710,0.017085112673847526,0.017085112673847526,0.6609768173860892,0.005
4,1709,5711,0.01881948667622891,0.01881948667622891,0.6586298583285082,0.005
4,1710,5712,0.017727872517799764,0.017727872517799764,0.6564775178030485,0.005
4,1711,5713,0.021849587566806827,0.021849587566806827,0.6582146011588651,0.005
4,1712,5714,0.0238514994080966,0.0238514994080966,0.6613356867534589,0.005
4,1713,5715,0.020227750198078313,0.020227750198078313,0.652328250124928,0.005
4,1714,5716,0.02549114339728627,0.02549114339728627,0.6625484935721843,0.005
4,1715,5717,0.023388211313186028,0.023388211313186028,0.6641203888092662,0.005
4,1716,5718,0.02161658940422164,0.02161658940422164,0.6558462716138718,0.005
4,1717,5719,0.020932580283040837,0.020932580283040837,0.6592364303301268,0.005
4,1718,5720,0.023767729477847284,0.023767729477847284,0.6662315641792947,0.005
4,1719,5721,0.02007639638880073,0.02007639638880073,0.6589029622756009,0.005
4,1720,5722,0.02145930658062937,0.02145930658062937,0.6595767993638846,0.005
4,1721,5723,0.023418214763563434,0.023418214763563434,0.6624639165133722,0.005
4,1722,5724,0.023075180845733848,0.023075180845733848,0.66055689639228,0.005
4,1723,5725,0.021568925812032902,0.021568925812032902,0.6609878211047227,0.005
4,1724,5726,0.019226633353105177,0.019226633353105177,0.6619249389986762,0.005
4,1725,5727,0.021289830285795133,0.021289830285795133,0.659981196235247,0.005
4,1726,5728,0.021998831877616233,0.021998831877616233,0.6620704103704456,0.005
4,1727,5729,0.023854432743762696,0.023854432743762696,0.6729869669068104,0.005
4,1728,5730,0.023454869213473103,0.023454869213473103,0.6616107283777228,0.005
4,1729,5731,0.02006257322787867,0.02006257322787867,0.6623621921532582,0.005
4,1730,5732,0.025493190438766244,0.025493190438766244,0.6581561599129244,0.005
4,1731,5733,0.018957400635774856,0.018957400635774856,0.6613939545369077,0.005
4,1732,5734,0.020008175936032237,0.020008175936032237,0.6633820299388041,0.005
4,1733,5735,0.021812098911568635,0.021812098911568635,0.6537264739666556,0.005
4,1734,5736,0.02022800082044092,0.02022800082044092,0.6580855742760974,0.005
4,1735,5737,0.018125953485517522,0.018125953485517522,0.6589809779893081,0.005
4,1736,5738,0.021809645191372184,0.021809645191372184,0.6638270211151656,0.005
4,1737,5739,0.021072946122303832,0.021072946122303832,0.659514398189815,0.005
4,1738,5740,0.0195005530118081,0.0195005530118081,0.6564802927471407,0.005
4,1739,5741,0.02054109939282698,0.02054109939282698,0.654015469630938,0.005
4,1740,5742,0.017534892433872545,0.017534892433872545,0.6620474885635894,0.005
4,1741,5743,0.018253880399303764,0.018253880399303764,0.6592220058202877,0.005
4,1742,5744,0.02211932674408299,0.02211932674408299,0.6625797496398889,0.005
4,1743,5745,0.024313970126380455,0.024313970126380455,0.6589895234511999,0.005
4,1744,5746,0.019096603503599725,0.019096603503599725,0.6607417100236035,0.005
4,1745,5747,0.02350096491564158,0.02350096491564158,0.6611986096161804,0.005
4,1746,5748,0.022610214129150954,0.022610214129150954,0.6627628454886623,0.005
4,1747,5749,0.02560445302370569,0.02560445302370569,0.6560778598402782,0.005
4,1748,5750,0.02117010168300973,0.02117010168300973,0.6629323624102446,0.005
4,1749,5751,0.022030581619978114,0.022030581619978114,0.6622448382173296,0.005
4,1750,5752,0.018643206473998815,0.018643206473998815,0.6514097731382764,0.005
4,1751,5753,0.018737558731025485,0.018737558731025485,0.6619201270014147,0.005
4,1752,5754,0.020680600366805454,0.020680600366805454,0.6541594301026536,0.005
4,1753,5755,0.023076820759180272,0.023076820759180272,0.6588836434552995,0.005
4,1754,5756,0.021496902770350573,0.021496902770350573,0.6659994918392803,0.005
4,1755,5757,0.020252536887105804,0.020252536887105804,0.6617471646096929,0.005
4,1756,5758,0.020425600639676994,0.020425600639676994,0.6611286011984511,0.005
4,1757,5759,0.02243011856982812,0.02243011856982812,0.670332975381742,0.005
4,1758,5760,0.02442296682420589,0.02442296682420589,0.6680887852881459,0.005
4,1759,5761,0.023463364384054795,0.023463364384054795,0.6632492342954257,0.005
4,1760,5762,0.022952912647056477,0.022952912647056477,0.6598537906751852,0.005
4,1761,5763,0.02067192486432113,0.02067192486432113,0.6649677698364119,0.005
4,1762,5764,0.019839762254104054,0.019839762254104054,0.6633567971895856,0.005
4,1763,5765,0.018613427578787797,0.018613427578787797,0.6578089885441043,0.005
4,1764,5766,0.017998881810430953,0.017998881810430953,0.6545816736700324,0.005
4,1765,5767,0.019198953094671165,0.019198953094671165,0.6619746557367697,0.005
4,1766,5768,0.02138473973789971,0.02138473973789971,0.6649981348660057,0.005
4,1767,5769,0.018809518548548756,0.018809518548548756,0.6612582798026856,0.005
4,1768,5770,0.01942034728684162,0.01942034728684162,0.66347668703635,0.005
4,1769,5771,0.01793137223813876,0.01793137223813876,0.6594433944134814,0.005
4,1770,5772,0.01991349305219771,0.01991349305219771,0.6640087127489841,0.005
4,1771,5773,0.01728111266560887,0.01728111266560887,0.664363709195731,0.005
4,1772,5774,0.021011038904559076,0.021011038904559076,0.6620105973794904,0.005
4,1773,5775,0.02843168756649533,0.02843168756649533,0.6582758785370103,0.005
4,1774,5776,0.02404981696702052,0.02404981696702052,0.6576128948475038,0.005
4,1775,5777,0.02225904919880225,0.02225904919880225,0.6621485021102237,0.005
4,1776,5778,0.020642212678959854,0.020642212678959854,0.6571315928450908,0.005
4,1777,5779,0.02700766154060797,0.02700766154060797,0.6620274694765232,0.005
4,1778,5780,0.018190494749104884,0.018190494749104884,0.6559029891007462,0.005
4,1779,5781,0.02209102421710918,0.02209102421710918,0.6605733892266125,0.005
4,1780,5782,0.02190110105261579,0.02190110105261579,0.6595839635113269,0.005
4,1781,5783,0.02458798456265398,0.02458798456265398,0.663859899285301,0.005
4,1782,5784,0.017579783417045004,0.017579783417045004,0.656148871238754,0.005
4,1783,5785,0.02282521869497601,0.02282521869497601,0.6589473574310407,0.005
4,1784,5786,0.023974883238445537,0.023974883238445537,0.6583986998894001,0.005
4,1785,5787,0.02262451582439559,0.02262451582439559,0.6609640987237146,0.005
4,1786,5788,0.0193289983282892,0.0193289983282892,0.6585605656505515,0.005
4,1787,5789,0.020433837459639965,0.020433837459639965,0.6617288166417487,0.005
4,1788,5790,0.020218319287214084,0.020218319287214084,0.6613031192285858,0.005
4,1789,5791,0.018986433087660574,0.018986433087660574,0.6568780350516438,0.005
4,1790,5792,0.025852239956732456,0.025852239956732456,0.6569598369615187,0.005
4,1791,5793,0.023516530870643725,0.023516530870643725,0.6536007874364443,0.005
4,1792,5794,0.026496572792563577,0.026496572792563577,0.6611910729023212,0.005
4,1793,5795,0.021844840232949837,0.021844840232949837,0.6676078678864509,0.005
4,1794,5796,0.023345460287157827,0.023345460287157827,0.6624920351762269,0.005
4,1795,5797,0.020514512864416388,0.020514512864416388,0.6573338068252875,0.005
4,1796,5798,0.027154500748783204,0.027154500748783204,0.6689864537687699,0.005
4,1797,5799,0.01797073416341393,0.01797073416341393,0.6616274422159566,0.005
4,1798,5800,0.02046886631986332,0.02046886631986332,0.6643688229273444,0.005
4,1799,5801,0.018880888501517788,0.018880888501517788,0.6569277010167369,0.005
4,1800,5802,0.019930495275770815,0.019930495275770815,0.6676985961987972,0.005
4,1801,5803,0.019815033174343473,0.019815033174343473,0.6624507922835376,0.005
4,1802,5804,0.0232380497771184,0.0232380497771184,0.6700586238592058,0.005
4,1803,5805,0.02361938518948898,0.02361938518948898,0.6634377184913393,0.005
4,1804,5806,0.02422691466613503,0.02422691466613503,0.6555965605260045,0.005
4,1805,5807,0.027381719030316762,0.027381719030316762,0.6643574037911777,0.005
4,1806,5808,0.020256725551354333,0.020256725551354333,0.662242354795359,0.005
4,1807,5809,0.02622094405375102,0.02622094405375102,0.6646854477826746,0.005
4,1808,5810,0.019258215794346376,0.019258215794346376,0.6582292758355203,0.005
4,1809,5811,0.01781623925537887,0.01781623925537887,0.6616023061731813,0.005
4,1810,5812,0.02037191807513563,0.02037191807513563,0.6586163332175705,0.005
4,1811,5813,0.019459235614279813,0.019459235614279813,0.6633184504999674,0.005
4,1812,5814,0.02289230911472645,0.02289230911472645,0.660174492199653,0.005
4,1813,5815,0.019923834868954632,0.019923834868954632,0.6600913261442642,0.005
4,1814,5816,0.018474031285939045,0.018474031285939045,0.6591833390144852,0.005
4,1815,5817,0.019794798001230338,0.019794798001230338,0.6536875374735686,0.005
4,1816,5818,0.021533886317171985,0.021533886317171985,0.6602986215960742,0.005
4,1817,5819,0.027717833107653453,0.027717833107653453,0.6656752727351727,0.005
4,1818,5820,0.01859989056253471,0.01859989056253471,0.6646468157795624,0.005
4,1819,5821,0.02196868585139023,0.02196868585139023,0.6604349136207609,0.005
4,1820,5822,0.020560178322878618,0.020560178322878618,0.6591421897260386,0.005
4,1821,5823,0.02115189717115836,0.02115189717115836,0.6575323515049061,0.005
4,1822,5824,0.017517838247749072,0.017517838247749072,0.659678297172594,0.005
4,1823,5825,0.017655282793670186,0.017655282793670186,0.6582867373123272,0.005
4,1824,5826,0.01981799285837524,0.01981799285837524,0.6592979739306588,0.005
4,1825,5827,0.021208138782355217,0.021208138782355217,0.6556278250866358,0.005
4,1826,5828,0.0207264441059399,0.0207264441059399,0.6558859983008501,0.005
4,1827,5829,0.01888260630231524,0.01888260630231524,0.658398000352555,0.005
4,1828,5830,0.01859377507185486,0.01859377507185486,0.6620080403778069,0.005
4,1829,5831,0.01835630352944729,0.01835630352944729,0.6552669582078631,0.005
4,1830,5832,0.021639934497100496,0.021639934497100496,0.6595321429864486,0.005
4,1831,5833,0.021281697221695324,0.021281697221695324,0.6569997569361282,0.005
4,1832,5834,0.021967458882114033,0.021967458882114033,0.6663404258574278,0.005
4,1833,5835,0.020212531146842315,0.020212531146842315,0.6578424723312714,0.005
4,1834,5836,0.023587518400467314,0.023587518400467314,0.6647388282536104,0.005
4,1835,5837,0.020753149010825672,0.020753149010825672,0.6674735618310287,0.005
4,1836,5838,0.0223494441965343,0.0223494441965343,0.660506946070694,0.005
4,1837,5839,0.018603910273354018,0.018603910273354018,0.6549707269761148,0.005
4,1838,5840,0.024201997520401586,0.024201997520401586,0.6573462761498237,0.005
4,1839,5841,0.019688896474778582,0.019688896474778582,0.6558788865594576,0.005
4,1840,5842,0.02469043216110013,0.02469043216110013,0.6521425762356361,0.005
4,1841,5843,0.020277533750360482,0.020277533750360482,0.6658353181194836,0.005
4,1842,5844,0.01950395003262754,0.01950395003262754,0.6586099829309218,0.005
4,1843,5845,0.019249855778327114,0.019249855778327114,0.6611353651473784,0.005
4,1844,5846,0.01977012932701958,0.01977012932701958,0.6585130158127186,0.005
4,1845,5847,0.025392418337354044,0.025392418337354044,0.6614641682830795,0.005
4,1846,5848,0.022964751532304355,0.022964751532304355,0.6580720843266074,0.005
4,1847,5849,0.020281716349057517,0.020281716349057517,0.6578435224537275,0.005
4,1848,5850,0.019578873966480333,0.019578873966480333,0.6673020643261698,0.005
4,1849,5851,0.020814778574493365,0.020814778574493365,0.656702914235069,0.005
4,1850,5852,0.019023029163612135,0.019023029163612135,0.6639896485865288,0.005
4,1851,5853,0.02345795018218471,0.02345795018218471,0.6653137373316147,0.005
4,1852,5854,0.021619757691818897,0.021619757691818897,0.6617394600697463,0.005
4,1853,5855,0.022055677656669322,0.022055677656669322,0.6590369611745557,0.005
4,1854,5856,0.02042674560972963,0.02042674560972963,0.6608787610549481,0.005
4,1855,5857,0.028176238495661782,0.028176238495661782,0.6580714400896841,0.005
4,1856,5858,0.021587353017215778,0.021587353017215778,0.6615209268160039,0.005
4,1857,5859,0.019781079906398432,0.019781079906398432,0.6684656117244578,0.005
4,1858,5860,0.020885450338784764,0.020885450338784764,0.668567790395199,0.005
4,1859,5861,0.01984686565992,0.01984686565992,0.665609712457831,0.005
4,1860,5862,0.01836668841183699,0.01836668841183699,0.6581174626773895,0.005
4,1861,5863,0.01944281822964772,0.01944281822964772,0.6617777784884811,0.005
4,1862,5864,0.02224182061741154,0.02224182061741154,0.6661082930077057,0.005
4,1863,5865,0.017769169442495854,0.017769169442495854,0.6579011178474387,0.005
4,1864,5866,0.020589602331435673,0.020589602331435673,0.6553981475109668,0.005
4,1865,5867,0.02207084842822534,0.02207084842822534,0.6619025688365479,0.005
4,1866,5868,0.02124657522575339,0.02124657522575339,0.657496987895943,0.005
4,1867,5869,0.019485233835282674,0.019485233835282674,0.6636354434045407,0.005
4,1868,5870,0.024211917986910064,0.024211917986910064,0.6611592773849878,0.005
4,1869,5871,0.02303353116162629,0.02303353116162629,0.6642058807055362,0.005
4,1870,5872,0.02026615786732628,0.02026615786732628,0.6593568189455404,0.005
4,1871,5873,0.02105378877352945,0.02105378877352945,0.662967340936057,0.005
4,1872,5874,0.022428025580233157,0.022428025580233157,0.6608053276246622,0.005
4,1873,5875,0.02065982491731385,0.02065982491731385,0.6634987144984462,0.005
4,1874,5876,0.0224269326102252,0.0224269326102252,0.6675550685060745,0.005
4,1875,5877,0.02215840704526856,0.02215840704526856,0.6599264637051475,0.005
4,1876,5878,0.020839529685660975,0.020839529685660975,0.65724472944942,0.005
4,1877,5879,0.023472103122943355,0.023472103122943355,0.6611959397293071,0.005
4,1878,5880,0.01928130916270617,0.01928130916270617,0.6629194021709748,0.005
4,1879,5881,0.020427842745443316,0.020427842745443316,0.6578488508823432,0.005
4,1880,5882,0.0184181963638348,0.0184181963638348,0.6608244581850315,0.005
4,1881,5883,0.022537263072855925,0.022537263072855925,0.6620940311260147,0.005
4,1882,5884,0.019980734746993467,0.019980734746993467,0.6584810145828807,0.005
4,1883,5885,0.021860654896429455,0.021860654896429455,0.6569369036631445,0.005
4,1884,5886,0.021101168759694526,0.021101168759694526,0.6598476221101133,0.005
4,1885,5887,0.02012510317449871,0.02012510317449871,0.663778006067772,0.005
4,1886,5888,0.02152593781993182,0.02152593781993182,0.6624487195511807,0.005
4,1887,5889,0.022527970055778702,0.022527970055778702,0.6646443951698837,0.005
4,1888,5890,0.019259740951318462,0.019259740951318462,0.6616382540839777,0.005
4,1889,5891,0.022479931170452223,0.022479931170452223,0.6595207960210834,0.005
4,1890,5892,0.019635233228986172,0.019635233228986172,0.6548625331333119,0.005
4,1891,5893,0.023555885091112564,0.023555885091112564,0.6725169278497173,0.005
4,1892,5894,0.02289625892460826,0.02289625892460826,0.6577007687540023,0.005
4,1893,5895,0.02028014468002487,0.02028014468002487,0.6610646492682438,0.005
4,1894,5896,0.02406529543015675,0.02406529543015675,0.6669121060868279,0.005
4,1895,5897,0.019953950868694118,0.019953950868694118,0.6612590064100113,0.005
4,1896,5898,0.021182142753844786,0.021182142753844786,0.6615271513292975,0.005
4,1897,5899,0.022842624559006132,0.022842624559006132,0.6655313798940407,0.005
4,1898,5900,0.020430886438081886,0.020430886438081886,0.6538727691975326,0.005
4,1899,5901,0.022484762071538177,0.022484762071538177,0.6595028638942643,0.005
4,1900,5902,0.017817332420337756,0.017817332420337756,0.6558019839071998,0.005
4,1901,5903,0.019602163357830285,0.019602163357830285,0.6563857234211752,0.005
4,1902,5904,0.020103088572421404,0.020103088572421404,0.6547194378864073,0.005
4,1903,5905,0.024072061584281657,0.024072061584281657,0.6599146589163939,0.005
4,1904,5906,0.019228683868257324,0.019228683868257324,0.6587572147824842,0.005
4,1905,5907,0.018398855186509314,0.018398855186509314,0.6627836721400044,0.005
4,1906,5908,0.01740792545723471,0.01740792545723471,0.6603864633208366,0.005
4,1907,5909,0.019458186961004507,0.019458186961004507,0.6601887283535763,0.005
4,1908,5910,0.02052037384049339,0.02052037384049339,0.6585616824775145,0.005
4,1909,5911,0.02101422840303078,0.02101422840303078,0.6664771866420219,0.005
4,1910,5912,0.02117672796981986,0.02117672796981986,0.6568943044902964,0.005
4,1911,5913,0.018721516256085702,0.018721516256085702,0.6622768109398216,0.005
4,1912,5914,0.022446570108928112,0.022446570108928112,0.6541113705490132,0.005
4,1913,5915,0.019736914284943598,0.019736914284943598,0.6606358891007215,0.005
4,1914,5916,0.020126892916670868,0.020126892916670868,0.657643339540129,0.005
4,1915,5917,0.024281959472710137,0.024281959472710137,0.6671203445993988,0.005
4,1916,5918,0.02221850041710987,0.02221850041710987,0.662421858284378,0.005
4,1917,5919,0.02037263591458509,0.02037263591458509,0.6664415838053196,0.005
4,1918,5920,0.023695925015100115,0.023695925015100115,0.6677467081777041,0.005
4,1919,5921,0.020690141758771458,0.020690141758771458,0.6666781778445612,0.005
4,1920,5922,0.020554964463414514,0.020554964463414514,0.6596305727119268,0.005
4,1921,5923,0.021502246832233396,0.021502246832233396,0.6560938320737485,0.005
4,1922,5924,0.01827992115362482,0.01827992115362482,0.6635342063301151,0.005
4,1923,5925,0.018835967068438778,0.018835967068438778,0.6647780190698316,0.005
4,1924,5926,0.02388593681571089,0.02388593681571089,0.6580762191974451,0.005
4,1925,5927,0.018289151294940853,0.018289151294940853,0.6585885118026914,0.005
4,1926,5928,0.02010897653745484,0.02010897653745484,0.6611967336592368,0.005
4,1927,5929,0.02001585005255513,0.02001585005255513,0.6591440093572447,0.005
4,1928,5930,0.01730908861514681,0.01730908861514681,0.6548455493253705,0.005
4,1929,5931,0.0203935861881546,0.0203935861881546,0.6537831070374474,0.005
4,1930,5932,0.019338794657841767,0.019338794657841767,0.6555392394168094,0.005
4,1931,5933,0.023845975464125882,0.023845975464125882,0.6590187121982879,0.005
4,1932,5934,0.017951775473035374,0.017951775473035374,0.6563593123492658,0.005
4,1933,5935,0.02159617865351312,0.02159617865351312,0.6619821186124111,0.005
4,1934,5936,0.023521300585849753,0.023521300585849753,0.6612037374352401,0.005
4,1935,5937,0.018778497844850313,0.018778497844850313,0.6563171659330089,0.005
4,1936,5938,0.020650745418214097,0.020650745418214097,0.6626891431829567,0.005
4,1937,5939,0.019378361850592895,0.019378361850592895,0.663892296030299,0.005
4,1938,5940,0.021269967773128878,0.021269967773128878,0.6583466221793801,0.005
4,1939,5941,0.02280637017496137,0.02280637017496137,0.6565315741353474,0.005
4,1940,5942,0.020924656236621167,0.020924656236621167,0.6637584062120928,0.005
4,1941,5943,0.017762986977339443,0.017762986977339443,0.6542618273790464,0.005
4,1942,5944,0.018057098425431656,0.018057098425431656,0.66038314395829,0.005
4,1943,5945,0.018227991195631198,0.018227991195631198,0.6629695120901429,0.005
4,1944,5946,0.01837596103364971,0.01837596103364971,0.660827417414357,0.005
4,1945,5947,0.022942726987147152,0.022942726987147152,0.6650083264361998,0.005
4,1946,5948,0.019364540699049575,0.019364540699049575,0.6621706129369999,0.005
4,1947,5949,0.019866962827714475,0.019866962827714475,0.6641886443968859,0.005
4,1948,5950,0.021253390803800683,0.021253390803800683,0.6621000697115567,0.005
4,1949,5951,0.020066594016698337,0.020066594016698337,0.662985339467902,0.005
4,1950,5952,0.019265127087233103,0.019265127087233103,0.6574724788394344,0.005
4,1951,5953,0.019570683720957813,0.019570683720957813,0.6595567821915925,0.005
4,1952,5954,0.01847272465305147,0.01847272465305147,0.6595753007873614,0.005
4,1953,5955,0.023477222285067836,0.023477222285067836,0.6620836596098403,0.005
4,1954,5956,0.02007034585015521,0.02007034585015521,0.6618806664263752,0.005
4,1955,5957,0.020606839583814728,0.020606839583814728,0.6623891707557277,0.005
4,1956,5958,0.021412434275309773,0.021412434275309773,0.6702437704708291,0.005
4,1957,5959,0.02040690762648099,0.02040690762648099,0.6607308035406523,0.005
4,1958,5960,0.021431108211801688,0.021431108211801688,0.6615933434090117,0.005
4,1959,5961,0.020537785553657206,0.020537785553657206,0.6655503424096632,0.005
4,1960,5962,0.02094443026184257,0.02094443026184257,0.6588717605669491,0.005
4,1961,5963,0.023819051572053496,0.023819051572053496,0.6589629019705797,0.005
4,1962,5964,0.020283481060959827,0.020283481060959827,0.6564450758739473,0.005
4,1963,5965,0.019874484962808782,0.019874484962808782,0.6566900780279459,0.005
4,1964,5966,0.017299825267735373,0.017299825267735373,0.665567099664712,0.005
4,1965,5967,0.020617625217162715,0.020617625217162715,0.6610753190495513,0.005
4,1966,5968,0.022312363243569652,0.022312363243569652,0.6592015138532444,0.005
4,1967,5969,0.019742030631571046,0.019742030631571046,0.6601745064620894,0.005
4,1968,5970,0.020058009610885393,0.020058009610885393,0.6599756129009762,0.005
4,1969,5971,0.020454542597146907,0.020454542597146907,0.6565240423083809,0.005
4,1970,5972,0.020063191996206983,0.020063191996206983,0.6593551767661432,0.005
4,1971,5973,0.02046342918967384,0.02046342918967384,0.6573409560744001,0.005
4,1972,5974,0.021434690972011623,0.021434690972011623,0.6542264574761425,0.005
4,1973,5975,0.018313824870950172,0.018313824870950172,0.6532351137794574,0.005
4,1974,5976,0.01938998358824512,0.01938998358824512,0.6567638126818605,0.005
4,1975,5977,0.019332230399047492,0.019332230399047492,0.6654849458636345,0.005
4,1976,5978,0.018999303412392074,0.018999303412392074,0.6617740681852904,0.005
4,1977,5979,0.02037672030020591,0.02037672030020591,0.6615227431486331,0.005
4,1978,5980,0.021327590059076522,0.021327590059076522,0.6667200527115827,0.005
4,1979,5981,0.0216757499963876,0.0216757499963876,0.6657009737977162,0.005
4,1980,5982,0.02255174899425174,0.02255174899425174,0.6674226644938044,0.005
4,1981,5983,0.023414930819140426,0.023414930819140426,0.6582047088783507,0.005
4,1982,5984,0.020848045701028363,0.020848045701028363,0.6623176333889415,0.005
4,1983,5985,0.0227425686713354,0.0227425686713354,0.6644800067280218,0.005
4,1984,5986,0.020511227838137018,0.020511227838137018,0.6543474351561956,0.005
4,1985,5987,0.01976083028455204,0.01976083028455204,0.6611582005218445,0.005
4,1986,5988,0.019105766702683026,0.019105766702683026,0.659046392191425,0.005
4,1987,5989,0.02046767959379134,0.02046767959379134,0.6600408406940835,0.005
4,1988,5990,0.025900743973549068,0.025900743973549068,0.6552513302331064,0.005
4,1989,5991,0.02378568978449555,0.02378568978449555,0.662127048172791,0.005
4,1990,5992,0.01915708973578195,0.01915708973578195,0.6637454499943913,0.005
4,1991,5993,0.021946725405451575,0.021946725405451575,0.6612020105993427,0.005
4,1992,5994,0.02330166527283753,0.02330166527283753,0.6689173148613722,0.005
4,1993,5995,0.022266069490859047,0.022266069490859047,0.6601990449163608,0.005
4,1994,5996,0.019278070128390407,0.019278070128390407,0.6608385302955869,0.005
4,1995,5997,0.019634727782704194,0.019634727782704194,0.6551409039965871,0.005
4,1996,5998,0.021076599026827677,0.021076599026827677,0.6603673837900065,0.005
4,1997,5999,0.01701232989111271,0.01701232989111271,0.6533306563292258,0.005
4,1998,6000,0.019610580602481692,0.019610580602481692,0.6614189490914313,0.005
4,1999,6001,0.02052466604614702,0.02052466604614702,0.6625060470692242,0.005
4,2000,6002,0.03058474532866337,0.03058474532866337,0.6687245137259775,0.005
3,0,6003,0.19727455653575737,0.19727455653575737,0.5585791656701143,0.005
3,1,6004,0.1945075615843726,0.1945075615843726,0.5581234429929189,0.005
3,2,6005,0.18092727846322476,0.18092727846322476,0.5596694000523355,0.005
3,3,6006,0.16560482298460633,0.16560482298460633,0.5609864894756986,0.005
3,4,6007,0.158127503788198,0.158127503788198,0.5612341728100101,0.005
3,5,6008,0.15712518638987988,0.15712518638987988,0.5611224286784319,0.005
3,6,6009,0.13307992286814269,0.13307992286814269,0.563101831732047,0.005
3,7,6010,0.13773236023162533,0.13773236023162533,0.5610561642080852,0.005
3,8,6011,0.12642684761101491,0.12642684761101491,0.5631735617861432,0.005
3,9,6012,0.13754626543285423,0.13754626543285423,0.5615342445428556,0.005
3,10,6013,0.11642264691735911,0.11642264691735911,0.5621867717367687,0.005
3,11,6014,0.11623374824520559,0.11623374824520559,0.5599864756344632,0.005
3,12,6015,0.10898881643501365,0.10898881643501365,0.5604114988356891,0.005
3,13,6016,0.09558781066522706,0.09558781066522706,0.5609223589174084,0.005
3,14,6017,0.08710330861386313,0.08710330861386313,0.5659060980906372,0.005
3,15,6018,0.10919244101049785,0.10919244101049785,0.5634539868538279,0.005
3,16,6019,0.07429225666860692,0.07429225666860692,0.5618722174828421,0.005
3,17,6020,0.0833666798829513,0.0833666798829513,0.56329214003193,0.005
3,18,6021,0.06903590461597596,0.06903590461597596,0.5624391541490259,0.005
3,19,6022,0.072170876281834,0.072170876281834,0.5667305043218916,0.005
3,20,6023,0.06912778078137935,0.06912778078137935,0.5659520496679781,0.005
3,21,6024,0.06227492970138998,0.06227492970138998,0.5641921386746686,0.005
3,22,6025,0.0643572910029685,0.0643572910029685,0.564100552863817,0.005
3,23,6026,0.056137448804119194,0.056137448804119194,0.5662135157417808,0.005
3,24,6027,0.05148952901319819,0.05148952901319819,0.566270590341025,0.005
3,25,6028,0.055621087353225566,0.055621087353225566,0.5664591099719073,0.005
3,26,6029,0.05151499021737678,0.05151499021737678,0.5608918333750103,0.005
3,27,6030,0.04462015271394225,0.04462015271394225,0.5668286238680781,0.005
3,28,6031,0.043114626970441085,0.043114626970441085,0.5628268924419955,0.005
3,29,6032,0.04589188311767238,0.04589188311767238,0.5682743948843745,0.005
3,30,6033,0.044787549172799326,0.044787549172799326,0.5652037499277693,0.005
3,31,6034,0.03784482665182259,0.03784482665182259,0.5672052228361087,0.005
3,32,6035,0.04235614839295042,0.04235614839295042,0.5655469067776008,0.005
3,33,6036,0.05610638373208548,0.05610638373208548,0.5667627752590314,0.005
3,34,6037,0.03192930521827385,0.03192930521827385,0.5666706668672876,0.005
3,35,6038,0.03393651974943355,0.03393651974943355,0.5635708347412838,0.005
3,36,6039,0.03764441511334797,0.03764441511334797,0.5641857792534948,0.005
3,37,6040,0.0351731430313886,0.0351731430313886,0.5646449173232767,0.005
3,38,6041,0.02961498982097404,0.02961498982097404,0.5645743152328591,0.005
3,39,6042,0.031507888790850994,0.031507888790850994,0.5638008418482472,0.005
3,40,6043,0.030711650950370317,0.030711650950370317,0.5645818260713226,0.005
3,41,6044,0.03497405150408765,0.03497405150408765,0.5640568221164383,0.005
3,42,6045,0.0317940931913518,0.0317940931913518,0.5619215314751475,0.005
3,43,6046,0.031684001981780036,0.031684001981780036,0.5699769702552241,0.005
3,44,6047,0.02435464288218707,0.02435464288218707,0.563379389225692,0.005
3,45,6048,0.030533891228457833,0.030533891228457833,0.5618529211856541,0.005
3,46,6049,0.0311380026676407,0.0311380026676407,0.5634249469560597,0.005
3,47,6050,0.02675631463558451,0.02675631463558451,0.5652388754342976,0.005
3,48,6051,0.035073528649018436,0.035073528649018436,0.5656291057005931,0.005
3,49,6052,0.024646021796081295,0.024646021796081295,0.5628716812994341,0.005
3,50,6053,0.021761080918418767,0.021761080918418767,0.5617558690740004,0.005
3,51,6054,0.024275869315987755,0.024275869315987755,0.5611631922860622,0.005
3,52,6055,0.029994672566180804,0.029994672566180804,0.5643543619255362,0.005
3,53,6056,0.025065546010665428,0.025065546010665428,0.5619985096248998,0.005
3,54,6057,0.0290650715244263,0.0290650715244263,0.5609395734618929,0.005
3,55,6058,0.02409493333420107,0.02409493333420107,0.5607746147763152,0.005
3,56,6059,0.024149920382881815,0.024149920382881815,0.5592937732416711,0.005
3,57,6060,0.026368380055337353,0.026368380055337353,0.5634671498592084,0.005
3,58,6061,0.024973750979952233,0.024973750979952233,0.5603613474310374,0.005
3,59,6062,0.027190882601576594,0.027190882601576594,0.5611537122276632,0.005
3,60,6063,0.026849879775922996,0.026849879775922996,0.5642331519001228,0.005
3,61,6064,0.02697430755013882,0.02697430755013882,0.565852436236846,0.005
3,62,6065,0.020548407683784683,0.020548407683784683,0.5555470692516213,0.005
3,63,6066,0.02098589533824921,0.02098589533824921,0.5595611578710449,0.005
3,64,6067,0.024962427524664592,0.024962427524664592,0.5633271721437813,0.005
3,65,6068,0.02092823542637222,0.02092823542637222,0.5585979210326819,0.005
3,66,6069,0.028936204903352282,0.028936204903352282,0.5593277821574906,0.005
3,67,6070,0.026850062480354486,0.026850062480354486,0.5601349194747304,0.005
3,68,6071,0.024098455253970565,0.024098455253970565,0.5611292724365198,0.005
3,69,6072,0.02433212447315344,0.02433212447315344,0.5578187260553615,0.005
3,70,6073,0.022526240598539547,0.022526240598539547,0.5556860852017756,0.005
3,71,6074,0.023577069752054678,0.023577069752054678,0.5601623628619979,0.005
3,72,6075,0.024342232506032947,0.024342232506032947,0.5596145827665676,0.005
3,73,6076,0.022559640917631962,0.022559640917631962,0.5618244316654829,0.005
3,74,6077,0.024272799583913325,0.024272799583913325,0.5610200528280701,0.005
3,75,6078,0.02324211755987298,0.02324211755987298,0.5609481754241835,0.005
3,76,6079,0.02555860444739324,0.02555860444739324,0.5567303957209889,0.005
3,77,6080,0.024554970595586423,0.024554970595586423,0.5610822381353481,0.005
3,78,6081,0.02337941322670201,0.02337941322670201,0.5597250628803743,0.005
3,79,6082,0.023222862312257165,0.023222862312257165,0.5576816412604473,0.005
3,80,6083,0.020882575315407645,0.020882575315407645,0.5584505691011107,0.005
3,81,6084,0.025208572676406256,0.025208572676406256,0.5599325893973968,0.005
3,82,6085,0.025493728549530508,0.025493728549530508,0.5583361163284093,0.005
3,83,6086,0.02769227240121081,0.02769227240121081,0.5596354852279468,0.005
3,84,6087,0.02405860449792496,0.02405860449792496,0.560287644074247,0.005
3,85,6088,0.0294748258331023,0.0294748258331023,0.5583243058491413,0.005
3,86,6089,0.027857488636605837,0.027857488636605837,0.5603702401793926,0.005
3,87,6090,0.024995404129788807,0.024995404129788807,0.5580592752928699,0.005
3,88,6091,0.027985694255855773,0.027985694255855773,0.5599562747008784,0.005
3,89,6092,0.02195222377469976,0.02195222377469976,0.5593759799955998,0.005
3,90,6093,0.022290689395588367,0.022290689395588367,0.5590010780655068,0.005
3,91,6094,0.027651951735813172,0.027651951735813172,0.5599278882659272,0.005
3,92,6095,0.025100659911644063,0.025100659911644063,0.5584748113787935,0.005
3,93,6096,0.024218115833537585,0.024218115833537585,0.557911040785482,0.005
3,94,6097,0.025864587312387114,0.025864587312387114,0.5579361738019615,0.005
3,95,6098,0.018573326994173314,0.018573326994173314,0.5560835996879978,0.005
3,96,6099,0.020780836500566245,0.020780836500566245,0.5589731887935392,0.005
3,97,6100,0.023566818345121233,0.023566818345121233,0.5631956133985092,0.005
3,98,6101,0.024283051421564124,0.024283051421564124,0.5588377891436834,0.005
3,99,6102,0.025279156078876798,0.025279156078876798,0.5570068454130714,0.005
3,100,6103,0.022634779173473046,0.022634779173473046,0.5587429199092487,0.005
3,101,6104,0.023194258819894974,0.023194258819894974,0.5591263215401889,0.005
3,102,6105,0.018351528583477196,0.018351528583477196,0.5552417797943437,0.005
3,103,6106,0.0299899644602431,0.0299899644602431,0.5582028430025147,0.005
3,104,6107,0.020311583438108963,0.020311583438108963,0.5588441437939906,0.005
3,105,6108,0.023018669011900438,0.023018669011900438,0.5589100150788536,0.005
3,106,6109,0.022067486073418525,0.022067486073418525,0.5561834929868869,0.005
3,107,6110,0.02284308081393597,0.02284308081393597,0.5621637025426816,0.005
3,108,6111,0.02291451880936226,0.02291451880936226,0.5594887492081635,0.005
3,109,6112,0.02511512633082979,0.02511512633082979,0.5605820889448487,0.005
3,110,6113,0.021068526582699153,0.021068526582699153,0.55883767528707,0.005
3,111,6114,0.020077915371553456,0.020077915371553456,0.5562037646554596,0.005
3,112,6115,0.01936434723078316,0.01936434723078316,0.5575750089202723,0.005
3,113,6116,0.025846235736424812,0.025846235736424812,0.5605472719386208,0.005
3,114,6117,0.023214251311195096,0.023214251311195096,0.5573899626375579,0.005
3,115,6118,0.020985467489556806,0.020985467489556806,0.5625957461366596,0.005
3,116,6119,0.025371880401859316,0.025371880401859316,0.5581591175147395,0.005
3,117,6120,0.026347847355514417,0.026347847355514417,0.5605502848600973,0.005
3,118,6121,0.022507524562859843,0.022507524562859843,0.5617187335050656,0.005
3,119,6122,0.024112526261106514,0.024112526261106514,0.5609903163336222,0.005
3,120,6123,0.024002955457869284,0.024002955457869284,0.5610364716059909,0.005
3,121,6124,0.025017439028432585,0.025017439028432585,0.5612081883869419,0.005
3,122,6125,0.017827452280437785,0.017827452280437785,0.559019912795573,0.005
3,123,6126,0.02074874753870211,0.02074874753870211,0.5614069393686847,0.005
3,124,6127,0.023512616258887335,0.023512616258887335,0.5559658914386598,0.005
3,125,6128,0.024074362033441453,0.024074362033441453,0.5634903356180779,0.005
3,126,6129,0.022690213219695485,0.022690213219695485,0.5585106840343534,0.005
3,127,6130,0.01922793442852336,0.01922793442852336,0.5571979726330093,0.005
3,128,6131,0.02100252845380913,0.02100252845380913,0.5585375819203876,0.005
3,129,6132,0.023264252891163597,0.023264252891163597,0.5642817724831475,0.005
3,130,6133,0.021721566696189,0.021721566696189,0.5556827409809059,0.005
3,131,6134,0.02048584267358248,0.02048584267358248,0.5596610829519164,0.005
3,132,6135,0.025437995238314314,0.025437995238314314,0.5565898308945942,0.005
3,133,6136,0.02335092128506793,0.02335092128506793,0.5594060060654569,0.005
3,134,6137,0.022428926289647155,0.022428926289647155,0.5585458126213686,0.005
3,135,6138,0.02776282367458962,0.02776282367458962,0.5564676522278074,0.005
3,136,6139,0.029098782489520032,0.029098782489520032,0.5611192166867068,0.005
3,137,6140,0.024946331525052535,0.024946331525052535,0.5598366278255219,0.005
3,138,6141,0.019764506514904606,0.019764506514904606,0.5589204138333471,0.005
3,139,6142,0.024033676841553622,0.024033676841553622,0.5607068970132348,0.005
3,140,6143,0.02613816738726271,0.02613816738726271,0.5573185649006298,0.005
3,141,6144,0.023030878384823907,0.023030878384823907,0.5585621622716305,0.005
3,142,6145,0.02271748202522226,0.02271748202522226,0.5562508262262463,0.005
3,143,6146,0.018868409865573074,0.018868409865573074,0.5585912863290279,0.005
3,144,6147,0.02067689847127453,0.02067689847127453,0.558259712114369,0.005
3,145,6148,0.021016286507442514,0.021016286507442514,0.5575966290788533,0.005
3,146,6149,0.019267963924063686,0.019267963924063686,0.5564947034794993,0.005
3,147,6150,0.029565011821202213,0.029565011821202213,0.5611762763385559,0.005
3,148,6151,0.023572136162955497,0.023572136162955497,0.5567846479794886,0.005
3,149,6152,0.022771796384720173,0.022771796384720173,0.5582871308234909,0.005
3,150,6153,0.01744503439668777,0.01744503439668777,0.5562556587874008,0.005
3,151,6154,0.022162723478977173,0.022162723478977173,0.5594699864455209,0.005
3,152,6155,0.028055426611281485,0.028055426611281485,0.5559983126781745,0.005
3,153,6156,0.019303659362881625,0.019303659362881625,0.5593602211861247,0.005
3,154,6157,0.025154808085388485,0.025154808085388485,0.5573388754751506,0.005
3,155,6158,0.023248473624544033,0.023248473624544033,0.5552680140490718,0.005
3,156,6159,0.028320263504922616,0.028320263504922616,0.5638838698269797,0.005
3,157,6160,0.022131789062610603,0.022131789062610603,0.5597316275275122,0.005
3,158,6161,0.02662655191404401,0.02662655191404401,0.5606040901766066,0.005
3,159,6162,0.02360370252373891,0.02360370252373891,0.5588203036142412,0.005
3,160,6163,0.02229607993084614,0.02229607993084614,0.5607891854828595,0.005
3,161,6164,0.023484184275154765,0.023484184275154765,0.5574687293650654,0.005
3,162,6165,0.02405758311163054,0.02405758311163054,0.5561682270865445,0.005
3,163,6166,0.018727958612260467,0.018727958612260467,0.5544059544084942,0.005
3,164,6167,0.018892837095839964,0.018892837095839964,0.557952287138226,0.005
3,165,6168,0.018075401650593532,0.018075401650593532,0.5547370029346468,0.005
3,166,6169,0.020272812243534492,0.020272812243534492,0.5603276241439744,0.005
3,167,6170,0.022373499867599383,0.022373499867599383,0.5598537565990545,0.005
3,168,6171,0.02118896179982399,0.02118896179982399,0.5599463292075528,0.005
3,169,6172,0.026316741067500565,0.026316741067500565,0.5619081563808996,0.005
3,170,6173,0.023045286708870745,0.023045286708870745,0.5561173562624546,0.005
3,171,6174,0.021281728027514192,0.021281728027514192,0.560404532162562,0.005
3,172,6175,0.018182780136457435,0.018182780136457435,0.5571103266647044,0.005
3,173,6176,0.019665406728385355,0.019665406728385355,0.5578661058462594,0.005
3,174,6177,0.023365291206082408,0.023365291206082408,0.5561182725955277,0.005
3,175,6178,0.0191540023577408,0.0191540023577408,0.5569702231531183,0.005
3,176,6179,0.01945433800801645,0.01945433800801645,0.5546914430448693,0.005
3,177,6180,0.027712022896808866,0.027712022896808866,0.5632814209268949,0.005
3,178,6181,0.02041291242695983,0.02041291242695983,0.5580574260667707,0.005
3,179,6182,0.020266309438482715,0.020266309438482715,0.5573758675742831,0.005
3,180,6183,0.030167739608311407,0.030167739608311407,0.5609930271767131,0.005
3,181,6184,0.0191851038046317,0.0191851038046317,0.5561233234389662,0.005
3,182,6185,0.01763441258753462,0.01763441258753462,0.5561698940476208,0.005
3,183,6186,0.021400162590048264,0.021400162590048264,0.5601960616940086,0.005
3,184,6187,0.024821019408162365,0.024821019408162365,0.5609788289152388,0.005
3,185,6188,0.0201801472383236,0.0201801472383236,0.557222138950761,0.005
3,186,6189,0.020349719138687633,0.020349719138687633,0.5562040345594318,0.005
3,187,6190,0.018944429332869467,0.018944429332869467,0.5598533664676175,0.005
3,188,6191,0.025400693438265603,0.025400693438265603,0.5608494769337701,0.005
3,189,6192,0.02433652452277442,0.02433652452277442,0.5589008974330565,0.005
3,190,6193,0.023527944332179754,0.023527944332179754,0.5607771931325132,0.005
3,191,6194,0.021697285466624392,0.021697285466624392,0.5613776225520694,0.005
3,192,6195,0.023165912615796792,0.023165912615796792,0.5563266085306039,0.005
3,193,6196,0.019087542964435607,0.019087542964435607,0.5585854616266527,0.005
3,194,6197,0.019766511666384788,0.019766511666384788,0.5578462460959862,0.005
3,195,6198,0.017795745750879534,0.017795745750879534,0.5563968574710378,0.005
3,196,6199,0.018880527519207935,0.018880527519207935,0.5566589995848372,0.005
3,197,6200,0.024191186378646756,0.024191186378646756,0.5577426513726829,0.005
3,198,6201,0.02024377899498255,0.02024377899498255,0.5566900544553768,0.005
3,199,6202,0.02124797964931597,0.02124797964931597,0.5568894386874744,0.005
3,200,6203,0.021101577601446025,0.021101577601446025,0.5569261984434892,0.005
3,201,6204,0.020397556254990106,0.020397556254990106,0.5598505133060041,0.005
3,202,6205,0.022750615341199716,0.022750615341199716,0.5607220938318069,0.005
3,203,6206,0.02025811317973064,0.02025811317973064,0.5585805177057491,0.005
3,204,6207,0.018833906136145974,0.018833906136145974,0.5605130927221433,0.005
3,205,6208,0.019680307363293577,0.019680307363293577,0.5606138693165664,0.005
3,206,6209,0.02188125058268271,0.02188125058268271,0.5563988758366009,0.005
3,207,6210,0.021758761656449487,0.021758761656449487,0.5619664719490538,0.005
3,208,6211,0.020600138693358448,0.020600138693358448,0.5580767901620011,0.005
3,209,6212,0.020001173052191262,0.020001173052191262,0.5639827894700742,0.005
3,210,6213,0.0220014184492369,0.0220014184492369,0.5569324297393492,0.005
3,211,6214,0.023021318744146237,0.023021318744146237,0.562312409803953,0.005
3,212,6215,0.018668834198257017,0.018668834198257017,0.5582056267427619,0.005
3,213,6216,0.023245960706012876,0.023245960706012876,0.5593288150132105,0.005
3,214,6217,0.0179108845919042,0.0179108845919042,0.5595492072433206,0.005
3,215,6218,0.023120068585100823,0.023120068585100823,0.556543320648226,0.005
3,216,6219,0.017554488513349842,0.017554488513349842,0.5584130427003935,0.005
3,217,6220,0.022730663547578224,0.022730663547578224,0.5573007659252391,0.005
3,218,6221,0.01949836830731534,0.01949836830731534,0.5569484481275124,0.005
3,219,6222,0.021947782209514155,0.021947782209514155,0.5613006024003732,0.005
3,220,6223,0.021318480270317495,0.021318480270317495,0.5573753648067774,0.005
3,221,6224,0.02712775664839951,0.02712775664839951,0.5605701660775506,0.005
3,222,6225,0.017647142822895007,0.017647142822895007,0.560100378597822,0.005
3,223,6226,0.02471799683977892,0.02471799683977892,0.5571406325876853,0.005
3,224,6227,0.01908274540504399,0.01908274540504399,0.5590729970216675,0.005
3,225,6228,0.02010310542251792,0.02010310542251792,0.5617007742655952,0.005
3,226,6229,0.02091074526529437,0.02091074526529437,0.5590701861977581,0.005
3,227,6230,0.023808232084046768,0.023808232084046768,0.5608026176597478,0.005
3,228,6231,0.019695061274475872,0.019695061274475872,0.5593660452262142,0.005
3,229,6232,0.024917747964271847,0.024917747964271847,0.56013476496738,0.005
3,230,6233,0.01832712972605817,0.01832712972605817,0.5589579472069497,0.005
3,231,6234,0.022783404557967003,0.022783404557967003,0.5622337792378803,0.005
3,232,6235,0.021110626212001316,0.021110626212001316,0.5635985764906846,0.005
3,233,6236,0.018640037886040295,0.018640037886040295,0.5577373123876546,0.005
3,234,6237,0.02029039152361069,0.02029039152361069,0.559127544365697,0.005
3,235,6238,0.021719919615522568,0.021719919615522568,0.5591212218446304,0.005
3,236,6239,0.021770130355688422,0.021770130355688422,0.5622128034738669,0.005
3,237,6240,0.020425743415790263,0.020425743415790263,0.5617468910178004,0.005
3,238,6241,0.017871995259127457,0.017871995259127457,0.5577246929991864,0.005
3,239,6242,0.0181070426761939,0.0181070426761939,0.5589189195773284,0.005
3,240,6243,0.02180754970704376,0.02180754970704376,0.559756348147695,0.005
3,241,6244,0.025341644040974616,0.025341644040974616,0.5627995191126324,0.005
3,242,6245,0.022773489125143553,0.022773489125143553,0.5605615437376165,0.005
3,243,6246,0.020495636101924702,0.020495636101924702,0.5585669970460511,0.005
3,244,6247,0.018865804025433953,0.018865804025433953,0.5612523719385141,0.005
3,245,6248,0.01997626567313663,0.01997626567313663,0.5587243428709879,0.005
3,246,6249,0.01935956220559562,0.01935956220559562,0.56130745924797,0.005
3,247,6250,0.02157709627979702,0.02157709627979702,0.5611354303587178,0.005
3,248,6251,0.018402166096886538,0.018402166096886538,0.5619125713641318,0.005
3,249,6252,0.029537917589458736,0.029537917589458736,0.5573522355800348,0.005
3,250,6253,0.020147724655501714,0.020147724655501714,0.560420004198778,0.005
3,251,6254,0.018390311596241056,0.018390311596241056,0.5571962595919722,0.005
3,252,6255,0.025483785853553886,0.025483785853553886,0.5642684852861581,0.005
3,253,6256,0.017302177215431497,0.017302177215431497,0.5593873616258467,0.005
3,254,6257,0.020823126369347682,0.020823126369347682,0.5609830457668937,0.005
3,255,6258,0.019305777982850693,0.019305777982850693,0.5553584836263921,0.005
3,256,6259,0.017228280608612583,0.017228280608612583,0.5556498971804725,0.005
3,257,6260,0.015288822353633838,0.015288822353633838,0.5551970770176217,0.005
3,258,6261,0.018715213320154148,0.018715213320154148,0.5586885752590007,0.005
3,259,6262,0.016955305738374643,0.016955305738374643,0.5557834215094732,0.005
3,260,6263,0.020759425269053843,0.020759425269053843,0.5564010129210784,0.005
3,261,6264,0.02185658156967883,0.02185658156967883,0.5568719970946371,0.005
3,262,6265,0.018266166164442633,0.018266166164442633,0.5546209601708142,0.005
3,263,6266,0.017543773176720096,0.017543773176720096,0.5552110819351385,0.005
3,264,6267,0.02127012536068834,0.02127012536068834,0.5574639735082577,0.005
3,265,6268,0.018925437396938354,0.018925437396938354,0.5581969514245108,0.005
3,266,6269,0.021943651407002572,0.021943651407002572,0.5560142006069786,0.005
3,267,6270,0.019061122314349196,0.019061122314349196,0.5562854788110007,0.005
3,268,6271,0.02214842976944137,0.02214842976944137,0.5595982756738037,0.005
3,269,6272,0.026251055801818704,0.026251055801818704,0.5610681864987473,0.005
3,270,6273,0.02457177831533859,0.02457177831533859,0.5545472724535233,0.005
3,271,6274,0.019780313063610555,0.019780313063610555,0.5586461477274688,0.005
3,272,6275,0.021617167609041827,0.021617167609041827,0.5593737652293898,0.005
3,273,6276,0.024686182110202844,0.024686182110202844,0.5609642583017551,0.005
3,274,6277,0.022620606761158842,0.022620606761158842,0.5616386873104794,0.005
3,275,6278,0.015196029461938957,0.015196029461938957,0.5571623621509918,0.005
3,276,6279,0.01565827899831372,0.01565827899831372,0.5552479659609401,0.005
3,277,6280,0.021356775485079277,0.021356775485079277,0.5565644046010415,0.005
3,278,6281,0.017592537198481428,0.017592537198481428,0.5568059508198999,0.005
3,279,6282,0.020569151019906813,0.020569151019906813,0.5552719039242742,0.005
3,280,6283,0.023036964820047072,0.023036964820047072,0.5558193762624252,0.005
3,281,6284,0.01747248563298272,0.01747248563298272,0.5557970068168696,0.005
3,282,6285,0.018560026222107263,0.018560026222107263,0.5566378679840605,0.005
3,283,6286,0.01726620019771545,0.01726620019771545,0.5567708477175944,0.005
3,284,6287,0.01868138487106108,0.01868138487106108,0.5575190372584307,0.005
3,285,6288,0.026878024408753247,0.026878024408753247,0.5593648537334676,0.005
3,286,6289,0.019164465632013523,0.019164465632013523,0.5575073523045238,0.005
3,287,6290,0.01698370481465546,0.01698370481465546,0.5599982749028194,0.005
3,288,6291,0.024036618229583764,0.024036618229583764,0.5604645861395848,0.005
3,289,6292,0.02115126563380591,0.02115126563380591,0.5592490850739938,0.005
3,290,6293,0.018847459062754625,0.018847459062754625,0.5595918327375584,0.005
3,291,6294,0.01882256669910315,0.01882256669910315,0.5589779103708665,0.005
3,292,6295,0.01599625998481505,0.01599625998481505,0.5562819014820541,0.005
3,293,6296,0.01634196104893746,0.01634196104893746,0.555784938249936,0.005
3,294,6297,0.01880235160958879,0.01880235160958879,0.5596814857420863,0.005
3,295,6298,0.01592529986502137,0.01592529986502137,0.5571420088552947,0.005
3,296,6299,0.021645294605771477,0.021645294605771477,0.5582884243989641,0.005
3,297,6300,0.026769707049291637,0.026769707049291637,0.5558119715475114,0.005
3,298,6301,0.014799961669836287,0.014799961669836287,0.5599735198511293,0.005
3,299,6302,0.01888709593946373,0.01888709593946373,0.5625867606054851,0.005
3,300,6303,0.02353625539505075,0.02353625539505075,0.5608445783402418,0.005
3,301,6304,0.020987519969797273,0.020987519969797273,0.5633744310007964,0.005
3,302,6305,0.018874673391784995,0.018874673391784995,0.5570842042162347,0.005
3,303,6306,0.020987185341848378,0.020987185341848378,0.556595738307048,0.005
3,304,6307,0.01882281247346415,0.01882281247346415,0.5587350486485612,0.005
3,305,6308,0.0218855654462983,0.0218855654462983,0.5605075616651967,0.005
3,306,6309,0.028247617505767326,0.028247617505767326,0.5625898862669155,0.005
3,307,6310,0.017277326429347366,0.017277326429347366,0.5586809424964144,0.005
3,308,6311,0.024745533360078592,0.024745533360078592,0.5579851842171122,0.005
3,309,6312,0.015222048412575167,0.015222048412575167,0.5533440936652538,0.005
3,310,6313,0.020244262883102257,0.020244262883102257,0.5578043620372877,0.005
3,311,6314,0.016715373029417113,0.016715373029417113,0.5578656006713328,0.005
3,312,6315,0.025834511155505186,0.025834511155505186,0.5635137055882741,0.005
3,313,6316,0.019954407693893922,0.019954407693893922,0.5570881697117022,0.005
3,314,6317,0.027050435670079823,0.027050435670079823,0.5572499300190538,0.005
3,315,6318,0.023809703965810163,0.023809703965810163,0.5586513252391226,0.005
3,316,6319,0.018808640461383856,0.018808640461383856,0.559139400550933,0.005
3,317,6320,0.021546459395365355,0.021546459395365355,0.558719132028381,0.005
3,318,6321,0.018702120005119505,0.018702120005119505,0.5559005570582652,0.005
3,319,6322,0.01799644529539406,0.01799644529539406,0.5555268111894682,0.005
3,320,6323,0.017722509267034066,0.017722509267034066,0.5574673448291498,0.005
3,321,6324,0.016768686203614026,0.016768686203614026,0.5575303607413674,0.005
3,322,6325,0.020183190077085203,0.020183190077085203,0.5561524945742429,0.005
3,323,6326,0.02076283570358981,0.02076283570358981,0.5597754534925429,0.005
3,324,6327,0.01998978877598053,0.01998978877598053,0.561402435702667,0.005
3,325,6328,0.020519662605284504,0.020519662605284504,0.5587952918885484,0.005
3,326,6329,0.02144383303409831,0.02144383303409831,0.5608555486096429,0.005
3,327,6330,0.018639230688051435,0.018639230688051435,0.5592563627960101,0.005
3,328,6331,0.024304611804633502,0.024304611804633502,0.5643155780212239,0.005
3,329,6332,0.020105027517172455,0.020105027517172455,0.561406648850061,0.005
3,330,6333,0.021725912219037125,0.021725912219037125,0.5606140141778327,0.005
3,331,6334,0.021674474675198438,0.021674474675198438,0.5622166980716605,0.005
3,332,6335,0.02039324376667467,0.02039324376667467,0.5602062729219389,0.005
3,333,6336,0.019898156240573714,0.019898156240573714,0.5566803919963961,0.005
3,334,6337,0.022242000041880487,0.022242000041880487,0.5567303770784757,0.005
3,335,6338,0.029606560458027904,0.029606560458027904,0.5650632454544079,0.005
3,336,6339,0.01613252347615053,0.01613252347615053,0.5555330009511901,0.005
3,337,6340,0.024664290425662573,0.024664290425662573,0.5560288706065144,0.005
3,338,6341,0.02308614155403319,0.02308614155403319,0.5608930940658806,0.005
3,339,6342,0.015569950872503313,0.015569950872503313,0.556552737723877,0.005
3,340,6343,0.018894977708368565,0.018894977708368565,0.5553507869635552,0.005
3,341,6344,0.02246812965394935,0.02246812965394935,0.557357449476149,0.005
3,342,6345,0.01993176012151411,0.01993176012151411,0.5583294739425508,0.005
3,343,6346,0.02086501619434966,0.02086501619434966,0.5600808712308356,0.005
3,344,6347,0.02288702766306326,0.02288702766306326,0.557416886622545,0.005
3,345,6348,0.019068171757264003,0.019068171757264003,0.5593648323669117,0.005
3,346,6349,0.016926081644123583,0.016926081644123583,0.5560952063045557,0.005
3,347,6350,0.021644975907263872,0.021644975907263872,0.5569807097661463,0.005
3,348,6351,0.02137652908839526,0.02137652908839526,0.5551025726568596,0.005
3,349,6352,0.018486339582048688,0.018486339582048688,0.5555486227991913,0.005
3,350,6353,0.018979130225322084,0.018979130225322084,0.5584303695711997,0.005
3,351,6354,0.018890181620496025,0.018890181620496025,0.5581948055079851,0.005
3,352,6355,0.02101275678765179,0.02101275678765179,0.5560269674169744,0.005
3,353,6356,0.021905040543160857,0.021905040543160857,0.5575748304604573,0.005
3,354,6357,0.018559581999280636,0.018559581999280636,0.5524424807519529,0.005
3,355,6358,0.01956807097734581,0.01956807097734581,0.5537475685160443,0.005
3,356,6359,0.014687891597579125,0.014687891597579125,0.5538825636038971,0.005
3,357,6360,0.022370687526177713,0.022370687526177713,0.5577781615580134,0.005
3,358,6361,0.017721609310639694,0.017721609310639694,0.551581579795326,0.005
3,359,6362,0.017959184223745206,0.017959184223745206,0.5571741084400649,0.005
3,360,6363,0.02258644964079234,0.02258644964079234,0.5575548777119188,0.005
3,361,6364,0.021878927282334357,0.021878927282334357,0.5565058446108906,0.005
3,362,6365,0.021146031648263768,0.021146031648263768,0.5605758102945602,0.005
3,363,6366,0.01765887842574767,0.01765887842574767,0.5562733733072135,0.005
3,364,6367,0.016998777152714965,0.016998777152714965,0.5546145530825375,0.005
3,365,6368,0.01859082545621988,0.01859082545621988,0.559694634988995,0.005
3,366,6369,0.018944149839244112,0.018944149839244112,0.558401619546584,0.005
3,367,6370,0.016384512569872507,0.016384512569872507,0.5572156626256394,0.005
3,368,6371,0.020863417278212094,0.020863417278212094,0.5592098296344739,0.005
3,369,6372,0.026858227422028362,0.026858227422028362,0.5606116269815588,0.005
3,370,6373,0.021277233505690923,0.021277233505690923,0.5559890639032042,0.005
3,371,6374,0.01640267030906371,0.01640267030906371,0.5557574743950487,0.005
3,372,6375,0.017622319622311318,0.017622319622311318,0.5538524863352151,0.005
3,373,6376,0.023157983715767064,0.023157983715767064,0.5581938511338944,0.005
3,374,6377,0.021078287923315956,0.021078287923315956,0.5582871117071595,0.005
3,375,6378,0.019077330314270922,0.019077330314270922,0.5581478443358353,0.005
3,376,6379,0.024732374508268797,0.024732374508268797,0.5545585159170421,0.005
3,377,6380,0.017444593730205564,0.017444593730205564,0.5550856449732109,0.005
3,378,6381,0.022632996566230655,0.022632996566230655,0.5569285461941877,0.005
3,379,6382,0.019957441549854064,0.019957441549854064,0.5592345386575437,0.005
3,380,6383,0.021275518324394397,0.021275518324394397,0.5580941708592142,0.005
3,381,6384,0.021384716514750615,0.021384716514750615,0.5643121039882132,0.005
3,382,6385,0.0249132787264855,0.0249132787264855,0.5549403947617444,0.005
3,383,6386,0.020415115087598995,0.020415115087598995,0.5589312430399563,0.005
3,384,6387,0.01564969471840691,0.01564969471840691,0.5536185027717063,0.005
3,385,6388,0.016016070789817045,0.016016070789817045,0.5595392826066157,0.005
3,386,6389,0.024305562074429295,0.024305562074429295,0.5593558529258806,0.005
3,387,6390,0.0200964385667271,0.0200964385667271,0.56112647182522,0.005
3,388,6391,0.017547618938660643,0.017547618938660643,0.5555846832783031,0.005
3,389,6392,0.017254279045094238,0.017254279045094238,0.5604697531505288,0.005
3,390,6393,0.026253596834579042,0.026253596834579042,0.5592283088864713,0.005
3,391,6394,0.020803951107175783,0.020803951107175783,0.5578051371195901,0.005
3,392,6395,0.0180210028563967,0.0180210028563967,0.5591959582418429,0.005
3,393,6396,0.017517400698681636,0.017517400698681636,0.5569810932387261,0.005
3,394,6397,0.02115625683291797,0.02115625683291797,0.555623245866639,0.005
3,395,6398,0.019155947566485667,0.019155947566485667,0.5552491685301103,0.005
3,396,6399,0.028569117998303334,0.028569117998303334,0.5573505903858357,0.005
3,397,6400,0.01818011211326974,0.01818011211326974,0.5510289262520023,0.005
3,398,6401,0.01889126481618924,0.01889126481618924,0.5584663190742065,0.005
3,399,6402,0.017717929462752094,0.017717929462752094,0.556452759351467,0.005
3,400,6403,0.02566647579150878,0.02566647579150878,0.5602418713997481,0.005
3,401,6404,0.015902276296080094,0.015902276296080094,0.5557828336090579,0.005
3,402,6405,0.018848883909891003,0.018848883909891003,0.5554000428120442,0.005
3,403,6406,0.022259121399929842,0.022259121399929842,0.5571164579492016,0.005
3,404,6407,0.02404977562300352,0.02404977562300352,0.5585553351402868,0.005
3,405,6408,0.027308123834420342,0.027308123834420342,0.5589796887982306,0.005
3,406,6409,0.02340503990538557,0.02340503990538557,0.5579178538153678,0.005
3,407,6410,0.019479853765321454,0.019479853765321454,0.5557734829053247,0.005
3,408,6411,0.023449133315380857,0.023449133315380857,0.5612776946728031,0.005
3,409,6412,0.014615874304413093,0.014615874304413093,0.5565565848308799,0.005
3,410,6413,0.015765940115363183,0.015765940115363183,0.5545031185943387,0.005
3,411,6414,0.016914342276782474,0.016914342276782474,0.5588528259669753,0.005
3,412,6415,0.017591795169614087,0.017591795169614087,0.5563347188017516,0.005
3,413,6416,0.021226771014487056,0.021226771014487056,0.5597958527415733,0.005
3,414,6417,0.02637260895179119,0.02637260895179119,0.5597693133894531,0.005
3,415,6418,0.016596982620101303,0.016596982620101303,0.5574776115303457,0.005
3,416,6419,0.020452226791898672,0.020452226791898672,0.5579195462199982,0.005
3,417,6420,0.022286087203133652,0.022286087203133652,0.5599020176975176,0.005
3,418,6421,0.020162113099874132,0.020162113099874132,0.5575601325712751,0.005
3,419,6422,0.01932460267059931,0.01932460267059931,0.5614947532557533,0.005
3,420,6423,0.017838587166932172,0.017838587166932172,0.5573104827997277,0.005
3,421,6424,0.025433749522011488,0.025433749522011488,0.5553223443811721,0.005
3,422,6425,0.019145590677556976,0.019145590677556976,0.5584076674795836,0.005
3,423,6426,0.018816945044455694,0.018816945044455694,0.5599586769433224,0.005
3,424,6427,0.01880345282053804,0.01880345282053804,0.5592283407677952,0.005
3,425,6428,0.02424761256237857,0.02424761256237857,0.5569386016321414,0.005
3,426,6429,0.019933202791998735,0.019933202791998735,0.5532049808347994,0.005
3,427,6430,0.018824959778111952,0.018824959778111952,0.554405533740289,0.005
3,428,6431,0.01847067922694355,0.01847067922694355,0.5556685568642732,0.005
3,429,6432,0.025510439011495193,0.025510439011495193,0.557020257859101,0.005
3,430,6433,0.021217536616985715,0.021217536616985715,0.5534694986902642,0.005
3,431,6434,0.021983301965154883,0.021983301965154883,0.5535036702426195,0.005
3,432,6435,0.022589823417270515,0.022589823417270515,0.5506000182743046,0.005
3,433,6436,0.019090973587034186,0.019090973587034186,0.5516463602699192,0.005
3,434,6437,0.018651827359623962,0.018651827359623962,0.5545344593991021,0.005
3,435,6438,0.020966611598890832,0.020966611598890832,0.5539912483563075,0.005
3,436,6439,0.019851629483079045,0.019851629483079045,0.5568623310431436,0.005
3,437,6440,0.017568487363330318,0.017568487363330318,0.555582895448376,0.005
3,438,6441,0.021842687429420332,0.021842687429420332,0.5612678153858752,0.005
3,439,6442,0.027684891568326965,0.027684891568326965,0.5547849522784318,0.005
3,440,6443,0.019013467628309515,0.019013467628309515,0.5584550489627063,0.005
3,441,6444,0.026774909580652873,0.026774909580652873,0.5583516246728891,0.005
3,442,6445,0.02585212359591651,0.02585212359591651,0.5598822356081093,0.005
3,443,6446,0.020941003173061558,0.020941003173061558,0.5563367653297223,0.005
3,444,6447,0.022039267050322723,0.022039267050322723,0.5601618234263701,0.005
3,445,6448,0.018442358356482363,0.018442358356482363,0.5553261482708169,0.005
3,446,6449,0.020623530199738158,0.020623530199738158,0.5592009978201031,0.005
3,447,6450,0.01802516830675052,0.01802516830675052,0.553849708389557,0.005
3,448,6451,0.019851471200170317,0.019851471200170317,0.5619035123108994,0.005
3,449,6452,0.021210258321302106,0.021210258321302106,0.5563753083751043,0.005
3,450,6453,0.01526531457642592,0.01526531457642592,0.555061703664203,0.005
3,451,6454,0.01557045337158716,0.01557045337158716,0.556157045329526,0.005
3,452,6455,0.020292585591337075,0.020292585591337075,0.5586032637997054,0.005
3,453,6456,0.01773194416721101,0.01773194416721101,0.5566045946039684,0.005
3,454,6457,0.01962417852914923,0.01962417852914923,0.555107258822515,0.005
3,455,6458,0.017982279421377846,0.017982279421377846,0.5547304228879468,0.005
3,456,6459,0.018385149842296347,0.018385149842296347,0.5563284906303853,0.005
3,457,6460,0.018777707303022004,0.018777707303022004,0.5538339447653635,0.005
3,458,6461,0.021311964561778612,0.021311964561778612,0.5563448927660207,0.005
3,459,6462,0.01803927298132982,0.01803927298132982,0.5553278954002474,0.005
3,460,6463,0.01796987714576336,0.01796987714576336,0.555538387431978,0.005
3,461,6464,0.022143156002537016,0.022143156002537016,0.5589543260784449,0.005
3,462,6465,0.01435339901477824,0.01435339901477824,0.5540970363044275,0.005
3,463,6466,0.02721898145254254,0.02721898145254254,0.5581461791043748,0.005
3,464,6467,0.021224586784120307,0.021224586784120307,0.5552022392601482,0.005
3,465,6468,0.0212295262706065,0.0212295262706065,0.554141304553354,0.005
3,466,6469,0.021299536146709402,0.021299536146709402,0.5588189956506142,0.005
3,467,6470,0.01765876236550816,0.01765876236550816,0.5587540651308426,0.005
3,468,6471,0.018774624138676914,0.018774624138676914,0.5560836781920167,0.005
3,469,6472,0.018468262295464794,0.018468262295464794,0.5591054014133082,0.005
3,470,6473,0.018596302715609036,0.018596302715609036,0.5565060221054285,0.005
3,471,6474,0.018443803652786687,0.018443803652786687,0.5582672526001563,0.005
3,472,6475,0.018292219370292753,0.018292219370292753,0.5590617202001543,0.005
3,473,6476,0.019435838365232952,0.019435838365232952,0.5586619944061477,0.005
3,474,6477,0.01961827792284336,0.01961827792284336,0.5599298104937983,0.005
3,475,6478,0.01873675843731462,0.01873675843731462,0.5579681801382724,0.005
3,476,6479,0.019534955418468232,0.019534955418468232,0.5559777110341647,0.005
3,477,6480,0.02075041458474632,0.02075041458474632,0.5591787926245243,0.005
3,478,6481,0.021817526973109437,0.021817526973109437,0.56075769470024,0.005
3,479,6482,0.022739276823472373,0.022739276823472373,0.5609925154327456,0.005
3,480,6483,0.016330263621608748,0.016330263621608748,0.5590251432238165,0.005
3,481,6484,0.016817208772084286,0.016817208772084286,0.5570645217871139,0.005
3,482,6485,0.020208322537988047,0.020208322537988047,0.5590324272262537,0.005
3,483,6486,0.020898128103202962,0.020898128103202962,0.5564044022800426,0.005
3,484,6487,0.015213411721093268,0.015213411721093268,0.5575976397814825,0.005
3,485,6488,0.020631849269249533,0.020631849269249533,0.5574512545722472,0.005
3,486,6489,0.019416753081272622,0.019416753081272622,0.5578858641899833,0.005
3,487,6490,0.018829432091732032,0.018829432091732032,0.5572198050976774,0.005
3,488,6491,0.01843398709610824,0.01843398709610824,0.5579074612848387,0.005
3,489,6492,0.021327417135894533,0.021327417135894533,0.5594352456532465,0.005
3,490,6493,0.014011745996582817,0.014011745996582817,0.556348825647096,0.005
3,491,6494,0.019241275196480702,0.019241275196480702,0.5569658899122698,0.005
3,492,6495,0.02219037090516531,0.02219037090516531,0.5608663847165708,0.005
3,493,6496,0.017197322167816713,0.017197322167816713,0.5574190292226263,0.005
3,494,6497,0.021614419740053535,0.021614419740053535,0.5584273589459972,0.005
3,495,6498,0.02006939039356835,0.02006939039356835,0.5590574346047932,0.005
3,496,6499,0.017521498353769805,0.017521498353769805,0.5573135309853786,0.005
3,497,6500,0.01985110481457287,0.01985110481457287,0.557697420989213,0.005
3,498,6501,0.01791490862441998,0.01791490862441998,0.5568811980205965,0.005
3,499,6502,0.019965174170222713,0.019965174170222713,0.5549875678434267,0.005
3,500,6503,0.018784577825039093,0.018784577825039093,0.5583071979622637,0.005
3,501,6504,0.015592898615878115,0.015592898615878115,0.5545313914237735,0.005
3,502,6505,0.016943469941239818,0.016943469941239818,0.557191297650106,0.005
3,503,6506,0.016233394079407937,0.016233394079407937,0.5545473128525898,0.005
3,504,6507,0.020620150416351873,0.020620150416351873,0.5573513475258624,0.005
3,505,6508,0.02243854434431094,0.02243854434431094,0.5558626643955938,0.005
3,506,6509,0.021216479133310782,0.021216479133310782,0.5613496618796732,0.005
3,507,6510,0.020852329735898928,0.020852329735898928,0.555282026651273,0.005
3,508,6511,0.024167319277793406,0.024167319277793406,0.5614112745145139,0.005
3,509,6512,0.017610190024014538,0.017610190024014538,0.5533767150745132,0.005
3,510,6513,0.020785630136388525,0.020785630136388525,0.5590085303034907,0.005
3,511,6514,0.015926430491156017,0.015926430491156017,0.5565511961507471,0.005
3,512,6515,0.01670350648194487,0.01670350648194487,0.5573259215443481,0.005
3,513,6516,0.01573380609051505,0.01573380609051505,0.5583581294995503,0.005
3,514,6517,0.014375239408771702,0.014375239408771702,0.5558973335883836,0.005
3,515,6518,0.022245789953399202,0.022245789953399202,0.557411604483853,0.005
3,516,6519,0.01961481839641052,0.01961481839641052,0.5559104063367863,0.005
3,517,6520,0.01871030492985254,0.01871030492985254,0.5550369257511834,0.005
3,518,6521,0.019170341486519346,0.019170341486519346,0.5574844187305061,0.005
3,519,6522,0.022831823575885733,0.022831823575885733,0.5569238128078878,0.005
3,520,6523,0.021230465411137545,0.021230465411137545,0.5614424587779439,0.005
3,521,6524,0.01808889164070032,0.01808889164070032,0.5579274912989001,0.005
3,522,6525,0.01617389591632117,0.01617389591632117,0.5578220803633092,0.005
3,523,6526,0.02111628094694461,0.02111628094694461,0.5592490600524138,0.005
3,524,6527,0.018678978399893645,0.018678978399893645,0.5591928384712154,0.005
3,525,6528,0.020633525217741172,0.020633525217741172,0.556948310695266,0.005
3,526,6529,0.01789557995991789,0.01789557995991789,0.5580537226582939,0.005
3,527,6530,0.0185885471264123,0.0185885471264123,0.5549048048604135,0.005
3,528,6531,0.01646920761599438,0.01646920761599438,0.5558408663960338,0.005
3,529,6532,0.018322120293594472,0.018322120293594472,0.5558960766608623,0.005
3,530,6533,0.017611857804228314,0.017611857804228314,0.5580335002667957,0.005
3,531,6534,0.017956753771850867,0.017956753771850867,0.55513988007949,0.005
3,532,6535,0.02267166353149546,0.02267166353149546,0.5533641032703182,0.005
3,533,6536,0.0200820164240148,0.0200820164240148,0.5555589504500459,0.005
3,534,6537,0.022332064965176944,0.022332064965176944,0.558888862173387,0.005
3,535,6538,0.01682080829256412,0.01682080829256412,0.5531047032482038,0.005
3,536,6539,0.015570315775206265,0.015570315775206265,0.5548860744098503,0.005
3,537,6540,0.02314687033174555,0.02314687033174555,0.5564531090471126,0.005
3,538,6541,0.01895949271970461,0.01895949271970461,0.5551634341005243,0.005
3,539,6542,0.021941199071077513,0.021941199071077513,0.5585595228660676,0.005
3,540,6543,0.02095217664494058,0.02095217664494058,0.5618591131143085,0.005
3,541,6544,0.019027583971791034,0.019027583971791034,0.5566817620867857,0.005
3,542,6545,0.020967766312059665,0.020967766312059665,0.558872094850543,0.005
3,543,6546,0.021479461478137396,0.021479461478137396,0.5567868648837472,0.005
3,544,6547,0.020735889528720443,0.020735889528720443,0.5582196105116016,0.005
3,545,6548,0.022752821921845127,0.022752821921845127,0.5551203426745281,0.005
3,546,6549,0.01482564833373602,0.01482564833373602,0.5580662690645821,0.005
3,547,6550,0.01728279600551065,0.01728279600551065,0.5597118381711003,0.005
3,548,6551,0.020500958192482883,0.020500958192482883,0.5556483278562726,0.005
3,549,6552,0.01891198490923562,0.01891198490923562,0.5567788023765419,0.005
3,550,6553,0.01966057178211972,0.01966057178211972,0.5601239635656795,0.005
3,551,6554,0.022144085725026855,0.022144085725026855,0.5575249439011898,0.005
3,552,6555,0.018002347313732438,0.018002347313732438,0.5571625107585387,0.005
3,553,6556,0.018610330003986833,0.018610330003986833,0.5573953564995462,0.005
3,554,6557,0.01794198709956399,0.01794198709956399,0.5568779457668681,0.005
3,555,6558,0.021470095468550505,0.021470095468550505,0.5538918017886396,0.005
3,556,6559,0.015244315555653061,0.015244315555653061,0.5541605859994293,0.005
3,557,6560,0.02165403171799057,0.02165403171799057,0.5599327090197822,0.005
3,558,6561,0.021061239745330113,0.021061239745330113,0.5567613871124053,0.005
3,559,6562,0.014411501333249168,0.014411501333249168,0.5579525210766717,0.005
3,560,6563,0.02102724899996635,0.02102724899996635,0.5561683548748205,0.005
3,561,6564,0.018981784484743282,0.018981784484743282,0.556596106203224,0.005
3,562,6565,0.01804734361425832,0.01804734361425832,0.5575326857100097,0.005
3,563,6566,0.016866190162347888,0.016866190162347888,0.5554654375616452,0.005
3,564,6567,0.017624682744669988,0.017624682744669988,0.5539015071160177,0.005
3,565,6568,0.017105164438840356,0.017105164438840356,0.5579257464040716,0.005
3,566,6569,0.0192855763097183,0.0192855763097183,0.5513029536648144,0.005
3,567,6570,0.016700111085203674,0.016700111085203674,0.5532478507478642,0.005
3,568,6571,0.018301236470981593,0.018301236470981593,0.558492421868914,0.005
3,569,6572,0.020394078798980145,0.020394078798980145,0.5588218996986188,0.005
3,570,6573,0.024376392955661717,0.024376392955661717,0.5558922130027293,0.005
3,571,6574,0.017417488560859968,0.017417488560859968,0.5568574534131518,0.005
3,572,6575,0.021751796476618814,0.021751796476618814,0.5573186929627262,0.005
3,573,6576,0.019605115361176144,0.019605115361176144,0.5556300422461633,0.005
3,574,6577,0.019159182674101168,0.019159182674101168,0.5595730289034294,0.005
3,575,6578,0.016933390596744917,0.016933390596744917,0.5556482886477068,0.005
3,576,6579,0.02014969799828325,0.02014969799828325,0.5581162379981123,0.005
3,577,6580,0.020859816511204887,0.020859816511204887,0.5553484395075932,0.005
3,578,6581,0.019664876020075044,0.019664876020075044,0.5553894560362674,0.005
3,579,6582,0.021196292868784973,0.021196292868784973,0.5550088659090712,0.005
3,580,6583,0.016458040329834202,0.016458040329834202,0.55206264075296,0.005
3,581,6584,0.02848005628770378,0.02848005628770378,0.5601330675398285,0.005
3,582,6585,0.018415202673960934,0.018415202673960934,0.5571356106737272,0.005
3,583,6586,0.018741647938158454,0.018741647938158454,0.5560753868371325,0.005
3,584,6587,0.019003580411185966,0.019003580411185966,0.5563443003556139,0.005
3,585,6588,0.014080892924452866,0.014080892924452866,0.5557077055769616,0.005
3,586,6589,0.020746071448376896,0.020746071448376896,0.5594520937869482,0.005
3,587,6590,0.01733921916774557,0.01733921916774557,0.5566593561459848,0.005
3,588,6591,0.020221841457677147,0.020221841457677147,0.5577406670225568,0.005
3,589,6592,0.020469840657090323,0.020469840657090323,0.5599884973313525,0.005
3,590,6593,0.020091525930590333,0.020091525930590333,0.5616016007985614,0.005
3,591,6594,0.018873843349592103,0.018873843349592103,0.5584062759701711,0.005
3,592,6595,0.021438778034512197,0.021438778034512197,0.5594519598563064,0.005
3,593,6596,0.0204602327916203,0.0204602327916203,0.5640108511753651,0.005
3,594,6597,0.021158336526577524,0.021158336526577524,0.5619869856670213,0.005
3,595,6598,0.017136373980417327,0.017136373980417327,0.5587268572523106,0.005
3,596,6599,0.02145838025836895,0.02145838025836895,0.5585913795685654,0.005
3,597,6600,0.020415461750884156,0.020415461750884156,0.561486521469775,0.005
3,598,6601,0.0233022884926649,0.0233022884926649,0.5562060845801271,0.005
3,599,6602,0.022760569586553914,0.022760569586553914,0.5544499757873869,0.005
3,600,6603,0.019401289917557237,0.019401289917557237,0.5578587008831739,0.005
3,601,6604,0.014954680367958842,0.014954680367958842,0.5540042263401213,0.005
3,602,6605,0.021894212054138315,0.021894212054138315,0.5596125466818345,0.005
3,603,6606,0.026694230476327324,0.026694230476327324,0.5580775027967362,0.005
3,604,6607,0.01782905866344236,0.01782905866344236,0.5576740691606438,0.005
3,605,6608,0.023385735433512078,0.023385735433512078,0.5563823242854634,0.005
3,606,6609,0.012682425344773686,0.012682425344773686,0.5585180084592705,0.005
3,607,6610,0.01649198567369746,0.01649198567369746,0.5580601635729504,0.005
3,608,6611,0.023217343305104915,0.023217343305104915,0.559543892910275,0.005
3,609,6612,0.022528502282802582,0.022528502282802582,0.5603040436813211,0.005
3,610,6613,0.01984808401879904,0.01984808401879904,0.5560898635815112,0.005
3,611,6614,0.02080118271365782,0.02080118271365782,0.5577148370412801,0.005
3,612,6615,0.020428991617309857,0.020428991617309857,0.5558250921071451,0.005
3,613,6616,0.018834348713155327,0.018834348713155327,0.5601303269307325,0.005
3,614,6617,0.02286318570518033,0.02286318570518033,0.5564701265117867,0.005
3,615,6618,0.020048991634036964,0.020048991634036964,0.553775371806076,0.005
3,616,6619,0.03354852661330506,0.03354852661330506,0.5603298977141685,0.005
3,617,6620,0.018218603805124745,0.018218603805124745,0.5569382337443262,0.005
3,618,6621,0.019684359733280865,0.019684359733280865,0.5599125244706266,0.005
3,619,6622,0.0223882543199304,0.0223882543199304,0.562699272199951,0.005
3,620,6623,0.022697960832264334,0.022697960832264334,0.5561726453307362,0.005
3,621,6624,0.018966593796504144,0.018966593796504144,0.5626668844039168,0.005
3,622,6625,0.021099711468539367,0.021099711468539367,0.5595324962894114,0.005
3,623,6626,0.020167228366067647,0.020167228366067647,0.5575724651505494,0.005
3,624,6627,0.02407430239024256,0.02407430239024256,0.5576160609135167,0.005
3,625,6628,0.02479346071124438,0.02479346071124438,0.5560790303816061,0.005
3,626,6629,0.021921985330397693,0.021921985330397693,0.5613649943880834,0.005
3,627,6630,0.021748896741418767,0.021748896741418767,0.5578487719823675,0.005
3,628,6631,0.025628126801989455,0.025628126801989455,0.5569575676380862,0.005
3,629,6632,0.027871898238970686,0.027871898238970686,0.5623886127238095,0.005
3,630,6633,0.015603151951209964,0.015603151951209964,0.5557853486143973,0.005
3,631,6634,0.01837277876872229,0.01837277876872229,0.555452958974774,0.005
3,632,6635,0.016465540178647868,0.016465540178647868,0.5598130760587601,0.005
3,633,6636,0.02585669409130182,0.02585669409130182,0.5612818193976389,0.005
3,634,6637,0.021405790527749435,0.021405790527749435,0.556836794847136,0.005
3,635,6638,0.018809173032304286,0.018809173032304286,0.5579817840322874,0.005
3,636,6639,0.018611781341484168,0.018611781341484168,0.5596669010703557,0.005
3,637,6640,0.01901156949883937,0.01901156949883937,0.5589842280156265,0.005
3,638,6641,0.016506979074236906,0.016506979074236906,0.5592903029741271,0.005
3,639,6642,0.022021818509435107,0.022021818509435107,0.5639692436439663,0.005
3,640,6643,0.022132480679601163,0.022132480679601163,0.5575496830875646,0.005
3,641,6644,0.016175764818697595,0.016175764818697595,0.5581091734952462,0.005
3,642,6645,0.02203293532685504,0.02203293532685504,0.5578687740843992,0.005
3,643,6646,0.019862617101812627,0.019862617101812627,0.551761457357739,0.005
3,644,6647,0.022203921568097893,0.022203921568097893,0.5557870083376051,0.005
3,645,6648,0.020983417432884108,0.020983417432884108,0.561564052859146,0.005
3,646,6649,0.017741832940919924,0.017741832940919924,0.560417285689282,0.005
3,647,6650,0.015453489254482276,0.015453489254482276,0.5553403685737699,0.005
3,648,6651,0.01894706223674677,0.01894706223674677,0.5555168445857287,0.005
3,649,6652,0.019462664903100606,0.019462664903100606,0.5571463178982604,0.005
3,650,6653,0.022338892902080902,0.022338892902080902,0.5550155392822322,0.005
3,651,6654,0.01738726494937691,0.01738726494937691,0.557487348764855,0.005
3,652,6655,0.016729406760890197,0.016729406760890197,0.5603213656438821,0.005
3,653,6656,0.015851288821219143,0.015851288821219143,0.5567452910409686,0.005
3,654,6657,0.016872373211757052,0.016872373211757052,0.5583515074527653,0.005
3,655,6658,0.0209430756799745,0.0209430756799745,0.5583799153106288,0.005
3,656,6659,0.021084804999020896,0.021084804999020896,0.5618433445442778,0.005
3,657,6660,0.026253338670792645,0.026253338670792645,0.5585587335612971,0.005
3,658,6661,0.027567972154352166,0.027567972154352166,0.5636084622330728,0.005
3,659,6662,0.014993681809720775,0.014993681809720775,0.5551797536975843,0.005
3,660,6663,0.022585419543915877,0.022585419543915877,0.5559541170831872,0.005
3,661,6664,0.019807095632470077,0.019807095632470077,0.5590417554910606,0.005
3,662,6665,0.01742622864348948,0.01742622864348948,0.5549533315242692,0.005
3,663,6666,0.020257820614198847,0.020257820614198847,0.5551654063398728,0.005
3,664,6667,0.020294024136162464,0.020294024136162464,0.5562212666472346,0.005
3,665,6668,0.01618970080643921,0.01618970080643921,0.552894467057302,0.005
3,666,6669,0.02265476286866895,0.02265476286866895,0.5599414563673628,0.005
3,667,6670,0.01711302143358957,0.01711302143358957,0.5560608151003228,0.005
3,668,6671,0.01745890174929691,0.01745890174929691,0.5572842822336228,0.005
3,669,6672,0.020861638209437844,0.020861638209437844,0.5582222309083169,0.005
3,670,6673,0.01836615501218546,0.01836615501218546,0.5555732903985611,0.005
3,671,6674,0.02515960861127921,0.02515960861127921,0.5605093587589952,0.005
3,672,6675,0.02037096311428817,0.02037096311428817,0.5535777385491317,0.005
3,673,6676,0.016517940379696235,0.016517940379696235,0.5542398389548681,0.005
3,674,6677,0.019916153710174436,0.019916153710174436,0.554444308253807,0.005
3,675,6678,0.022523218314897852,0.022523218314897852,0.5568140913047064,0.005
3,676,6679,0.016221812644354117,0.016221812644354117,0.5560448861126691,0.005
3,677,6680,0.02517175646692825,0.02517175646692825,0.5572811800496895,0.005
3,678,6681,0.01807000672515759,0.01807000672515759,0.5524181131951396,0.005
3,679,6682,0.015762866650772974,0.015762866650772974,0.5549474491869733,0.005
3,680,6683,0.017792893241005678,0.017792893241005678,0.5538880955847377,0.005
3,681,6684,0.018998382805929453,0.018998382805929453,0.55591008970392,0.005
3,682,6685,0.01954549689566345,0.01954549689566345,0.5575308456906153,0.005
3,683,6686,0.016171318404683725,0.016171318404683725,0.5561066492383294,0.005
3,684,6687,0.01976417104334188,0.01976417104334188,0.556299839525504,0.005
3,685,6688,0.015912442423101837,0.015912442423101837,0.554107661122388,0.005
3,686,6689,0.03335390192322073,0.03335390192322073,0.55610098426784,0.005
3,687,6690,0.019297069095900718,0.019297069095900718,0.5554968766853167,0.005
3,688,6691,0.020064775145167312,0.020064775145167312,0.558687363432099,0.005
3,689,6692,0.0193646022134705,0.0193646022134705,0.5556009525931579,0.005
3,690,6693,0.01599163109587396,0.01599163109587396,0.5568489507274662,0.005
3,691,6694,0.018521082620810005,0.018521082620810005,0.5526949632917171,0.005
3,692,6695,0.01471795529535437,0.01471795529535437,0.5564722607199165,0.005
3,693,6696,0.022151447407487562,0.022151447407487562,0.5604467106905477,0.005
3,694,6697,0.02457972726426503,0.02457972726426503,0.5592452735222627,0.005
3,695,6698,0.017675163984078042,0.017675163984078042,0.5574912715542816,0.005
3,696,6699,0.02681825885468787,0.02681825885468787,0.5586678699537919,0.005
3,697,6700,0.025859922438915644,0.025859922438915644,0.5612375843005358,0.005
3,698,6701,0.018664538663308083,0.018664538663308083,0.5572763329518824,0.005
3,699,6702,0.023763638882439073,0.023763638882439073,0.5616182626894792,0.005
3,700,6703,0.029058236769118766,0.029058236769118766,0.5622715487781589,0.005
3,701,6704,0.02469175376397598,0.02469175376397598,0.5603075993719511,0.005
3,702,6705,0.019712839809433925,0.019712839809433925,0.5588597568147678,0.005
3,703,6706,0.02784258006783434,0.02784258006783434,0.5654751303733078,0.005
3,704,6707,0.024956879787680568,0.024956879787680568,0.5587484435220861,0.005
3,705,6708,0.025543196050128912,0.025543196050128912,0.560019701798161,0.005
3,706,6709,0.0206834666460733,0.0206834666460733,0.5568096035181711,0.005
3,707,6710,0.019734010701228828,0.019734010701228828,0.557946149311057,0.005
3,708,6711,0.015692315704809126,0.015692315704809126,0.560690665919379,0.005
3,709,6712,0.021233438618528444,0.021233438618528444,0.555735747434925,0.005
3,710,6713,0.020684911732583668,0.020684911732583668,0.5584244082177183,0.005
3,711,6714,0.019839010552818732,0.019839010552818732,0.5574067227123415,0.005
3,712,6715,0.024195809428834723,0.024195809428834723,0.5570457708609254,0.005
3,713,6716,0.01888917304869648,0.01888917304869648,0.5533191925860461,0.005
3,714,6717,0.021470886590192664,0.021470886590192664,0.5620513456876883,0.005
3,715,6718,0.017893927928720455,0.017893927928720455,0.5570766698787811,0.005
3,716,6719,0.01843225910790558,0.01843225910790558,0.5586726232934284,0.005
3,717,6720,0.02155376837285773,0.02155376837285773,0.562369654686489,0.005
3,718,6721,0.019084908474324307,0.019084908474324307,0.5604548583367319,0.005
3,719,6722,0.019803939480611016,0.019803939480611016,0.5582440480073938,0.005
3,720,6723,0.015231867044325928,0.015231867044325928,0.5589450402155488,0.005
3,721,6724,0.01856237575836144,0.01856237575836144,0.5566476623641982,0.005
3,722,6725,0.0215271673353844,0.0215271673353844,0.5636046675125097,0.005
3,723,6726,0.014171021323238579,0.014171021323238579,0.557009521233598,0.005
3,724,6727,0.023176360569948862,0.023176360569948862,0.5605334837465411,0.005
3,725,6728,0.019871232860436072,0.019871232860436072,0.5618903585970292,0.005
3,726,6729,0.020191690744772436,0.020191690744772436,0.5590830848003514,0.005
3,727,6730,0.02159023674108291,0.02159023674108291,0.5559893325486839,0.005
3,728,6731,0.022837902315017894,0.022837902315017894,0.5599419593890089,0.005
3,729,6732,0.017241933727749518,0.017241933727749518,0.5563004390821074,0.005
3,730,6733,0.015874161823153078,0.015874161823153078,0.5588765260273701,0.005
3,731,6734,0.020311532808238324,0.020311532808238324,0.5548336926171927,0.005
3,732,6735,0.02131265826009722,0.02131265826009722,0.5566169012913371,0.005
3,733,6736,0.0165055827477193,0.0165055827477193,0.5547523231911125,0.005
3,734,6737,0.018138733631530582,0.018138733631530582,0.5567314848514691,0.005
3,735,6738,0.02239361397950888,0.02239361397950888,0.5580279230569911,0.005
3,736,6739,0.021910635321997076,0.021910635321997076,0.5561734241492358,0.005
3,737,6740,0.017252955244464668,0.017252955244464668,0.5528707467891701,0.005
3,738,6741,0.020634396451816247,0.020634396451816247,0.5579086755752083,0.005
3,739,6742,0.015207856382953265,0.015207856382953265,0.5575595672933165,0.005
3,740,6743,0.021223855419128104,0.021223855419128104,0.5535152663559814,0.005
3,741,6744,0.015148876685920212,0.015148876685920212,0.5576661221462246,0.005
3,742,6745,0.017369371212526602,0.017369371212526602,0.5579883631168865,0.005
3,743,6746,0.018121180077603827,0.018121180077603827,0.5575481476744776,0.005
3,744,6747,0.015954203028587993,0.015954203028587993,0.5569778860545861,0.005
3,745,6748,0.022949802082532222,0.022949802082532222,0.5561532719143195,0.005
3,746,6749,0.0221695517174412,0.0221695517174412,0.5561249247699592,0.005
3,747,6750,0.022597377430478936,0.022597377430478936,0.5575499632206684,0.005
3,748,6751,0.01863175656643773,0.01863175656643773,0.5575306193742291,0.005
3,749,6752,0.03196637482136671,0.03196637482136671,0.560635267513471,0.005
3,750,6753,0.019362428827628397,0.019362428827628397,0.5573647673198879,0.005
3,751,6754,0.02446330404019651,0.02446330404019651,0.5569659645601057,0.005
3,752,6755,0.019343150564629187,0.019343150564629187,0.5555293939167869,0.005
3,753,6756,0.019163396874753484,0.019163396874753484,0.5548864912474019,0.005
3,754,6757,0.023977506294576366,0.023977506294576366,0.556798272455789,0.005
3,755,6758,0.01904271941882215,0.01904271941882215,0.5550092644222554,0.005
3,756,6759,0.02250101517118532,0.02250101517118532,0.5520652163984916,0.005
3,757,6760,0.018269485758622465,0.018269485758622465,0.5556064105837559,0.005
3,758,6761,0.014573786689848286,0.014573786689848286,0.5555561792653311,0.005
3,759,6762,0.020970600988916722,0.020970600988916722,0.5589078499577044,0.005
3,760,6763,0.019667036692997568,0.019667036692997568,0.5497858157710048,0.005
3,761,6764,0.017338639361664906,0.017338639361664906,0.5560004318201058,0.005
3,762,6765,0.015575163599324116,0.015575163599324116,0.5554012645664638,0.005
3,763,6766,0.021931075154760588,0.021931075154760588,0.5560185412880724,0.005
3,764,6767,0.015861120629443663,0.015861120629443663,0.5556215641238532,0.005
3,765,6768,0.018439333786061496,0.018439333786061496,0.5567866310598111,0.005
3,766,6769,0.02242781195604736,0.02242781195604736,0.5551926920994962,0.005
3,767,6770,0.019394442078036856,0.019394442078036856,0.556597645421768,0.005
3,768,6771,0.015427926390520659,0.015427926390520659,0.5567021869205151,0.005
3,769,6772,0.01972659630217402,0.01972659630217402,0.5577576955349242,0.005
3,770,6773,0.01786755367980595,0.01786755367980595,0.560636748101975,0.005
3,771,6774,0.017490908418306313,0.017490908418306313,0.5562468425709897,0.005
3,772,6775,0.01812394877063124,0.01812394877063124,0.5545671579603819,0.005
3,773,6776,0.021030330147927517,0.021030330147927517,0.5588829642201978,0.005
3,774,6777,0.019466769951932403,0.019466769951932403,0.5577408817245876,0.005
3,775,6778,0.018300808157174463,0.018300808157174463,0.5569305463063529,0.005
3,776,6779,0.01991632266192142,0.01991632266192142,0.5548755745815854,0.005
3,777,6780,0.020207334008559612,0.020207334008559612,0.5549861924058213,0.005
3,778,6781,0.021400911974615133,0.021400911974615133,0.5618769611467083,0.005
3,779,6782,0.02354540908075969,0.02354540908075969,0.5627166500203631,0.005
3,780,6783,0.014180360281930749,0.014180360281930749,0.5562218667142135,0.005
3,781,6784,0.014640659507594918,0.014640659507594918,0.5546137170346253,0.005
3,782,6785,0.02132220210102943,0.02132220210102943,0.5536610774153907,0.005
3,783,6786,0.01935432511927452,0.01935432511927452,0.5594081164792692,0.005
3,784,6787,0.02030438252236389,0.02030438252236389,0.5603126299803701,0.005
3,785,6788,0.018579353419396757,0.018579353419396757,0.5565548355393408,0.005
3,786,6789,0.025579032570032315,0.025579032570032315,0.5584154650034945,0.005
3,787,6790,0.022211437209330064,0.022211437209330064,0.5598195713005233,0.005
3,788,6791,0.01608836180232466,0.01608836180232466,0.5582054168081146,0.005
3,789,6792,0.02084836539263568,0.02084836539263568,0.5582439503100047,0.005
3,790,6793,0.01985602801865344,0.01985602801865344,0.5610466805171065,0.005
3,791,6794,0.020059508448672554,0.020059508448672554,0.5556414993833124,0.005
3,792,6795,0.01910172440335387,0.01910172440335387,0.5581999171110368,0.005
3,793,6796,0.019506321145186148,0.019506321145186148,0.5618029824896691,0.005
3,794,6797,0.017976616935356536,0.017976616935356536,0.5574737912418392,0.005
3,795,6798,0.015089158893072134,0.015089158893072134,0.5597285707846668,0.005
3,796,6799,0.022199197464771565,0.022199197464771565,0.5583099863730652,0.005
3,797,6800,0.014801404818259187,0.014801404818259187,0.5548313708363416,0.005
3,798,6801,0.020139875629410543,0.020139875629410543,0.5599066347395334,0.005
3,799,6802,0.022625632406184176,0.022625632406184176,0.562496601688687,0.005
3,800,6803,0.01800766704497219,0.01800766704497219,0.556707503305202,0.005
3,801,6804,0.019664087302194662,0.019664087302194662,0.557677765089733,0.005
3,802,6805,0.02046532716841932,0.02046532716841932,0.5593264807990894,0.005
3,803,6806,0.01864503264244255,0.01864503264244255,0.5593905326594589,0.005
3,804,6807,0.018563371032299093,0.018563371032299093,0.5603656097287966,0.005
3,805,6808,0.023506763822732167,0.023506763822732167,0.5615224173667402,0.005
3,806,6809,0.02076850943581045,0.02076850943581045,0.5598429804977975,0.005
3,807,6810,0.02122141964953341,0.02122141964953341,0.5593927645689499,0.005
3,808,6811,0.013796096780326754,0.013796096780326754,0.5559406195254051,0.005
3,809,6812,0.024262225016521824,0.024262225016521824,0.5638947259928592,0.005
3,810,6813,0.018452239365631624,0.018452239365631624,0.5573144402361937,0.005
3,811,6814,0.01924874274433078,0.01924874274433078,0.5580270298613952,0.005
3,812,6815,0.019887980252090764,0.019887980252090764,0.5566174836122572,0.005
3,813,6816,0.013386865139322824,0.013386865139322824,0.5575407653451452,0.005
3,814,6817,0.0167185149223721,0.0167185149223721,0.5565710421181677,0.005
3,815,6818,0.022366177988696542,0.022366177988696542,0.559997914660078,0.005
3,816,6819,0.017425362435561913,0.017425362435561913,0.5607649443077973,0.005
3,817,6820,0.019384569765407946,0.019384569765407946,0.5581380317944363,0.005
3,818,6821,0.022540457597443962,0.022540457597443962,0.5619374824636916,0.005
3,819,6822,0.017664586243093684,0.017664586243093684,0.5578549866248547,0.005
3,820,6823,0.017154958141148736,0.017154958141148736,0.5607422588312678,0.005
3,821,6824,0.02200120475468806,0.02200120475468806,0.5593224757354669,0.005
3,822,6825,0.01676367385925904,0.01676367385925904,0.5572357709835905,0.005
3,823,6826,0.022095255490115456,0.022095255490115456,0.5591852662235295,0.005
3,824,6827,0.018437175937858725,0.018437175937858725,0.5585585457788587,0.005
3,825,6828,0.025325154316199146,0.025325154316199146,0.5574018396061975,0.005
3,826,6829,0.023253763036662572,0.023253763036662572,0.5609087558063767,0.005
3,827,6830,0.017047767212921644,0.017047767212921644,0.5595539515564282,0.005
3,828,6831,0.019337544359419184,0.019337544359419184,0.5565677178183099,0.005
3,829,6832,0.02216656192275388,0.02216656192275388,0.5581182966765211,0.005
3,830,6833,0.02602999226126964,0.02602999226126964,0.5630966970126939,0.005
3,831,6834,0.0205895919265668,0.0205895919265668,0.5541847717913543,0.005
3,832,6835,0.01948037289368896,0.01948037289368896,0.5582500788898404,0.005
3,833,6836,0.018425425754918408,0.018425425754918408,0.55723972525654,0.005
3,834,6837,0.01797165433232695,0.01797165433232695,0.5582686623486977,0.005
3,835,6838,0.017055524296612855,0.017055524296612855,0.5559373347119226,0.005
3,836,6839,0.018321928365539822,0.018321928365539822,0.5562523251432621,0.005
3,837,6840,0.02195660576673254,0.02195660576673254,0.5566248153712124,0.005
3,838,6841,0.020828035693283613,0.020828035693283613,0.5567024934216237,0.005
3,839,6842,0.03013309684000614,0.03013309684000614,0.5602438041859545,0.005
3,840,6843,0.01916514768831928,0.01916514768831928,0.5581063501264182,0.005
3,841,6844,0.024198048581767988,0.024198048581767988,0.5611467532966662,0.005
3,842,6845,0.022777670373228243,0.022777670373228243,0.5560913018088981,0.005
3,843,6846,0.02002737119634825,0.02002737119634825,0.5576795030111134,0.005
3,844,6847,0.019123792441112362,0.019123792441112362,0.5594036812831042,0.005
3,845,6848,0.02481315492660474,0.02481315492660474,0.5628654627409078,0.005
3,846,6849,0.022955720842293362,0.022955720842293362,0.5603854579605582,0.005
3,847,6850,0.020122562740656567,0.020122562740656567,0.5612905458266423,0.005
3,848,6851,0.019481307904899995,0.019481307904899995,0.5602130670522871,0.005
3,849,6852,0.0249758017760971,0.0249758017760971,0.5644040155126793,0.005
3,850,6853,0.023686723867094566,0.023686723867094566,0.5613833159095639,0.005
3,851,6854,0.03128439411140349,0.03128439411140349,0.55807034246244,0.005
3,852,6855,0.019057473468513157,0.019057473468513157,0.5614901436058308,0.005
3,853,6856,0.027135566977187702,0.027135566977187702,0.5597822308882024,0.005
3,854,6857,0.025609572727032744,0.025609572727032744,0.5640066367430525,0.005
3,855,6858,0.0207549571139252,0.0207549571139252,0.5584434642958435,0.005
3,856,6859,0.0223040764810212,0.0223040764810212,0.5609040012407072,0.005
3,857,6860,0.02254446304374593,0.02254446304374593,0.5627543894210533,0.005
3,858,6861,0.016085973165824104,0.016085973165824104,0.5580743094541939,0.005
3,859,6862,0.02414698065257741,0.02414698065257741,0.5627020528736711,0.005
3,860,6863,0.022716331479346083,0.022716331479346083,0.5631462396218434,0.005
3,861,6864,0.021996953031692565,0.021996953031692565,0.5608185326696332,0.005
3,862,6865,0.022965272561738408,0.022965272561738408,0.5641562247415155,0.005
3,863,6866,0.023943608804682267,0.023943608804682267,0.5580423635213027,0.005
3,864,6867,0.02198739867341446,0.02198739867341446,0.5610813007603324,0.005
3,865,6868,0.017353161424818443,0.017353161424818443,0.5592366144025126,0.005
3,866,6869,0.020524356861154995,0.020524356861154995,0.5613319441629054,0.005
3,867,6870,0.02327065034613649,0.02327065034613649,0.5656513154006092,0.005
3,868,6871,0.024179587943747714,0.024179587943747714,0.5644925692890713,0.005
3,869,6872,0.01701301105010634,0.01701301105010634,0.5600898845637842,0.005
3,870,6873,0.018924242854260025,0.018924242854260025,0.5620680939502377,0.005
3,871,6874,0.02140453528552929,0.02140453528552929,0.5625476957687586,0.005
3,872,6875,0.019306881071352713,0.019306881071352713,0.561104695729376,0.005
3,873,6876,0.021163860223382028,0.021163860223382028,0.5561790519457839,0.005
3,874,6877,0.022134925510990448,0.022134925510990448,0.5612129619264836,0.005
3,875,6878,0.016950981765577404,0.016950981765577404,0.5604889306004134,0.005
3,876,6879,0.02074548128830513,0.02074548128830513,0.5565546801588387,0.005
3,877,6880,0.020270594623418733,0.020270594623418733,0.5612752041102886,0.005
3,878,6881,0.022894141658707602,0.022894141658707602,0.5619455017644716,0.005
3,879,6882,0.019035466846514876,0.019035466846514876,0.5612516451864251,0.005
3,880,6883,0.02025888147786961,0.02025888147786961,0.5600370777413524,0.005
3,881,6884,0.02904813143368989,0.02904813143368989,0.5619486548807793,0.005
3,882,6885,0.02318310273833043,0.02318310273833043,0.5627507155271754,0.005
3,883,6886,0.019133145206779806,0.019133145206779806,0.5622865129238922,0.005
3,884,6887,0.020535601920998504,0.020535601920998504,0.5644978946122033,0.005
3,885,6888,0.022766524983722204,0.022766524983722204,0.5654709984886573,0.005
3,886,6889,0.014501229514025639,0.014501229514025639,0.5572131037824036,0.005
3,887,6890,0.02261754985260588,0.02261754985260588,0.5620731960207641,0.005
3,888,6891,0.02174489837887992,0.02174489837887992,0.5583212000466723,0.005
3,889,6892,0.019175491230537647,0.019175491230537647,0.5613052105654497,0.005
3,890,6893,0.018847512106238556,0.018847512106238556,0.5616345854141807,0.005
3,891,6894,0.018309317208685397,0.018309317208685397,0.5590648901767825,0.005
3,892,6895,0.01964635334919827,0.01964635334919827,0.5653455664277311,0.005
3,893,6896,0.023262267193389,0.023262267193389,0.5660037079046217,0.005
3,894,6897,0.018863912284020297,0.018863912284020297,0.5629538989500738,0.005
3,895,6898,0.02120897680005572,0.02120897680005572,0.5608479684021949,0.005
3,896,6899,0.020895697917345787,0.020895697917345787,0.5577525171519111,0.005
3,897,6900,0.014970844181051154,0.014970844181051154,0.5569575343344617,0.005
3,898,6901,0.02119435035919775,0.02119435035919775,0.558061272937803,0.005
3,899,6902,0.017778246993584868,0.017778246993584868,0.558505981298104,0.005
3,900,6903,0.016784354173480634,0.016784354173480634,0.558917698006355,0.005
3,901,6904,0.015697038511864866,0.015697038511864866,0.5564219444162871,0.005
3,902,6905,0.018070736028983972,0.018070736028983972,0.559425900875856,0.005
3,903,6906,0.022512492089056133,0.022512492089056133,0.5605155220584979,0.005
3,904,6907,0.02598731729550688,0.02598731729550688,0.5568751727076672,0.005
3,905,6908,0.022410069850094808,0.022410069850094808,0.5605492479049285,0.005
3,906,6909,0.014773096706458743,0.014773096706458743,0.5584561925815011,0.005
3,907,6910,0.017968166891156382,0.017968166891156382,0.5598577477736182,0.005
3,908,6911,0.021474683666402275,0.021474683666402275,0.5641315280337009,0.005
3,909,6912,0.02199005932508606,0.02199005932508606,0.5642407357381617,0.005
3,910,6913,0.020853073123284417,0.020853073123284417,0.5561363627001678,0.005
3,911,6914,0.023917985788549923,0.023917985788549923,0.5625362583270201,0.005
3,912,6915,0.022876774332478915,0.022876774332478915,0.5606469547962879,0.005
3,913,6916,0.024224624506709418,0.024224624506709418,0.5619215876276198,0.005
3,914,6917,0.023015550182444264,0.023015550182444264,0.5606159188600075,0.005
3,915,6918,0.02186574508079007,0.02186574508079007,0.5599817182593703,0.005
3,916,6919,0.021069400666121403,0.021069400666121403,0.5625593431066634,0.005
3,917,6920,0.019879023645190407,0.019879023645190407,0.5622645674419645,0.005
3,918,6921,0.0203144461313495,0.0203144461313495,0.5618262538369747,0.005
3,919,6922,0.0246752333924242,0.0246752333924242,0.5619257964012838,0.005
3,920,6923,0.02605773098489111,0.02605773098489111,0.5650929395022946,0.005
3,921,6924,0.021659063616254286,0.021659063616254286,0.5637942959620916,0.005
3,922,6925,0.02229859787669721,0.02229859787669721,0.5644581974500804,0.005
3,923,6926,0.02681556177555539,0.02681556177555539,0.5588311398197969,0.005
3,924,6927,0.025998811613682043,0.025998811613682043,0.5651062051407898,0.005
3,925,6928,0.020834190516632888,0.020834190516632888,0.5620787577652191,0.005
3,926,6929,0.01914327777566853,0.01914327777566853,0.5615386822655065,0.005
3,927,6930,0.023421987982777896,0.023421987982777896,0.5651307517664045,0.005
3,928,6931,0.02630387458808986,0.02630387458808986,0.5633732956650725,0.005
3,929,6932,0.023882035312937862,0.023882035312937862,0.5581672511939663,0.005
3,930,6933,0.016313305364839107,0.016313305364839107,0.5590720711792939,0.005
3,931,6934,0.020134013367946645,0.020134013367946645,0.5570296708735171,0.005
3,932,6935,0.020740929413222538,0.020740929413222538,0.5645092187121442,0.005
3,933,6936,0.017969692334052042,0.017969692334052042,0.5615759573015702,0.005
3,934,6937,0.021999974547923185,0.021999974547923185,0.5686255094882354,0.005
3,935,6938,0.022941288383225077,0.022941288383225077,0.5625567425232303,0.005
3,936,6939,0.02673733759703081,0.02673733759703081,0.5630233978034771,0.005
3,937,6940,0.024823016964640912,0.024823016964640912,0.5625980390521566,0.005
3,938,6941,0.01940826844337539,0.01940826844337539,0.5640432154994196,0.005
3,939,6942,0.02038303610626857,0.02038303610626857,0.5619714631887229,0.005
3,940,6943,0.021712176963359704,0.021712176963359704,0.5619196967767974,0.005
3,941,6944,0.023812731764552373,0.023812731764552373,0.5569106316222169,0.005
3,942,6945,0.02411478730237603,0.02411478730237603,0.5642437574707229,0.005
3,943,6946,0.02081791133866278,0.02081791133866278,0.5608062344880892,0.005
3,944,6947,0.02187710822771071,0.02187710822771071,0.5630501869174644,0.005
3,945,6948,0.01941313191108326,0.01941313191108326,0.5625758353981486,0.005
3,946,6949,0.02836229487069174,0.02836229487069174,0.5649937076522078,0.005
3,947,6950,0.022425936626110275,0.022425936626110275,0.5616083886617118,0.005
3,948,6951,0.02425906115155905,0.02425906115155905,0.5637282464271819,0.005
3,949,6952,0.026250844662597965,0.026250844662597965,0.5650070767601315,0.005
3,950,6953,0.019368103945174003,0.019368103945174003,0.5614866360261531,0.005
3,951,6954,0.023416129083776105,0.023416129083776105,0.5626059187235642,0.005
3,952,6955,0.020082128508508504,0.020082128508508504,0.5622061756422307,0.005
3,953,6956,0.02286163917243762,0.02286163917243762,0.5614454727992378,0.005
3,954,6957,0.029747907325062915,0.029747907325062915,0.5632232018780419,0.005
3,955,6958,0.01811842361943685,0.01811842361943685,0.5611369098672422,0.005
3,956,6959,0.020332394545464014,0.020332394545464014,0.5570054693796102,0.005
3,957,6960,0.022243220461707982,0.022243220461707982,0.5611308154453669,0.005
3,958,6961,0.02455797808041931,0.02455797808041931,0.5609753735658615,0.005
3,959,6962,0.021433349922430567,0.021433349922430567,0.5600607153123118,0.005
3,960,6963,0.021227781746091683,0.021227781746091683,0.5614987900349654,0.005
3,961,6964,0.023369280471981536,0.023369280471981536,0.563296173969188,0.005
3,962,6965,0.023842154975365105,0.023842154975365105,0.5665844604200333,0.005
3,963,6966,0.022352877035200724,0.022352877035200724,0.561775257680851,0.005
3,964,6967,0.01756376711171134,0.01756376711171134,0.5589767213648278,0.005
3,965,6968,0.022825529322576664,0.022825529322576664,0.564779309476601,0.005
3,966,6969,0.021458711534046337,0.021458711534046337,0.5630051637515193,0.005
3,967,6970,0.022593612948830742,0.022593612948830742,0.5665109882946862,0.005
3,968,6971,0.024099446131776208,0.024099446131776208,0.5663346013413705,0.005
3,969,6972,0.018975820894443635,0.018975820894443635,0.5617084668093106,0.005
3,970,6973,0.020934589550709003,0.020934589550709003,0.5632879569578523,0.005
3,971,6974,0.017629816260052604,0.017629816260052604,0.5580036727440567,0.005
3,972,6975,0.02419907357649953,0.02419907357649953,0.563471942066692,0.005
3,973,6976,0.021307521156689335,0.021307521156689335,0.5591246684040001,0.005
3,974,6977,0.020953609222037612,0.020953609222037612,0.5592717026391499,0.005
3,975,6978,0.02276741627664877,0.02276741627664877,0.5620480520428964,0.005
3,976,6979,0.026433217351030634,0.026433217351030634,0.5630045753590397,0.005
3,977,6980,0.019273862156817038,0.019273862156817038,0.5636875154919908,0.005
3,978,6981,0.02059688345777791,0.02059688345777791,0.5606071064570346,0.005
3,979,6982,0.021800203357920444,0.021800203357920444,0.5626722959741958,0.005
3,980,6983,0.019489953139283433,0.019489953139283433,0.560130160571817,0.005
3,981,6984,0.022693135015812882,0.022693135015812882,0.5666468445108883,0.005
3,982,6985,0.020046045144939108,0.020046045144939108,0.5620132495823534,0.005
3,983,6986,0.020076528213146507,0.020076528213146507,0.5607886315626233,0.005
3,984,6987,0.020545335684630538,0.020545335684630538,0.5645142629814536,0.005
3,985,6988,0.023140645382586523,0.023140645382586523,0.5591112339719777,0.005
3,986,6989,0.023528099492037345,0.023528099492037345,0.5672002382082476,0.005
3,987,6990,0.020244118170916602,0.020244118170916602,0.5620234601262819,0.005
3,988,6991,0.02705755854560777,0.02705755854560777,0.561075337964872,0.005
3,989,6992,0.023060463460008458,0.023060463460008458,0.5627690471881616,0.005
3,990,6993,0.02346090526703479,0.02346090526703479,0.5632158962709404,0.005
3,991,6994,0.020415234985404304,0.020415234985404304,0.5608512580536783,0.005
3,992,6995,0.02047498929565672,0.02047498929565672,0.562508549489295,0.005
3,993,6996,0.024668730962698365,0.024668730962698365,0.5650886243420139,0.005
3,994,6997,0.02126548968004685,0.02126548968004685,0.5621175196875725,0.005
3,995,6998,0.024287735349555445,0.024287735349555445,0.5686718217164751,0.005
3,996,6999,0.020463329297205873,0.020463329297205873,0.5616995341136288,0.005
3,997,7000,0.022934711903911924,0.022934711903911924,0.5597600919669768,0.005
3,998,7001,0.02426393524448229,0.02426393524448229,0.5613602930002815,0.005
3,999,7002,0.02521198223944527,0.02521198223944527,0.5625910694712076,0.005
3,1000,7003,0.02310513603350414,0.02310513603350414,0.5612256521293763,0.005
3,1001,7004,0.02142857778163785,0.02142857778163785,0.5622813724550981,0.005
3,1002,7005,0.01976062304210974,0.01976062304210974,0.5625289074303607,0.005
3,1003,7006,0.01664739415343575,0.01664739415343575,0.5578490603011294,0.005
3,1004,7007,0.02287864222155929,0.02287864222155929,0.563006585350438,0.005
3,1005,7008,0.019150032368927254,0.019150032368927254,0.5589286439099136,0.005
3,1006,7009,0.0202247956557627,0.0202247956557627,0.5626527345038627,0.005
3,1007,7010,0.019795090675864237,0.019795090675864237,0.5619872199611509,0.005
3,1008,7011,0.019856713909542134,0.019856713909542134,0.5627039863552282,0.005
3,1009,7012,0.022800161858769714,0.022800161858769714,0.5605753854932051,0.005
3,1010,7013,0.021321736752501815,0.021321736752501815,0.559210293729278,0.005
3,1011,7014,0.027184469975254717,0.027184469975254717,0.5624592035606587,0.005
3,1012,7015,0.019975620003796258,0.019975620003796258,0.5557993487412013,0.005
3,1013,7016,0.018667757461176944,0.018667757461176944,0.5585178010073473,0.005
3,1014,7017,0.022483292791620736,0.022483292791620736,0.5573369917592815,0.005
3,1015,7018,0.022318118787832648,0.022318118787832648,0.5585841594774067,0.005
3,1016,7019,0.020194002242920506,0.020194002242920506,0.5633156210508551,0.005
3,1017,7020,0.024302758668058665,0.024302758668058665,0.5626653712944432,0.005
3,1018,7021,0.02471137398194761,0.02471137398194761,0.5653378244187327,0.005
3,1019,7022,0.019490187931120638,0.019490187931120638,0.5616287567848004,0.005
3,1020,7023,0.01652097939729201,0.01652097939729201,0.5561454672720226,0.005
3,1021,7024,0.023968562838595123,0.023968562838595123,0.5574975169328429,0.005
3,1022,7025,0.01977325603444228,0.01977325603444228,0.557970103177572,0.005
3,1023,7026,0.017510479334523425,0.017510479334523425,0.5621798501656134,0.005
3,1024,7027,0.018953653714574685,0.018953653714574685,0.5594507135172987,0.005
3,1025,7028,0.02071063527058805,0.02071063527058805,0.5576431763073554,0.005
3,1026,7029,0.029471082085365224,0.029471082085365224,0.559168798320161,0.005
3,1027,7030,0.02085941772469571,0.02085941772469571,0.564898155763893,0.005
3,1028,7031,0.028827067572119044,0.028827067572119044,0.5682415901934457,0.005
3,1029,7032,0.020846208405422305,0.020846208405422305,0.5617659488439485,0.005
3,1030,7033,0.02207075357846122,0.02207075357846122,0.5620580715956051,0.005
3,1031,7034,0.024273533065062105,0.024273533065062105,0.5646753475608797,0.005
3,1032,7035,0.019674564345024383,0.019674564345024383,0.562230149409076,0.005
3,1033,7036,0.023102078312197467,0.023102078312197467,0.565982718350087,0.005
3,1034,7037,0.019520092495026856,0.019520092495026856,0.5633376536365633,0.005
3,1035,7038,0.02232958909841474,0.02232958909841474,0.562744292894967,0.005
3,1036,7039,0.021395090264996683,0.021395090264996683,0.5580201648815252,0.005
3,1037,7040,0.020167813122025154,0.020167813122025154,0.5612576105379107,0.005
3,1038,7041,0.021174692286882082,0.021174692286882082,0.5634276930428741,0.005
3,1039,7042,0.018855202072313205,0.018855202072313205,0.5578024037094246,0.005
3,1040,7043,0.018278718650489675,0.018278718650489675,0.5575491984261305,0.005
3,1041,7044,0.021429105915451812,0.021429105915451812,0.5651836520514874,0.005
3,1042,7045,0.01949894748839278,0.01949894748839278,0.5582755621816212,0.005
3,1043,7046,0.01969751129617401,0.01969751129617401,0.561013300570599,0.005
3,1044,7047,0.023350810231289904,0.023350810231289904,0.5657684607018422,0.005
3,1045,7048,0.02279678784906247,0.02279678784906247,0.5656800000756816,0.005
3,1046,7049,0.019019629665167563,0.019019629665167563,0.5614215418592702,0.005
3,1047,7050,0.026637967606459804,0.026637967606459804,0.5601685195728979,0.005
3,1048,7051,0.019316803117488533,0.019316803117488533,0.5609735481614009,0.005
3,1049,7052,0.02150194206843486,0.02150194206843486,0.5582101626887596,0.005
3,1050,7053,0.020965181993688534,0.020965181993688534,0.5607959370972156,0.005
3,1051,7054,0.018374946683051584,0.018374946683051584,0.5609848905837514,0.005
3,1052,7055,0.025466194201791557,0.025466194201791557,0.5649599687631799,0.005
3,1053,7056,0.022852427318483564,0.022852427318483564,0.5598226269361684,0.005
3,1054,7057,0.020516784391494104,0.020516784391494104,0.5591046022179986,0.005
3,1055,7058,0.0234979587672188,0.0234979587672188,0.5607103100065484,0.005
3,1056,7059,0.02366634701871136,0.02366634701871136,0.5659551798198438,0.005
3,1057,7060,0.025116111198354947,0.025116111198354947,0.5641441141377307,0.005
3,1058,7061,0.0240762409427457,0.0240762409427457,0.5644394461298738,0.005
3,1059,7062,0.0195474843056185,0.0195474843056185,0.5605321277551357,0.005
3,1060,7063,0.02051555681571543,0.02051555681571543,0.5643420367846556,0.005
3,1061,7064,0.022296325379082646,0.022296325379082646,0.5612852905378767,0.005
3,1062,7065,0.020550765699637277,0.020550765699637277,0.5594734820304227,0.005
3,1063,7066,0.0194116474995404,0.0194116474995404,0.560622352317632,0.005
3,1064,7067,0.02257176165087385,0.02257176165087385,0.5648902293779865,0.005
3,1065,7068,0.01719501750712494,0.01719501750712494,0.5594193148059478,0.005
3,1066,7069,0.021770933473198077,0.021770933473198077,0.5624299003639991,0.005
3,1067,7070,0.02391360967865408,0.02391360967865408,0.5652760148859551,0.005
3,1068,7071,0.019079895962486267,0.019079895962486267,0.5625380847313719,0.005
3,1069,7072,0.022386562083239074,0.022386562083239074,0.5621120956649773,0.005
3,1070,7073,0.021461418166004526,0.021461418166004526,0.5636378271356345,0.005
3,1071,7074,0.02246239158962762,0.02246239158962762,0.5585417959187552,0.005
3,1072,7075,0.0180730804773037,0.0180730804773037,0.5644162559173931,0.005
3,1073,7076,0.01944983411850005,0.01944983411850005,0.5607783136285798,0.005
3,1074,7077,0.0179106700521883,0.0179106700521883,0.5597786195854718,0.005
3,1075,7078,0.020558688545833887,0.020558688545833887,0.5662673945873056,0.005
3,1076,7079,0.019615147606279422,0.019615147606279422,0.5592375232516835,0.005
3,1077,7080,0.017793358850946146,0.017793358850946146,0.5607062241040336,0.005
3,1078,7081,0.020185825078467324,0.020185825078467324,0.5613392644349308,0.005
3,1079,7082,0.023261234595546455,0.023261234595546455,0.5622016662035576,0.005
3,1080,7083,0.028228818341593624,0.028228818341593624,0.5657535361144145,0.005
3,1081,7084,0.023149848219924225,0.023149848219924225,0.5650233557067567,0.005
3,1082,7085,0.025022201212074997,0.025022201212074997,0.5658132281204244,0.005
3,1083,7086,0.0201904533464941,0.0201904533464941,0.5617457403845447,0.005
3,1084,7087,0.023566080026040534,0.023566080026040534,0.5592630982316624,0.005
3,1085,7088,0.022341526113826442,0.022341526113826442,0.5614550196253691,0.005
3,1086,7089,0.019810864091596082,0.019810864091596082,0.5578020548060522,0.005
3,1087,7090,0.020824777098155813,0.020824777098155813,0.5604605941615728,0.005
3,1088,7091,0.020687362038697213,0.020687362038697213,0.5609553414207014,0.005
3,1089,7092,0.01991207439578737,0.01991207439578737,0.5611668495092683,0.005
3,1090,7093,0.020581684044545072,0.020581684044545072,0.5603551561436602,0.005
3,1091,7094,0.022777478475806835,0.022777478475806835,0.559850151988162,0.005
3,1092,7095,0.024956844419461225,0.024956844419461225,0.5552644025011585,0.005
3,1093,7096,0.025936095048782144,0.025936095048782144,0.5649309651600698,0.005
3,1094,7097,0.024525453256361726,0.024525453256361726,0.5589959920510322,0.005
3,1095,7098,0.024010329639791342,0.024010329639791342,0.5635438000002725,0.005
3,1096,7099,0.024434040204269182,0.024434040204269182,0.563406257205609,0.005
3,1097,7100,0.02148404085293202,0.02148404085293202,0.5629516871473248,0.005
3,1098,7101,0.027116495728232423,0.027116495728232423,0.5645243310948266,0.005
3,1099,7102,0.018223242565412485,0.018223242565412485,0.5650426576226797,0.005
3,1100,7103,0.02360919454027926,0.02360919454027926,0.5642975536543728,0.005
3,1101,7104,0.02575548419417337,0.02575548419417337,0.5612343009262092,0.005
3,1102,7105,0.0216598880610165,0.0216598880610165,0.562374972657319,0.005
3,1103,7106,0.021012091130492346,0.021012091130492346,0.5610610441899933,0.005
3,1104,7107,0.01954856372779501,0.01954856372779501,0.5627305361938102,0.005
3,1105,7108,0.02288362774906088,0.02288362774906088,0.5602191169649152,0.005
3,1106,7109,0.01998534609958569,0.01998534609958569,0.5610973609096804,0.005
3,1107,7110,0.022965826572815602,0.022965826572815602,0.5611505446309506,0.005
3,1108,7111,0.019571558678409276,0.019571558678409276,0.5591980837379964,0.005
3,1109,7112,0.023563344143762335,0.023563344143762335,0.5615419422487917,0.005
3,1110,7113,0.021712945337878677,0.021712945337878677,0.562176540880222,0.005
3,1111,7114,0.022108633352303828,0.022108633352303828,0.5602886667251075,0.005
3,1112,7115,0.02174713461458267,0.02174713461458267,0.5595755028515279,0.005
3,1113,7116,0.022105829466600363,0.022105829466600363,0.5649423064463964,0.005
3,1114,7117,0.02077415780842152,0.02077415780842152,0.5584349805323874,0.005
3,1115,7118,0.020681802300916437,0.020681802300916437,0.5601115764652729,0.005
3,1116,7119,0.021963598562038864,0.021963598562038864,0.5623909738336835,0.005
3,1117,7120,0.02264762451288143,0.02264762451288143,0.5637037716212748,0.005
3,1118,7121,0.020753602023627103,0.020753602023627103,0.5623131852393146,0.005
3,1119,7122,0.024857082339869607,0.024857082339869607,0.5621048193046145,0.005
3,1120,7123,0.019210696926743473,0.019210696926743473,0.5570766585400688,0.005
3,1121,7124,0.02092816735675832,0.02092816735675832,0.5610824785200108,0.005
3,1122,7125,0.023442288497551915,0.023442288497551915,0.5618747670380483,0.005
3,1123,7126,0.01681068821599555,0.01681068821599555,0.5604181664869395,0.005
3,1124,7127,0.02240992159144385,0.02240992159144385,0.5601826820542907,0.005
3,1125,7128,0.019676648339936653,0.019676648339936653,0.5627853255854022,0.005
3,1126,7129,0.022303037942255015,0.022303037942255015,0.564258414430798,0.005
3,1127,7130,0.017729018100402717,0.017729018100402717,0.5641951642187838,0.005
3,1128,7131,0.021537007726182368,0.021537007726182368,0.5600573587561463,0.005
3,1129,7132,0.023270299454885193,0.023270299454885193,0.5624014388973925,0.005
3,1130,7133,0.02166487464976766,0.02166487464976766,0.5617657477587747,0.005
3,1131,7134,0.017699085271798712,0.017699085271798712,0.5598506111046896,0.005
3,1132,7135,0.016967510956843627,0.016967510956843627,0.5603807134100598,0.005
3,1133,7136,0.018361250546507626,0.018361250546507626,0.5606127856642396,0.005
3,1134,7137,0.023039535652263025,0.023039535652263025,0.5610380791432138,0.005
3,1135,7138,0.021425209749702846,0.021425209749702846,0.5569213292885894,0.005
3,1136,7139,0.01708164258311301,0.01708164258311301,0.5653261503085519,0.005
3,1137,7140,0.01739042831151831,0.01739042831151831,0.5622640383294334,0.005
3,1138,7141,0.023658383414877127,0.023658383414877127,0.5629960878720527,0.005
3,1139,7142,0.022894780079101285,0.022894780079101285,0.5644141640480074,0.005
3,1140,7143,0.02477235108369763,0.02477235108369763,0.564864403329123,0.005
3,1141,7144,0.021271389446848726,0.021271389446848726,0.5600320255632573,0.005
3,1142,7145,0.016787482589681806,0.016787482589681806,0.5598627171788638,0.005
3,1143,7146,0.023321461617949533,0.023321461617949533,0.5637952614714217,0.005
3,1144,7147,0.023794570592571403,0.023794570592571403,0.5644231458134232,0.005
3,1145,7148,0.022536914367779572,0.022536914367779572,0.5643694659607487,0.005
3,1146,7149,0.022736369560554356,0.022736369560554356,0.5633809803154063,0.005
3,1147,7150,0.02201734817484293,0.02201734817484293,0.5624137419795562,0.005
3,1148,7151,0.019686149789487045,0.019686149789487045,0.5612550977448727,0.005
3,1149,7152,0.018667355841282617,0.018667355841282617,0.5606941717305306,0.005
3,1150,7153,0.023777745530393576,0.023777745530393576,0.5612178980401106,0.005
3,1151,7154,0.023888870846160558,0.023888870846160558,0.56157988363536,0.005
3,1152,7155,0.024567993590866383,0.024567993590866383,0.5634934495280037,0.005
3,1153,7156,0.017984000357173846,0.017984000357173846,0.5624472847906795,0.005
3,1154,7157,0.020103569021330356,0.020103569021330356,0.559220612323493,0.005
3,1155,7158,0.019644187406823457,0.019644187406823457,0.5635469311081366,0.005
3,1156,7159,0.021614145777551427,0.021614145777551427,0.5645565874366753,0.005
3,1157,7160,0.0223397214515798,0.0223397214515798,0.5618453913063793,0.005
3,1158,7161,0.021741592867493158,0.021741592867493158,0.5626758091964366,0.005
3,1159,7162,0.018392252572804656,0.018392252572804656,0.5599663213358781,0.005
3,1160,7163,0.024267731448207187,0.024267731448207187,0.5609664204877,0.005
3,1161,7164,0.023053244797143865,0.023053244797143865,0.561186429425353,0.005
3,1162,7165,0.01949045475742372,0.01949045475742372,0.5603856454761934,0.005
3,1163,7166,0.02374768330151977,0.02374768330151977,0.564524047179514,0.005
3,1164,7167,0.027670479364616102,0.027670479364616102,0.56753288187765,0.005
3,1165,7168,0.02573000295025917,0.02573000295025917,0.5593786471236767,0.005
3,1166,7169,0.01946266242407683,0.01946266242407683,0.5594194989757018,0.005
3,1167,7170,0.01880691216050614,0.01880691216050614,0.5599465462287424,0.005
3,1168,7171,0.026637046714019504,0.026637046714019504,0.5625977034208666,0.005
3,1169,7172,0.020511402881028866,0.020511402881028866,0.5583655524296662,0.005
3,1170,7173,0.023198420341985854,0.023198420341985854,0.5615863653889873,0.005
3,1171,7174,0.02280978858222837,0.02280978858222837,0.5586877758033933,0.005
3,1172,7175,0.019079034963430608,0.019079034963430608,0.5573246803850647,0.005
3,1173,7176,0.019353331315271578,0.019353331315271578,0.5610903828356183,0.005
3,1174,7177,0.022136544404168658,0.022136544404168658,0.5608332706143755,0.005
3,1175,7178,0.0224081540887438,0.0224081540887438,0.564041836789294,0.005
3,1176,7179,0.024568195257828225,0.024568195257828225,0.5602227116475972,0.005
3,1177,7180,0.020275967932882104,0.020275967932882104,0.5610455151476448,0.005
3,1178,7181,0.01615403912074463,0.01615403912074463,0.561810524594227,0.005
3,1179,7182,0.023121170878997725,0.023121170878997725,0.5659993752635694,0.005
3,1180,7183,0.01920319954726335,0.01920319954726335,0.5635814522060922,0.005
3,1181,7184,0.019815296013594705,0.019815296013594705,0.5632758707899223,0.005
3,1182,7185,0.025494051268884807,0.025494051268884807,0.5646420260485225,0.005
3,1183,7186,0.023565292367799133,0.023565292367799133,0.567061840265269,0.005
3,1184,7187,0.019401185226352022,0.019401185226352022,0.5634635029712306,0.005
3,1185,7188,0.026888046084978297,0.026888046084978297,0.5656374413482527,0.005
3,1186,7189,0.0216509919386067,0.0216509919386067,0.5668505313444835,0.005
3,1187,7190,0.029065713172754297,0.029065713172754297,0.5668682782751546,0.005
3,1188,7191,0.025081427091646156,0.025081427091646156,0.5618047968850538,0.005
3,1189,7192,0.01888094458813715,0.01888094458813715,0.5614058067388118,0.005
3,1190,7193,0.020193266563583435,0.020193266563583435,0.5631037280004589,0.005
3,1191,7194,0.021558644674885226,0.021558644674885226,0.5596270991715073,0.005
3,1192,7195,0.02028801649469449,0.02028801649469449,0.5648011396732625,0.005
3,1193,7196,0.025444130280394113,0.025444130280394113,0.5658514853316441,0.005
3,1194,7197,0.021112482151179047,0.021112482151179047,0.5612127278153975,0.005
3,1195,7198,0.022879173792816728,0.022879173792816728,0.562004088851606,0.005
3,1196,7199,0.022593797956618013,0.022593797956618013,0.5603984891586279,0.005
3,1197,7200,0.023097947603476977,0.023097947603476977,0.563132440763364,0.005
3,1198,7201,0.020819898509217567,0.020819898509217567,0.564706866503252,0.005
3,1199,7202,0.020392401514148655,0.020392401514148655,0.5661962110806479,0.005
3,1200,7203,0.022513017112569585,0.022513017112569585,0.5648098663183825,0.005
3,1201,7204,0.018442153398586434,0.018442153398586434,0.5636296386267837,0.005
3,1202,7205,0.023928185468452722,0.023928185468452722,0.5660172102191726,0.005
3,1203,7206,0.027415402992655998,0.027415402992655998,0.5615287966203287,0.005
3,1204,7207,0.020428719844019637,0.020428719844019637,0.561516348150329,0.005
3,1205,7208,0.019523289622733295,0.019523289622733295,0.5634263125561249,0.005
3,1206,7209,0.02224876180416554,0.02224876180416554,0.5623826759562924,0.005
3,1207,7210,0.017115823063368254,0.017115823063368254,0.5594410123284339,0.005
3,1208,7211,0.025586044747433645,0.025586044747433645,0.5626328251856654,0.005
3,1209,7212,0.022855387270200995,0.022855387270200995,0.5639255771329603,0.005
3,1210,7213,0.026197855305020723,0.026197855305020723,0.5663342605152903,0.005
3,1211,7214,0.022982499582919473,0.022982499582919473,0.5646288796624773,0.005
3,1212,7215,0.021177539242347637,0.021177539242347637,0.5602480383925497,0.005
3,1213,7216,0.01956180816262185,0.01956180816262185,0.5615326216932339,0.005
3,1214,7217,0.02240682249486392,0.02240682249486392,0.5596962132136071,0.005
3,1215,7218,0.024476409979122572,0.024476409979122572,0.5597315472951825,0.005
3,1216,7219,0.02196636983372406,0.02196636983372406,0.5660568992838627,0.005
3,1217,7220,0.0199716111679744,0.0199716111679744,0.5612239475648065,0.005
3,1218,7221,0.02196215496192923,0.02196215496192923,0.5610843614440484,0.005
3,1219,7222,0.02571432837324224,0.02571432837324224,0.563359992636542,0.005
3,1220,7223,0.026756465731534482,0.026756465731534482,0.5654809914152545,0.005
3,1221,7224,0.028400449796801668,0.028400449796801668,0.5667876071252933,0.005
3,1222,7225,0.01902215614219374,0.01902215614219374,0.5627117944880557,0.005
3,1223,7226,0.02209888544349648,0.02209888544349648,0.5621765231682309,0.005
3,1224,7227,0.02117880220791318,0.02117880220791318,0.5602901001692079,0.005
3,1225,7228,0.022054490325830022,0.022054490325830022,0.5613307740114835,0.005
3,1226,7229,0.02177395515629489,0.02177395515629489,0.5611809068321756,0.005
3,1227,7230,0.024132590252632098,0.024132590252632098,0.5652470531737037,0.005
3,1228,7231,0.021189041884734472,0.021189041884734472,0.5604742816901188,0.005
3,1229,7232,0.01935318228436187,0.01935318228436187,0.563211616825589,0.005
3,1230,7233,0.02483734625314067,0.02483734625314067,0.565707532232586,0.005
3,1231,7234,0.020844258934342184,0.020844258934342184,0.5583557716893309,0.005
3,1232,7235,0.021994226400667956,0.021994226400667956,0.5622118480881928,0.005
3,1233,7236,0.02193341499253519,0.02193341499253519,0.5621314541985041,0.005
3,1234,7237,0.025841539827931803,0.025841539827931803,0.5659670400383718,0.005
3,1235,7238,0.02594951990678016,0.02594951990678016,0.5655212682802688,0.005
3,1236,7239,0.025404773987145426,0.025404773987145426,0.5673786188880573,0.005
3,1237,7240,0.019747177624849174,0.019747177624849174,0.5631844873132015,0.005
3,1238,7241,0.017828141278257277,0.017828141278257277,0.5629487525472956,0.005
3,1239,7242,0.024088022210670766,0.024088022210670766,0.5602897511834559,0.005
3,1240,7243,0.024320346464256612,0.024320346464256612,0.5642371614792172,0.005
3,1241,7244,0.024791560915962844,0.024791560915962844,0.5637270743681966,0.005
3,1242,7245,0.024118445471833366,0.024118445471833366,0.5645852814897832,0.005
3,1243,7246,0.025803834813702423,0.025803834813702423,0.565208091435799,0.005
3,1244,7247,0.024626808906323863,0.024626808906323863,0.5634322462776316,0.005
3,1245,7248,0.020101146903209487,0.020101146903209487,0.5618030293961074,0.005
3,1246,7249,0.023422749020184742,0.023422749020184742,0.5638239534477535,0.005
3,1247,7250,0.02533044337278828,0.02533044337278828,0.5677163088483069,0.005
3,1248,7251,0.020240114499670364,0.020240114499670364,0.5637340421463303,0.005
3,1249,7252,0.023418746110606105,0.023418746110606105,0.5663624020752556,0.005
3,1250,7253,0.025133962347772383,0.025133962347772383,0.565026400541164,0.005
3,1251,7254,0.022093674143427337,0.022093674143427337,0.558533247095693,0.005
3,1252,7255,0.026230788428770097,0.026230788428770097,0.5624308948754775,0.005
3,1253,7256,0.01990883995939193,0.01990883995939193,0.5603831292918027,0.005
3,1254,7257,0.030113560088189814,0.030113560088189814,0.5608985584882421,0.005
3,1255,7258,0.020438202172268733,0.020438202172268733,0.560682860811981,0.005
3,1256,7259,0.021309104413891923,0.021309104413891923,0.5654975132933494,0.005
3,1257,7260,0.021943427147425296,0.021943427147425296,0.5627088897223466,0.005
3,1258,7261,0.01739909123087515,0.01739909123087515,0.5602423868899623,0.005
3,1259,7262,0.022780030931112475,0.022780030931112475,0.5642139622890021,0.005
3,1260,7263,0.0172375256104754,0.0172375256104754,0.5633049630251652,0.005
3,1261,7264,0.01993893772022052,0.01993893772022052,0.562889350299596,0.005
3,1262,7265,0.017487805829956918,0.017487805829956918,0.557845459934135,0.005
3,1263,7266,0.023576357934869705,0.023576357934869705,0.5635232777160294,0.005
3,1264,7267,0.021756060124506857,0.021756060124506857,0.5621438145832627,0.005
3,1265,7268,0.020293609521900804,0.020293609521900804,0.56396644829106,0.005
3,1266,7269,0.021064976429174515,0.021064976429174515,0.5620579105210938,0.005
3,1267,7270,0.02456131068676426,0.02456131068676426,0.5668309170048971,0.005
3,1268,7271,0.019791629238345848,0.019791629238345848,0.5614351163187609,0.005
3,1269,7272,0.018352793861940636,0.018352793861940636,0.5621488449460489,0.005
3,1270,7273,0.024590718556876348,0.024590718556876348,0.5659709817040348,0.005
3,1271,7274,0.02244524068686826,0.02244524068686826,0.5634572999904723,0.005
3,1272,7275,0.024281176086371054,0.024281176086371054,0.5640850223144958,0.005
3,1273,7276,0.021255965227263057,0.021255965227263057,0.5640448599466203,0.005
3,1274,7277,0.01846741417282905,0.01846741417282905,0.5635584920743693,0.005
3,1275,7278,0.023351746028739614,0.023351746028739614,0.5660082334463998,0.005
3,1276,7279,0.021428837735978607,0.021428837735978607,0.5623926800983589,0.005
3,1277,7280,0.021067574480985098,0.021067574480985098,0.5625319816870502,0.005
3,1278,7281,0.027398349648396877,0.027398349648396877,0.5624716378813145,0.005
3,1279,7282,0.018928818872619768,0.018928818872619768,0.5627199538084636,0.005
3,1280,7283,0.02113520455721278,0.02113520455721278,0.5601054224658608,0.005
3,1281,7284,0.020350395576205386,0.020350395576205386,0.5632375023198707,0.005
3,1282,7285,0.019805602211401048,0.019805602211401048,0.561567912605266,0.005
3,1283,7286,0.018532537628101677,0.018532537628101677,0.5591464743348924,0.005
3,1284,7287,0.021514506301230384,0.021514506301230384,0.560978084443307,0.005
3,1285,7288,0.02042711822298951,0.02042711822298951,0.5587889774321322,0.005
3,1286,7289,0.023281789207345444,0.023281789207345444,0.5617079373578728,0.005
3,1287,7290,0.02222626854585677,0.02222626854585677,0.5598317971011828,0.005
3,1288,7291,0.02334600766315699,0.02334600766315699,0.5619123894310047,0.005
3,1289,7292,0.017487929294222826,0.017487929294222826,0.5593474577443438,0.005
3,1290,7293,0.02290688253686312,0.02290688253686312,0.5644997186838979,0.005
3,1291,7294,0.023023215339403814,0.023023215339403814,0.5660741475499558,0.005
3,1292,7295,0.025121475345989838,0.025121475345989838,0.5617777367999092,0.005
3,1293,7296,0.0160433157620974,0.0160433157620974,0.56115036010109,0.005
3,1294,7297,0.020568002483802743,0.020568002483802743,0.5657816925042833,0.005
3,1295,7298,0.01708589521882417,0.01708589521882417,0.5578477162813037,0.005
3,1296,7299,0.028241736352548362,0.028241736352548362,0.5657063428152215,0.005
3,1297,7300,0.026036128475037525,0.026036128475037525,0.5623082824446239,0.005
3,1298,7301,0.02217596143334487,0.02217596143334487,0.5633093399939446,0.005
3,1299,7302,0.022315338394987783,0.022315338394987783,0.5620194144493033,0.005
3,1300,7303,0.025609382303138865,0.025609382303138865,0.5641679807809973,0.005
3,1301,7304,0.021703727645562637,0.021703727645562637,0.5622191589387671,0.005
3,1302,7305,0.026229831598525665,0.026229831598525665,0.566632474780054,0.005
3,1303,7306,0.020083824270796996,0.020083824270796996,0.5654384684082533,0.005
3,1304,7307,0.018385107775126183,0.018385107775126183,0.5604924811212253,0.005
3,1305,7308,0.024292996404822312,0.024292996404822312,0.5651084892407423,0.005
3,1306,7309,0.019838021749543466,0.019838021749543466,0.5624676320247968,0.005
3,1307,7310,0.024979261473358542,0.024979261473358542,0.5677331242683328,0.005
3,1308,7311,0.02268169616994033,0.02268169616994033,0.5702513004009266,0.005
3,1309,7312,0.01795794993303898,0.01795794993303898,0.5613415814197854,0.005
3,1310,7313,0.02703109734090248,0.02703109734090248,0.5664824595872274,0.005
3,1311,7314,0.025434937047769543,0.025434937047769543,0.5654272348805186,0.005
3,1312,7315,0.02779492325734948,0.02779492325734948,0.5712767276239646,0.005
3,1313,7316,0.02804316062162148,0.02804316062162148,0.5655855366187557,0.005
3,1314,7317,0.027237416417635395,0.027237416417635395,0.5659204713841905,0.005
3,1315,7318,0.024516408740275372,0.024516408740275372,0.5694888022441945,0.005
3,1316,7319,0.023630634325069295,0.023630634325069295,0.5660064535542267,0.005
3,1317,7320,0.021658668364894305,0.021658668364894305,0.5683014541514642,0.005
3,1318,7321,0.02239158727576269,0.02239158727576269,0.5633460809480079,0.005
3,1319,7322,0.026601218141004006,0.026601218141004006,0.5664260068424934,0.005
3,1320,7323,0.022660071032895628,0.022660071032895628,0.5639488670664486,0.005
3,1321,7324,0.023020243879961638,0.023020243879961638,0.564354082961336,0.005
3,1322,7325,0.02555599384486096,0.02555599384486096,0.5684494838520874,0.005
3,1323,7326,0.021980487096300655,0.021980487096300655,0.5637187398237977,0.005
3,1324,7327,0.027257539403482595,0.027257539403482595,0.5692152614597481,0.005
3,1325,7328,0.023559334435951984,0.023559334435951984,0.5678657549819206,0.005
3,1326,7329,0.025490420180646872,0.025490420180646872,0.5679472463099171,0.005
3,1327,7330,0.021893253225753403,0.021893253225753403,0.5644549116259532,0.005
3,1328,7331,0.02435948966094268,0.02435948966094268,0.5667780004900262,0.005
3,1329,7332,0.022943870119084414,0.022943870119084414,0.565801589001037,0.005
3,1330,7333,0.02722067384911977,0.02722067384911977,0.5674972489818111,0.005
3,1331,7334,0.024500092947462797,0.024500092947462797,0.568408125261817,0.005
3,1332,7335,0.02284746943938988,0.02284746943938988,0.565072531192557,0.005
3,1333,7336,0.028189493622024372,0.028189493622024372,0.5709419328220627,0.005
3,1334,7337,0.023665993638093952,0.023665993638093952,0.5629476396045475,0.005
3,1335,7338,0.025155244922999788,0.025155244922999788,0.5610756694547956,0.005
3,1336,7339,0.02716408616221444,0.02716408616221444,0.5621919560628017,0.005
3,1337,7340,0.02158047648996308,0.02158047648996308,0.5662523367808528,0.005
3,1338,7341,0.020856686122578204,0.020856686122578204,0.5620808942837748,0.005
3,1339,7342,0.02485385104880675,0.02485385104880675,0.5637674169076072,0.005
3,1340,7343,0.024243286114986957,0.024243286114986957,0.5640211022057711,0.005
3,1341,7344,0.028520311870357615,0.028520311870357615,0.5694507879578065,0.005
3,1342,7345,0.019346435866009985,0.019346435866009985,0.5653273215328757,0.005
3,1343,7346,0.02754703833833145,0.02754703833833145,0.5724221982094093,0.005
3,1344,7347,0.022228593014059782,0.022228593014059782,0.5661423953444432,0.005
3,1345,7348,0.03132311060053064,0.03132311060053064,0.5647381694523209,0.005
3,1346,7349,0.026751440907246793,0.026751440907246793,0.5666574867245938,0.005
3,1347,7350,0.02404793620345124,0.02404793620345124,0.567881595764075,0.005
3,1348,7351,0.024506776132485288,0.024506776132485288,0.5662176775074969,0.005
3,1349,7352,0.02767881861890374,0.02767881861890374,0.5693818137046321,0.005
3,1350,7353,0.020881956053055796,0.020881956053055796,0.5638989884526185,0.005
3,1351,7354,0.022697840384919045,0.022697840384919045,0.5635129922097873,0.005
3,1352,7355,0.02384816596482634,0.02384816596482634,0.5665537625357395,0.005
3,1353,7356,0.023562344250959162,0.023562344250959162,0.566995394816506,0.005
3,1354,7357,0.023614755302961296,0.023614755302961296,0.5646132633655565,0.005
3,1355,7358,0.020080006013447373,0.020080006013447373,0.5619817015782759,0.005
3,1356,7359,0.021474276875136707,0.021474276875136707,0.5635923053814802,0.005
3,1357,7360,0.022648309343971326,0.022648309343971326,0.5687396124847465,0.005
3,1358,7361,0.02341703338546238,0.02341703338546238,0.5658908973204345,0.005
3,1359,7362,0.023544465696236003,0.023544465696236003,0.5624531681275088,0.005
3,1360,7363,0.025832047454015704,0.025832047454015704,0.5709984454364014,0.005
3,1361,7364,0.022136519985652862,0.022136519985652862,0.5643573626638109,0.005
3,1362,7365,0.023691377840696626,0.023691377840696626,0.5667743923875709,0.005
3,1363,7366,0.022674581511438793,0.022674581511438793,0.5641251044950619,0.005
3,1364,7367,0.021145531756511786,0.021145531756511786,0.5632854908101571,0.005
3,1365,7368,0.02538594671257359,0.02538594671257359,0.568014587068185,0.005
3,1366,7369,0.01764797938556547,0.01764797938556547,0.5607904844539259,0.005
3,1367,7370,0.023064634321156657,0.023064634321156657,0.5660992363409181,0.005
3,1368,7371,0.019324685697250356,0.019324685697250356,0.5636925837158749,0.005
3,1369,7372,0.022086845877870194,0.022086845877870194,0.565217982563277,0.005
3,1370,7373,0.022055241633657963,0.022055241633657963,0.5652058472042304,0.005
3,1371,7374,0.030987792183768972,0.030987792183768972,0.5701129515132556,0.005
3,1372,7375,0.027227579191150833,0.027227579191150833,0.5672466082893627,0.005
3,1373,7376,0.026313462103875977,0.026313462103875977,0.5676514475251819,0.005
3,1374,7377,0.020822448573863162,0.020822448573863162,0.5621093386294996,0.005
3,1375,7378,0.023372887490767116,0.023372887490767116,0.5633593637460441,0.005
3,1376,7379,0.021674513916501402,0.021674513916501402,0.5657820825820618,0.005
3,1377,7380,0.031916734279739394,0.031916734279739394,0.5672471363636105,0.005
3,1378,7381,0.02693791141657765,0.02693791141657765,0.5661350965761169,0.005
3,1379,7382,0.018589540642518033,0.018589540642518033,0.5630598499108894,0.005
3,1380,7383,0.020340469125246494,0.020340469125246494,0.5611814600300704,0.005
3,1381,7384,0.025581541503470362,0.025581541503470362,0.5669170505555914,0.005
3,1382,7385,0.023710690431338742,0.023710690431338742,0.5637255077739997,0.005
3,1383,7386,0.02436295731172272,0.02436295731172272,0.5659325527802928,0.005
3,1384,7387,0.01935380220667577,0.01935380220667577,0.5632667987580379,0.005
3,1385,7388,0.018826356840268853,0.018826356840268853,0.5627688435278874,0.005
3,1386,7389,0.024829458863109676,0.024829458863109676,0.5672003430362109,0.005
3,1387,7390,0.02681456143114911,0.02681456143114911,0.5665846302355955,0.005
3,1388,7391,0.020018049444935244,0.020018049444935244,0.5660350052441416,0.005
3,1389,7392,0.01983538054322765,0.01983538054322765,0.5628448669721821,0.005
3,1390,7393,0.026908349215253306,0.026908349215253306,0.5644584094536023,0.005
3,1391,7394,0.019539602455401428,0.019539602455401428,0.5656683125888025,0.005
3,1392,7395,0.02854903400294734,0.02854903400294734,0.5626928547957636,0.005
3,1393,7396,0.01946242955216393,0.01946242955216393,0.563761473335169,0.005
3,1394,7397,0.028228043300099835,0.028228043300099835,0.5706274905447517,0.005
3,1395,7398,0.024700560374761607,0.024700560374761607,0.5643761628011096,0.005
3,1396,7399,0.02643759914444023,0.02643759914444023,0.5613869940779928,0.005
3,1397,7400,0.019857157100763172,0.019857157100763172,0.5621010949730832,0.005
3,1398,7401,0.02522352762269907,0.02522352762269907,0.5662881862257362,0.005
3,1399,7402,0.023062252495123135,0.023062252495123135,0.5661281553190999,0.005
3,1400,7403,0.02761018206418484,0.02761018206418484,0.5665617818542533,0.005
3,1401,7404,0.0205872814361433,0.0205872814361433,0.5646952045401386,0.005
3,1402,7405,0.024807393831217498,0.024807393831217498,0.5623746184442118,0.005
3,1403,7406,0.023770364571130374,0.023770364571130374,0.5641662772631955,0.005
3,1404,7407,0.032397151080248834,0.032397151080248834,0.5685539215805955,0.005
3,1405,7408,0.019501572285470142,0.019501572285470142,0.5639616117662941,0.005
3,1406,7409,0.029486750792258473,0.029486750792258473,0.5699264657418285,0.005
3,1407,7410,0.029993956914089327,0.029993956914089327,0.5664982167779423,0.005
3,1408,7411,0.02006946006805426,0.02006946006805426,0.5619291489097364,0.005
3,1409,7412,0.01941006778493865,0.01941006778493865,0.5631069040076899,0.005
3,1410,7413,0.027823971396539415,0.027823971396539415,0.5659553136910628,0.005
3,1411,7414,0.02471684688596812,0.02471684688596812,0.5685713356675381,0.005
3,1412,7415,0.02071780822912966,0.02071780822912966,0.5649132325529811,0.005
3,1413,7416,0.02895596020088361,0.02895596020088361,0.5682433331560692,0.005
3,1414,7417,0.023551464333646875,0.023551464333646875,0.5669418377323583,0.005
3,1415,7418,0.024805078087006903,0.024805078087006903,0.5658532638952111,0.005
3,1416,7419,0.02002123539662077,0.02002123539662077,0.5644713700673895,0.005
3,1417,7420,0.01909591667585306,0.01909591667585306,0.5664470736149365,0.005
3,1418,7421,0.02239393755739447,0.02239393755739447,0.5658613004760269,0.005
3,1419,7422,0.023071407815344967,0.023071407815344967,0.5671311281394179,0.005
3,1420,7423,0.024105621725775857,0.024105621725775857,0.5681456120456817,0.005
3,1421,7424,0.029042074864608275,0.029042074864608275,0.5700222809437775,0.005
3,1422,7425,0.023266357826217172,0.023266357826217172,0.5657626719305839,0.005
3,1423,7426,0.02559278681681415,0.02559278681681415,0.5654690006182876,0.005
3,1424,7427,0.02524736692564261,0.02524736692564261,0.5697043967445239,0.005
3,1425,7428,0.025638643033387518,0.025638643033387518,0.5702087918732067,0.005
3,1426,7429,0.025934353378789403,0.025934353378789403,0.5656648638230048,0.005
3,1427,7430,0.023999798164739253,0.023999798164739253,0.5685784111252636,0.005
3,1428,7431,0.021219589574072634,0.021219589574072634,0.5663983030067709,0.005
3,1429,7432,0.024915515228832695,0.024915515228832695,0.5669197336864144,0.005
3,1430,7433,0.02546087744841055,0.02546087744841055,0.5681279187707684,0.005
3,1431,7434,0.026139544063400192,0.026139544063400192,0.5651934740467401,0.005
3,1432,7435,0.027009074339522016,0.027009074339522016,0.5682775204743458,0.005
3,1433,7436,0.021656057252341616,0.021656057252341616,0.5657549760961799,0.005
3,1434,7437,0.023543581769233473,0.023543581769233473,0.5677406983735758,0.005
3,1435,7438,0.02478748764773714,0.02478748764773714,0.5678566278611347,0.005
3,1436,7439,0.022368842941002026,0.022368842941002026,0.5631858299282951,0.005
3,1437,7440,0.02066817563075283,0.02066817563075283,0.5616027660751,0.005
3,1438,7441,0.02144259005497874,0.02144259005497874,0.5646569848325375,0.005
3,1439,7442,0.025250448560761113,0.025250448560761113,0.5692117470261592,0.005
3,1440,7443,0.022929702602546367,0.022929702602546367,0.5676397219628266,0.005
3,1441,7444,0.023997717766378886,0.023997717766378886,0.5630029696546801,0.005
3,1442,7445,0.018905972272458646,0.018905972272458646,0.5618793821823591,0.005
3,1443,7446,0.020206840370393997,0.020206840370393997,0.5645856974577037,0.005
3,1444,7447,0.018010490294184292,0.018010490294184292,0.5644177350707912,0.005
3,1445,7448,0.02506046180959271,0.02506046180959271,0.567152377135374,0.005
3,1446,7449,0.0218696427852548,0.0218696427852548,0.563736299611545,0.005
3,1447,7450,0.029544600809907826,0.029544600809907826,0.5713416176156259,0.005
3,1448,7451,0.023004841983649587,0.023004841983649587,0.5670578652454673,0.005
3,1449,7452,0.018557310161275455,0.018557310161275455,0.5629770253065889,0.005
3,1450,7453,0.019940513199523793,0.019940513199523793,0.5627262521293426,0.005
3,1451,7454,0.02340634590406644,0.02340634590406644,0.5662015629913619,0.005
3,1452,7455,0.02647225696139345,0.02647225696139345,0.5675390972537103,0.005
3,1453,7456,0.02390553078863244,0.02390553078863244,0.566345172308361,0.005
3,1454,7457,0.02448423659934753,0.02448423659934753,0.5693585234596578,0.005
3,1455,7458,0.022429136256732995,0.022429136256732995,0.5686894624657959,0.005
3,1456,7459,0.02487700646809077,0.02487700646809077,0.5645556440019982,0.005
3,1457,7460,0.02441257202095017,0.02441257202095017,0.5661026446662112,0.005
3,1458,7461,0.018071236759920693,0.018071236759920693,0.561014598954882,0.005
3,1459,7462,0.0192956768570747,0.0192956768570747,0.5627555896420537,0.005
3,1460,7463,0.02495308553012191,0.02495308553012191,0.5649379899858981,0.005
3,1461,7464,0.020771085120646002,0.020771085120646002,0.559615179502566,0.005
3,1462,7465,0.02242339400347735,0.02242339400347735,0.5608572606506954,0.005
3,1463,7466,0.019037975899082495,0.019037975899082495,0.5586305997220663,0.005
3,1464,7467,0.024187831487599995,0.024187831487599995,0.568428731249729,0.005
3,1465,7468,0.024070956044591363,0.024070956044591363,0.5652252867785894,0.005
3,1466,7469,0.019421218421030506,0.019421218421030506,0.5639905611708511,0.005
3,1467,7470,0.022052225111777204,0.022052225111777204,0.5602236271370528,0.005
3,1468,7471,0.0192260882222361,0.0192260882222361,0.5627891957591328,0.005
3,1469,7472,0.02134761586423661,0.02134761586423661,0.5629139945400266,0.005
3,1470,7473,0.02292752004170804,0.02292752004170804,0.5632215776514363,0.005
3,1471,7474,0.02511582782442616,0.02511582782442616,0.5617252038751381,0.005
3,1472,7475,0.023707564030064944,0.023707564030064944,0.5638343170034281,0.005
3,1473,7476,0.023504314592342923,0.023504314592342923,0.5675762283780488,0.005
3,1474,7477,0.019566143710491285,0.019566143710491285,0.5649659916270449,0.005
3,1475,7478,0.019769780353875343,0.019769780353875343,0.5602034198018194,0.005
3,1476,7479,0.025801686356158725,0.025801686356158725,0.5639041885604782,0.005
3,1477,7480,0.028331440119944814,0.028331440119944814,0.5670713171670796,0.005
3,1478,7481,0.02771585512333562,0.02771585512333562,0.5681644846542814,0.005
3,1479,7482,0.025312889007065194,0.025312889007065194,0.5622486329290799,0.005
3,1480,7483,0.028159405087964946,0.028159405087964946,0.5667329778455418,0.005
3,1481,7484,0.024696044345302186,0.024696044345302186,0.5669113969325308,0.005
3,1482,7485,0.024414584256903446,0.024414584256903446,0.5630968112018824,0.005
3,1483,7486,0.02300905223742068,0.02300905223742068,0.5671492739929539,0.005
3,1484,7487,0.02463533624160874,0.02463533624160874,0.5650962767230565,0.005
3,1485,7488,0.019984751632843925,0.019984751632843925,0.5627137096864055,0.005
3,1486,7489,0.02149506241868254,0.02149506241868254,0.5633815646339668,0.005
3,1487,7490,0.02340459378083616,0.02340459378083616,0.5659856830104922,0.005
3,1488,7491,0.027109734422766325,0.027109734422766325,0.5683634550853013,0.005
3,1489,7492,0.024114171174366445,0.024114171174366445,0.5676088241666801,0.005
3,1490,7493,0.025946684318585718,0.025946684318585718,0.5615232214553315,0.005
3,1491,7494,0.02591264202442893,0.02591264202442893,0.5665599736263683,0.005
3,1492,7495,0.02294878328390431,0.02294878328390431,0.569064444310285,0.005
3,1493,7496,0.02418997335295188,0.02418997335295188,0.5674319684687634,0.005
3,1494,7497,0.02939193557617065,0.02939193557617065,0.5693490862713058,0.005
3,1495,7498,0.023010189568023323,0.023010189568023323,0.5705361564813407,0.005
3,1496,7499,0.020296379231404184,0.020296379231404184,0.5642334149128568,0.005
3,1497,7500,0.02046705163018162,0.02046705163018162,0.5647298679429646,0.005
3,1498,7501,0.025609702805845624,0.025609702805845624,0.5659614240871388,0.005
3,1499,7502,0.01951806376946561,0.01951806376946561,0.5651411096151409,0.005
3,1500,7503,0.02648227170903157,0.02648227170903157,0.5689486335329861,0.005
3,1501,7504,0.023683418821943466,0.023683418821943466,0.5649542846544456,0.005
3,1502,7505,0.026350611062340545,0.026350611062340545,0.5701051390989513,0.005
3,1503,7506,0.02504160683515507,0.02504160683515507,0.5668845996229619,0.005
3,1504,7507,0.024168096040725118,0.024168096040725118,0.5644974126803934,0.005
3,1505,7508,0.022740554503369315,0.022740554503369315,0.5646196493074553,0.005
3,1506,7509,0.030493545988504015,0.030493545988504015,0.5693967444436601,0.005
3,1507,7510,0.019746389061822356,0.019746389061822356,0.5654230052886059,0.005
3,1508,7511,0.023647347784446673,0.023647347784446673,0.5651625216825049,0.005
3,1509,7512,0.023602176326516983,0.023602176326516983,0.5690687463128468,0.005
3,1510,7513,0.024208893171589304,0.024208893171589304,0.5660403838243036,0.005
3,1511,7514,0.021644327436351224,0.021644327436351224,0.5655399945796424,0.005
3,1512,7515,0.021205174914782216,0.021205174914782216,0.5659149616403218,0.005
3,1513,7516,0.025162897019713065,0.025162897019713065,0.5697545034267804,0.005
3,1514,7517,0.025028414962832,0.025028414962832,0.5688837647506438,0.005
3,1515,7518,0.026428852318533258,0.026428852318533258,0.5683578123107216,0.005
3,1516,7519,0.027873840493384212,0.027873840493384212,0.5674185808672396,0.005
3,1517,7520,0.024636515597854357,0.024636515597854357,0.5704340860130744,0.005
3,1518,7521,0.024494454159344987,0.024494454159344987,0.5650465071258541,0.005
3,1519,7522,0.025082698381135107,0.025082698381135107,0.5665067091344373,0.005
3,1520,7523,0.024545860981872194,0.024545860981872194,0.5686954298520481,0.005
3,1521,7524,0.0239209442699994,0.0239209442699994,0.5653264174412862,0.005
3,1522,7525,0.020532940196133508,0.020532940196133508,0.5646294538672947,0.005
3,1523,7526,0.02108576833740784,0.02108576833740784,0.5631999742246463,0.005
3,1524,7527,0.02430941507341349,0.02430941507341349,0.5652778759282363,0.005
3,1525,7528,0.020451034809440223,0.020451034809440223,0.56393966052227,0.005
3,1526,7529,0.023412117866972053,0.023412117866972053,0.5643461716677323,0.005
3,1527,7530,0.0205891793172679,0.0205891793172679,0.5636889379504115,0.005
3,1528,7531,0.02568010028759176,0.02568010028759176,0.5687665708878503,0.005
3,1529,7532,0.0244814114170728,0.0244814114170728,0.5695731948539571,0.005
3,1530,7533,0.02466324740870334,0.02466324740870334,0.5655493548895797,0.005
3,1531,7534,0.025091161514610147,0.025091161514610147,0.5687047172852853,0.005
3,1532,7535,0.021085836321728044,0.021085836321728044,0.5673626677859895,0.005
3,1533,7536,0.01891638127485601,0.01891638127485601,0.5628502322842412,0.005
3,1534,7537,0.019642892865838382,0.019642892865838382,0.5646436666113697,0.005
3,1535,7538,0.022612357536001854,0.022612357536001854,0.5641053161803559,0.005
3,1536,7539,0.021813490608542825,0.021813490608542825,0.5635898779472361,0.005
3,1537,7540,0.02725547661734826,0.02725547661734826,0.5682608497444086,0.005
3,1538,7541,0.024825153404309113,0.024825153404309113,0.5700315847994416,0.005
3,1539,7542,0.026900000600015957,0.026900000600015957,0.5681469475613915,0.005
3,1540,7543,0.02346915217294128,0.02346915217294128,0.5705306027190578,0.005
3,1541,7544,0.024394132985479523,0.024394132985479523,0.5700202185117056,0.005
3,1542,7545,0.028168293136066926,0.028168293136066926,0.5701405039720752,0.005
3,1543,7546,0.022396245825836568,0.022396245825836568,0.565235723144375,0.005
3,1544,7547,0.02423221182705628,0.02423221182705628,0.561348574858364,0.005
3,1545,7548,0.02147560603723073,0.02147560603723073,0.566869721873508,0.005
3,1546,7549,0.024421555103197892,0.024421555103197892,0.5676677811315555,0.005
3,1547,7550,0.026200180922775672,0.026200180922775672,0.5667142849528184,0.005
3,1548,7551,0.027826656805979587,0.027826656805979587,0.5709566505323763,0.005
3,1549,7552,0.02675429173066787,0.02675429173066787,0.5682932534678846,0.005
3,1550,7553,0.02500477357196566,0.02500477357196566,0.5650302531542549,0.005
3,1551,7554,0.0246236045982422,0.0246236045982422,0.5683476205511345,0.005
3,1552,7555,0.018794321654702816,0.018794321654702816,0.564454734077507,0.005
3,1553,7556,0.02634011083902316,0.02634011083902316,0.568820698626854,0.005
3,1554,7557,0.026723174714312563,0.026723174714312563,0.5714565110196873,0.005
3,1555,7558,0.021597851805262545,0.021597851805262545,0.5664885614199752,0.005
3,1556,7559,0.026168493677597097,0.026168493677597097,0.5702423667012233,0.005
3,1557,7560,0.022968295811949466,0.022968295811949466,0.5637613513844281,0.005
3,1558,7561,0.02083094934369203,0.02083094934369203,0.5622971992279889,0.005
3,1559,7562,0.024847196252473898,0.024847196252473898,0.5684928352495794,0.005
3,1560,7563,0.02238245219285724,0.02238245219285724,0.570898819305037,0.005
3,1561,7564,0.02113746184537183,0.02113746184537183,0.5659769999105132,0.005
3,1562,7565,0.02482917274230726,0.02482917274230726,0.5677692540105559,0.005
3,1563,7566,0.02602883197764156,0.02602883197764156,0.5648492376942519,0.005
3,1564,7567,0.02356230459072623,0.02356230459072623,0.5661221418569924,0.005
3,1565,7568,0.02615739417266862,0.02615739417266862,0.5667334811145497,0.005
3,1566,7569,0.02323551116388528,0.02323551116388528,0.5656970571398201,0.005
3,1567,7570,0.022628106968642682,0.022628106968642682,0.5660728037762941,0.005
3,1568,7571,0.027478490800384277,0.027478490800384277,0.5662866953408084,0.005
3,1569,7572,0.02796760572455005,0.02796760572455005,0.5678459185381085,0.005
3,1570,7573,0.02548301942693059,0.02548301942693059,0.5638576842171286,0.005
3,1571,7574,0.028399790417400705,0.028399790417400705,0.5686126418449089,0.005
3,1572,7575,0.024661510757733218,0.024661510757733218,0.5667112842808248,0.005
3,1573,7576,0.021946385504799548,0.021946385504799548,0.5671318503346638,0.005
3,1574,7577,0.02452820012671063,0.02452820012671063,0.5667614749948674,0.005
3,1575,7578,0.02680603058997793,0.02680603058997793,0.563614824425714,0.005
3,1576,7579,0.030987122785866454,0.030987122785866454,0.5723260959485877,0.005
3,1577,7580,0.028523506079811682,0.028523506079811682,0.5664025156599359,0.005
3,1578,7581,0.024083086039326417,0.024083086039326417,0.5650239230444873,0.005
3,1579,7582,0.024977435995462767,0.024977435995462767,0.572335270927136,0.005
3,1580,7583,0.027413573269371588,0.027413573269371588,0.5676487670437796,0.005
3,1581,7584,0.023689227889030322,0.023689227889030322,0.5672094588377162,0.005
3,1582,7585,0.024688746754707093,0.024688746754707093,0.5671514776594845,0.005
3,1583,7586,0.02406204377485184,0.02406204377485184,0.567186502015972,0.005
3,1584,7587,0.01895164903225138,0.01895164903225138,0.5637838798383792,0.005
3,1585,7588,0.02438222604467143,0.02438222604467143,0.5654739857793859,0.005
3,1586,7589,0.024941550096863302,0.024941550096863302,0.5653978262877934,0.005
3,1587,7590,0.02458349197075993,0.02458349197075993,0.5656920170147729,0.005
3,1588,7591,0.026570859621304753,0.026570859621304753,0.5627216828849789,0.005
3,1589,7592,0.021341013300995183,0.021341013300995183,0.5667224334209482,0.005
3,1590,7593,0.02257061321766428,0.02257061321766428,0.5667431442412412,0.005
3,1591,7594,0.025840481443753983,0.025840481443753983,0.5698417201811199,0.005
3,1592,7595,0.02364417816459815,0.02364417816459815,0.5689939163210004,0.005
3,1593,7596,0.01882922190185994,0.01882922190185994,0.5649549903254935,0.005
3,1594,7597,0.02655983454069649,0.02655983454069649,0.5631376746100539,0.005
3,1595,7598,0.024808692401278566,0.024808692401278566,0.5693587987365623,0.005
3,1596,7599,0.021613249069991437,0.021613249069991437,0.5662362071492962,0.005
3,1597,7600,0.022532016902539816,0.022532016902539816,0.567404817471176,0.005
3,1598,7601,0.02852641162353494,0.02852641162353494,0.5694954116038343,0.005
3,1599,7602,0.024198791792647546,0.024198791792647546,0.5670606329263125,0.005
3,1600,7603,0.017229485361013618,0.017229485361013618,0.5651425457587167,0.005
3,1601,7604,0.026302838175850347,0.026302838175850347,0.5642220472718398,0.005
3,1602,7605,0.024185995186773352,0.024185995186773352,0.5621418283087398,0.005
3,1603,7606,0.023250849487564992,0.023250849487564992,0.564087231786617,0.005
3,1604,7607,0.021933254883197077,0.021933254883197077,0.5656463175058501,0.005
3,1605,7608,0.02675920120291586,0.02675920120291586,0.569403305885865,0.005
3,1606,7609,0.02704547693308498,0.02704547693308498,0.5688850495163611,0.005
3,1607,7610,0.019954788235359212,0.019954788235359212,0.5651534850987234,0.005
3,1608,7611,0.02050407187046599,0.02050407187046599,0.5621624128953416,0.005
3,1609,7612,0.021399552884411678,0.021399552884411678,0.5634939123962753,0.005
3,1610,7613,0.02442950309178487,0.02442950309178487,0.5667174384967671,0.005
3,1611,7614,0.02386940309774478,0.02386940309774478,0.5627763592751582,0.005
3,1612,7615,0.02045482477000548,0.02045482477000548,0.5666781991799089,0.005
3,1613,7616,0.024114207613910397,0.024114207613910397,0.5661742717961293,0.005
3,1614,7617,0.021226096673643245,0.021226096673643245,0.5651622407146298,0.005
3,1615,7618,0.023816883675805926,0.023816883675805926,0.5645990727368939,0.005
3,1616,7619,0.023978417925570848,0.023978417925570848,0.5647283798258002,0.005
3,1617,7620,0.02216471639880594,0.02216471639880594,0.5671631202881133,0.005
3,1618,7621,0.024295281844392454,0.024295281844392454,0.5627056332783825,0.005
3,1619,7622,0.02998724053730189,0.02998724053730189,0.5715425883018272,0.005
3,1620,7623,0.022526237567335718,0.022526237567335718,0.5670468220374862,0.005
3,1621,7624,0.01972405576887664,0.01972405576887664,0.5656104117224965,0.005
3,1622,7625,0.02270290617145456,0.02270290617145456,0.5648481241932206,0.005
3,1623,7626,0.022849852589703866,0.022849852589703866,0.5609585994673567,0.005
3,1624,7627,0.02709442594179138,0.02709442594179138,0.5708480517632543,0.005
3,1625,7628,0.0216973748178616,0.0216973748178616,0.56310666941244,0.005
3,1626,7629,0.025747356670159358,0.025747356670159358,0.5644739348984775,0.005
3,1627,7630,0.01915418346773485,0.01915418346773485,0.5672412244850071,0.005
3,1628,7631,0.02695090698680217,0.02695090698680217,0.5695092836586491,0.005
3,1629,7632,0.02515366132530182,0.02515366132530182,0.5653799610123131,0.005
3,1630,7633,0.023521015676584937,0.023521015676584937,0.5672924341576516,0.005
3,1631,7634,0.025219016859999565,0.025219016859999565,0.5676908171267679,0.005
3,1632,7635,0.023851690125063465,0.023851690125063465,0.5677647373844249,0.005
3,1633,7636,0.02389028338912827,0.02389028338912827,0.5671264688952925,0.005
3,1634,7637,0.022795462253101202,0.022795462253101202,0.5690330091421163,0.005
3,1635,7638,0.02140656454774585,0.02140656454774585,0.5631761673995055,0.005
3,1636,7639,0.027717603460148586,0.027717603460148586,0.5688954439872836,0.005
3,1637,7640,0.02092193189546894,0.02092193189546894,0.5668273293744542,0.005
3,1638,7641,0.025305412331106752,0.025305412331106752,0.5673623602001154,0.005
3,1639,7642,0.02515570509949412,0.02515570509949412,0.5680235875584752,0.005
3,1640,7643,0.02320450535324384,0.02320450535324384,0.5640376423065341,0.005
3,1641,7644,0.01934653153482161,0.01934653153482161,0.5663157338815105,0.005
3,1642,7645,0.021853184368534964,0.021853184368534964,0.5641389694743468,0.005
3,1643,7646,0.02387169354967925,0.02387169354967925,0.5658816603202619,0.005
3,1644,7647,0.023973912906109535,0.023973912906109535,0.565380043494566,0.005
3,1645,7648,0.02679946425552993,0.02679946425552993,0.56947716007208,0.005
3,1646,7649,0.023968730753626603,0.023968730753626603,0.5655936951928442,0.005
3,1647,7650,0.02693064169497065,0.02693064169497065,0.5691125650157342,0.005
3,1648,7651,0.024424942419032133,0.024424942419032133,0.5695667930751561,0.005
3,1649,7652,0.021643405156516093,0.021643405156516093,0.5646285376325745,0.005
3,1650,7653,0.024217454268079884,0.024217454268079884,0.5681936765876444,0.005
3,1651,7654,0.022285395576643476,0.022285395576643476,0.5678388283745288,0.005
3,1652,7655,0.023879056612661376,0.023879056612661376,0.5692606063202907,0.005
3,1653,7656,0.01899791893504849,0.01899791893504849,0.5667994022588064,0.005
3,1654,7657,0.024255908437147762,0.024255908437147762,0.5667154319414164,0.005
3,1655,7658,0.021115830230359987,0.021115830230359987,0.5655501960083086,0.005
3,1656,7659,0.02188780709833221,0.02188780709833221,0.5643831964061404,0.005
3,1657,7660,0.028139159847118324,0.028139159847118324,0.5684314076548127,0.005
3,1658,7661,0.024453477900644074,0.024453477900644074,0.5683515444869267,0.005
3,1659,7662,0.02305489071589206,0.02305489071589206,0.564246355839751,0.005
3,1660,7663,0.02625477507239818,0.02625477507239818,0.5690232925474379,0.005
3,1661,7664,0.029452077291135595,0.029452077291135595,0.5673167347036415,0.005
3,1662,7665,0.02133980993024448,0.02133980993024448,0.5671314098125043,0.005
3,1663,7666,0.02519900319263843,0.02519900319263843,0.5670676943197749,0.005
3,1664,7667,0.024507919134744142,0.024507919134744142,0.5679220951648775,0.005
3,1665,7668,0.027535545425179657,0.027535545425179657,0.5731021031153815,0.005
3,1666,7669,0.023637605640115942,0.023637605640115942,0.5660248708675248,0.005
3,1667,7670,0.023178791659634955,0.023178791659634955,0.569039355739363,0.005
3,1668,7671,0.022911534179503017,0.022911534179503017,0.5693231426050644,0.005
3,1669,7672,0.02222537798297521,0.02222537798297521,0.5676057047365797,0.005
3,1670,7673,0.024149182462198583,0.024149182462198583,0.5645827588866621,0.005
3,1671,7674,0.02202589984109181,0.02202589984109181,0.5651000243047797,0.005
3,1672,7675,0.025956177388740405,0.025956177388740405,0.5704233575298219,0.005
3,1673,7676,0.027035100598323144,0.027035100598323144,0.5706714218588175,0.005
3,1674,7677,0.023006630256017173,0.023006630256017173,0.5668013383893158,0.005
3,1675,7678,0.026264781805684555,0.026264781805684555,0.5716800791052856,0.005
3,1676,7679,0.02075221791487339,0.02075221791487339,0.5667790291763773,0.005
3,1677,7680,0.02628481922840704,0.02628481922840704,0.5706740117082147,0.005
3,1678,7681,0.024123063331706752,0.024123063331706752,0.5680785041745104,0.005
3,1679,7682,0.024808241939893866,0.024808241939893866,0.5661029509430222,0.005
3,1680,7683,0.029142338087605454,0.029142338087605454,0.5698007251985633,0.005
3,1681,7684,0.025128165214870834,0.025128165214870834,0.5705823810114243,0.005
3,1682,7685,0.023049871176561022,0.023049871176561022,0.5672004587791164,0.005
3,1683,7686,0.022383883236297853,0.022383883236297853,0.5638207824397702,0.005
3,1684,7687,0.02749324299409836,0.02749324299409836,0.5678916591811897,0.005
3,1685,7688,0.023488707620388346,0.023488707620388346,0.5645747430114508,0.005
3,1686,7689,0.02653263155062213,0.02653263155062213,0.5718606075817217,0.005
3,1687,7690,0.028008421486649678,0.028008421486649678,0.5716517395666011,0.005
3,1688,7691,0.027014097942281306,0.027014097942281306,0.5695780623822366,0.005
3,1689,7692,0.023544500420490912,0.023544500420490912,0.5656717921377161,0.005
3,1690,7693,0.025841099128409428,0.025841099128409428,0.5653814456174294,0.005
3,1691,7694,0.02151725242274592,0.02151725242274592,0.566275030441229,0.005
3,1692,7695,0.024617257283502635,0.024617257283502635,0.563972608918178,0.005
3,1693,7696,0.021509042066075214,0.021509042066075214,0.5651615013136485,0.005
3,1694,7697,0.02594299843916242,0.02594299843916242,0.5671945646524212,0.005
3,1695,7698,0.01894954008233406,0.01894954008233406,0.5659490157928276,0.005
3,1696,7699,0.024053181524113947,0.024053181524113947,0.5666032153918045,0.005
3,1697,7700,0.023917864589479844,0.023917864589479844,0.564309857702428,0.005
3,1698,7701,0.025865481767275246,0.025865481767275246,0.5677477545543415,0.005
3,1699,7702,0.019538517518407572,0.019538517518407572,0.5667244578898667,0.005
3,1700,7703,0.02187951969615721,0.02187951969615721,0.5677873111430263,0.005
3,1701,7704,0.026914719748453365,0.026914719748453365,0.5663209629228336,0.005
3,1702,7705,0.02093856128245939,0.02093856128245939,0.5642003363331753,0.005
3,1703,7706,0.02744348912278435,0.02744348912278435,0.5653696725733957,0.005
3,1704,7707,0.021480830351935078,0.021480830351935078,0.5635080939176921,0.005
3,1705,7708,0.021972960399489455,0.021972960399489455,0.5674187769158658,0.005
3,1706,7709,0.020393931089586814,0.020393931089586814,0.5648451441376968,0.005
3,1707,7710,0.023493087375463687,0.023493087375463687,0.5664079509010839,0.005
3,1708,7711,0.0262902998214356,0.0262902998214356,0.5691340366692214,0.005
3,1709,7712,0.017033089341383527,0.017033089341383527,0.5634699445771507,0.005
3,1710,7713,0.022665183620597416,0.022665183620597416,0.5677751594127937,0.005
3,1711,7714,0.023423444374380167,0.023423444374380167,0.569561179391844,0.005
3,1712,7715,0.031333395291757674,0.031333395291757674,0.5703181346017966,0.005
3,1713,7716,0.02151604484066422,0.02151604484066422,0.5677778010779595,0.005
3,1714,7717,0.025162675469998667,0.025162675469998667,0.5693301048157675,0.005
3,1715,7718,0.025382369742751147,0.025382369742751147,0.5704061440353604,0.005
3,1716,7719,0.025045757370894883,0.025045757370894883,0.5649538764201772,0.005
3,1717,7720,0.02055307274389437,0.02055307274389437,0.5662689616071533,0.005
3,1718,7721,0.020624362210136797,0.020624362210136797,0.5643015372741574,0.005
3,1719,7722,0.019470320436540785,0.019470320436540785,0.5650371741231426,0.005
3,1720,7723,0.024607864934684927,0.024607864934684927,0.5619985884286033,0.005
3,1721,7724,0.02294328392347152,0.02294328392347152,0.5673587453529078,0.005
3,1722,7725,0.022703205657749748,0.022703205657749748,0.5662917582278965,0.005
3,1723,7726,0.025714213036306322,0.025714213036306322,0.562626160065308,0.005
3,1724,7727,0.027916929290867455,0.027916929290867455,0.568332835989759,0.005
3,1725,7728,0.02076978368801395,0.02076978368801395,0.5618525562494762,0.005
3,1726,7729,0.0253495358945938,0.0253495358945938,0.5655013970271288,0.005
3,1727,7730,0.022422787069013822,0.022422787069013822,0.5654986132046401,0.005
3,1728,7731,0.026057247388091044,0.026057247388091044,0.5653597384730876,0.005
3,1729,7732,0.029167952831033524,0.029167952831033524,0.5680650212262192,0.005
3,1730,7733,0.02088146722428383,0.02088146722428383,0.5622648591570881,0.005
3,1731,7734,0.02183272040279794,0.02183272040279794,0.5637686389715524,0.005
3,1732,7735,0.024275478048084602,0.024275478048084602,0.5665169887464309,0.005
3,1733,7736,0.019040449315379182,0.019040449315379182,0.5628259792147386,0.005
3,1734,7737,0.023116038934756944,0.023116038934756944,0.563714960790858,0.005
3,1735,7738,0.022584211121432822,0.022584211121432822,0.568579641886247,0.005
3,1736,7739,0.028329072159981865,0.028329072159981865,0.5684546608069173,0.005
3,1737,7740,0.028528748210323644,0.028528748210323644,0.5675458669294471,0.005
3,1738,7741,0.0214916604984503,0.0214916604984503,0.5661623715472319,0.005
3,1739,7742,0.023291465304606962,0.023291465304606962,0.5697335537750197,0.005
3,1740,7743,0.02358587747148372,0.02358587747148372,0.5683527717001096,0.005
3,1741,7744,0.02463810844175815,0.02463810844175815,0.5645562169065348,0.005
3,1742,7745,0.025974220807978787,0.025974220807978787,0.5645128292962585,0.005
3,1743,7746,0.023857013495017985,0.023857013495017985,0.5682821040753429,0.005
3,1744,7747,0.01949636118597,0.01949636118597,0.5655875250014253,0.005
3,1745,7748,0.02526388991135628,0.02526388991135628,0.5694647274478135,0.005
3,1746,7749,0.027817821037519085,0.027817821037519085,0.5689264288468782,0.005
3,1747,7750,0.025420244788597043,0.025420244788597043,0.5687064241888339,0.005
3,1748,7751,0.02334127332268684,0.02334127332268684,0.5683911965723767,0.005
3,1749,7752,0.025532932076017603,0.025532932076017603,0.5696131743824644,0.005
3,1750,7753,0.020001324470145864,0.020001324470145864,0.5663658462900467,0.005
3,1751,7754,0.022044030217718162,0.022044030217718162,0.5680811987622696,0.005
3,1752,7755,0.024957101860863813,0.024957101860863813,0.5686523718073719,0.005
3,1753,7756,0.024863703497445544,0.024863703497445544,0.5678041353426486,0.005
3,1754,7757,0.01849533455403336,0.01849533455403336,0.5649339068932863,0.005
3,1755,7758,0.024574162767610545,0.024574162767610545,0.5683193442885887,0.005
3,1756,7759,0.029935707715164833,0.029935707715164833,0.5681359907080479,0.005
3,1757,7760,0.02827208744322702,0.02827208744322702,0.566824809688123,0.005
3,1758,7761,0.02338722709486142,0.02338722709486142,0.5655125448861545,0.005
3,1759,7762,0.025564367211035936,0.025564367211035936,0.5667096026488837,0.005
3,1760,7763,0.025886774224387545,0.025886774224387545,0.5657252556459078,0.005
3,1761,7764,0.02427683561250158,0.02427683561250158,0.560946525920941,0.005
3,1762,7765,0.024276987454549648,0.024276987454549648,0.5634027418473021,0.005
3,1763,7766,0.025336230299219175,0.025336230299219175,0.5639678367228694,0.005
3,1764,7767,0.029752993784774716,0.029752993784774716,0.5710391748443735,0.005
3,1765,7768,0.01999970860320302,0.01999970860320302,0.5628014121786427,0.005
3,1766,7769,0.023386401654476318,0.023386401654476318,0.564773247475887,0.005
3,1767,7770,0.02274231870040984,0.02274231870040984,0.5665741637929042,0.005
3,1768,7771,0.02258385870704916,0.02258385870704916,0.5644943689539624,0.005
3,1769,7772,0.022203238553981854,0.022203238553981854,0.568310119104029,0.005
3,1770,7773,0.021877184489121595,0.021877184489121595,0.5681192868613895,0.005
3,1771,7774,0.0223290281700909,0.0223290281700909,0.5702338222166281,0.005
3,1772,7775,0.01931785498012418,0.01931785498012418,0.5671422486640515,0.005
3,1773,7776,0.024517846659044572,0.024517846659044572,0.5686239904055181,0.005
3,1774,7777,0.025180979097936658,0.025180979097936658,0.5638478120013711,0.005
3,1775,7778,0.0209124579992502,0.0209124579992502,0.5676828426302295,0.005
3,1776,7779,0.02251982721137963,0.02251982721137963,0.5672636321477826,0.005
3,1777,7780,0.022246300047198818,0.022246300047198818,0.5679359323976944,0.005
3,1778,7781,0.02640695555494436,0.02640695555494436,0.570268361746333,0.005
3,1779,7782,0.021738661983803392,0.021738661983803392,0.5616435652133227,0.005
3,1780,7783,0.022037992628750277,0.022037992628750277,0.569396555381311,0.005
3,1781,7784,0.026759094607256444,0.026759094607256444,0.5654504574868945,0.005
3,1782,7785,0.026611258766018386,0.026611258766018386,0.5688851410103425,0.005
3,1783,7786,0.023493607212056934,0.023493607212056934,0.5700709001032292,0.005
3,1784,7787,0.021309365144306706,0.021309365144306706,0.5654691571988149,0.005
3,1785,7788,0.024615955493204614,0.024615955493204614,0.5683020636483324,0.005
3,1786,7789,0.02769328243303517,0.02769328243303517,0.5669767437697266,0.005
3,1787,7790,0.025388483935391268,0.025388483935391268,0.5677500972253798,0.005
3,1788,7791,0.02040874368766444,0.02040874368766444,0.566802694311139,0.005
3,1789,7792,0.022163297752937253,0.022163297752937253,0.5668116431250965,0.005
3,1790,7793,0.02156036236101279,0.02156036236101279,0.5660149238547713,0.005
3,1791,7794,0.023982657622317667,0.023982657622317667,0.5698589825888294,0.005
3,1792,7795,0.03318746164165386,0.03318746164165386,0.5703552179525173,0.005
3,1793,7796,0.020986893949186042,0.020986893949186042,0.5626980070409437,0.005
3,1794,7797,0.023155450043208882,0.023155450043208882,0.569304919467051,0.005
3,1795,7798,0.025149197364206156,0.025149197364206156,0.5698179708907574,0.005
3,1796,7799,0.02633251444364114,0.02633251444364114,0.5714455718612126,0.005
3,1797,7800,0.02689187317123297,0.02689187317123297,0.5671688002083387,0.005
3,1798,7801,0.020899458885239815,0.020899458885239815,0.5658980996945908,0.005
3,1799,7802,0.025518055966544922,0.025518055966544922,0.5673379982313139,0.005
3,1800,7803,0.020882200081823427,0.020882200081823427,0.5648585896725598,0.005
3,1801,7804,0.028121986173400552,0.028121986173400552,0.5687707069268393,0.005
3,1802,7805,0.024794090698167723,0.024794090698167723,0.5680753802197711,0.005
3,1803,7806,0.020679558512818955,0.020679558512818955,0.5648149283041791,0.005
3,1804,7807,0.024245725869804613,0.024245725869804613,0.5702273895323983,0.005
3,1805,7808,0.02400944311922567,0.02400944311922567,0.5652423372451426,0.005
3,1806,7809,0.021308159422506957,0.021308159422506957,0.5687507662434157,0.005
3,1807,7810,0.02512987379154245,0.02512987379154245,0.5648668415883714,0.005
3,1808,7811,0.026767342045963108,0.026767342045963108,0.5669705516331035,0.005
3,1809,7812,0.024536799747521786,0.024536799747521786,0.5661431013339705,0.005
3,1810,7813,0.0234771438695496,0.0234771438695496,0.5675610120961694,0.005
3,1811,7814,0.026816329362516794,0.026816329362516794,0.5697623089812742,0.005
3,1812,7815,0.021743987506215066,0.021743987506215066,0.5633145239342934,0.005
3,1813,7816,0.022831088347328162,0.022831088347328162,0.5687797333694266,0.005
3,1814,7817,0.02497852872495595,0.02497852872495595,0.5647963051001478,0.005
3,1815,7818,0.0201138369007008,0.0201138369007008,0.5661477090047887,0.005
3,1816,7819,0.01943350061823494,0.01943350061823494,0.5630811900593825,0.005
3,1817,7820,0.019574882251716268,0.019574882251716268,0.5675232903090638,0.005
3,1818,7821,0.023719135482201663,0.023719135482201663,0.5643627030296527,0.005
3,1819,7822,0.027134980490445798,0.027134980490445798,0.5710265599663189,0.005
3,1820,7823,0.023001665372384655,0.023001665372384655,0.564487569971566,0.005
3,1821,7824,0.02292776436971137,0.02292776436971137,0.5633186783171423,0.005
3,1822,7825,0.02725196580912731,0.02725196580912731,0.5694969265473994,0.005
3,1823,7826,0.025648387570862595,0.025648387570862595,0.5665310107106213,0.005
3,1824,7827,0.02016332660714864,0.02016332660714864,0.5657856013209168,0.005
3,1825,7828,0.02257271785393246,0.02257271785393246,0.5657492033175128,0.005
3,1826,7829,0.021994404579295596,0.021994404579295596,0.5657785421372649,0.005
3,1827,7830,0.028059916776091758,0.028059916776091758,0.5721935534048409,0.005
3,1828,7831,0.027600958279841537,0.027600958279841537,0.5698986521731948,0.005
3,1829,7832,0.022952856632220776,0.022952856632220776,0.5688713869786796,0.005
3,1830,7833,0.01629522773554929,0.01629522773554929,0.566233243375434,0.005
3,1831,7834,0.024794063453518318,0.024794063453518318,0.5689385631002468,0.005
3,1832,7835,0.02567606435094401,0.02567606435094401,0.572455451580388,0.005
3,1833,7836,0.03154914730730668,0.03154914730730668,0.5684259043232093,0.005
3,1834,7837,0.027091452732670926,0.027091452732670926,0.5706051907735175,0.005
3,1835,7838,0.01982929237544494,0.01982929237544494,0.5679938989699752,0.005
3,1836,7839,0.023352511677731384,0.023352511677731384,0.5674863298917091,0.005
3,1837,7840,0.024823739261790965,0.024823739261790965,0.5668250682192226,0.005
3,1838,7841,0.024932446620855975,0.024932446620855975,0.5680035652367201,0.005
3,1839,7842,0.027583740482135268,0.027583740482135268,0.5667944613112049,0.005
3,1840,7843,0.02170776289709894,0.02170776289709894,0.5645250203648654,0.005
3,1841,7844,0.027462865292882332,0.027462865292882332,0.5670753983489746,0.005
3,1842,7845,0.026362767544683332,0.026362767544683332,0.5636546048390221,0.005
3,1843,7846,0.02334218480429927,0.02334218480429927,0.5665167719739531,0.005
3,1844,7847,0.019717728630342143,0.019717728630342143,0.564659756029147,0.005
3,1845,7848,0.02739195032634727,0.02739195032634727,0.5651272634914716,0.005
3,1846,7849,0.023038156640170577,0.023038156640170577,0.5654469280785387,0.005
3,1847,7850,0.020586997616034188,0.020586997616034188,0.5660871623621028,0.005
3,1848,7851,0.027593132662329684,0.027593132662329684,0.5697332752954449,0.005
3,1849,7852,0.02512967662591226,0.02512967662591226,0.5695362460993229,0.005
3,1850,7853,0.030670590723711047,0.030670590723711047,0.5598274181661227,0.005
3,1851,7854,0.026858650909925966,0.026858650909925966,0.5661078733106152,0.005
3,1852,7855,0.024514795499153266,0.024514795499153266,0.5615653279381514,0.005
3,1853,7856,0.0200745650637994,0.0200745650637994,0.5621651534485731,0.005
3,1854,7857,0.023915462904326105,0.023915462904326105,0.5668011738969275,0.005
3,1855,7858,0.028615408851502808,0.028615408851502808,0.5703436233310042,0.005
3,1856,7859,0.019268731907324033,0.019268731907324033,0.563722222787527,0.005
3,1857,7860,0.024624847387323723,0.024624847387323723,0.5655249209764323,0.005
3,1858,7861,0.02436332122608151,0.02436332122608151,0.5691544503275382,0.005
3,1859,7862,0.02179012950808011,0.02179012950808011,0.56484410769173,0.005
3,1860,7863,0.020099405235198823,0.020099405235198823,0.5640673870846121,0.005
3,1861,7864,0.024054956466162576,0.024054956466162576,0.5665634618312586,0.005
3,1862,7865,0.026569244807242185,0.026569244807242185,0.5681919002273822,0.005
3,1863,7866,0.01976539911607065,0.01976539911607065,0.5616039817961587,0.005
3,1864,7867,0.02967559043012377,0.02967559043012377,0.5665888556122507,0.005
3,1865,7868,0.02053624524031075,0.02053624524031075,0.5630771630320371,0.005
3,1866,7869,0.022129726629052434,0.022129726629052434,0.5652344964372591,0.005
3,1867,7870,0.02231945295858301,0.02231945295858301,0.5666860518733844,0.005
3,1868,7871,0.02444249237996829,0.02444249237996829,0.5665402401750931,0.005
3,1869,7872,0.024324214867145637,0.024324214867145637,0.5710998930243835,0.005
3,1870,7873,0.01973161984027206,0.01973161984027206,0.5653082233325022,0.005
3,1871,7874,0.022330001509007165,0.022330001509007165,0.5685847260513612,0.005
3,1872,7875,0.02359015830321235,0.02359015830321235,0.5686895966998577,0.005
3,1873,7876,0.020248199423458624,0.020248199423458624,0.5643555355752555,0.005
3,1874,7877,0.0228232919098175,0.0228232919098175,0.5674806490144562,0.005
3,1875,7878,0.023518881417303125,0.023518881417303125,0.5675509606453952,0.005
3,1876,7879,0.023940265622557244,0.023940265622557244,0.5685687356694233,0.005
3,1877,7880,0.022978736408228045,0.022978736408228045,0.5657576715271879,0.005
3,1878,7881,0.026014984359903348,0.026014984359903348,0.5717071613956337,0.005
3,1879,7882,0.02554838341957829,0.02554838341957829,0.5653096701923803,0.005
3,1880,7883,0.020806109097778122,0.020806109097778122,0.5628337994096961,0.005
3,1881,7884,0.028192129610223132,0.028192129610223132,0.5701978084676328,0.005
3,1882,7885,0.02705484806090464,0.02705484806090464,0.5688144618227376,0.005
3,1883,7886,0.020882585263317155,0.020882585263317155,0.5666301360881985,0.005
3,1884,7887,0.02665565396508501,0.02665565396508501,0.567236037079115,0.005
3,1885,7888,0.026240174636044607,0.026240174636044607,0.5671796616874558,0.005
3,1886,7889,0.02446136675862563,0.02446136675862563,0.5657810076796856,0.005
3,1887,7890,0.02428010508165194,0.02428010508165194,0.5632919105887523,0.005
3,1888,7891,0.022613430774191513,0.022613430774191513,0.5638916320945601,0.005
3,1889,7892,0.020530764500700634,0.020530764500700634,0.565798143947596,0.005
3,1890,7893,0.02695233330091634,0.02695233330091634,0.5688332067191625,0.005
3,1891,7894,0.02950619640445444,0.02950619640445444,0.566407918921442,0.005
3,1892,7895,0.02528087486951985,0.02528087486951985,0.5692441324642115,0.005
3,1893,7896,0.02157691057915699,0.02157691057915699,0.5651755525694454,0.005
3,1894,7897,0.027385360442431395,0.027385360442431395,0.5695003558558469,0.005
3,1895,7898,0.03042096120329947,0.03042096120329947,0.569875798836403,0.005
3,1896,7899,0.029026010287467388,0.029026010287467388,0.5681810304356797,0.005
3,1897,7900,0.02271057327567623,0.02271057327567623,0.565847121559064,0.005
3,1898,7901,0.026407008383388827,0.026407008383388827,0.5696032687568885,0.005
3,1899,7902,0.028327878964782477,0.028327878964782477,0.5684026231841104,0.005
3,1900,7903,0.025741138271669285,0.025741138271669285,0.5698552789750473,0.005
3,1901,7904,0.019995788175194817,0.019995788175194817,0.5661704259223436,0.005
3,1902,7905,0.024733677024139852,0.024733677024139852,0.5643371425896796,0.005
3,1903,7906,0.028133060283366103,0.028133060283366103,0.571007408646134,0.005
3,1904,7907,0.027244646035671602,0.027244646035671602,0.5708069565333265,0.005
3,1905,7908,0.023973108371033586,0.023973108371033586,0.5646809388365853,0.005
3,1906,7909,0.025836980441883164,0.025836980441883164,0.5691054531439134,0.005
3,1907,7910,0.021548239615271282,0.021548239615271282,0.567753919956663,0.005
3,1908,7911,0.026122660795028466,0.026122660795028466,0.5690573494264026,0.005
3,1909,7912,0.02185605802714423,0.02185605802714423,0.5668310080059152,0.005
3,1910,7913,0.029160232636828095,0.029160232636828095,0.566856685555237,0.005
3,1911,7914,0.02262913306368747,0.02262913306368747,0.5664111923086174,0.005
3,1912,7915,0.026933968068737168,0.026933968068737168,0.5685194957511799,0.005
3,1913,7916,0.02633634485850512,0.02633634485850512,0.5669024780492373,0.005
3,1914,7917,0.025284102511951546,0.025284102511951546,0.5662161072261086,0.005
3,1915,7918,0.02557021222266126,0.02557021222266126,0.5684152412017528,0.005
3,1916,7919,0.02124550727869976,0.02124550727869976,0.5680170039169196,0.005
3,1917,7920,0.02765852827663732,0.02765852827663732,0.5658223460587382,0.005
3,1918,7921,0.024639906165498337,0.024639906165498337,0.5703127996897119,0.005
3,1919,7922,0.026243892541313943,0.026243892541313943,0.569096067086497,0.005
3,1920,7923,0.022823382961672148,0.022823382961672148,0.5632686751068096,0.005
3,1921,7924,0.01817698247129807,0.01817698247129807,0.5639146097322455,0.005
3,1922,7925,0.022969712368474934,0.022969712368474934,0.5669220336977311,0.005
3,1923,7926,0.022324074428493088,0.022324074428493088,0.5630225025082712,0.005
3,1924,7927,0.028380543276746564,0.028380543276746564,0.5694479680045778,0.005
3,1925,7928,0.025290087125323244,0.025290087125323244,0.5674465127784737,0.005
3,1926,7929,0.021928037093982812,0.021928037093982812,0.5630275708223949,0.005
3,1927,7930,0.026974568307292016,0.026974568307292016,0.5685223861036257,0.005
3,1928,7931,0.025281695355577193,0.025281695355577193,0.5664081708220807,0.005
3,1929,7932,0.020101532536934613,0.020101532536934613,0.5647240038797177,0.005
3,1930,7933,0.025754958339330093,0.025754958339330093,0.5720515279413838,0.005
3,1931,7934,0.018802715464084976,0.018802715464084976,0.567093678008318,0.005
3,1932,7935,0.021821282423350644,0.021821282423350644,0.5671767619217275,0.005
3,1933,7936,0.022799322295157555,0.022799322295157555,0.5683114555493237,0.005
3,1934,7937,0.028602958595497694,0.028602958595497694,0.5716775476175473,0.005
3,1935,7938,0.024751180007471077,0.024751180007471077,0.5660862087850445,0.005
3,1936,7939,0.02625359627780858,0.02625359627780858,0.5693909949527711,0.005
3,1937,7940,0.026078278141536456,0.026078278141536456,0.5659471846280165,0.005
3,1938,7941,0.024911653185260348,0.024911653185260348,0.5678620921835964,0.005
3,1939,7942,0.024310946860194832,0.024310946860194832,0.5658035229675212,0.005
3,1940,7943,0.020146431018526135,0.020146431018526135,0.5611652603752713,0.005
3,1941,7944,0.02391470934960281,0.02391470934960281,0.5674119051671572,0.005
3,1942,7945,0.02469484912950854,0.02469484912950854,0.5683210979566572,0.005
3,1943,7946,0.0198370336439496,0.0198370336439496,0.5628876194107415,0.005
3,1944,7947,0.021100901531228598,0.021100901531228598,0.5671096866366765,0.005
3,1945,7948,0.02518527931197173,0.02518527931197173,0.5683600997932042,0.005
3,1946,7949,0.02680782322459433,0.02680782322459433,0.5686936613713488,0.005
3,1947,7950,0.020021551538832692,0.020021551538832692,0.562034470145388,0.005
3,1948,7951,0.023837732525303485,0.023837732525303485,0.5660670584422369,0.005
3,1949,7952,0.028705998297200663,0.028705998297200663,0.5689768585778542,0.005
3,1950,7953,0.02124422233616423,0.02124422233616423,0.565591747260177,0.005
3,1951,7954,0.022618064495313325,0.022618064495313325,0.5673457142701905,0.005
3,1952,7955,0.022304890369044275,0.022304890369044275,0.5678648974869775,0.005
3,1953,7956,0.02188185511303488,0.02188185511303488,0.5659768103980203,0.005
3,1954,7957,0.01801450834348823,0.01801450834348823,0.5629038526733292,0.005
3,1955,7958,0.027964031628762553,0.027964031628762553,0.5689430776380731,0.005
3,1956,7959,0.02035088626653945,0.02035088626653945,0.5644064960393506,0.005
3,1957,7960,0.019167869719669557,0.019167869719669557,0.5624938333885708,0.005
3,1958,7961,0.02343357140979449,0.02343357140979449,0.5652494254233541,0.005
3,1959,7962,0.036211746168853365,0.036211746168853365,0.5598018590540421,0.005
3,1960,7963,0.02771625363756386,0.02771625363756386,0.5689447937399104,0.005
3,1961,7964,0.02237347228849796,0.02237347228849796,0.5637382046426297,0.005
3,1962,7965,0.022330153874819098,0.022330153874819098,0.5645960073331308,0.005
3,1963,7966,0.022627054419933148,0.022627054419933148,0.5668545371307755,0.005
3,1964,7967,0.02337187385488407,0.02337187385488407,0.5638792612178655,0.005
3,1965,7968,0.02241979318893452,0.02241979318893452,0.5679329165566207,0.005
3,1966,7969,0.024283569427466824,0.024283569427466824,0.5681940575724758,0.005
3,1967,7970,0.022286904655298652,0.022286904655298652,0.5639355735341706,0.005
3,1968,7971,0.02448715779484697,0.02448715779484697,0.568671572775933,0.005
3,1969,7972,0.02084347730493703,0.02084347730493703,0.5635109165172711,0.005
3,1970,7973,0.025251911674103043,0.025251911674103043,0.5668141265977213,0.005
3,1971,7974,0.022168531373012328,0.022168531373012328,0.5646019989083064,0.005
3,1972,7975,0.028256131034976338,0.028256131034976338,0.5649635105722765,0.005
3,1973,7976,0.021987426932437194,0.021987426932437194,0.5656988827693784,0.005
3,1974,7977,0.024098453021076646,0.024098453021076646,0.5671360957988923,0.005
3,1975,7978,0.021472344190363802,0.021472344190363802,0.5629134087972295,0.005
3,1976,7979,0.02978716448934258,0.02978716448934258,0.5734298321576258,0.005
3,1977,7980,0.027523437976196753,0.027523437976196753,0.5638895670356515,0.005
3,1978,7981,0.026231948127689423,0.026231948127689423,0.5665438340350937,0.005
3,1979,7982,0.023302268800714586,0.023302268800714586,0.5650482044464803,0.005
3,1980,7983,0.020350642583053656,0.020350642583053656,0.568074060865447,0.005
3,1981,7984,0.02079240572776556,0.02079240572776556,0.5664653017806012,0.005
3,1982,7985,0.024191710353437073,0.024191710353437073,0.5691676962637905,0.005
3,1983,7986,0.02466094657558971,0.02466094657558971,0.5668108156065613,0.005
3,1984,7987,0.02498992602450074,0.02498992602450074,0.5638471370055892,0.005
3,1985,7988,0.019981260672354076,0.019981260672354076,0.5648914694312975,0.005
3,1986,7989,0.029057195044462462,0.029057195044462462,0.5710205664231736,0.005
3,1987,7990,0.023217976181211686,0.023217976181211686,0.5666825353084362,0.005
3,1988,7991,0.033518077568712154,0.033518077568712154,0.5700440738247078,0.005
3,1989,7992,0.02276783817491585,0.02276783817491585,0.5654158165485853,0.005
3,1990,7993,0.021099498200166697,0.021099498200166697,0.56700208116377,0.005
3,1991,7994,0.02519607573610467,0.02519607573610467,0.5647862657663911,0.005
3,1992,7995,0.02630729958064868,0.02630729958064868,0.5660708248064402,0.005
3,1993,7996,0.023809574682576155,0.023809574682576155,0.5658614825932631,0.005
3,1994,7997,0.02891828755569242,0.02891828755569242,0.5646625326896928,0.005
3,1995,7998,0.023171408829814763,0.023171408829814763,0.5678527620361064,0.005
3,1996,7999,0.018003492417742243,0.018003492417742243,0.5646780271416215,0.005
3,1997,8000,0.02288748783072215,0.02288748783072215,0.5660752401694363,0.005
3,1998,8001,0.017894569398671983,0.017894569398671983,0.5600875401632017,0.005
3,1999,8002,0.01943077617702702,0.01943077617702702,0.5633555235808625,0.005
3,2000,8003,0.020276911031256253,0.020276911031256253,0.566423250555046,0.005
2,0,8004,0.14082180639103647,0.14082180639103647,0.528455225243565,0.005
2,1,8005,0.1285447544314149,0.1285447544314149,0.529059202810701,0.005
2,2,8006,0.12489498895447868,0.12489498895447868,0.5320483542038045,0.005
2,3,8007,0.12129326185062106,0.12129326185062106,0.5304656091971942,0.005
2,4,8008,0.11244765945326077,0.11244765945326077,0.5316072354514239,0.005
2,5,8009,0.1028728194830327,0.1028728194830327,0.5303533718314287,0.005
2,6,8010,0.09246893306736366,0.09246893306736366,0.5330933813242722,0.005
2,7,8011,0.08637637163644635,0.08637637163644635,0.530354088055623,0.005
2,8,8012,0.08291048737960366,0.08291048737960366,0.5309768924595908,0.005
2,9,8013,0.09562501129320576,0.09562501129320576,0.531391976054664,0.005
2,10,8014,0.07274206173326711,0.07274206173326711,0.5297033654550627,0.005
2,11,8015,0.08071099480333874,0.08071099480333874,0.5319053525072956,0.005
2,12,8016,0.065008583096718,0.065008583096718,0.531583087777752,0.005
2,13,8017,0.06481539951829497,0.06481539951829497,0.5317131696597813,0.005
2,14,8018,0.06370750756897436,0.06370750756897436,0.532836837041461,0.005
2,15,8019,0.07075748756832125,0.07075748756832125,0.5313539154335238,0.005
2,16,8020,0.05774462878179869,0.05774462878179869,0.5323398797113772,0.005
2,17,8021,0.05688432449290794,0.05688432449290794,0.5340478735783006,0.005
2,18,8022,0.0492472335065592,0.0492472335065592,0.5327581734278849,0.005
2,19,8023,0.04783144185814955,0.04783144185814955,0.5318826927983256,0.005
2,20,8024,0.04900289053978577,0.04900289053978577,0.5334995793035875,0.005
2,21,8025,0.04678446151672856,0.04678446151672856,0.5332306950105357,0.005
2,22,8026,0.04586876373185272,0.04586876373185272,0.5328967806706413,0.005
2,23,8027,0.04799903351857139,0.04799903351857139,0.5341439148717027,0.005
2,24,8028,0.04911808599141745,0.04911808599141745,0.5363039753672014,0.005
2,25,8029,0.04194145035953056,0.04194145035953056,0.533499081487043,0.005
2,26,8030,0.044036951396870486,0.044036951396870486,0.5347870335741973,0.005
2,27,8031,0.04145156503305472,0.04145156503305472,0.5348553406307388,0.005
2,28,8032,0.046872565080726056,0.046872565080726056,0.5341255779496303,0.005
2,29,8033,0.0322354592995346,0.0322354592995346,0.5341729549579717,0.005
2,30,8034,0.04320424055660652,0.04320424055660652,0.5352988084770833,0.005
2,31,8035,0.03617723459470943,0.03617723459470943,0.5347957455032715,0.005
2,32,8036,0.03361333210316218,0.03361333210316218,0.5348045642477992,0.005
2,33,8037,0.043281349607099236,0.043281349607099236,0.5356658849694619,0.005
2,34,8038,0.034547776527798515,0.034547776527798515,0.5360452277314421,0.005
2,35,8039,0.03192305579043459,0.03192305579043459,0.5356802494938129,0.005
2,36,8040,0.03339474447044977,0.03339474447044977,0.535229986066051,0.005
2,37,8041,0.03142062303678321,0.03142062303678321,0.5344629786946642,0.005
2,38,8042,0.03123143882909229,0.03123143882909229,0.5359021063465529,0.005
2,39,8043,0.03161792652467087,0.03161792652467087,0.5348433248863185,0.005
2,40,8044,0.028623158893002695,0.028623158893002695,0.5355410050323224,0.005
2,41,8045,0.025965095061262607,0.025965095061262607,0.5339205792450268,0.005
2,42,8046,0.032434370645551464,0.032434370645551464,0.5360277774379576,0.005
2,43,8047,0.03105358629634565,0.03105358629634565,0.5364548772861204,0.005
2,44,8048,0.026725409819980887,0.026725409819980887,0.5344467362199907,0.005
2,45,8049,0.026537966097261056,0.026537966097261056,0.5339581409161267,0.005
2,46,8050,0.027349378687805903,0.027349378687805903,0.5351332653247706,0.005
2,47,8051,0.03214287607424761,0.03214287607424761,0.5367112122628629,0.005
2,48,8052,0.023698478464529233,0.023698478464529233,0.535248869575821,0.005
2,49,8053,0.03017140561125788,0.03017140561125788,0.5349080854005688,0.005
2,50,8054,0.025707627112664968,0.025707627112664968,0.5356557232870705,0.005
2,51,8055,0.027557307004706426,0.027557307004706426,0.5362875038213905,0.005
2,52,8056,0.020991694783204805,0.020991694783204805,0.5332833702940971,0.005
2,53,8057,0.024870038823775704,0.024870038823775704,0.5357200861509328,0.005
2,54,8058,0.023469634892168047,0.023469634892168047,0.5347028368637453,0.005
2,55,8059,0.024249990968728194,0.024249990968728194,0.5356350554134619,0.005
2,56,8060,0.020019329372958083,0.020019329372958083,0.5328318741883877,0.005
2,57,8061,0.02279169475166143,0.02279169475166143,0.5357515805701935,0.005
2,58,8062,0.027590627989892265,0.027590627989892265,0.5355003961523431,0.005
2,59,8063,0.023935148499470135,0.023935148499470135,0.535047875723465,0.005
2,60,8064,0.021364609561699915,0.021364609561699915,0.5356235589714131,0.005
2,61,8065,0.02653433603241869,0.02653433603241869,0.5325451609008375,0.005
2,62,8066,0.019179253471812915,0.019179253471812915,0.5337653799432741,0.005
2,63,8067,0.02177048986716359,0.02177048986716359,0.5349532589638487,0.005
2,64,8068,0.027717856990234012,0.027717856990234012,0.5344380870620857,0.005
2,65,8069,0.02554383355323142,0.02554383355323142,0.5372996763437033,0.005
2,66,8070,0.020977721662432752,0.020977721662432752,0.5338842936005548,0.005
2,67,8071,0.01978557587618492,0.01978557587618492,0.5326755491613693,0.005
2,68,8072,0.019244477504624366,0.019244477504624366,0.5350177309822619,0.005
2,69,8073,0.02493623767142722,0.02493623767142722,0.5326718478859471,0.005
2,70,8074,0.019535390166826226,0.019535390166826226,0.5338682016273871,0.005
2,71,8075,0.018609166041333496,0.018609166041333496,0.53313626614312,0.005
2,72,8076,0.022758838801661747,0.022758838801661747,0.5329502873275113,0.005
2,73,8077,0.017859854001902483,0.017859854001902483,0.5317153390251442,0.005
2,74,8078,0.023894315904868443,0.023894315904868443,0.5351457861229166,0.005
2,75,8079,0.017728219327332644,0.017728219327332644,0.5322427686272979,0.005
2,76,8080,0.020105934382441126,0.020105934382441126,0.5339580560365529,0.005
2,77,8081,0.019233742597994763,0.019233742597994763,0.5328697675938593,0.005
2,78,8082,0.02006477201566046,0.02006477201566046,0.533325783577345,0.005
2,79,8083,0.01730225035234776,0.01730225035234776,0.5307348395801322,0.005
2,80,8084,0.017540772006606593,0.017540772006606593,0.5322600704195706,0.005
2,81,8085,0.019542901951654337,0.019542901951654337,0.5323438877139153,0.005
2,82,8086,0.031736968299919836,0.031736968299919836,0.533963224474291,0.005
2,83,8087,0.025763993280139105,0.025763993280139105,0.5348976247173103,0.005
2,84,8088,0.02359339632284864,0.02359339632284864,0.5350564391812114,0.005
2,85,8089,0.021752658339596012,0.021752658339596012,0.5343795798160622,0.005
2,86,8090,0.020972832454314205,0.020972832454314205,0.5322497282091386,0.005
2,87,8091,0.02022359658809879,0.02022359658809879,0.53365663844749,0.005
2,88,8092,0.021110718360426727,0.021110718360426727,0.5334597883553088,0.005
2,89,8093,0.017678774973284444,0.017678774973284444,0.5327737451620825,0.005
2,90,8094,0.02014518424373226,0.02014518424373226,0.5318722478707131,0.005
2,91,8095,0.017557019227681568,0.017557019227681568,0.5328289233580543,0.005
2,92,8096,0.01748319375122164,0.01748319375122164,0.5317750396237941,0.005
2,93,8097,0.01751671146208688,0.01751671146208688,0.53288243354472,0.005
2,94,8098,0.01804742428270214,0.01804742428270214,0.5303882145891786,0.005
2,95,8099,0.018867532434275566,0.018867532434275566,0.53237137492043,0.005
2,96,8100,0.0194800535004026,0.0194800535004026,0.5317719659170697,0.005
2,97,8101,0.02169957043705628,0.02169957043705628,0.5315472254629651,0.005
2,98,8102,0.02097060641348618,0.02097060641348618,0.5303247229118865,0.005
2,99,8103,0.020354645876041716,0.020354645876041716,0.5335194467245199,0.005
2,100,8104,0.022890058240752156,0.022890058240752156,0.5313626035653632,0.005
2,101,8105,0.020781359212977808,0.020781359212977808,0.5329353731426366,0.005
2,102,8106,0.02673903120478732,0.02673903120478732,0.532018075941409,0.005
2,103,8107,0.020560912240705206,0.020560912240705206,0.531748479166919,0.005
2,104,8108,0.018951716976138264,0.018951716976138264,0.5328099281827269,0.005
2,105,8109,0.01914031404582981,0.01914031404582981,0.5328431919748663,0.005
2,106,8110,0.021003297485353338,0.021003297485353338,0.531918007495322,0.005
2,107,8111,0.020467693586174743,0.020467693586174743,0.5319138405350016,0.005
2,108,8112,0.020608668736156327,0.020608668736156327,0.5322883173026705,0.005
2,109,8113,0.019647467586682538,0.019647467586682538,0.5318540240930995,0.005
2,110,8114,0.017556575683251995,0.017556575683251995,0.5310649680207318,0.005
2,111,8115,0.020798386089207,0.020798386089207,0.5300330503092366,0.005
2,112,8116,0.01700999998544632,0.01700999998544632,0.5306558327129942,0.005
2,113,8117,0.01412126716360863,0.01412126716360863,0.5304248709256274,0.005
2,114,8118,0.01934520707723711,0.01934520707723711,0.5316029405248328,0.005
2,115,8119,0.017375781373779858,0.017375781373779858,0.5309513878505404,0.005
2,116,8120,0.01725210044897059,0.01725210044897059,0.533283820582077,0.005
2,117,8121,0.021816014490406398,0.021816014490406398,0.5308891079956392,0.005
2,118,8122,0.021403728456255544,0.021403728456255544,0.5316796826475633,0.005
2,119,8123,0.02029770895293706,0.02029770895293706,0.5328244982022742,0.005
2,120,8124,0.018339620333858758,0.018339620333858758,0.5320938867386387,0.005
2,121,8125,0.023285694870519583,0.023285694870519583,0.5298585628247238,0.005
2,122,8126,0.015894005901307146,0.015894005901307146,0.5315397314207463,0.005
2,123,8127,0.026894252256363084,0.026894252256363084,0.5317250823695051,0.005
2,124,8128,0.020538283310370387,0.020538283310370387,0.5307159294160133,0.005
2,125,8129,0.017533290955295155,0.017533290955295155,0.5307053616776378,0.005
2,126,8130,0.018737833991396773,0.018737833991396773,0.5318124836576102,0.005
2,127,8131,0.02093019635849142,0.02093019635849142,0.5331133666971265,0.005
2,128,8132,0.01834817165964759,0.01834817165964759,0.5315759624938367,0.005
2,129,8133,0.024788789411705064,0.024788789411705064,0.5297699118032316,0.005
2,130,8134,0.017246394017159557,0.017246394017159557,0.5295178183074338,0.005
2,131,8135,0.019766266827833865,0.019766266827833865,0.5318114176189064,0.005
2,132,8136,0.021483909939063583,0.021483909939063583,0.5343488066352616,0.005
2,133,8137,0.019315727478943497,0.019315727478943497,0.5312306759519942,0.005
2,134,8138,0.021817976786379263,0.021817976786379263,0.5306254748472488,0.005
2,135,8139,0.020910309506883183,0.020910309506883183,0.5324245589035547,0.005
2,136,8140,0.02003842403521239,0.02003842403521239,0.528825854486022,0.005
2,137,8141,0.018895911636063897,0.018895911636063897,0.5321510085824078,0.005
2,138,8142,0.021579843147062707,0.021579843147062707,0.5305017456564026,0.005
2,139,8143,0.022253415706801696,0.022253415706801696,0.531287662253202,0.005
2,140,8144,0.021345991999626664,0.021345991999626664,0.5331274724991799,0.005
2,141,8145,0.020170597621303084,0.020170597621303084,0.5303007525037916,0.005
2,142,8146,0.021924080612499758,0.021924080612499758,0.5320887482403394,0.005
2,143,8147,0.021336953393696012,0.021336953393696012,0.5307189496977833,0.005
2,144,8148,0.01955247457647514,0.01955247457647514,0.5324167359878194,0.005
2,145,8149,0.018751209615644505,0.018751209615644505,0.5318554037222919,0.005
2,146,8150,0.018465514062061796,0.018465514062061796,0.5313915602464809,0.005
2,147,8151,0.021083310159845714,0.021083310159845714,0.5312191924200337,0.005
2,148,8152,0.018125024388642767,0.018125024388642767,0.529766763418844,0.005
2,149,8153,0.02245413152606402,0.02245413152606402,0.5328349286284162,0.005
2,150,8154,0.02127010702722263,0.02127010702722263,0.5317222141888465,0.005
2,151,8155,0.020507056119655295,0.020507056119655295,0.5308633112601938,0.005
2,152,8156,0.019621254549190177,0.019621254549190177,0.5295001653500679,0.005
2,153,8157,0.021707310910062803,0.021707310910062803,0.5312034839740688,0.005
2,154,8158,0.01645406628280478,0.01645406628280478,0.5300983387256165,0.005
2,155,8159,0.027913834616364267,0.027913834616364267,0.5315481377114386,0.005
2,156,8160,0.021727224636786592,0.021727224636786592,0.5293433926370079,0.005
2,157,8161,0.0195245670251967,0.0195245670251967,0.533121600963785,0.005
2,158,8162,0.022215168214408092,0.022215168214408092,0.5331523638251697,0.005
2,159,8163,0.01651170179905659,0.01651170179905659,0.530922482917747,0.005
2,160,8164,0.01944067070303002,0.01944067070303002,0.5307192578833619,0.005
2,161,8165,0.022197798434033158,0.022197798434033158,0.5309186797191736,0.005
2,162,8166,0.02048546604755972,0.02048546604755972,0.5335229712706271,0.005
2,163,8167,0.018647745140514916,0.018647745140514916,0.5318937366728042,0.005
2,164,8168,0.02183633633774498,0.02183633633774498,0.5310341948598456,0.005
2,165,8169,0.022860504457611654,0.022860504457611654,0.5316571274296805,0.005
2,166,8170,0.016658685421785092,0.016658685421785092,0.5316134788874605,0.005
2,167,8171,0.019081018233020358,0.019081018233020358,0.5322338882929267,0.005
2,168,8172,0.018747848614790008,0.018747848614790008,0.5295390059241243,0.005
2,169,8173,0.019746645891619983,0.019746645891619983,0.5306654329791496,0.005
2,170,8174,0.016998659836289613,0.016998659836289613,0.5300623444238871,0.005
2,171,8175,0.019576721772023596,0.019576721772023596,0.5318862477269198,0.005
2,172,8176,0.020361595286115617,0.020361595286115617,0.5321800091785003,0.005
2,173,8177,0.01667762179163584,0.01667762179163584,0.5305493039994736,0.005
2,174,8178,0.01860809812690601,0.01860809812690601,0.5323427116835832,0.005
2,175,8179,0.020536537570033635,0.020536537570033635,0.529888883406139,0.005
2,176,8180,0.019143459533907642,0.019143459533907642,0.5310269932479885,0.005
2,177,8181,0.017876809414181655,0.017876809414181655,0.5308231716472301,0.005
2,178,8182,0.020244956084366873,0.020244956084366873,0.5327877593264195,0.005
2,179,8183,0.018041577332480338,0.018041577332480338,0.5344645902535671,0.005
2,180,8184,0.020968602645799157,0.020968602645799157,0.5325375587019684,0.005
2,181,8185,0.02316653295470224,0.02316653295470224,0.531773744749153,0.005
2,182,8186,0.023638606312902488,0.023638606312902488,0.5323107268396682,0.005
2,183,8187,0.024277523519853267,0.024277523519853267,0.5291961306240065,0.005
2,184,8188,0.018480496511711124,0.018480496511711124,0.5320488005093957,0.005
2,185,8189,0.018511853733362213,0.018511853733362213,0.5314514315580585,0.005
2,186,8190,0.02180953790251934,0.02180953790251934,0.53236196945714,0.005
2,187,8191,0.018093587291362,0.018093587291362,0.5322376920055898,0.005
2,188,8192,0.019872826754404747,0.019872826754404747,0.5334818376755576,0.005
2,189,8193,0.018929612155902057,0.018929612155902057,0.5304268476263062,0.005
2,190,8194,0.020683711293445685,0.020683711293445685,0.5311499292417268,0.005
2,191,8195,0.018192883764214095,0.018192883764214095,0.5325682347626429,0.005
2,192,8196,0.02443952674059978,0.02443952674059978,0.5315807492358873,0.005
2,193,8197,0.018598427953964665,0.018598427953964665,0.5317929898468987,0.005
2,194,8198,0.017091645928089982,0.017091645928089982,0.5312700747583742,0.005
2,195,8199,0.02166279625143368,0.02166279625143368,0.531539325409722,0.005
2,196,8200,0.01615324466837452,0.01615324466837452,0.531203073061855,0.005
2,197,8201,0.019000561251649686,0.019000561251649686,0.528912753332577,0.005
2,198,8202,0.018649097833154184,0.018649097833154184,0.5308246626481263,0.005
2,199,8203,0.018585885565041267,0.018585885565041267,0.532346046188309,0.005
2,200,8204,0.016651731372086618,0.016651731372086618,0.5306632362223154,0.005
2,201,8205,0.020220643359918668,0.020220643359918668,0.5332228967199676,0.005
2,202,8206,0.016465314352116497,0.016465314352116497,0.5309442916375003,0.005
2,203,8207,0.018870799736998296,0.018870799736998296,0.5328688165594274,0.005
2,204,8208,0.01813063772065467,0.01813063772065467,0.5325536080372564,0.005
2,205,8209,0.021203823861338934,0.021203823861338934,0.5324858274191271,0.005
2,206,8210,0.021346213176009217,0.021346213176009217,0.5305199115942492,0.005
2,207,8211,0.017937991388468102,0.017937991388468102,0.5315545886823039,0.005
2,208,8212,0.015877392347728215,0.015877392347728215,0.530005937462735,0.005
2,209,8213,0.02113533491417681,0.02113533491417681,0.5322463281991834,0.005
2,210,8214,0.019396660826353294,0.019396660826353294,0.5309801297134643,0.005
2,211,8215,0.0171211541687096,0.0171211541687096,0.5321924584991561,0.005
2,212,8216,0.015466604786098993,0.015466604786098993,0.5316221754481997,0.005
2,213,8217,0.02246807254262162,0.02246807254262162,0.5314894777648205,0.005
2,214,8218,0.023771427960568678,0.023771427960568678,0.5337204175417963,0.005
2,215,8219,0.017311738988339202,0.017311738988339202,0.5300181997945081,0.005
2,216,8220,0.01585146451207866,0.01585146451207866,0.5324772003702889,0.005
2,217,8221,0.01902617099903369,0.01902617099903369,0.5294282203293695,0.005
2,218,8222,0.01999932943650566,0.01999932943650566,0.5291777857410241,0.005
2,219,8223,0.02053077471650847,0.02053077471650847,0.5329635097642306,0.005
2,220,8224,0.021697389503034317,0.021697389503034317,0.5314406432297436,0.005
2,221,8225,0.022837600994059484,0.022837600994059484,0.5324201740802859,0.005
2,222,8226,0.019863826177408613,0.019863826177408613,0.5306296813525891,0.005
2,223,8227,0.020948287676732902,0.020948287676732902,0.5316054468059375,0.005
2,224,8228,0.023515412760233646,0.023515412760233646,0.5326404222639382,0.005
2,225,8229,0.016090434227818036,0.016090434227818036,0.5302619007170497,0.005
2,226,8230,0.018542891797154282,0.018542891797154282,0.5311090177350506,0.005
2,227,8231,0.013626891757911843,0.013626891757911843,0.5302421140279269,0.005
2,228,8232,0.026916363899809254,0.026916363899809254,0.5307816061096216,0.005
2,229,8233,0.016923710060729652,0.016923710060729652,0.5300778723719071,0.005
2,230,8234,0.02038205021200088,0.02038205021200088,0.5306911885818704,0.005
2,231,8235,0.02094199938802042,0.02094199938802042,0.5318244561958385,0.005
2,232,8236,0.025005382353044055,0.025005382353044055,0.5315442259791582,0.005
2,233,8237,0.028508087381733768,0.028508087381733768,0.5313315980077529,0.005
2,234,8238,0.019411444370501497,0.019411444370501497,0.5314977098488167,0.005
2,235,8239,0.0197958849425347,0.0197958849425347,0.5326781726455297,0.005
2,236,8240,0.016794039267233357,0.016794039267233357,0.5305635682023941,0.005
2,237,8241,0.018717930582874312,0.018717930582874312,0.5318405836374662,0.005
2,238,8242,0.020568712972889314,0.020568712972889314,0.5326672080762331,0.005
2,239,8243,0.018316834040051647,0.018316834040051647,0.5336445014092719,0.005
2,240,8244,0.017503922904556643,0.017503922904556643,0.5312409211183325,0.005
2,241,8245,0.02486054407274178,0.02486054407274178,0.5315984536364488,0.005
2,242,8246,0.0262441705744081,0.0262441705744081,0.5324905915019659,0.005
2,243,8247,0.025661985268085358,0.025661985268085358,0.5296206113664177,0.005
2,244,8248,0.017146664472705297,0.017146664472705297,0.5301735411996948,0.005
2,245,8249,0.016441212534811237,0.016441212534811237,0.5298473980324682,0.005
2,246,8250,0.01714295053543055,0.01714295053543055,0.5322751818815541,0.005
2,247,8251,0.016265090783309174,0.016265090783309174,0.531038708970555,0.005
2,248,8252,0.018837027619065028,0.018837027619065028,0.5302812303639027,0.005
2,249,8253,0.0180192490155218,0.0180192490155218,0.5306451132480361,0.005
2,250,8254,0.019122775282618472,0.019122775282618472,0.531008444664234,0.005
2,251,8255,0.019281507334499827,0.019281507334499827,0.5298823953992967,0.005
2,252,8256,0.02187669148081855,0.02187669148081855,0.5314836403397215,0.005
2,253,8257,0.019446547878605374,0.019446547878605374,0.529269565299211,0.005
2,254,8258,0.017696825497237854,0.017696825497237854,0.5307368301026744,0.005
2,255,8259,0.018540659785004226,0.018540659785004226,0.5302220997782613,0.005
2,256,8260,0.019413173960655547,0.019413173960655547,0.5328839173334953,0.005
2,257,8261,0.01767000610813494,0.01767000610813494,0.5310345920276326,0.005
2,258,8262,0.01912790895897527,0.01912790895897527,0.5305910325150226,0.005
2,259,8263,0.017716977504837424,0.017716977504837424,0.5325745875450493,0.005
2,260,8264,0.018771804734581524,0.018771804734581524,0.5303228829506333,0.005
2,261,8265,0.014547233204530054,0.014547233204530054,0.5289423884163444,0.005
2,262,8266,0.016962346847602606,0.016962346847602606,0.5311538307433046,0.005
2,263,8267,0.016511119743390385,0.016511119743390385,0.5300387121827457,0.005
2,264,8268,0.02376079718234208,0.02376079718234208,0.5315322608146685,0.005
2,265,8269,0.01933678500658805,0.01933678500658805,0.5320905716930915,0.005
2,266,8270,0.019100733062421438,0.019100733062421438,0.5309958689295187,0.005
2,267,8271,0.018055065075045843,0.018055065075045843,0.5304050845160577,0.005
2,268,8272,0.020077950283860925,0.020077950283860925,0.5300560815998197,0.005
2,269,8273,0.017692356843068822,0.017692356843068822,0.530531555516294,0.005
2,270,8274,0.020087179671389115,0.020087179671389115,0.5329470613210849,0.005
2,271,8275,0.01805179074038596,0.01805179074038596,0.5313314481598589,0.005
2,272,8276,0.024355940260583006,0.024355940260583006,0.5326043502304209,0.005
2,273,8277,0.015537166694400164,0.015537166694400164,0.5302899780291142,0.005
2,274,8278,0.02064944034065163,0.02064944034065163,0.5318649998717924,0.005
2,275,8279,0.019636653119702977,0.019636653119702977,0.5334220481686617,0.005
2,276,8280,0.016432021653703166,0.016432021653703166,0.531196347407652,0.005
2,277,8281,0.017486654246989194,0.017486654246989194,0.5302407006441913,0.005
2,278,8282,0.02134805207191623,0.02134805207191623,0.5321426300608644,0.005
2,279,8283,0.01577374948535886,0.01577374948535886,0.5299591162380339,0.005
2,280,8284,0.023573149758980033,0.023573149758980033,0.5307732162659012,0.005
2,281,8285,0.01716344575309617,0.01716344575309617,0.5287545416645422,0.005
2,282,8286,0.01855733362838609,0.01855733362838609,0.5319501567224821,0.005
2,283,8287,0.020277276651142897,0.020277276651142897,0.5328117708198509,0.005
2,284,8288,0.02022874270058049,0.02022874270058049,0.5342065915251402,0.005
2,285,8289,0.018396976372748817,0.018396976372748817,0.5308310574865411,0.005
2,286,8290,0.019136864917885583,0.019136864917885583,0.531549500275899,0.005
2,287,8291,0.0192021964894762,0.0192021964894762,0.5325100969276859,0.005
2,288,8292,0.02363186058809488,0.02363186058809488,0.5343589948349154,0.005
2,289,8293,0.013479482164612127,0.013479482164612127,0.5281705304700322,0.005
2,290,8294,0.02170802299073119,0.02170802299073119,0.530411269043311,0.005
2,291,8295,0.014394528318284095,0.014394528318284095,0.528169224318524,0.005
2,292,8296,0.017344637940694966,0.017344637940694966,0.5317126958348743,0.005
2,293,8297,0.02331193363912811,0.02331193363912811,0.5333591707609853,0.005
2,294,8298,0.01806708631296865,0.01806708631296865,0.530802138494902,0.005
2,295,8299,0.01932511810412916,0.01932511810412916,0.5327245652600631,0.005
2,296,8300,0.01633918517778111,0.01633918517778111,0.5309935514283172,0.005
2,297,8301,0.01954564281976941,0.01954564281976941,0.5334339992143244,0.005
2,298,8302,0.021029860352189695,0.021029860352189695,0.531685459533152,0.005
2,299,8303,0.01858715359737559,0.01858715359737559,0.5325395006397218,0.005
2,300,8304,0.019062167036360888,0.019062167036360888,0.5313421574479108,0.005
2,301,8305,0.02087692376452842,0.02087692376452842,0.5317639145843572,0.005
2,302,8306,0.019593941062499856,0.019593941062499856,0.5325527179919749,0.005
2,303,8307,0.027327953163446397,0.027327953163446397,0.5319725499301765,0.005
2,304,8308,0.014830341993032422,0.014830341993032422,0.5310843955989609,0.005
2,305,8309,0.01669770211510814,0.01669770211510814,0.5294201606401283,0.005
2,306,8310,0.01860192840389973,0.01860192840389973,0.530781314143852,0.005
2,307,8311,0.020243772542817774,0.020243772542817774,0.5319139557972289,0.005
2,308,8312,0.01725297798773683,0.01725297798773683,0.5303782280696769,0.005
2,309,8313,0.02030026150601049,0.02030026150601049,0.5331389642761266,0.005
2,310,8314,0.020824677909495007,0.020824677909495007,0.5319512181260229,0.005
2,311,8315,0.02595809203311239,0.02595809203311239,0.5306711474865452,0.005
2,312,8316,0.01743345627773269,0.01743345627773269,0.5315145075515287,0.005
2,313,8317,0.015833061090308423,0.015833061090308423,0.5309047533631502,0.005
2,314,8318,0.02435461240806347,0.02435461240806347,0.5309427188164446,0.005
2,315,8319,0.02107811159033065,0.02107811159033065,0.5311994319396117,0.005
2,316,8320,0.021819073243486684,0.021819073243486684,0.532684620492985,0.005
2,317,8321,0.02015679216545255,0.02015679216545255,0.5305762947189642,0.005
2,318,8322,0.021274454472546958,0.021274454472546958,0.5300639289285951,0.005
2,319,8323,0.018010374779453883,0.018010374779453883,0.5302761061900562,0.005
2,320,8324,0.020331575871488303,0.020331575871488303,0.5317480548991202,0.005
2,321,8325,0.01642150077981184,0.01642150077981184,0.5307126920289147,0.005
2,322,8326,0.01453118857541105,0.01453118857541105,0.5309657738248736,0.005
2,323,8327,0.020561077772042465,0.020561077772042465,0.5319774712893554,0.005
2,324,8328,0.020572823179996716,0.020572823179996716,0.5310234180815611,0.005
2,325,8329,0.02001719797134841,0.02001719797134841,0.5296810784574895,0.005
2,326,8330,0.020406374081030267,0.020406374081030267,0.5317158673910737,0.005
2,327,8331,0.017993231486679487,0.017993231486679487,0.5321479104708521,0.005
2,328,8332,0.020298180678059125,0.020298180678059125,0.5318110001056763,0.005
2,329,8333,0.01753702573543159,0.01753702573543159,0.5322038994270853,0.005
2,330,8334,0.017736421146664287,0.017736421146664287,0.5301630627090728,0.005
2,331,8335,0.024575869823045646,0.024575869823045646,0.5317945712499383,0.005
2,332,8336,0.01990744806810101,0.01990744806810101,0.531827658181015,0.005
2,333,8337,0.01831681548796292,0.01831681548796292,0.5319280651236119,0.005
2,334,8338,0.016723673484755643,0.016723673484755643,0.5318799236538756,0.005
2,335,8339,0.01932585793509965,0.01932585793509965,0.5304323919535068,0.005
2,336,8340,0.02045283966815583,0.02045283966815583,0.5318127130584569,0.005
2,337,8341,0.018024935294345956,0.018024935294345956,0.5295347438005183,0.005
2,338,8342,0.017932001796885404,0.017932001796885404,0.5312327333088017,0.005
2,339,8343,0.01890804798925376,0.01890804798925376,0.531474267962054,0.005
2,340,8344,0.0216195840105491,0.0216195840105491,0.5345250663627393,0.005
2,341,8345,0.019480376668557772,0.019480376668557772,0.5308311923820372,0.005
2,342,8346,0.018299633012862408,0.018299633012862408,0.5320925226993716,0.005
2,343,8347,0.016527945854978077,0.016527945854978077,0.5304466456493944,0.005
2,344,8348,0.02142409287591234,0.02142409287591234,0.5323154851005781,0.005
2,345,8349,0.021671314816603414,0.021671314816603414,0.5313082360338173,0.005
2,346,8350,0.017229243418495792,0.017229243418495792,0.5301002130907106,0.005
2,347,8351,0.020615517935126806,0.020615517935126806,0.5339351057201243,0.005
2,348,8352,0.016806298305130443,0.016806298305130443,0.53001470412968,0.005
2,349,8353,0.01549682285163149,0.01549682285163149,0.5307893579829215,0.005
2,350,8354,0.020311093474987475,0.020311093474987475,0.5313158137645021,0.005
2,351,8355,0.018859029882606744,0.018859029882606744,0.5310829945844715,0.005
2,352,8356,0.02066978569285579,0.02066978569285579,0.5289930833256973,0.005
2,353,8357,0.02056271114244715,0.02056271114244715,0.5329194764839282,0.005
2,354,8358,0.019830157222144925,0.019830157222144925,0.5306418447362855,0.005
2,355,8359,0.020153424371184482,0.020153424371184482,0.5326153067720807,0.005
2,356,8360,0.018355427844682852,0.018355427844682852,0.5330523064634519,0.005
2,357,8361,0.018221729076071332,0.018221729076071332,0.5313695960161083,0.005
2,358,8362,0.014278431088883384,0.014278431088883384,0.5301638004367082,0.005
2,359,8363,0.023115335292061973,0.023115335292061973,0.5326199847864006,0.005
2,360,8364,0.02161531359783054,0.02161531359783054,0.5308652314125968,0.005
2,361,8365,0.021921275502672734,0.021921275502672734,0.5322407630188722,0.005
2,362,8366,0.017416081804918382,0.017416081804918382,0.5303665069269544,0.005
2,363,8367,0.024156847234830622,0.024156847234830622,0.531397198849917,0.005
2,364,8368,0.02470631386438265,0.02470631386438265,0.5317636374374445,0.005
2,365,8369,0.017682637637410098,0.017682637637410098,0.5322694165648549,0.005
2,366,8370,0.02039281547170525,0.02039281547170525,0.5331131434235488,0.005
2,367,8371,0.017025431764265235,0.017025431764265235,0.5326654779462218,0.005
2,368,8372,0.016730625173386447,0.016730625173386447,0.5315893073963358,0.005
2,369,8373,0.019296185866424613,0.019296185866424613,0.5334950432142834,0.005
2,370,8374,0.01915351275118784,0.01915351275118784,0.5320017108000602,0.005
2,371,8375,0.021393687057318915,0.021393687057318915,0.5314372379663687,0.005
2,372,8376,0.01947230889887264,0.01947230889887264,0.5325179162113145,0.005
2,373,8377,0.019966798364407345,0.019966798364407345,0.5298529897953113,0.005
2,374,8378,0.016946700194790377,0.016946700194790377,0.5296160816763342,0.005
2,375,8379,0.018804761495280327,0.018804761495280327,0.5321817262907702,0.005
2,376,8380,0.01841807919806248,0.01841807919806248,0.529954265299388,0.005
2,377,8381,0.01587743330589441,0.01587743330589441,0.5291449850827612,0.005
2,378,8382,0.01900360440747999,0.01900360440747999,0.5317018146062429,0.005
2,379,8383,0.020960423270391486,0.020960423270391486,0.5315799494493804,0.005
2,380,8384,0.025572813896800217,0.025572813896800217,0.5309088339286722,0.005
2,381,8385,0.01559590894992395,0.01559590894992395,0.5301154446617782,0.005
2,382,8386,0.022176371692171317,0.022176371692171317,0.5323447465582216,0.005
2,383,8387,0.01835631832671026,0.01835631832671026,0.5316807692111226,0.005
2,384,8388,0.01642744219262318,0.01642744219262318,0.5292643521716648,0.005
2,385,8389,0.01792224733945067,0.01792224733945067,0.5309953079118453,0.005
2,386,8390,0.017443572492646324,0.017443572492646324,0.5317452050255451,0.005
2,387,8391,0.021285817898800047,0.021285817898800047,0.5302900146306191,0.005
2,388,8392,0.01733488229959634,0.01733488229959634,0.5321411056938471,0.005
2,389,8393,0.015533785389051797,0.015533785389051797,0.528948942372051,0.005
2,390,8394,0.0147861187525446,0.0147861187525446,0.5326126582642147,0.005
2,391,8395,0.01935930734616507,0.01935930734616507,0.5319982316380406,0.005
2,392,8396,0.01697161959913715,0.01697161959913715,0.5303089066110128,0.005
2,393,8397,0.01756473969968931,0.01756473969968931,0.5301185988707002,0.005
2,394,8398,0.018036452465986685,0.018036452465986685,0.5310042239092398,0.005
2,395,8399,0.016036159539607128,0.016036159539607128,0.5310181129026992,0.005
2,396,8400,0.023658584787635252,0.023658584787635252,0.5319843290581759,0.005
2,397,8401,0.023644199043601613,0.023644199043601613,0.5311667537248737,0.005
2,398,8402,0.013569977222470365,0.013569977222470365,0.5302826982340901,0.005
2,399,8403,0.02371264726308696,0.02371264726308696,0.5316216145738879,0.005
2,400,8404,0.01742549891434213,0.01742549891434213,0.5310479098173628,0.005
2,401,8405,0.01913806896684711,0.01913806896684711,0.53128025267595,0.005
2,402,8406,0.024219221763696792,0.024219221763696792,0.5299268501612222,0.005
2,403,8407,0.015532838385345641,0.015532838385345641,0.531293920687018,0.005
2,404,8408,0.019972649209873267,0.019972649209873267,0.5328574994479843,0.005
2,405,8409,0.016683500161824797,0.016683500161824797,0.5329081698045619,0.005
2,406,8410,0.016853762931753537,0.016853762931753537,0.5304968623482479,0.005
2,407,8411,0.018956254083888485,0.018956254083888485,0.5305824319599065,0.005
2,408,8412,0.019677902437684136,0.019677902437684136,0.5299446051738056,0.005
2,409,8413,0.014912191349071046,0.014912191349071046,0.5313099659092709,0.005
2,410,8414,0.01619021715538873,0.01619021715538873,0.5310760317043636,0.005
2,411,8415,0.02113037411566865,0.02113037411566865,0.5318596979276264,0.005
2,412,8416,0.01955048028538578,0.01955048028538578,0.5302969159890901,0.005
2,413,8417,0.01904663073992136,0.01904663073992136,0.5306842803669086,0.005
2,414,8418,0.018279916208064448,0.018279916208064448,0.5314844308747666,0.005
2,415,8419,0.017267584275357194,0.017267584275357194,0.531417543627272,0.005
2,416,8420,0.01711208815849049,0.01711208815849049,0.5309822907726727,0.005
2,417,8421,0.022090787863612724,0.022090787863612724,0.5328947067002366,0.005
2,418,8422,0.0187834364365822,0.0187834364365822,0.5316946106357742,0.005
2,419,8423,0.015459131540248923,0.015459131540248923,0.5286958836105069,0.005
2,420,8424,0.01823832333500173,0.01823832333500173,0.5309284662348744,0.005
2,421,8425,0.019040821626617552,0.019040821626617552,0.5311985150724944,0.005
2,422,8426,0.018685673047385616,0.018685673047385616,0.5296893093477912,0.005
2,423,8427,0.028619791589633323,0.028619791589633323,0.5325230067342706,0.005
2,424,8428,0.018066419860696806,0.018066419860696806,0.532012167498616,0.005
2,425,8429,0.022814727896471113,0.022814727896471113,0.5329921101764181,0.005
2,426,8430,0.016177826470225146,0.016177826470225146,0.5296768460603252,0.005
2,427,8431,0.01609997974034242,0.01609997974034242,0.5279688644319713,0.005
2,428,8432,0.018141793624084093,0.018141793624084093,0.5322798364285238,0.005
2,429,8433,0.015573108024735334,0.015573108024735334,0.5306760708203473,0.005
2,430,8434,0.023643204417897388,0.023643204417897388,0.5316065191123106,0.005
2,431,8435,0.0175602031534184,0.0175602031534184,0.530589403800413,0.005
2,432,8436,0.018182385991667625,0.018182385991667625,0.5321428809446527,0.005
2,433,8437,0.01811110281986255,0.01811110281986255,0.5318763739926721,0.005
2,434,8438,0.019723713684626942,0.019723713684626942,0.5305748469250371,0.005
2,435,8439,0.01689950182869208,0.01689950182869208,0.5298483789908174,0.005
2,436,8440,0.013870845081154236,0.013870845081154236,0.5306646473386049,0.005
2,437,8441,0.015966705098826348,0.015966705098826348,0.5309894453618811,0.005
2,438,8442,0.018142519757432606,0.018142519757432606,0.5321287811108523,0.005
2,439,8443,0.013372009275803363,0.013372009275803363,0.529770204528337,0.005
2,440,8444,0.020313763327651627,0.020313763327651627,0.5300165499840283,0.005
2,441,8445,0.022243434923287012,0.022243434923287012,0.5329761369537592,0.005
2,442,8446,0.02129846821722349,0.02129846821722349,0.5335971501564564,0.005
2,443,8447,0.019128729018566028,0.019128729018566028,0.5313879158340032,0.005
2,444,8448,0.02048028668685019,0.02048028668685019,0.5298994713603512,0.005
2,445,8449,0.017939760729337974,0.017939760729337974,0.5306561316581523,0.005
2,446,8450,0.018261371450162506,0.018261371450162506,0.5319839636683869,0.005
2,447,8451,0.017972048081260388,0.017972048081260388,0.5310056543233099,0.005
2,448,8452,0.01692884518908224,0.01692884518908224,0.5311821422520764,0.005
2,449,8453,0.018122360968215137,0.018122360968215137,0.5322768130491335,0.005
2,450,8454,0.01734354911481476,0.01734354911481476,0.5327881010837101,0.005
2,451,8455,0.018373004143101467,0.018373004143101467,0.5311414368376363,0.005
2,452,8456,0.015535797168856886,0.015535797168856886,0.5299236361240783,0.005
2,453,8457,0.020284409096090972,0.020284409096090972,0.5303817168460081,0.005
2,454,8458,0.019955203914318168,0.019955203914318168,0.5317210091281578,0.005
2,455,8459,0.024960827008436402,0.024960827008436402,0.5327704480789169,0.005
2,456,8460,0.020789923798396653,0.020789923798396653,0.5337408311235843,0.005
2,457,8461,0.014940157088893177,0.014940157088893177,0.5292329527531251,0.005
2,458,8462,0.01392294366999528,0.01392294366999528,0.5292336978827169,0.005
2,459,8463,0.019825237249578825,0.019825237249578825,0.530070530792558,0.005
2,460,8464,0.023104169974552606,0.023104169974552606,0.5314714561683886,0.005
2,461,8465,0.020853449577170384,0.020853449577170384,0.5304423925368374,0.005
2,462,8466,0.024474783848034927,0.024474783848034927,0.5299984771433767,0.005
2,463,8467,0.018159328729444417,0.018159328729444417,0.529902415219798,0.005
2,464,8468,0.016354856324674948,0.016354856324674948,0.5299553086186451,0.005
2,465,8469,0.02036787860921889,0.02036787860921889,0.5313321294322033,0.005
2,466,8470,0.02219424091700211,0.02219424091700211,0.5316037195794697,0.005
2,467,8471,0.025756286664560465,0.025756286664560465,0.531090976674696,0.005
2,468,8472,0.02132136225555574,0.02132136225555574,0.5320320374390304,0.005
2,469,8473,0.01718222976981664,0.01718222976981664,0.5302864979140633,0.005
2,470,8474,0.017577673747841492,0.017577673747841492,0.5309931233244278,0.005
2,471,8475,0.017977030586193186,0.017977030586193186,0.5311413346540771,0.005
2,472,8476,0.013055454581652692,0.013055454581652692,0.5281814351015562,0.005
2,473,8477,0.01602264895797971,0.01602264895797971,0.53050617224466,0.005
2,474,8478,0.017656302315181296,0.017656302315181296,0.5307695179715863,0.005
2,475,8479,0.01737426570646656,0.01737426570646656,0.5315103134328828,0.005
2,476,8480,0.01842645034780589,0.01842645034780589,0.5288429645247832,0.005
2,477,8481,0.019858715498077772,0.019858715498077772,0.5332523537465015,0.005
2,478,8482,0.013894914420904573,0.013894914420904573,0.5314401126280643,0.005
2,479,8483,0.023059522769879645,0.023059522769879645,0.5316654688685604,0.005
2,480,8484,0.01750478992590787,0.01750478992590787,0.5314532024219926,0.005
2,481,8485,0.016683279560229934,0.016683279560229934,0.5284358467359311,0.005
2,482,8486,0.022410204829271294,0.022410204829271294,0.5289913417827483,0.005
2,483,8487,0.01795407451182561,0.01795407451182561,0.5316885740840716,0.005
2,484,8488,0.020733495554868402,0.020733495554868402,0.5317437562236803,0.005
2,485,8489,0.016828002884995818,0.016828002884995818,0.5323156988285302,0.005
2,486,8490,0.019822851812375086,0.019822851812375086,0.5328648330459999,0.005
2,487,8491,0.021025693310048183,0.021025693310048183,0.5293738732650749,0.005
2,488,8492,0.01959020333656513,0.01959020333656513,0.5300076090632458,0.005
2,489,8493,0.020592162437635585,0.020592162437635585,0.5291819879892115,0.005
2,490,8494,0.018188576658097387,0.018188576658097387,0.5312924067698516,0.005
2,491,8495,0.020009666412481048,0.020009666412481048,0.5308069509689574,0.005
2,492,8496,0.021639998344222516,0.021639998344222516,0.5298963570250795,0.005
2,493,8497,0.015175612698804013,0.015175612698804013,0.5310429541866113,0.005
2,494,8498,0.015391152356858822,0.015391152356858822,0.5271725719914848,0.005
2,495,8499,0.015323498225509262,0.015323498225509262,0.5306428581055348,0.005
2,496,8500,0.01629779152690662,0.01629779152690662,0.5291531586103342,0.005
2,497,8501,0.018724040816840787,0.018724040816840787,0.5309993601162261,0.005
2,498,8502,0.01592632516989133,0.01592632516989133,0.5294699093852689,0.005
2,499,8503,0.018527605238911754,0.018527605238911754,0.5308655008700829,0.005
2,500,8504,0.021923702990769123,0.021923702990769123,0.5317885010134833,0.005
2,501,8505,0.015401164042136354,0.015401164042136354,0.5304877989995994,0.005
2,502,8506,0.01998882057499996,0.01998882057499996,0.5304947023104638,0.005
2,503,8507,0.015234807544022923,0.015234807544022923,0.5278608488176884,0.005
2,504,8508,0.033713761515307125,0.033713761515307125,0.5298463328750264,0.005
2,505,8509,0.01958977331907748,0.01958977331907748,0.5325040644218829,0.005
2,506,8510,0.01913703444500372,0.01913703444500372,0.532792945664063,0.005
2,507,8511,0.02020052168157821,0.02020052168157821,0.5309381175958992,0.005
2,508,8512,0.015364356270686965,0.015364356270686965,0.5292268198744462,0.005
2,509,8513,0.01809791275730177,0.01809791275730177,0.532286948263408,0.005
2,510,8514,0.0168308044335213,0.0168308044335213,0.5294950849996765,0.005
2,511,8515,0.01848932328770117,0.01848932328770117,0.5304116275438735,0.005
2,512,8516,0.01997445334525368,0.01997445334525368,0.5293946632379897,0.005
2,513,8517,0.016910598484365557,0.016910598484365557,0.5292693519759536,0.005
2,514,8518,0.01939835995069377,0.01939835995069377,0.5320617250289759,0.005
2,515,8519,0.016929471799199652,0.016929471799199652,0.5306227755985227,0.005
2,516,8520,0.015029674214123314,0.015029674214123314,0.5288325697223066,0.005
2,517,8521,0.01913157098199877,0.01913157098199877,0.5308885427132336,0.005
2,518,8522,0.01835811372193595,0.01835811372193595,0.5292551553164087,0.005
2,519,8523,0.018253837948891752,0.018253837948891752,0.5305787826117033,0.005
2,520,8524,0.023652811390513034,0.023652811390513034,0.5331130623051116,0.005
2,521,8525,0.02438746930039902,0.02438746930039902,0.5318934609871558,0.005
2,522,8526,0.019240847896015642,0.019240847896015642,0.5274123586904141,0.005
2,523,8527,0.01649025835503759,0.01649025835503759,0.5280262751990924,0.005
2,524,8528,0.02172101379976519,0.02172101379976519,0.531303438912142,0.005
2,525,8529,0.02338111117338326,0.02338111117338326,0.5306242353983787,0.005
2,526,8530,0.017794427340560588,0.017794427340560588,0.5307167556570261,0.005
2,527,8531,0.018673414532155007,0.018673414532155007,0.5303480224195032,0.005
2,528,8532,0.020081043378126336,0.020081043378126336,0.532473150627462,0.005
2,529,8533,0.031189116183803104,0.031189116183803104,0.5312132062061152,0.005
2,530,8534,0.018281717922785976,0.018281717922785976,0.5316676334166421,0.005
2,531,8535,0.021190604872144532,0.021190604872144532,0.5307954589970064,0.005
2,532,8536,0.019742611911015305,0.019742611911015305,0.5322746119471026,0.005
2,533,8537,0.016729380124657148,0.016729380124657148,0.5295015925333828,0.005
2,534,8538,0.020061144392951258,0.020061144392951258,0.5315961443501375,0.005
2,535,8539,0.022489859610138923,0.022489859610138923,0.5320874711900792,0.005
2,536,8540,0.0221504958699493,0.0221504958699493,0.5297331469444625,0.005
2,537,8541,0.01938391302771971,0.01938391302771971,0.5319002748219668,0.005
2,538,8542,0.017220191145963817,0.017220191145963817,0.5296263319135894,0.005
2,539,8543,0.028569844895918847,0.028569844895918847,0.5328676974423703,0.005
2,540,8544,0.01672505733973762,0.01672505733973762,0.5312494928859008,0.005
2,541,8545,0.02102860885096998,0.02102860885096998,0.5291301648185903,0.005
2,542,8546,0.018026543615082498,0.018026543615082498,0.5304994482405003,0.005
2,543,8547,0.01735888945889073,0.01735888945889073,0.5291010335724521,0.005
2,544,8548,0.017551051154275195,0.017551051154275195,0.5313119008666101,0.005
2,545,8549,0.016062882386974002,0.016062882386974002,0.5305541851737707,0.005
2,546,8550,0.018594914259773627,0.018594914259773627,0.5306346581792872,0.005
2,547,8551,0.02228061557940309,0.02228061557940309,0.5329972284341381,0.005
2,548,8552,0.01790097234486195,0.01790097234486195,0.5311854551321149,0.005
2,549,8553,0.019556371693818245,0.019556371693818245,0.5316890901341234,0.005
2,550,8554,0.019010244942509996,0.019010244942509996,0.5321136302388555,0.005
2,551,8555,0.017754825873828033,0.017754825873828033,0.5307297136006343,0.005
2,552,8556,0.018978992645207443,0.018978992645207443,0.5324317294757968,0.005
2,553,8557,0.017692125801852226,0.017692125801852226,0.5313116544159794,0.005
2,554,8558,0.02511100849198172,0.02511100849198172,0.5333738105774724,0.005
2,555,8559,0.016566003861963656,0.016566003861963656,0.5322427474282053,0.005
2,556,8560,0.018739024943722538,0.018739024943722538,0.5307005804206755,0.005
2,557,8561,0.015052300792826004,0.015052300792826004,0.5297518607241651,0.005
2,558,8562,0.019099960195743605,0.019099960195743605,0.5314879492457807,0.005
2,559,8563,0.017968676348291236,0.017968676348291236,0.5301888514383208,0.005
2,560,8564,0.01741252603773441,0.01741252603773441,0.5307257987999274,0.005
2,561,8565,0.016295327260599804,0.016295327260599804,0.5319712278768627,0.005
2,562,8566,0.017462892176390188,0.017462892176390188,0.5299561276466723,0.005
2,563,8567,0.02200886240966756,0.02200886240966756,0.5318144512425317,0.005
2,564,8568,0.02151616742791768,0.02151616742791768,0.5310153228732974,0.005
2,565,8569,0.016498588509199715,0.016498588509199715,0.5303786236549599,0.005
2,566,8570,0.01784173360583935,0.01784173360583935,0.5308449916936617,0.005
2,567,8571,0.022589256778443728,0.022589256778443728,0.5296865541765907,0.005
2,568,8572,0.018755687470801037,0.018755687470801037,0.5296864047086938,0.005
2,569,8573,0.016829584602050814,0.016829584602050814,0.5307741712957242,0.005
2,570,8574,0.018986341794869466,0.018986341794869466,0.531670532855431,0.005
2,571,8575,0.019972182468381644,0.019972182468381644,0.5312785163681675,0.005
2,572,8576,0.013620139203545297,0.013620139203545297,0.5287270583009815,0.005
2,573,8577,0.020015232137733267,0.020015232137733267,0.5311341556767701,0.005
2,574,8578,0.01816136565174306,0.01816136565174306,0.5302808151451205,0.005
2,575,8579,0.01853515619813849,0.01853515619813849,0.5282442281380906,0.005
2,576,8580,0.016979585856002608,0.016979585856002608,0.5295105268908049,0.005
2,577,8581,0.017883302607242337,0.017883302607242337,0.529144365736845,0.005
2,578,8582,0.018430730414079284,0.018430730414079284,0.5294856399877668,0.005
2,579,8583,0.01879051497273137,0.01879051497273137,0.5302237573112197,0.005
2,580,8584,0.025812280581106847,0.025812280581106847,0.5303992602681574,0.005
2,581,8585,0.01593206403728424,0.01593206403728424,0.5304877767634889,0.005
2,582,8586,0.019221421097256677,0.019221421097256677,0.5314545868598022,0.005
2,583,8587,0.01968672790764843,0.01968672790764843,0.5323424985727919,0.005
2,584,8588,0.018966957386980003,0.018966957386980003,0.531164973855824,0.005
2,585,8589,0.023327325234676375,0.023327325234676375,0.5316666496258957,0.005
2,586,8590,0.01574499244170298,0.01574499244170298,0.5319025450987415,0.005
2,587,8591,0.017397240893527476,0.017397240893527476,0.5328358967016978,0.005
2,588,8592,0.021184207332005364,0.021184207332005364,0.5303170607071103,0.005
2,589,8593,0.01640283855345323,0.01640283855345323,0.5310691337154254,0.005
2,590,8594,0.019181159287466196,0.019181159287466196,0.5301085281308938,0.005
2,591,8595,0.023928575302089805,0.023928575302089805,0.532287737981185,0.005
2,592,8596,0.021909374537510712,0.021909374537510712,0.5308838800559527,0.005
2,593,8597,0.018099063340289823,0.018099063340289823,0.5297366922099749,0.005
2,594,8598,0.02223190883681659,0.02223190883681659,0.5330979747635107,0.005
2,595,8599,0.01700397270440631,0.01700397270440631,0.5292486385141415,0.005
2,596,8600,0.019795551466720566,0.019795551466720566,0.5315637846665332,0.005
2,597,8601,0.016806087254274477,0.016806087254274477,0.529507345799343,0.005
2,598,8602,0.020312132750635623,0.020312132750635623,0.5301194790705337,0.005
2,599,8603,0.017046427012381994,0.017046427012381994,0.5290555698005562,0.005
2,600,8604,0.021377014742380334,0.021377014742380334,0.531441847965456,0.005
2,601,8605,0.017849631294309568,0.017849631294309568,0.5292155307993293,0.005
2,602,8606,0.015821113798476644,0.015821113798476644,0.5301674261086339,0.005
2,603,8607,0.017440519106062854,0.017440519106062854,0.5315554916882795,0.005
2,604,8608,0.020045401201502888,0.020045401201502888,0.5313250449130683,0.005
2,605,8609,0.015869869305053467,0.015869869305053467,0.5314883844395836,0.005
2,606,8610,0.0212402262267775,0.0212402262267775,0.5323538914698588,0.005
2,607,8611,0.015488822340329965,0.015488822340329965,0.5305828814768915,0.005
2,608,8612,0.015997276979347424,0.015997276979347424,0.5301155976524969,0.005
2,609,8613,0.021877213794524196,0.021877213794524196,0.5327075941251668,0.005
2,610,8614,0.021896188981957467,0.021896188981957467,0.5309441682975415,0.005
2,611,8615,0.018819761877271603,0.018819761877271603,0.5327366196985318,0.005
2,612,8616,0.019184984129503077,0.019184984129503077,0.5323200009272251,0.005
2,613,8617,0.0203729418758317,0.0203729418758317,0.5313136416955019,0.005
2,614,8618,0.01821473231713622,0.01821473231713622,0.532878811237028,0.005
2,615,8619,0.020036207265652313,0.020036207265652313,0.5308505571618833,0.005
2,616,8620,0.018575525575878916,0.018575525575878916,0.5302034122873737,0.005
2,617,8621,0.02259831274394773,0.02259831274394773,0.5292800914250951,0.005
2,618,8622,0.0189626154667839,0.0189626154667839,0.5306062998012818,0.005
2,619,8623,0.017841813942387208,0.017841813942387208,0.531408546156393,0.005
2,620,8624,0.017512458203135864,0.017512458203135864,0.5313462961757267,0.005
2,621,8625,0.021497313302320208,0.021497313302320208,0.5313317517328751,0.005
2,622,8626,0.01759238987096749,0.01759238987096749,0.5291839571779712,0.005
2,623,8627,0.02113265234000929,0.02113265234000929,0.5282064569687769,0.005
2,624,8628,0.020525981098791765,0.020525981098791765,0.5310328762726553,0.005
2,625,8629,0.018211150313680435,0.018211150313680435,0.5295739115464744,0.005
2,626,8630,0.0183781003046632,0.0183781003046632,0.5292376697015442,0.005
2,627,8631,0.018515965789758542,0.018515965789758542,0.5296324090247625,0.005
2,628,8632,0.01871061496782471,0.01871061496782471,0.5311691124663652,0.005
2,629,8633,0.016178260356259307,0.016178260356259307,0.5294885881758404,0.005
2,630,8634,0.016583832812098385,0.016583832812098385,0.5295696571891861,0.005
2,631,8635,0.020791249743455083,0.020791249743455083,0.5298502555441581,0.005
2,632,8636,0.02010093671779637,0.02010093671779637,0.5313456634961207,0.005
2,633,8637,0.016317586477396055,0.016317586477396055,0.5302204195792147,0.005
2,634,8638,0.02488562992604991,0.02488562992604991,0.5323930078455796,0.005
2,635,8639,0.018222383381749356,0.018222383381749356,0.5317754961477722,0.005
2,636,8640,0.01785210173621763,0.01785210173621763,0.5321263088103291,0.005
2,637,8641,0.018065007354755407,0.018065007354755407,0.5289047601819883,0.005
2,638,8642,0.01757571721256961,0.01757571721256961,0.5305139958000411,0.005
2,639,8643,0.016469979694556627,0.016469979694556627,0.5302472656608077,0.005
2,640,8644,0.014030446319250683,0.014030446319250683,0.5291145467974943,0.005
2,641,8645,0.020827290762839436,0.020827290762839436,0.5313058212017597,0.005
2,642,8646,0.02131313853823965,0.02131313853823965,0.5299192745491884,0.005
2,643,8647,0.02311191285944931,0.02311191285944931,0.5295126154397476,0.005
2,644,8648,0.023528565724890045,0.023528565724890045,0.5340526525916653,0.005
2,645,8649,0.017280696859894057,0.017280696859894057,0.5308899754063283,0.005
2,646,8650,0.01725349921572021,0.01725349921572021,0.5307921341866025,0.005
2,647,8651,0.015638531084503294,0.015638531084503294,0.529281304581056,0.005
2,648,8652,0.017035921054879943,0.017035921054879943,0.5315147499426157,0.005
2,649,8653,0.01735764784210906,0.01735764784210906,0.5316636767700741,0.005
2,650,8654,0.016249574946436137,0.016249574946436137,0.5297927086565501,0.005
2,651,8655,0.018800091003801127,0.018800091003801127,0.5315156797434512,0.005
2,652,8656,0.0191155857630014,0.0191155857630014,0.5310339583488751,0.005
2,653,8657,0.016687429841690117,0.016687429841690117,0.5295866847546314,0.005
2,654,8658,0.021047814412290623,0.021047814412290623,0.5300269536948498,0.005
2,655,8659,0.01929836245631682,0.01929836245631682,0.5302804392529754,0.005
2,656,8660,0.018354602639224518,0.018354602639224518,0.5297100849393704,0.005
2,657,8661,0.019580835761475957,0.019580835761475957,0.5299592445487332,0.005
2,658,8662,0.017363403237837687,0.017363403237837687,0.5305077352504809,0.005
2,659,8663,0.015890337367231826,0.015890337367231826,0.5289141343597223,0.005
2,660,8664,0.016969750668559193,0.016969750668559193,0.531432502462589,0.005
2,661,8665,0.017671822375963958,0.017671822375963958,0.5309638793548659,0.005
2,662,8666,0.017879131425453762,0.017879131425453762,0.5297646929068393,0.005
2,663,8667,0.017663658079785236,0.017663658079785236,0.5292551529677862,0.005
2,664,8668,0.016305524296285342,0.016305524296285342,0.531577776179952,0.005
2,665,8669,0.014152708239762113,0.014152708239762113,0.529154878240938,0.005
2,666,8670,0.0190953376953314,0.0190953376953314,0.5289919093234772,0.005
2,667,8671,0.023194744352292903,0.023194744352292903,0.5315953826840898,0.005
2,668,8672,0.016059980608701032,0.016059980608701032,0.5267913546655464,0.005
2,669,8673,0.017920601315458095,0.017920601315458095,0.5298374760249835,0.005
2,670,8674,0.015900483923109505,0.015900483923109505,0.5287042006034194,0.005
2,671,8675,0.0231628437928487,0.0231628437928487,0.5294145147704993,0.005
2,672,8676,0.023118040823663616,0.023118040823663616,0.5323711737764062,0.005
2,673,8677,0.01566167022158028,0.01566167022158028,0.529590665339495,0.005
2,674,8678,0.02317055079916623,0.02317055079916623,0.5282815018074138,0.005
2,675,8679,0.017099135029264693,0.017099135029264693,0.5278754014205166,0.005
2,676,8680,0.016130451615732677,0.016130451615732677,0.5269502501056393,0.005
2,677,8681,0.017371091312732977,0.017371091312732977,0.5296857622673932,0.005
2,678,8682,0.017636116946997425,0.017636116946997425,0.5304437674633357,0.005
2,679,8683,0.021058911541038967,0.021058911541038967,0.5306486303697421,0.005
2,680,8684,0.016119348310020237,0.016119348310020237,0.5278157204131755,0.005
2,681,8685,0.020272068609084773,0.020272068609084773,0.5301252721755256,0.005
2,682,8686,0.018515692156271468,0.018515692156271468,0.5290958296465637,0.005
2,683,8687,0.016310754674176094,0.016310754674176094,0.5291478250419885,0.005
2,684,8688,0.021240018768464784,0.021240018768464784,0.5286204658706151,0.005
2,685,8689,0.023822266328782562,0.023822266328782562,0.5299473015532709,0.005
2,686,8690,0.020555684000648052,0.020555684000648052,0.5295563431025592,0.005
2,687,8691,0.014926082620539599,0.014926082620539599,0.5281870585407431,0.005
2,688,8692,0.014708642492227326,0.014708642492227326,0.5290368451608123,0.005
2,689,8693,0.01769352292800324,0.01769352292800324,0.531104546252063,0.005
2,690,8694,0.016279624382438303,0.016279624382438303,0.5299566276133643,0.005
2,691,8695,0.015619237523963382,0.015619237523963382,0.5272196705426646,0.005
2,692,8696,0.02284233763807231,0.02284233763807231,0.5302956139820537,0.005
2,693,8697,0.021230217190934188,0.021230217190934188,0.5306074248102898,0.005
2,694,8698,0.017432956732524256,0.017432956732524256,0.5291809046560862,0.005
2,695,8699,0.01728062899647772,0.01728062899647772,0.5313171036515442,0.005
2,696,8700,0.019423636252179598,0.019423636252179598,0.5304730575681719,0.005
2,697,8701,0.017100892499019853,0.017100892499019853,0.5259152949863212,0.005
2,698,8702,0.014561827985985352,0.014561827985985352,0.5276607738747947,0.005
2,699,8703,0.01868101906616395,0.01868101906616395,0.5315977462540544,0.005
2,700,8704,0.017941359895092625,0.017941359895092625,0.5277950536584405,0.005
2,701,8705,0.020974222247174924,0.020974222247174924,0.5304675819291658,0.005
2,702,8706,0.01853554693276626,0.01853554693276626,0.5279734627484449,0.005
2,703,8707,0.015447855104159542,0.015447855104159542,0.5294397736869275,0.005
2,704,8708,0.01592081795186139,0.01592081795186139,0.5283010447510866,0.005
2,705,8709,0.013599269164737244,0.013599269164737244,0.5286412262227,0.005
2,706,8710,0.017844128748019446,0.017844128748019446,0.5288121081470443,0.005
2,707,8711,0.0161236922304206,0.0161236922304206,0.5296029771059746,0.005
2,708,8712,0.01567696287107691,0.01567696287107691,0.5294541788223979,0.005
2,709,8713,0.021495500042850654,0.021495500042850654,0.5285165355167969,0.005
2,710,8714,0.019637049110889673,0.019637049110889673,0.5303251063562481,0.005
2,711,8715,0.013701957838002024,0.013701957838002024,0.5281843829902647,0.005
2,712,8716,0.018488396998368024,0.018488396998368024,0.5300317274099603,0.005
2,713,8717,0.016116585634237696,0.016116585634237696,0.527512651552709,0.005
2,714,8718,0.020285685533667545,0.020285685533667545,0.5277644091744063,0.005
2,715,8719,0.017772848167756282,0.017772848167756282,0.5305494189856694,0.005
2,716,8720,0.022121287295579647,0.022121287295579647,0.5282065810240615,0.005
2,717,8721,0.01165525885564633,0.01165525885564633,0.5278912672121103,0.005
2,718,8722,0.0171198931128813,0.0171198931128813,0.5269182593939978,0.005
2,719,8723,0.015947226559677605,0.015947226559677605,0.5264652247632094,0.005
2,720,8724,0.015292396604050674,0.015292396604050674,0.5269179711470475,0.005
2,721,8725,0.01990232583073298,0.01990232583073298,0.5275398463434584,0.005
2,722,8726,0.016299879326097912,0.016299879326097912,0.5276540433345296,0.005
2,723,8727,0.01834672496892613,0.01834672496892613,0.5281445643954443,0.005
2,724,8728,0.014938072511620071,0.014938072511620071,0.5280326454639073,0.005
2,725,8729,0.015480989475732362,0.015480989475732362,0.5283653746877369,0.005
2,726,8730,0.018749780684140373,0.018749780684140373,0.5270437645165408,0.005
2,727,8731,0.01581266642627654,0.01581266642627654,0.5287486500821625,0.005
2,728,8732,0.012528866047394963,0.012528866047394963,0.5257171680058185,0.005
2,729,8733,0.017366612810794102,0.017366612810794102,0.5270856363205417,0.005
2,730,8734,0.017961512024576038,0.017961512024576038,0.5286021447331978,0.005
2,731,8735,0.018348811489836497,0.018348811489836497,0.5267797019966168,0.005
2,732,8736,0.012661932685324066,0.012661932685324066,0.5270956578280842,0.005
2,733,8737,0.023777113810540214,0.023777113810540214,0.5300140647928152,0.005
2,734,8738,0.014333108177476725,0.014333108177476725,0.5275977224440025,0.005
2,735,8739,0.01835952305914522,0.01835952305914522,0.5278531914415211,0.005
2,736,8740,0.016738648635056072,0.016738648635056072,0.5253381736548473,0.005
2,737,8741,0.01357612309119745,0.01357612309119745,0.5261476889046708,0.005
2,738,8742,0.01649017035091995,0.01649017035091995,0.5273918013912172,0.005
2,739,8743,0.012265982370084489,0.012265982370084489,0.525784083983526,0.005
2,740,8744,0.014519140599663756,0.014519140599663756,0.5265501452175658,0.005
2,741,8745,0.01888787852346535,0.01888787852346535,0.526819823503493,0.005
2,742,8746,0.020068642942799628,0.020068642942799628,0.5272900397424961,0.005
2,743,8747,0.017475021418680153,0.017475021418680153,0.5271100324038588,0.005
2,744,8748,0.019698726965038757,0.019698726965038757,0.5289177603801937,0.005
2,745,8749,0.015599572515592944,0.015599572515592944,0.5261548016202354,0.005
2,746,8750,0.01733031565945831,0.01733031565945831,0.5279980502656864,0.005
2,747,8751,0.015980447512695412,0.015980447512695412,0.527636805005047,0.005
2,748,8752,0.01783120556835986,0.01783120556835986,0.5272952238236118,0.005
2,749,8753,0.014638037481588713,0.014638037481588713,0.5260892391633532,0.005
2,750,8754,0.01579398681754839,0.01579398681754839,0.5265021199870499,0.005
2,751,8755,0.01365916424468943,0.01365916424468943,0.5241550092534877,0.005
2,752,8756,0.011190567308535094,0.011190567308535094,0.5247641388341988,0.005
2,753,8757,0.015054665940561207,0.015054665940561207,0.5264944639224041,0.005
2,754,8758,0.017544022217646997,0.017544022217646997,0.5266400628172336,0.005
2,755,8759,0.017358827370935796,0.017358827370935796,0.5276354380766174,0.005
2,756,8760,0.020163324908388364,0.020163324908388364,0.528310456876989,0.005
2,757,8761,0.019318682578462015,0.019318682578462015,0.5243480989285574,0.005
2,758,8762,0.011488481784444591,0.011488481784444591,0.5252647818559711,0.005
2,759,8763,0.019279958461965736,0.019279958461965736,0.5270153099790877,0.005
2,760,8764,0.015572435666648718,0.015572435666648718,0.5262488823080368,0.005
2,761,8765,0.015773644728072835,0.015773644728072835,0.5268838089516791,0.005
2,762,8766,0.014335269412745127,0.014335269412745127,0.524779055020766,0.005
2,763,8767,0.021302000738216594,0.021302000738216594,0.5274457878703382,0.005
2,764,8768,0.012227980316655918,0.012227980316655918,0.5264487673116023,0.005
2,765,8769,0.013811796392510439,0.013811796392510439,0.5255401755157436,0.005
2,766,8770,0.016094511306284403,0.016094511306284403,0.525436008745248,0.005
2,767,8771,0.014766364480311054,0.014766364480311054,0.5236620542037074,0.005
2,768,8772,0.014867538016491664,0.014867538016491664,0.5259093837414075,0.005
2,769,8773,0.016614052462727062,0.016614052462727062,0.5249615296325864,0.005
2,770,8774,0.020978221430967732,0.020978221430967732,0.5264786217408263,0.005
2,771,8775,0.016425724684666694,0.016425724684666694,0.5269401421704092,0.005
2,772,8776,0.016695549197135374,0.016695549197135374,0.5245267881212847,0.005
2,773,8777,0.016833565857449623,0.016833565857449623,0.5232962006081513,0.005
2,774,8778,0.010766180831160647,0.010766180831160647,0.5242017111905442,0.005
2,775,8779,0.02238973686180084,0.02238973686180084,0.5266575758337292,0.005
2,776,8780,0.0181754310920699,0.0181754310920699,0.5241018951343802,0.005
2,777,8781,0.017142252201135764,0.017142252201135764,0.5271260844223642,0.005
2,778,8782,0.01636317432230146,0.01636317432230146,0.5241652672633162,0.005
2,779,8783,0.014894040011669815,0.014894040011669815,0.5243254205814879,0.005
2,780,8784,0.013807677720987437,0.013807677720987437,0.5256220698027708,0.005
2,781,8785,0.017514630903484773,0.017514630903484773,0.5249225929557335,0.005
2,782,8786,0.0165040617178266,0.0165040617178266,0.5275731745310789,0.005
2,783,8787,0.015730057434463818,0.015730057434463818,0.5249801047020506,0.005
2,784,8788,0.015444727248288177,0.015444727248288177,0.5264010590086569,0.005
2,785,8789,0.014328110206805543,0.014328110206805543,0.523430539891346,0.005
2,786,8790,0.015029775846414978,0.015029775846414978,0.5249089519755795,0.005
2,787,8791,0.015014872862447896,0.015014872862447896,0.5240919534745666,0.005
2,788,8792,0.015704495295411847,0.015704495295411847,0.5257575254774133,0.005
2,789,8793,0.012076463781009704,0.012076463781009704,0.5231825934912251,0.005
2,790,8794,0.015575267826886357,0.015575267826886357,0.5264938431506566,0.005
2,791,8795,0.01782183469680372,0.01782183469680372,0.5234841664981372,0.005
2,792,8796,0.014166385985103159,0.014166385985103159,0.5249047004256996,0.005
2,793,8797,0.01614804280302669,0.01614804280302669,0.5241723181319643,0.005
2,794,8798,0.01745246402763824,0.01745246402763824,0.525686560862311,0.005
2,795,8799,0.015249734880230521,0.015249734880230521,0.5244513300386426,0.005
2,796,8800,0.013840301981968133,0.013840301981968133,0.5251660011406699,0.005
2,797,8801,0.016271007333356294,0.016271007333356294,0.5259982244776439,0.005
2,798,8802,0.017296077453776065,0.017296077453776065,0.5275053885876747,0.005
2,799,8803,0.018170522385818733,0.018170522385818733,0.5268420154670966,0.005
2,800,8804,0.013536452566638605,0.013536452566638605,0.5252195549164653,0.005
2,801,8805,0.017779487302967033,0.017779487302967033,0.5264286704784349,0.005
2,802,8806,0.015586551981037615,0.015586551981037615,0.5249895328616576,0.005
2,803,8807,0.022819755814227786,0.022819755814227786,0.5270165491820191,0.005
2,804,8808,0.011288177637437474,0.011288177637437474,0.5241393925106596,0.005
2,805,8809,0.012370697156528616,0.012370697156528616,0.5253817642173021,0.005
2,806,8810,0.014734508249550164,0.014734508249550164,0.5261797006293524,0.005
2,807,8811,0.014604732284106673,0.014604732284106673,0.5253658767199146,0.005
2,808,8812,0.01625437386054745,0.01625437386054745,0.5220712412613,0.005
2,809,8813,0.012740671727312804,0.012740671727312804,0.5239635075759534,0.005
2,810,8814,0.026592855557138455,0.026592855557138455,0.5278506883241512,0.005
2,811,8815,0.01458819804390499,0.01458819804390499,0.5259079005623474,0.005
2,812,8816,0.020473655473539028,0.020473655473539028,0.5255067877799277,0.005
2,813,8817,0.018694213108094344,0.018694213108094344,0.5246158893311648,0.005
2,814,8818,0.013688166094716599,0.013688166094716599,0.5253200416933517,0.005
2,815,8819,0.01972223695421422,0.01972223695421422,0.5281093165474163,0.005
2,816,8820,0.01703740319550283,0.01703740319550283,0.5270568421551216,0.005
2,817,8821,0.02015116604117752,0.02015116604117752,0.5258292181397023,0.005
2,818,8822,0.015864348973480814,0.015864348973480814,0.5240794614801982,0.005
2,819,8823,0.015252151617017479,0.015252151617017479,0.5233055332796133,0.005
2,820,8824,0.019411066929278853,0.019411066929278853,0.5261210809112025,0.005
2,821,8825,0.022362232199319536,0.022362232199319536,0.5256790827231554,0.005
2,822,8826,0.011353069296641611,0.011353069296641611,0.5231829888803989,0.005
2,823,8827,0.012644206385759355,0.012644206385759355,0.524848386134905,0.005
2,824,8828,0.018641864066486075,0.018641864066486075,0.5253752682429951,0.005
2,825,8829,0.015495201696937773,0.015495201696937773,0.5249280693031381,0.005
2,826,8830,0.01596707856887355,0.01596707856887355,0.5245866288927203,0.005
2,827,8831,0.01935000514276033,0.01935000514276033,0.5265476772319512,0.005
2,828,8832,0.019395160105566397,0.019395160105566397,0.5256265313308683,0.005
2,829,8833,0.014316539388663289,0.014316539388663289,0.5261560898756558,0.005
2,830,8834,0.020983694594340695,0.020983694594340695,0.5259250622736587,0.005
2,831,8835,0.01651280788668281,0.01651280788668281,0.5236224865043705,0.005
2,832,8836,0.01546146070955064,0.01546146070955064,0.5249328194734786,0.005
2,833,8837,0.013410077008735477,0.013410077008735477,0.5238059173557038,0.005
2,834,8838,0.01137751273234348,0.01137751273234348,0.5250188611898492,0.005
2,835,8839,0.026542774619191127,0.026542774619191127,0.526574200290486,0.005
2,836,8840,0.016100670424690825,0.016100670424690825,0.5264187948220234,0.005
2,837,8841,0.015156153231898766,0.015156153231898766,0.5232406443548796,0.005
2,838,8842,0.02458441179330589,0.02458441179330589,0.5267572279931702,0.005
2,839,8843,0.019320395889233146,0.019320395889233146,0.5247392669042789,0.005
2,840,8844,0.016655368861183996,0.016655368861183996,0.5251310141887341,0.005
2,841,8845,0.020290509580282192,0.020290509580282192,0.5252095492863704,0.005
2,842,8846,0.015770926946036046,0.015770926946036046,0.527685211031812,0.005
2,843,8847,0.024194260758091876,0.024194260758091876,0.5276440203861051,0.005
2,844,8848,0.023067595853916344,0.023067595853916344,0.5281423864780842,0.005
2,845,8849,0.013673009207156427,0.013673009207156427,0.5243902970552171,0.005
2,846,8850,0.01791386719424773,0.01791386719424773,0.5277614417018481,0.005
2,847,8851,0.019723143239486044,0.019723143239486044,0.525547327510257,0.005
2,848,8852,0.018633872548837416,0.018633872548837416,0.5264290647569784,0.005
2,849,8853,0.01703336068422451,0.01703336068422451,0.5261922897463228,0.005
2,850,8854,0.010677860305118183,0.010677860305118183,0.5252556901981319,0.005
2,851,8855,0.02340187791401938,0.02340187791401938,0.5303018195979962,0.005
2,852,8856,0.016746818098479187,0.016746818098479187,0.5265489416082277,0.005
2,853,8857,0.016819919985374028,0.016819919985374028,0.5287415513368484,0.005
2,854,8858,0.014745850522683446,0.014745850522683446,0.5246832866850258,0.005
2,855,8859,0.018741057383999837,0.018741057383999837,0.5283810259976013,0.005
2,856,8860,0.015109220681767135,0.015109220681767135,0.52657275370669,0.005
2,857,8861,0.015190188459416684,0.015190188459416684,0.5266639790894437,0.005
2,858,8862,0.01788725501625788,0.01788725501625788,0.5267460331455807,0.005
2,859,8863,0.016610090956840268,0.016610090956840268,0.5277324360116965,0.005
2,860,8864,0.01916103156608981,0.01916103156608981,0.5263999549799538,0.005
2,861,8865,0.013718365699374587,0.013718365699374587,0.5259696954558115,0.005
2,862,8866,0.02219510249786185,0.02219510249786185,0.5279418018622244,0.005
2,863,8867,0.01779257544841166,0.01779257544841166,0.5276547209586967,0.005
2,864,8868,0.020672424096047585,0.020672424096047585,0.5272493593868096,0.005
2,865,8869,0.018098583711458893,0.018098583711458893,0.5264298557454747,0.005
2,866,8870,0.01601106100379642,0.01601106100379642,0.5254518129524287,0.005
2,867,8871,0.012813425992004067,0.012813425992004067,0.5238884171279329,0.005
2,868,8872,0.01900412756595856,0.01900412756595856,0.5276542453778744,0.005
2,869,8873,0.014872210450401142,0.014872210450401142,0.5261976344499961,0.005
2,870,8874,0.018137286815444405,0.018137286815444405,0.5270564853317972,0.005
2,871,8875,0.01849681000977356,0.01849681000977356,0.5262119660694491,0.005
2,872,8876,0.014516221490987719,0.014516221490987719,0.5266915813853853,0.005
2,873,8877,0.023507535849528402,0.023507535849528402,0.5260489497499196,0.005
2,874,8878,0.014751522534615745,0.014751522534615745,0.5257433403253478,0.005
2,875,8879,0.016376136480676533,0.016376136480676533,0.5270119868550119,0.005
2,876,8880,0.013564226769784013,0.013564226769784013,0.5272821100766018,0.005
2,877,8881,0.014616699827026174,0.014616699827026174,0.5255421509075836,0.005
2,878,8882,0.022096121899202632,0.022096121899202632,0.5287027921654313,0.005
2,879,8883,0.01589798747328249,0.01589798747328249,0.5278495207470666,0.005
2,880,8884,0.018253599778026288,0.018253599778026288,0.5252781966316277,0.005
2,881,8885,0.016503229355848192,0.016503229355848192,0.5270270656965611,0.005
2,882,8886,0.017836512097195098,0.017836512097195098,0.5258701314565296,0.005
2,883,8887,0.01566672004619047,0.01566672004619047,0.525237031439677,0.005
2,884,8888,0.01513083703262379,0.01513083703262379,0.5268677697360452,0.005
2,885,8889,0.014190468963431915,0.014190468963431915,0.5261019268925511,0.005
2,886,8890,0.018489408405305646,0.018489408405305646,0.5277470915642097,0.005
2,887,8891,0.013029341647741659,0.013029341647741659,0.524725408624851,0.005
2,888,8892,0.019967335588866035,0.019967335588866035,0.5265971661207752,0.005
2,889,8893,0.025343779614256497,0.025343779614256497,0.5299016258400234,0.005
2,890,8894,0.01758471049363229,0.01758471049363229,0.5269256874211585,0.005
2,891,8895,0.02205145561165666,0.02205145561165666,0.5250638415192281,0.005
2,892,8896,0.01421617821537034,0.01421617821537034,0.5243094477542167,0.005
2,893,8897,0.017448540820672827,0.017448540820672827,0.5270306352520785,0.005
2,894,8898,0.021255554008837357,0.021255554008837357,0.5286095054332014,0.005
2,895,8899,0.019505266641845802,0.019505266641845802,0.5264299412307092,0.005
2,896,8900,0.01690649502275045,0.01690649502275045,0.5265516441209936,0.005
2,897,8901,0.015069339555905675,0.015069339555905675,0.5262748546529975,0.005
2,898,8902,0.01623953216433199,0.01623953216433199,0.5264171511705434,0.005
2,899,8903,0.0171786129928147,0.0171786129928147,0.5255515954093025,0.005
2,900,8904,0.014914829744696358,0.014914829744696358,0.5261791827722694,0.005
2,901,8905,0.01527989009775736,0.01527989009775736,0.5246168433977833,0.005
2,902,8906,0.013391198114886343,0.013391198114886343,0.5260427588358938,0.005
2,903,8907,0.02191898447357058,0.02191898447357058,0.527145690769612,0.005
2,904,8908,0.017352501328163274,0.017352501328163274,0.5260425003153483,0.005
2,905,8909,0.01454172065638757,0.01454172065638757,0.5260822767230008,0.005
2,906,8910,0.016842572595203067,0.016842572595203067,0.5276382333444654,0.005
2,907,8911,0.015382064057282416,0.015382064057282416,0.5265764925702358,0.005
2,908,8912,0.012309953388150698,0.012309953388150698,0.5237207519502801,0.005
2,909,8913,0.016894225026571286,0.016894225026571286,0.5258856153522419,0.005
2,910,8914,0.016199607134146594,0.016199607134146594,0.5258603339578215,0.005
2,911,8915,0.016423162049568493,0.016423162049568493,0.5272253450403764,0.005
2,912,8916,0.01628110292557296,0.01628110292557296,0.5253226776635733,0.005
2,913,8917,0.022751626748187814,0.022751626748187814,0.5276634993768085,0.005
2,914,8918,0.017125032203242338,0.017125032203242338,0.5246963726511426,0.005
2,915,8919,0.016902175283027503,0.016902175283027503,0.5252864851983968,0.005
2,916,8920,0.019062968462303757,0.019062968462303757,0.526824250919928,0.005
2,917,8921,0.014599083119062207,0.014599083119062207,0.5260917316235493,0.005
2,918,8922,0.019579442762829406,0.019579442762829406,0.525008488369083,0.005
2,919,8923,0.015196592226927163,0.015196592226927163,0.5260152126088516,0.005
2,920,8924,0.012839268081133172,0.012839268081133172,0.526699410973856,0.005
2,921,8925,0.013437209583907851,0.013437209583907851,0.5250914981129301,0.005
2,922,8926,0.020600482729185937,0.020600482729185937,0.5291609736773221,0.005
2,923,8927,0.017426162902353715,0.017426162902353715,0.5236086326099303,0.005
2,924,8928,0.021174980710252804,0.021174980710252804,0.5250818915761478,0.005
2,925,8929,0.013283244666150187,0.013283244666150187,0.5259934421940267,0.005
2,926,8930,0.01773413991000598,0.01773413991000598,0.5261751652472948,0.005
2,927,8931,0.016833339852351976,0.016833339852351976,0.5258569812751411,0.005
2,928,8932,0.019248777175375653,0.019248777175375653,0.5270832966717953,0.005
2,929,8933,0.016537412157613757,0.016537412157613757,0.5258487374890745,0.005
2,930,8934,0.021046906595468366,0.021046906595468366,0.5242797566162899,0.005
2,931,8935,0.015697780290768945,0.015697780290768945,0.5255855500507095,0.005
2,932,8936,0.021759719349963957,0.021759719349963957,0.5251359775688731,0.005
2,933,8937,0.013668717734032203,0.013668717734032203,0.5256431566942654,0.005
2,934,8938,0.01622101017895699,0.01622101017895699,0.5258164153211469,0.005
2,935,8939,0.01946488840436387,0.01946488840436387,0.5252194283672673,0.005
2,936,8940,0.015023875182926243,0.015023875182926243,0.5237149120115367,0.005
2,937,8941,0.014451550031149068,0.014451550031149068,0.5252573921668955,0.005
2,938,8942,0.01746114831754739,0.01746114831754739,0.524726607927865,0.005
2,939,8943,0.013437841434554907,0.013437841434554907,0.5248108763481717,0.005
2,940,8944,0.013824859414663555,0.013824859414663555,0.5253800343913178,0.005
2,941,8945,0.015547482913662862,0.015547482913662862,0.5260856430710912,0.005
2,942,8946,0.011022036964597488,0.011022036964597488,0.5228568276658564,0.005
2,943,8947,0.017225555460808572,0.017225555460808572,0.5245126098630178,0.005
2,944,8948,0.01643719193887736,0.01643719193887736,0.524429620177267,0.005
2,945,8949,0.017203968971975434,0.017203968971975434,0.5269367350463583,0.005
2,946,8950,0.026417709074019403,0.026417709074019403,0.526748703611753,0.005
2,947,8951,0.01574653814841677,0.01574653814841677,0.5262401264306654,0.005
2,948,8952,0.0164501511644955,0.0164501511644955,0.5244042660177426,0.005
2,949,8953,0.01600846268128833,0.01600846268128833,0.525351348997573,0.005
2,950,8954,0.013745803636566769,0.013745803636566769,0.5255061840098725,0.005
2,951,8955,0.017346883242068165,0.017346883242068165,0.5260248065010041,0.005
2,952,8956,0.020138718772352078,0.020138718772352078,0.5270340345934177,0.005
2,953,8957,0.015635253944052654,0.015635253944052654,0.5247828549318191,0.005
2,954,8958,0.02428093665830309,0.02428093665830309,0.5269471811222216,0.005
2,955,8959,0.011902710955839701,0.011902710955839701,0.5245020927744384,0.005
2,956,8960,0.018062044871419256,0.018062044871419256,0.5276157037530934,0.005
2,957,8961,0.01480006880716801,0.01480006880716801,0.5244440904050569,0.005
2,958,8962,0.01727642255113572,0.01727642255113572,0.5276099488081882,0.005
2,959,8963,0.015923395841534346,0.015923395841534346,0.5270391939648204,0.005
2,960,8964,0.012808710334307478,0.012808710334307478,0.5259537576944893,0.005
2,961,8965,0.020278108869679855,0.020278108869679855,0.5253903407576677,0.005
2,962,8966,0.018625327657827172,0.018625327657827172,0.5254067765621193,0.005
2,963,8967,0.01701067204771712,0.01701067204771712,0.5249475248420821,0.005
2,964,8968,0.012361074327884995,0.012361074327884995,0.5265998891265976,0.005
2,965,8969,0.02090277257951714,0.02090277257951714,0.5276406098182268,0.005
2,966,8970,0.017554915071248033,0.017554915071248033,0.5274611011912843,0.005
2,967,8971,0.0177265070597516,0.0177265070597516,0.5263278002866578,0.005
2,968,8972,0.01551607891530824,0.01551607891530824,0.5261847899109697,0.005
2,969,8973,0.021327012567865164,0.021327012567865164,0.526216114959442,0.005
2,970,8974,0.016379982385961202,0.016379982385961202,0.5256997892795049,0.005
2,971,8975,0.019487650518559517,0.019487650518559517,0.5261357203194915,0.005
2,972,8976,0.015354824003753684,0.015354824003753684,0.5256706486478252,0.005
2,973,8977,0.01373363644676264,0.01373363644676264,0.5252838243881599,0.005
2,974,8978,0.016334233710554185,0.016334233710554185,0.5248807557639198,0.005
2,975,8979,0.018878221308382487,0.018878221308382487,0.5271973451618137,0.005
2,976,8980,0.02049258021095441,0.02049258021095441,0.524928278973757,0.005
2,977,8981,0.020904250626571152,0.020904250626571152,0.5247290335058973,0.005
2,978,8982,0.014766948268339339,0.014766948268339339,0.5254774130361126,0.005
2,979,8983,0.013798562237956412,0.013798562237956412,0.5267172700553981,0.005
2,980,8984,0.013375351361525328,0.013375351361525328,0.5235161214620118,0.005
2,981,8985,0.019596247186401246,0.019596247186401246,0.5256955166231961,0.005
2,982,8986,0.016505317037939445,0.016505317037939445,0.52517484795666,0.005
2,983,8987,0.02009330180002191,0.02009330180002191,0.527225864379185,0.005
2,984,8988,0.018857477372645395,0.018857477372645395,0.525369380774413,0.005
2,985,8989,0.013444581328988646,0.013444581328988646,0.5248725166876188,0.005
2,986,8990,0.02131884544364631,0.02131884544364631,0.5266434424008511,0.005
2,987,8991,0.014046060780136779,0.014046060780136779,0.5233416442000636,0.005
2,988,8992,0.017968605562320487,0.017968605562320487,0.5261219210139327,0.005
2,989,8993,0.01797876541886296,0.01797876541886296,0.5259923007947942,0.005
2,990,8994,0.01420924167256051,0.01420924167256051,0.5251821080125043,0.005
2,991,8995,0.014192923177163742,0.014192923177163742,0.5258660830799958,0.005
2,992,8996,0.02012076912311095,0.02012076912311095,0.5251400985162246,0.005
2,993,8997,0.014968251634900833,0.014968251634900833,0.5273034151700101,0.005
2,994,8998,0.01656627366709236,0.01656627366709236,0.5257002281937602,0.005
2,995,8999,0.013889212046788543,0.013889212046788543,0.5256823325717662,0.005
2,996,9000,0.012312340223301816,0.012312340223301816,0.5247341974957009,0.005
2,997,9001,0.014328357119145655,0.014328357119145655,0.5253953750300897,0.005
2,998,9002,0.02932176532425225,0.02932176532425225,0.5278957854831062,0.005
2,999,9003,0.014912269914510038,0.014912269914510038,0.5233161695235952,0.005
2,1000,9004,0.012872124624135721,0.012872124624135721,0.5238956763879647,0.005
2,1001,9005,0.012554709647996615,0.012554709647996615,0.521668104200484,0.005
2,1002,9006,0.021462321962396128,0.021462321962396128,0.5281153700563035,0.005
2,1003,9007,0.019957013833002395,0.019957013833002395,0.5257977606084068,0.005
2,1004,9008,0.01807733173613997,0.01807733173613997,0.5232737998845264,0.005
2,1005,9009,0.013999080054016299,0.013999080054016299,0.52342716555104,0.005
2,1006,9010,0.013866893617375474,0.013866893617375474,0.5254174691624576,0.005
2,1007,9011,0.014427888940875823,0.014427888940875823,0.5238210347348913,0.005
2,1008,9012,0.015408978635417361,0.015408978635417361,0.5248296027848132,0.005
2,1009,9013,0.012273376313936017,0.012273376313936017,0.5238751879980112,0.005
2,1010,9014,0.024491322097214142,0.024491322097214142,0.5251968572341585,0.005
2,1011,9015,0.014517279400118668,0.014517279400118668,0.525654471105638,0.005
2,1012,9016,0.014494708006002327,0.014494708006002327,0.5243396287605225,0.005
2,1013,9017,0.015814735827376573,0.015814735827376573,0.5250208514695988,0.005
2,1014,9018,0.018877611400375072,0.018877611400375072,0.5245626698098126,0.005
2,1015,9019,0.020779137053203257,0.020779137053203257,0.5253794423433292,0.005
2,1016,9020,0.012243512172688965,0.012243512172688965,0.5215684364388216,0.005
2,1017,9021,0.015095541178575237,0.015095541178575237,0.5250643641736441,0.005
2,1018,9022,0.01384036407676972,0.01384036407676972,0.5267095886450247,0.005
2,1019,9023,0.015413083822157433,0.015413083822157433,0.526978540935253,0.005
2,1020,9024,0.014565008048896051,0.014565008048896051,0.5244616053019583,0.005
2,1021,9025,0.024940784478902807,0.024940784478902807,0.5241571324531353,0.005
2,1022,9026,0.013486054270271185,0.013486054270271185,0.5242798639728279,0.005
2,1023,9027,0.021157842405851925,0.021157842405851925,0.5243130917674096,0.005
2,1024,9028,0.01751232258243573,0.01751232258243573,0.525491922378286,0.005
2,1025,9029,0.013307123158583324,0.013307123158583324,0.5220435180447218,0.005
2,1026,9030,0.011481398459056335,0.011481398459056335,0.5240317046501521,0.005
2,1027,9031,0.013251500728525913,0.013251500728525913,0.5251912967163087,0.005
2,1028,9032,0.011315367655351502,0.011315367655351502,0.5239058595902111,0.005
2,1029,9033,0.01674730933269223,0.01674730933269223,0.5257246712918575,0.005
2,1030,9034,0.013040796036002163,0.013040796036002163,0.5240574602204315,0.005
2,1031,9035,0.013472136563627501,0.013472136563627501,0.5232286645614448,0.005
2,1032,9036,0.014897194455666986,0.014897194455666986,0.524142468075319,0.005
2,1033,9037,0.018791522971542452,0.018791522971542452,0.5247185963906196,0.005
2,1034,9038,0.01678290170675036,0.01678290170675036,0.5280157326538927,0.005
2,1035,9039,0.013887934681691215,0.013887934681691215,0.5243705905989222,0.005
2,1036,9040,0.018550349657152285,0.018550349657152285,0.5253831555107106,0.005
2,1037,9041,0.01439932025966419,0.01439932025966419,0.5260143546530209,0.005
2,1038,9042,0.017406621296710532,0.017406621296710532,0.5271419039175775,0.005
2,1039,9043,0.014820927124873848,0.014820927124873848,0.5237789649743727,0.005
2,1040,9044,0.014674186140571742,0.014674186140571742,0.5257657467247017,0.005
2,1041,9045,0.01593344063521511,0.01593344063521511,0.5248709372179313,0.005
2,1042,9046,0.016817335982420415,0.016817335982420415,0.5251297292313774,0.005
2,1043,9047,0.020102096920290365,0.020102096920290365,0.5265057258045898,0.005
2,1044,9048,0.01157177550439734,0.01157177550439734,0.523118341110835,0.005
2,1045,9049,0.017535088150416683,0.017535088150416683,0.5239653483844013,0.005
2,1046,9050,0.018793467414503766,0.018793467414503766,0.5269496528436137,0.005
2,1047,9051,0.015813590597266065,0.015813590597266065,0.5257265906445544,0.005
2,1048,9052,0.021544287080441413,0.021544287080441413,0.5236750299560334,0.005
2,1049,9053,0.018808165752512644,0.018808165752512644,0.5259821570078608,0.005
2,1050,9054,0.01589017065960151,0.01589017065960151,0.5250939213411469,0.005
2,1051,9055,0.014123811086827493,0.014123811086827493,0.5261303015729147,0.005
2,1052,9056,0.021073092541727942,0.021073092541727942,0.5248224659903201,0.005
2,1053,9057,0.021104321126059384,0.021104321126059384,0.5289585723984432,0.005
2,1054,9058,0.02162400564835337,0.02162400564835337,0.5267581588563224,0.005
2,1055,9059,0.01853310390235748,0.01853310390235748,0.525618412906246,0.005
2,1056,9060,0.025377064020550302,0.025377064020550302,0.5264331870837016,0.005
2,1057,9061,0.020944673447576806,0.020944673447576806,0.5272881005392221,0.005
2,1058,9062,0.017408608898343045,0.017408608898343045,0.5250943543283855,0.005
2,1059,9063,0.014213591760139008,0.014213591760139008,0.5247029756331035,0.005
2,1060,9064,0.02133323165556062,0.02133323165556062,0.5230339859800184,0.005
2,1061,9065,0.0171993831594917,0.0171993831594917,0.5233071826949212,0.005
2,1062,9066,0.019282574924774795,0.019282574924774795,0.5245290482320023,0.005
2,1063,9067,0.01789871808347452,0.01789871808347452,0.526109186237845,0.005
2,1064,9068,0.014505720491770825,0.014505720491770825,0.5240170020275712,0.005
2,1065,9069,0.01285511398695192,0.01285511398695192,0.524640936658484,0.005
2,1066,9070,0.01690466282491969,0.01690466282491969,0.5269436051736034,0.005
2,1067,9071,0.016251643087477285,0.016251643087477285,0.5272171151916497,0.005
2,1068,9072,0.01790133473372333,0.01790133473372333,0.5242788908767594,0.005
2,1069,9073,0.019655822893859608,0.019655822893859608,0.5279791551577344,0.005
2,1070,9074,0.016662926126048416,0.016662926126048416,0.5254652095976615,0.005
2,1071,9075,0.014619046254581335,0.014619046254581335,0.5239884868526384,0.005
2,1072,9076,0.014515207259502115,0.014515207259502115,0.5249136000747553,0.005
2,1073,9077,0.013263473137091083,0.013263473137091083,0.5242982934860839,0.005
2,1074,9078,0.016907438801567004,0.016907438801567004,0.525841344167529,0.005
2,1075,9079,0.015209267634047112,0.015209267634047112,0.5263030010991067,0.005
2,1076,9080,0.020603513446817212,0.020603513446817212,0.5243766245879447,0.005
2,1077,9081,0.017729057488142658,0.017729057488142658,0.5266164313860819,0.005
2,1078,9082,0.014208687807574102,0.014208687807574102,0.5257217373116848,0.005
2,1079,9083,0.015807082011077514,0.015807082011077514,0.5266976736557243,0.005
2,1080,9084,0.015677076643202073,0.015677076643202073,0.5245111739684277,0.005
2,1081,9085,0.015814012067039064,0.015814012067039064,0.5228216767478074,0.005
2,1082,9086,0.019821369273926907,0.019821369273926907,0.5273868731308768,0.005
2,1083,9087,0.020301876576346696,0.020301876576346696,0.5272040951009305,0.005
2,1084,9088,0.015693146143686477,0.015693146143686477,0.5243151792036411,0.005
2,1085,9089,0.021925299201363595,0.021925299201363595,0.5257574575763092,0.005
2,1086,9090,0.014064220211465908,0.014064220211465908,0.5235187629539902,0.005
2,1087,9091,0.016849613076314968,0.016849613076314968,0.525435858294537,0.005
2,1088,9092,0.019019011910592826,0.019019011910592826,0.525688558110431,0.005
2,1089,9093,0.02161913869283312,0.02161913869283312,0.5275516719407526,0.005
2,1090,9094,0.011428371632832737,0.011428371632832737,0.5241474490516425,0.005
2,1091,9095,0.020412670174355576,0.020412670174355576,0.5233054517092788,0.005
2,1092,9096,0.015275006801445968,0.015275006801445968,0.5247890987444133,0.005
2,1093,9097,0.016052896322428664,0.016052896322428664,0.5247405545039748,0.005
2,1094,9098,0.013865141087562033,0.013865141087562033,0.5245100439622398,0.005
2,1095,9099,0.012791597366203711,0.012791597366203711,0.5235896174038706,0.005
2,1096,9100,0.022060354665885202,0.022060354665885202,0.5232809191704573,0.005
2,1097,9101,0.01594665723253368,0.01594665723253368,0.5255596323035,0.005
2,1098,9102,0.01916757215883397,0.01916757215883397,0.5262115042355717,0.005
2,1099,9103,0.016729860583699296,0.016729860583699296,0.5245022032719631,0.005
2,1100,9104,0.013082067230491793,0.013082067230491793,0.524222829903074,0.005
2,1101,9105,0.01601089596602674,0.01601089596602674,0.5230315700187351,0.005
2,1102,9106,0.01818594192246903,0.01818594192246903,0.5268851628918401,0.005
2,1103,9107,0.016784088929677123,0.016784088929677123,0.5247257232102981,0.005
2,1104,9108,0.014639044458264788,0.014639044458264788,0.5237952051480568,0.005
2,1105,9109,0.0189094164712139,0.0189094164712139,0.5221742954048935,0.005
2,1106,9110,0.01644737572678845,0.01644737572678845,0.5244712761939333,0.005
2,1107,9111,0.012772655048384875,0.012772655048384875,0.526120930509542,0.005
2,1108,9112,0.017198081786863724,0.017198081786863724,0.5268617243703021,0.005
2,1109,9113,0.017728357169630463,0.017728357169630463,0.5259666771225946,0.005
2,1110,9114,0.015721263631161234,0.015721263631161234,0.5254967708094685,0.005
2,1111,9115,0.01696337938488868,0.01696337938488868,0.5256049334588577,0.005
2,1112,9116,0.018643023909785228,0.018643023909785228,0.5280968507855032,0.005
2,1113,9117,0.015330399856406747,0.015330399856406747,0.524619264133223,0.005
2,1114,9118,0.015791446818924817,0.015791446818924817,0.526037755366369,0.005
2,1115,9119,0.01446969529732263,0.01446969529732263,0.5261852001126761,0.005
2,1116,9120,0.015581875691482821,0.015581875691482821,0.5272823213054276,0.005
2,1117,9121,0.014394574730913802,0.014394574730913802,0.5276803642788337,0.005
2,1118,9122,0.01661347897459247,0.01661347897459247,0.5275765548838485,0.005
2,1119,9123,0.015565833423737446,0.015565833423737446,0.5264489300945927,0.005
2,1120,9124,0.01582511726929505,0.01582511726929505,0.5265811423192058,0.005
2,1121,9125,0.013300371734324018,0.013300371734324018,0.5255171950382556,0.005
2,1122,9126,0.01617884609749,0.01617884609749,0.5247716090568096,0.005
2,1123,9127,0.014511362208249976,0.014511362208249976,0.5247114191703219,0.005
2,1124,9128,0.013050457108088945,0.013050457108088945,0.5225669509870906,0.005
2,1125,9129,0.016044403622308592,0.016044403622308592,0.5255171266588445,0.005
2,1126,9130,0.012970982496847418,0.012970982496847418,0.5245964831262796,0.005
2,1127,9131,0.01157500363690209,0.01157500363690209,0.5237463337344329,0.005
2,1128,9132,0.013751288593935592,0.013751288593935592,0.5242250011524464,0.005
2,1129,9133,0.01704469651206746,0.01704469651206746,0.5226655514222692,0.005
2,1130,9134,0.015223046803582888,0.015223046803582888,0.5234125485436967,0.005
2,1131,9135,0.018642483070963802,0.018642483070963802,0.5229570161757218,0.005
2,1132,9136,0.015013627075065017,0.015013627075065017,0.5246131337106039,0.005
2,1133,9137,0.01389205718533628,0.01389205718533628,0.5247312385380514,0.005
2,1134,9138,0.019822792277688062,0.019822792277688062,0.5285185356761449,0.005
2,1135,9139,0.014514954930394364,0.014514954930394364,0.5258327348361668,0.005
2,1136,9140,0.01431132222894968,0.01431132222894968,0.5253797173499983,0.005
2,1137,9141,0.01448773139423258,0.01448773139423258,0.5260099683200823,0.005
2,1138,9142,0.013951059596729341,0.013951059596729341,0.5244799676851605,0.005
2,1139,9143,0.01887750161663918,0.01887750161663918,0.5271339719052847,0.005
2,1140,9144,0.015372818262310219,0.015372818262310219,0.5260478483789546,0.005
2,1141,9145,0.01516269724332665,0.01516269724332665,0.5253433671646904,0.005
2,1142,9146,0.012392117042670502,0.012392117042670502,0.5249779791753569,0.005
2,1143,9147,0.023994508100009793,0.023994508100009793,0.5284377016489836,0.005
2,1144,9148,0.018036554604721547,0.018036554604721547,0.5254012458006618,0.005
2,1145,9149,0.014804402547407204,0.014804402547407204,0.5251561211657394,0.005
2,1146,9150,0.011691857881409938,0.011691857881409938,0.5260221892819241,0.005
2,1147,9151,0.018680233865537556,0.018680233865537556,0.5251653209273617,0.005
2,1148,9152,0.013652667224629367,0.013652667224629367,0.5256740913583599,0.005
2,1149,9153,0.017357237095807075,0.017357237095807075,0.5257483736327291,0.005
2,1150,9154,0.01705878106156849,0.01705878106156849,0.5234973308037496,0.005
2,1151,9155,0.014530649606603474,0.014530649606603474,0.5241205326546177,0.005
2,1152,9156,0.017941414833167746,0.017941414833167746,0.5244645433110534,0.005
2,1153,9157,0.019067020856548884,0.019067020856548884,0.5250283375498616,0.005
2,1154,9158,0.01432356160880831,0.01432356160880831,0.5263863245608231,0.005
2,1155,9159,0.014224373134069865,0.014224373134069865,0.5242986437657248,0.005
2,1156,9160,0.01687182157653039,0.01687182157653039,0.5270060189079501,0.005
2,1157,9161,0.018971059403292124,0.018971059403292124,0.5263021531036699,0.005
2,1158,9162,0.01190467405421022,0.01190467405421022,0.5258736508581302,0.005
2,1159,9163,0.019406528229574352,0.019406528229574352,0.5289442541182445,0.005
2,1160,9164,0.014562747406729746,0.014562747406729746,0.5258920276852429,0.005
2,1161,9165,0.017956529947839632,0.017956529947839632,0.524708776085909,0.005
2,1162,9166,0.01786813788932158,0.01786813788932158,0.5261042617775986,0.005
2,1163,9167,0.019564588952104674,0.019564588952104674,0.5265771445766235,0.005
2,1164,9168,0.013960915693711742,0.013960915693711742,0.5248222415690118,0.005
2,1165,9169,0.015861703915488804,0.015861703915488804,0.5249078460228637,0.005
2,1166,9170,0.011808864131116596,0.011808864131116596,0.5235396957667102,0.005
2,1167,9171,0.011689203620254454,0.011689203620254454,0.5249531292597978,0.005
2,1168,9172,0.015779171344158297,0.015779171344158297,0.5243816169313743,0.005
2,1169,9173,0.014076713996123532,0.014076713996123532,0.525107347500773,0.005
2,1170,9174,0.01491193778505068,0.01491193778505068,0.5266741150407496,0.005
2,1171,9175,0.013350241906164788,0.013350241906164788,0.5238932786960553,0.005
2,1172,9176,0.017951456653869626,0.017951456653869626,0.5251827635192167,0.005
2,1173,9177,0.01779764321501074,0.01779764321501074,0.5258790253699894,0.005
2,1174,9178,0.018067674141555086,0.018067674141555086,0.5238266967192109,0.005
2,1175,9179,0.02167224563085618,0.02167224563085618,0.5246950807231328,0.005
2,1176,9180,0.014725841541465072,0.014725841541465072,0.5254870536479431,0.005
2,1177,9181,0.015743589900502,0.015743589900502,0.5250351762387528,0.005
2,1178,9182,0.014835397302973672,0.014835397302973672,0.5234106272235534,0.005
2,1179,9183,0.021436640080031415,0.021436640080031415,0.5235753297376567,0.005
2,1180,9184,0.012892623806618993,0.012892623806618993,0.525348160092702,0.005
2,1181,9185,0.01906189306978376,0.01906189306978376,0.5227529882542895,0.005
2,1182,9186,0.011995384791658438,0.011995384791658438,0.5232666340901362,0.005
2,1183,9187,0.018614772592760502,0.018614772592760502,0.5250119170347747,0.005
2,1184,9188,0.013741844983115169,0.013741844983115169,0.5236311260251801,0.005
2,1185,9189,0.014324827046663702,0.014324827046663702,0.5232494346327083,0.005
2,1186,9190,0.021766851445033854,0.021766851445033854,0.5252503950448707,0.005
2,1187,9191,0.02578110149453281,0.02578110149453281,0.5237320180053782,0.005
2,1188,9192,0.013110441782425096,0.013110441782425096,0.5256940935745045,0.005
2,1189,9193,0.016337228191352762,0.016337228191352762,0.5233551124115944,0.005
2,1190,9194,0.021728722363512573,0.021728722363512573,0.5243033253320423,0.005
2,1191,9195,0.018431182237743697,0.018431182237743697,0.5233150247846227,0.005
2,1192,9196,0.01316573291132593,0.01316573291132593,0.5222975967082637,0.005
2,1193,9197,0.012939168293418329,0.012939168293418329,0.5233330760918912,0.005
2,1194,9198,0.02221472509515137,0.02221472509515137,0.5226555239578933,0.005
2,1195,9199,0.014489443980833851,0.014489443980833851,0.5246387751058623,0.005
2,1196,9200,0.017974646956485436,0.017974646956485436,0.5258052733198495,0.005
2,1197,9201,0.014623521144459086,0.014623521144459086,0.5235318720784738,0.005
2,1198,9202,0.016401336290432472,0.016401336290432472,0.5238381139493365,0.005
2,1199,9203,0.01447941920676632,0.01447941920676632,0.5240523645299547,0.005
2,1200,9204,0.015109394658510364,0.015109394658510364,0.5240559159746837,0.005
2,1201,9205,0.016475770208996304,0.016475770208996304,0.5265490777895492,0.005
2,1202,9206,0.01596061411539063,0.01596061411539063,0.5238672976583542,0.005
2,1203,9207,0.01364038613231633,0.01364038613231633,0.524157786454994,0.005
2,1204,9208,0.01463812310117897,0.01463812310117897,0.5223409604379365,0.005
2,1205,9209,0.015564196752103611,0.015564196752103611,0.523213623942652,0.005
2,1206,9210,0.013697837142005672,0.013697837142005672,0.5225836991305104,0.005
2,1207,9211,0.012680656591805155,0.012680656591805155,0.5234433902096575,0.005
2,1208,9212,0.018437316814331146,0.018437316814331146,0.5247574527576784,0.005
2,1209,9213,0.02353418767474013,0.02353418767474013,0.523527349829419,0.005
2,1210,9214,0.013338454964971389,0.013338454964971389,0.5227372769059258,0.005
2,1211,9215,0.014255953666974287,0.014255953666974287,0.5235071354284626,0.005
2,1212,9216,0.015521725126805615,0.015521725126805615,0.5223030137612112,0.005
2,1213,9217,0.018555362337075717,0.018555362337075717,0.5263326947909643,0.005
2,1214,9218,0.015332184355439461,0.015332184355439461,0.5236560151465722,0.005
2,1215,9219,0.016112253989723116,0.016112253989723116,0.5232895330362713,0.005
2,1216,9220,0.014712362510743204,0.014712362510743204,0.5250369721564839,0.005
2,1217,9221,0.015049330353548319,0.015049330353548319,0.523006635909693,0.005
2,1218,9222,0.01224336821571723,0.01224336821571723,0.5219845731140296,0.005
2,1219,9223,0.018100739174905192,0.018100739174905192,0.5211602539440717,0.005
2,1220,9224,0.017051569456773958,0.017051569456773958,0.5225620767189073,0.005
2,1221,9225,0.016852652683165378,0.016852652683165378,0.5236927903090196,0.005
2,1222,9226,0.012435860072363468,0.012435860072363468,0.5225217066425144,0.005
2,1223,9227,0.01574807111829843,0.01574807111829843,0.5227587679222022,0.005
2,1224,9228,0.01685152701641153,0.01685152701641153,0.5201955809866677,0.005
2,1225,9229,0.013445542364384158,0.013445542364384158,0.5223608044754893,0.005
2,1226,9230,0.016787102681951282,0.016787102681951282,0.5214689833194123,0.005
2,1227,9231,0.013807103307646822,0.013807103307646822,0.5222422418872833,0.005
2,1228,9232,0.015440581622818805,0.015440581622818805,0.5219445710631093,0.005
2,1229,9233,0.018587098106604916,0.018587098106604916,0.5237637615178077,0.005
2,1230,9234,0.03095032533222713,0.03095032533222713,0.5266582610695781,0.005
2,1231,9235,0.014639223300668719,0.014639223300668719,0.5211787799199213,0.005
2,1232,9236,0.012188161647738772,0.012188161647738772,0.5233614914613905,0.005
2,1233,9237,0.015922400260603604,0.015922400260603604,0.5224571002216402,0.005
2,1234,9238,0.0162208487990552,0.0162208487990552,0.5257492172682325,0.005
2,1235,9239,0.01478694140183619,0.01478694140183619,0.5247178049282242,0.005
2,1236,9240,0.014467118084909431,0.014467118084909431,0.5233916216791216,0.005
2,1237,9241,0.014016575560459973,0.014016575560459973,0.5233487083963796,0.005
2,1238,9242,0.01602170390656459,0.01602170390656459,0.5238995834679904,0.005
2,1239,9243,0.023080697806262825,0.023080697806262825,0.5257885484461075,0.005
2,1240,9244,0.013173934287657299,0.013173934287657299,0.5234462672076016,0.005
2,1241,9245,0.018586131570020557,0.018586131570020557,0.5234358340630374,0.005
2,1242,9246,0.014041077086905567,0.014041077086905567,0.5234618818662368,0.005
2,1243,9247,0.015745216255240536,0.015745216255240536,0.5258105772316317,0.005
2,1244,9248,0.02362804176191606,0.02362804176191606,0.5262141496252621,0.005
2,1245,9249,0.013991355250532439,0.013991355250532439,0.5240968672271008,0.005
2,1246,9250,0.02095531823587043,0.02095531823587043,0.5248290653947012,0.005
2,1247,9251,0.014054381375050278,0.014054381375050278,0.5240942820994074,0.005
2,1248,9252,0.01187245814177762,0.01187245814177762,0.5227915043065788,0.005
2,1249,9253,0.015302962650181391,0.015302962650181391,0.5257424939315626,0.005
2,1250,9254,0.015172975204850335,0.015172975204850335,0.523850926430838,0.005
2,1251,9255,0.01699574928808323,0.01699574928808323,0.522997409796465,0.005
2,1252,9256,0.01923053432348673,0.01923053432348673,0.5257347910341458,0.005
2,1253,9257,0.016078328756919676,0.016078328756919676,0.5247319765521037,0.005
2,1254,9258,0.015896693111208317,0.015896693111208317,0.5247377468507637,0.005
2,1255,9259,0.01859754775449296,0.01859754775449296,0.5243435006178568,0.005
2,1256,9260,0.013115190474222996,0.013115190474222996,0.5236043701095472,0.005
2,1257,9261,0.014427386438155982,0.014427386438155982,0.5240245119469803,0.005
2,1258,9262,0.017576440958440374,0.017576440958440374,0.5231273096680111,0.005
2,1259,9263,0.017102641846251126,0.017102641846251126,0.5231449203126338,0.005
2,1260,9264,0.013963671132603493,0.013963671132603493,0.5224987697392256,0.005
2,1261,9265,0.01764705743034431,0.01764705743034431,0.5254663411291622,0.005
2,1262,9266,0.01413300580015815,0.01413300580015815,0.5248450771552278,0.005
2,1263,9267,0.013344840626561114,0.013344840626561114,0.5244462254684801,0.005
2,1264,9268,0.01567355697497983,0.01567355697497983,0.5245521976837602,0.005
2,1265,9269,0.01374582510511875,0.01374582510511875,0.5236177361764836,0.005
2,1266,9270,0.015432708686773055,0.015432708686773055,0.5261087276912835,0.005
2,1267,9271,0.013589708022476516,0.013589708022476516,0.5247481494942057,0.005
2,1268,9272,0.012978023995622767,0.012978023995622767,0.5236289248068179,0.005
2,1269,9273,0.014452663175350981,0.014452663175350981,0.5251024475444669,0.005
2,1270,9274,0.01494234272724091,0.01494234272724091,0.5269954040612168,0.005
2,1271,9275,0.02274790015876943,0.02274790015876943,0.5220224992469014,0.005
2,1272,9276,0.016594439582880392,0.016594439582880392,0.5238267472565362,0.005
2,1273,9277,0.01185619192554895,0.01185619192554895,0.5246878476418994,0.005
2,1274,9278,0.014835034305206827,0.014835034305206827,0.5242072665919087,0.005
2,1275,9279,0.01620898626608118,0.01620898626608118,0.5212664460439884,0.005
2,1276,9280,0.012265577155125678,0.012265577155125678,0.5228237995852092,0.005
2,1277,9281,0.016784716720997545,0.016784716720997545,0.5257611221059922,0.005
2,1278,9282,0.015596226080782339,0.015596226080782339,0.5245985351959402,0.005
2,1279,9283,0.012978131766633962,0.012978131766633962,0.5245797412124994,0.005
2,1280,9284,0.018275973152807337,0.018275973152807337,0.5266679155070527,0.005
2,1281,9285,0.012623667623817003,0.012623667623817003,0.5251956433422511,0.005
2,1282,9286,0.01875770423896482,0.01875770423896482,0.5252551904830647,0.005
2,1283,9287,0.017838041238698674,0.017838041238698674,0.5244761186584416,0.005
2,1284,9288,0.013107792266896724,0.013107792266896724,0.5246609369055529,0.005
2,1285,9289,0.02048502750169192,0.02048502750169192,0.5233452628136329,0.005
2,1286,9290,0.022865975932690547,0.022865975932690547,0.5241997038237218,0.005
2,1287,9291,0.015382673458923399,0.015382673458923399,0.526109637711348,0.005
2,1288,9292,0.014007747817045647,0.014007747817045647,0.5231386241584667,0.005
2,1289,9293,0.02030865857734602,0.02030865857734602,0.5265912021626584,0.005
2,1290,9294,0.013968544955447672,0.013968544955447672,0.5245900525287033,0.005
2,1291,9295,0.01790149010446596,0.01790149010446596,0.5261686592920769,0.005
2,1292,9296,0.02033908044631483,0.02033908044631483,0.5273615930420785,0.005
2,1293,9297,0.018480305797796658,0.018480305797796658,0.5270846250326986,0.005
2,1294,9298,0.010950052011847358,0.010950052011847358,0.523997400563422,0.005
2,1295,9299,0.01721227778387147,0.01721227778387147,0.5238553045716807,0.005
2,1296,9300,0.015561214809823556,0.015561214809823556,0.5264563151485175,0.005
2,1297,9301,0.014339320533029373,0.014339320533029373,0.5263195324174593,0.005
2,1298,9302,0.015454941545507483,0.015454941545507483,0.5238288566140936,0.005
2,1299,9303,0.014862045733514068,0.014862045733514068,0.5238761045963616,0.005
2,1300,9304,0.019099317092991234,0.019099317092991234,0.5256293170982105,0.005
2,1301,9305,0.013572390391432224,0.013572390391432224,0.5233412446300661,0.005
2,1302,9306,0.01302467034485239,0.01302467034485239,0.5222142807522023,0.005
2,1303,9307,0.016419001266095242,0.016419001266095242,0.5247666722653823,0.005
2,1304,9308,0.016768625255475622,0.016768625255475622,0.5270010598102352,0.005
2,1305,9309,0.018216541840412763,0.018216541840412763,0.5229577573436617,0.005
2,1306,9310,0.013295995368874505,0.013295995368874505,0.5235795757111747,0.005
2,1307,9311,0.01477800606472057,0.01477800606472057,0.5242072080692946,0.005
2,1308,9312,0.018729450058012333,0.018729450058012333,0.5242558120837103,0.005
2,1309,9313,0.017446178702293764,0.017446178702293764,0.5243588084894935,0.005
2,1310,9314,0.01725431654680202,0.01725431654680202,0.5258405603705779,0.005
2,1311,9315,0.020651747512967035,0.020651747512967035,0.5261605161644725,0.005
2,1312,9316,0.01854621252540396,0.01854621252540396,0.5259866188014846,0.005
2,1313,9317,0.012278598997377422,0.012278598997377422,0.5244801558985003,0.005
2,1314,9318,0.016410953626474246,0.016410953626474246,0.5257741064954575,0.005
2,1315,9319,0.02112287719685039,0.02112287719685039,0.5251405219899605,0.005
2,1316,9320,0.01683333627545626,0.01683333627545626,0.5243082909913984,0.005
2,1317,9321,0.015984219720302183,0.015984219720302183,0.5258477989234469,0.005
2,1318,9322,0.01562471139707743,0.01562471139707743,0.5256481549901615,0.005
2,1319,9323,0.015556040794041347,0.015556040794041347,0.5235455686888457,0.005
2,1320,9324,0.02848398914482524,0.02848398914482524,0.5233066968317237,0.005
2,1321,9325,0.012736546030232337,0.012736546030232337,0.5238385835369437,0.005
2,1322,9326,0.0168255307243801,0.0168255307243801,0.5251942058131341,0.005
2,1323,9327,0.014295195967264474,0.014295195967264474,0.5242153796636503,0.005
2,1324,9328,0.023061208928502046,0.023061208928502046,0.525948008741049,0.005
2,1325,9329,0.013550104905438481,0.013550104905438481,0.5240409702839675,0.005
2,1326,9330,0.013935795618178511,0.013935795618178511,0.5235301439286721,0.005
2,1327,9331,0.01832627001348191,0.01832627001348191,0.5249888129857342,0.005
2,1328,9332,0.02140468968569388,0.02140468968569388,0.5229592797852745,0.005
2,1329,9333,0.013533272630130848,0.013533272630130848,0.5256381460101384,0.005
2,1330,9334,0.014459260462217863,0.014459260462217863,0.5218347584998987,0.005
2,1331,9335,0.011601906234933382,0.011601906234933382,0.5237254792299578,0.005
2,1332,9336,0.014741162744395343,0.014741162744395343,0.5243572688665423,0.005
2,1333,9337,0.02400096401126675,0.02400096401126675,0.5252875707727984,0.005
2,1334,9338,0.01701314891685344,0.01701314891685344,0.5258812261952087,0.005
2,1335,9339,0.010895901378965098,0.010895901378965098,0.5229266568131081,0.005
2,1336,9340,0.014745288439065281,0.014745288439065281,0.5230549669622522,0.005
2,1337,9341,0.015403020068505743,0.015403020068505743,0.5241701820901369,0.005
2,1338,9342,0.016038928066864987,0.016038928066864987,0.5252149186009545,0.005
2,1339,9343,0.013673637011764913,0.013673637011764913,0.5247869513581207,0.005
2,1340,9344,0.014208984998249206,0.014208984998249206,0.5236444247310188,0.005
2,1341,9345,0.010532186695699823,0.010532186695699823,0.5227120973899492,0.005
2,1342,9346,0.02393471208781759,0.02393471208781759,0.5264609365517721,0.005
2,1343,9347,0.016487482160617004,0.016487482160617004,0.5229739509666755,0.005
2,1344,9348,0.017878874780789675,0.017878874780789675,0.5254800348863019,0.005
2,1345,9349,0.0177228641412773,0.0177228641412773,0.5262327234212412,0.005
2,1346,9350,0.02111472837819009,0.02111472837819009,0.5259039795741306,0.005
2,1347,9351,0.01715820088590669,0.01715820088590669,0.5250793378254773,0.005
2,1348,9352,0.01647677797286887,0.01647677797286887,0.5263570394700452,0.005
2,1349,9353,0.01341427690225823,0.01341427690225823,0.5246307110643411,0.005
2,1350,9354,0.01640697497491342,0.01640697497491342,0.5239489113548971,0.005
2,1351,9355,0.014140603660565078,0.014140603660565078,0.5222776440176655,0.005
2,1352,9356,0.015203809719421198,0.015203809719421198,0.5239763510542141,0.005
2,1353,9357,0.014845192757102308,0.014845192757102308,0.5224547997875639,0.005
2,1354,9358,0.01321069731223351,0.01321069731223351,0.5231870018044389,0.005
2,1355,9359,0.018147211943412504,0.018147211943412504,0.525846000184976,0.005
2,1356,9360,0.013591479974819564,0.013591479974819564,0.5237923003771603,0.005
2,1357,9361,0.014237425324020244,0.014237425324020244,0.5214764061608256,0.005
2,1358,9362,0.015925146941307512,0.015925146941307512,0.5245930283653157,0.005
2,1359,9363,0.016452459541128773,0.016452459541128773,0.5239792791471718,0.005
2,1360,9364,0.01793078657702732,0.01793078657702732,0.5222083236231676,0.005
2,1361,9365,0.01775310743847341,0.01775310743847341,0.5258638340236181,0.005
2,1362,9366,0.018820155196121804,0.018820155196121804,0.5246100054108833,0.005
2,1363,9367,0.012552400257714076,0.012552400257714076,0.5243577945730267,0.005
2,1364,9368,0.01969180148201863,0.01969180148201863,0.5271238857748638,0.005
2,1365,9369,0.013805302904337655,0.013805302904337655,0.5253082752916541,0.005
2,1366,9370,0.015875289528464336,0.015875289528464336,0.5229667061542291,0.005
2,1367,9371,0.016539494199817983,0.016539494199817983,0.525070627889324,0.005
2,1368,9372,0.0199604441854219,0.0199604441854219,0.5231867856660346,0.005
2,1369,9373,0.015083160956162543,0.015083160956162543,0.524896221454439,0.005
2,1370,9374,0.01691424709991034,0.01691424709991034,0.5246852911776174,0.005
2,1371,9375,0.01953562557688072,0.01953562557688072,0.526780002758992,0.005
2,1372,9376,0.013529187834554653,0.013529187834554653,0.5264518607790171,0.005
2,1373,9377,0.016489515200154202,0.016489515200154202,0.5265794850174658,0.005
2,1374,9378,0.017461835681512366,0.017461835681512366,0.5253841949184176,0.005
2,1375,9379,0.01686145973222921,0.01686145973222921,0.5249105351628263,0.005
2,1376,9380,0.017096257662168192,0.017096257662168192,0.5267531847540085,0.005
2,1377,9381,0.012909308499206974,0.012909308499206974,0.5242719596126622,0.005
2,1378,9382,0.019055765811827108,0.019055765811827108,0.5251494212997616,0.005
2,1379,9383,0.020566543782525006,0.020566543782525006,0.5270732475067609,0.005
2,1380,9384,0.01860986677246456,0.01860986677246456,0.5271226789621533,0.005
2,1381,9385,0.014830687743735383,0.014830687743735383,0.5241242721791081,0.005
2,1382,9386,0.017836934364432865,0.017836934364432865,0.5248051890957028,0.005
2,1383,9387,0.013597753626587966,0.013597753626587966,0.5265656078369786,0.005
2,1384,9388,0.017442539987308447,0.017442539987308447,0.5269291068150355,0.005
2,1385,9389,0.02157540129105569,0.02157540129105569,0.5279882274099177,0.005
2,1386,9390,0.013477349077260115,0.013477349077260115,0.5234156589684479,0.005
2,1387,9391,0.01704681476200342,0.01704681476200342,0.524924258903728,0.005
2,1388,9392,0.016992668480842972,0.016992668480842972,0.5262489832634248,0.005
2,1389,9393,0.016547359067918918,0.016547359067918918,0.5246840829727464,0.005
2,1390,9394,0.013755170235024167,0.013755170235024167,0.5264904784311394,0.005
2,1391,9395,0.01720122763580569,0.01720122763580569,0.5252280615924022,0.005
2,1392,9396,0.017259587499919564,0.017259587499919564,0.5239816342402481,0.005
2,1393,9397,0.01577806639056036,0.01577806639056036,0.5269146666411167,0.005
2,1394,9398,0.01582306686272493,0.01582306686272493,0.5265231303253474,0.005
2,1395,9399,0.018100317111460644,0.018100317111460644,0.5259948889277725,0.005
2,1396,9400,0.01391347142906538,0.01391347142906538,0.5248960424970255,0.005
2,1397,9401,0.015823553012593188,0.015823553012593188,0.524461383161006,0.005
2,1398,9402,0.016588722158368284,0.016588722158368284,0.5260928188138785,0.005
2,1399,9403,0.01864188240743931,0.01864188240743931,0.5263315347064389,0.005
2,1400,9404,0.022691752083123237,0.022691752083123237,0.527207159760268,0.005
2,1401,9405,0.01457777944279098,0.01457777944279098,0.5263514837482153,0.005
2,1402,9406,0.01609983911014356,0.01609983911014356,0.5261328159485801,0.005
2,1403,9407,0.014732552659975709,0.014732552659975709,0.5250829698108974,0.005
2,1404,9408,0.013068861175523501,0.013068861175523501,0.5249366719026047,0.005
2,1405,9409,0.022222092476746294,0.022222092476746294,0.5248574422569866,0.005
2,1406,9410,0.017196371179592253,0.017196371179592253,0.5271011259442427,0.005
2,1407,9411,0.021458422940010366,0.021458422940010366,0.5266992680660684,0.005
2,1408,9412,0.015144713135206128,0.015144713135206128,0.5235138383532114,0.005
2,1409,9413,0.015249956110591559,0.015249956110591559,0.525784241688088,0.005
2,1410,9414,0.01673498667478429,0.01673498667478429,0.5283582844597919,0.005
2,1411,9415,0.018988981737817347,0.018988981737817347,0.5267545959593175,0.005
2,1412,9416,0.014575864801299217,0.014575864801299217,0.5253945136491676,0.005
2,1413,9417,0.020523225667927775,0.020523225667927775,0.528031179786318,0.005
2,1414,9418,0.01963918001510721,0.01963918001510721,0.5257712596225398,0.005
2,1415,9419,0.0205622829451461,0.0205622829451461,0.5281840856981508,0.005
2,1416,9420,0.016705864308748715,0.016705864308748715,0.5279868189439774,0.005
2,1417,9421,0.017503520472120337,0.017503520472120337,0.5262249903629589,0.005
2,1418,9422,0.019300548537395424,0.019300548537395424,0.5276898761521188,0.005
2,1419,9423,0.017518592804658877,0.017518592804658877,0.5265877491059259,0.005
2,1420,9424,0.016805389152772243,0.016805389152772243,0.5253526283792981,0.005
2,1421,9425,0.019666691880627613,0.019666691880627613,0.5268495651385211,0.005
2,1422,9426,0.012633171744696713,0.012633171744696713,0.5249634960997172,0.005
2,1423,9427,0.015506537237280467,0.015506537237280467,0.5260671949109791,0.005
2,1424,9428,0.016846240980976403,0.016846240980976403,0.5268622949286357,0.005
2,1425,9429,0.016152495659699333,0.016152495659699333,0.5263705817366541,0.005
2,1426,9430,0.016827275094043886,0.016827275094043886,0.5281372254267898,0.005
2,1427,9431,0.022163358241416735,0.022163358241416735,0.5260899032338928,0.005
2,1428,9432,0.020503604530161444,0.020503604530161444,0.530238450974259,0.005
2,1429,9433,0.015423117309330688,0.015423117309330688,0.5262557378889985,0.005
2,1430,9434,0.013978055309877493,0.013978055309877493,0.5259250435323107,0.005
2,1431,9435,0.01609216303286324,0.01609216303286324,0.5269665267477728,0.005
2,1432,9436,0.01842431676100479,0.01842431676100479,0.5282935251007592,0.005
2,1433,9437,0.01790992575139841,0.01790992575139841,0.5268941951146042,0.005
2,1434,9438,0.019149378866947907,0.019149378866947907,0.5259655626513254,0.005
2,1435,9439,0.018431478064894237,0.018431478064894237,0.5286847491194916,0.005
2,1436,9440,0.016157836919368437,0.016157836919368437,0.5294021296508564,0.005
2,1437,9441,0.018440131010138368,0.018440131010138368,0.5284660935980794,0.005
2,1438,9442,0.015750878536882146,0.015750878536882146,0.5269224443231504,0.005
2,1439,9443,0.02249365212907478,0.02249365212907478,0.5237865691151349,0.005
2,1440,9444,0.01817122710823208,0.01817122710823208,0.5264041220912388,0.005
2,1441,9445,0.018480598681053936,0.018480598681053936,0.5257522998366514,0.005
2,1442,9446,0.018560169434975907,0.018560169434975907,0.5260319600795849,0.005
2,1443,9447,0.013822679111229249,0.013822679111229249,0.5254978628281282,0.005
2,1444,9448,0.017853793322641275,0.017853793322641275,0.5289071122906177,0.005
2,1445,9449,0.01725338276077193,0.01725338276077193,0.5277735537013536,0.005
2,1446,9450,0.01871765228345971,0.01871765228345971,0.528279618732114,0.005
2,1447,9451,0.01828290619369334,0.01828290619369334,0.5269759612500453,0.005
2,1448,9452,0.014789694952168999,0.014789694952168999,0.5256749642784931,0.005
2,1449,9453,0.01829860900653598,0.01829860900653598,0.5250651070575241,0.005
2,1450,9454,0.01604186500593243,0.01604186500593243,0.5268649447018202,0.005
2,1451,9455,0.016825724746816213,0.016825724746816213,0.5285747181702973,0.005
2,1452,9456,0.015603545379541416,0.015603545379541416,0.5245270277136539,0.005
2,1453,9457,0.020382996015412963,0.020382996015412963,0.5271594939653169,0.005
2,1454,9458,0.02480678306901481,0.02480678306901481,0.5284417853116613,0.005
2,1455,9459,0.015800734491945398,0.015800734491945398,0.5259298738344744,0.005
2,1456,9460,0.02080521673640496,0.02080521673640496,0.5274043856827925,0.005
2,1457,9461,0.01804009650232586,0.01804009650232586,0.5271166742480508,0.005
2,1458,9462,0.016143048875807416,0.016143048875807416,0.5274562833326225,0.005
2,1459,9463,0.020141136961304987,0.020141136961304987,0.529442892576355,0.005
2,1460,9464,0.016650751908462068,0.016650751908462068,0.5271832414533781,0.005
2,1461,9465,0.016033321716373478,0.016033321716373478,0.5280266249122806,0.005
2,1462,9466,0.018827540710082188,0.018827540710082188,0.5282711712744383,0.005
2,1463,9467,0.02337598304164048,0.02337598304164048,0.5255025841115881,0.005
2,1464,9468,0.017248020291870173,0.017248020291870173,0.5257425177614501,0.005
2,1465,9469,0.015666963498417792,0.015666963498417792,0.527605643948013,0.005
2,1466,9470,0.018465504288042407,0.018465504288042407,0.5280444839801068,0.005
2,1467,9471,0.02028963702600357,0.02028963702600357,0.5267243638612008,0.005
2,1468,9472,0.015807392663297455,0.015807392663297455,0.5261875057287309,0.005
2,1469,9473,0.017413740934539013,0.017413740934539013,0.525751052822105,0.005
2,1470,9474,0.015586593490609306,0.015586593490609306,0.5261000103016964,0.005
2,1471,9475,0.015726314308228524,0.015726314308228524,0.5286237330271442,0.005
2,1472,9476,0.015453596966782137,0.015453596966782137,0.5262115032311232,0.005
2,1473,9477,0.027229681735045683,0.027229681735045683,0.5258894283049087,0.005
2,1474,9478,0.0154779558064429,0.0154779558064429,0.5263535834515404,0.005
2,1475,9479,0.021010765888929903,0.021010765888929903,0.5260072804090743,0.005
2,1476,9480,0.013347719192669354,0.013347719192669354,0.5261036894613605,0.005
2,1477,9481,0.017861376637705074,0.017861376637705074,0.5268760616920665,0.005
2,1478,9482,0.019714173361306965,0.019714173361306965,0.5293028766198583,0.005
2,1479,9483,0.016016460466475244,0.016016460466475244,0.5254508206142622,0.005
2,1480,9484,0.01899714943735261,0.01899714943735261,0.5288298141445649,0.005
2,1481,9485,0.01924670422627181,0.01924670422627181,0.5286127050172192,0.005
2,1482,9486,0.020382164095305876,0.020382164095305876,0.5287851754614692,0.005
2,1483,9487,0.018892264395457947,0.018892264395457947,0.5282150682503065,0.005
2,1484,9488,0.01715665365112363,0.01715665365112363,0.5277866795144945,0.005
2,1485,9489,0.015339998089494546,0.015339998089494546,0.5271425591847534,0.005
2,1486,9490,0.02156900121184121,0.02156900121184121,0.5290343737259137,0.005
2,1487,9491,0.015457431037174259,0.015457431037174259,0.5282267899099624,0.005
2,1488,9492,0.014629378151982713,0.014629378151982713,0.5275446151479714,0.005
2,1489,9493,0.014274108836781348,0.014274108836781348,0.5261742431311893,0.005
2,1490,9494,0.020377824297836016,0.020377824297836016,0.5284295424289276,0.005
2,1491,9495,0.015918406698512928,0.015918406698512928,0.5259865170123948,0.005
2,1492,9496,0.01676862981633736,0.01676862981633736,0.5260019826124566,0.005
2,1493,9497,0.015523249692967492,0.015523249692967492,0.5263621658663096,0.005
2,1494,9498,0.021330873924766992,0.021330873924766992,0.52814161046402,0.005
2,1495,9499,0.014693100729050513,0.014693100729050513,0.5266758296996152,0.005
2,1496,9500,0.01945328411072176,0.01945328411072176,0.5257111313655224,0.005
2,1497,9501,0.021947789004403626,0.021947789004403626,0.5280710038039558,0.005
2,1498,9502,0.017871437493373964,0.017871437493373964,0.5282254814202457,0.005
2,1499,9503,0.01713873273710012,0.01713873273710012,0.5271328497816479,0.005
2,1500,9504,0.02724093350285589,0.02724093350285589,0.5304122760053872,0.005
2,1501,9505,0.014374990569501474,0.014374990569501474,0.5271745797741596,0.005
2,1502,9506,0.015101647795274037,0.015101647795274037,0.5251856601697226,0.005
2,1503,9507,0.02258216416136305,0.02258216416136305,0.525950945542409,0.005
2,1504,9508,0.016502262240689285,0.016502262240689285,0.525554808136201,0.005
2,1505,9509,0.016146574454780967,0.016146574454780967,0.5270777030298954,0.005
2,1506,9510,0.01444643987529206,0.01444643987529206,0.5261901831873171,0.005
2,1507,9511,0.02365077369814525,0.02365077369814525,0.5276814083411293,0.005
2,1508,9512,0.017518455190286403,0.017518455190286403,0.5245216588373395,0.005
2,1509,9513,0.01743961521413242,0.01743961521413242,0.5272156270922204,0.005
2,1510,9514,0.018276354288501117,0.018276354288501117,0.5275568660463732,0.005
2,1511,9515,0.015983356007872873,0.015983356007872873,0.5278654288382489,0.005
2,1512,9516,0.014920282295262176,0.014920282295262176,0.5252987804662683,0.005
2,1513,9517,0.015025370263364911,0.015025370263364911,0.5262449752956491,0.005
2,1514,9518,0.02101240249259544,0.02101240249259544,0.52649397171199,0.005
2,1515,9519,0.016363670438023878,0.016363670438023878,0.5261061827009582,0.005
2,1516,9520,0.0168180421797515,0.0168180421797515,0.5263966825316704,0.005
2,1517,9521,0.018757785278011592,0.018757785278011592,0.5228862242725579,0.005
2,1518,9522,0.019089622096133962,0.019089622096133962,0.5269932199065652,0.005
2,1519,9523,0.015057879569190346,0.015057879569190346,0.5254644912031785,0.005
2,1520,9524,0.016549543462321036,0.016549543462321036,0.5261653452909278,0.005
2,1521,9525,0.02231603574579156,0.02231603574579156,0.5291029395936587,0.005
2,1522,9526,0.023022165319458866,0.023022165319458866,0.5266946384165399,0.005
2,1523,9527,0.02096694847063241,0.02096694847063241,0.5288076797435015,0.005
2,1524,9528,0.017841240188099572,0.017841240188099572,0.5280616157283892,0.005
2,1525,9529,0.01653394599644028,0.01653394599644028,0.5264415187467115,0.005
2,1526,9530,0.01858197101037188,0.01858197101037188,0.5269882792877396,0.005
2,1527,9531,0.014440254420074548,0.014440254420074548,0.5267217121063413,0.005
2,1528,9532,0.021148600863607377,0.021148600863607377,0.5278596160333973,0.005
2,1529,9533,0.02104603612013565,0.02104603612013565,0.5278732818908402,0.005
2,1530,9534,0.020248462000631153,0.020248462000631153,0.5282780341297975,0.005
2,1531,9535,0.017902867354372284,0.017902867354372284,0.5272348109717923,0.005
2,1532,9536,0.01493290017149292,0.01493290017149292,0.5252822421981644,0.005
2,1533,9537,0.025378315012713454,0.025378315012713454,0.5290222265819166,0.005
2,1534,9538,0.015480997665113884,0.015480997665113884,0.5260988014853343,0.005
2,1535,9539,0.016295910964019198,0.016295910964019198,0.5276691886337062,0.005
2,1536,9540,0.025415362905930144,0.025415362905930144,0.5279946036859247,0.005
2,1537,9541,0.01618986297116707,0.01618986297116707,0.5276733086092804,0.005
2,1538,9542,0.01994166713838717,0.01994166713838717,0.5270816912440183,0.005
2,1539,9543,0.015879798995887106,0.015879798995887106,0.527569254500537,0.005
2,1540,9544,0.02083220872626217,0.02083220872626217,0.5294338888727096,0.005
2,1541,9545,0.018901190525082826,0.018901190525082826,0.5265681638694409,0.005
2,1542,9546,0.016923989818865205,0.016923989818865205,0.528756771264139,0.005
2,1543,9547,0.01883162958357543,0.01883162958357543,0.5264566593618839,0.005
2,1544,9548,0.01993804491623457,0.01993804491623457,0.5258999662613196,0.005
2,1545,9549,0.0191340549459866,0.0191340549459866,0.5269008958663938,0.005
2,1546,9550,0.01762280851596071,0.01762280851596071,0.5290424852740615,0.005
2,1547,9551,0.01642053273093673,0.01642053273093673,0.5276062954289531,0.005
2,1548,9552,0.01775274998314625,0.01775274998314625,0.5287502931668058,0.005
2,1549,9553,0.01936641896282848,0.01936641896282848,0.5278627216408078,0.005
2,1550,9554,0.015125299355039354,0.015125299355039354,0.5267604988629657,0.005
2,1551,9555,0.016741626490838154,0.016741626490838154,0.5262707174304897,0.005
2,1552,9556,0.02089583488432037,0.02089583488432037,0.5307331186392766,0.005
2,1553,9557,0.02300223628685659,0.02300223628685659,0.5272952409934496,0.005
2,1554,9558,0.019135170098511043,0.019135170098511043,0.5268547288036587,0.005
2,1555,9559,0.015437980481428533,0.015437980481428533,0.5261298786885287,0.005
2,1556,9560,0.016301349000852734,0.016301349000852734,0.5282059092931044,0.005
2,1557,9561,0.02020229925747135,0.02020229925747135,0.5278022694640401,0.005
2,1558,9562,0.01655249136301391,0.01655249136301391,0.5285455731196995,0.005
2,1559,9563,0.01915780734814301,0.01915780734814301,0.5288683445463243,0.005
2,1560,9564,0.019362098136812306,0.019362098136812306,0.5285035569170775,0.005
2,1561,9565,0.016940288534540895,0.016940288534540895,0.5278330894611326,0.005
2,1562,9566,0.01969045927123249,0.01969045927123249,0.526244537701516,0.005
2,1563,9567,0.01713224394098964,0.01713224394098964,0.5286781936888312,0.005
2,1564,9568,0.0164479240702885,0.0164479240702885,0.5278277611582234,0.005
2,1565,9569,0.016195985955019247,0.016195985955019247,0.5259918493125977,0.005
2,1566,9570,0.013759488301729836,0.013759488301729836,0.5258375408726397,0.005
2,1567,9571,0.013316955767492415,0.013316955767492415,0.5243953524394372,0.005
2,1568,9572,0.023326906910672008,0.023326906910672008,0.527855271938169,0.005
2,1569,9573,0.024250736833911747,0.024250736833911747,0.5285264570679776,0.005
2,1570,9574,0.016854135935312944,0.016854135935312944,0.527543541167944,0.005
2,1571,9575,0.019404044794227675,0.019404044794227675,0.527142682565263,0.005
2,1572,9576,0.02207941793786327,0.02207941793786327,0.5296055558004659,0.005
2,1573,9577,0.022653695449104092,0.022653695449104092,0.5288271835083349,0.005
2,1574,9578,0.020660189449451173,0.020660189449451173,0.5255097554960719,0.005
2,1575,9579,0.021178192168144365,0.021178192168144365,0.5280288510869751,0.005
2,1576,9580,0.019787185230933566,0.019787185230933566,0.5286751428774111,0.005
2,1577,9581,0.019965486505086345,0.019965486505086345,0.5278756472005571,0.005
2,1578,9582,0.014442902481083625,0.014442902481083625,0.5264604225946308,0.005
2,1579,9583,0.014709804151567423,0.014709804151567423,0.5274366523885922,0.005
2,1580,9584,0.02014748054718666,0.02014748054718666,0.5307142999470325,0.005
2,1581,9585,0.01847299776779909,0.01847299776779909,0.5292219071009884,0.005
2,1582,9586,0.017632605543513535,0.017632605543513535,0.5287999521959647,0.005
2,1583,9587,0.019380949845244334,0.019380949845244334,0.5288284998880614,0.005
2,1584,9588,0.01985819294905626,0.01985819294905626,0.5301478426603468,0.005
2,1585,9589,0.021982580180385743,0.021982580180385743,0.5311194870954584,0.005
2,1586,9590,0.016141675850969955,0.016141675850969955,0.5267001738048864,0.005
2,1587,9591,0.016892620657036537,0.016892620657036537,0.5284254753629019,0.005
2,1588,9592,0.016661728199120082,0.016661728199120082,0.5273315622594018,0.005
2,1589,9593,0.01917957093931945,0.01917957093931945,0.5282366713575842,0.005
2,1590,9594,0.019390415888874867,0.019390415888874867,0.5286345469574568,0.005
2,1591,9595,0.01912582039100283,0.01912582039100283,0.527144125667724,0.005
2,1592,9596,0.019703680872586428,0.019703680872586428,0.5287075532685634,0.005
2,1593,9597,0.02106748865041988,0.02106748865041988,0.5284957887039484,0.005
2,1594,9598,0.02127419608333572,0.02127419608333572,0.52941793103691,0.005
2,1595,9599,0.024068958980713116,0.024068958980713116,0.526111648128831,0.005
2,1596,9600,0.01574987124037476,0.01574987124037476,0.526059634615911,0.005
2,1597,9601,0.025620261874631137,0.025620261874631137,0.5280954526320211,0.005
2,1598,9602,0.016250024793138706,0.016250024793138706,0.526249391732171,0.005
2,1599,9603,0.01677962077836207,0.01677962077836207,0.5270586340782236,0.005
2,1600,9604,0.020082312738801414,0.020082312738801414,0.5304528198600249,0.005
2,1601,9605,0.016338158432118267,0.016338158432118267,0.528195521340242,0.005
2,1602,9606,0.018943319982344144,0.018943319982344144,0.528163446537559,0.005
2,1603,9607,0.019288614386954304,0.019288614386954304,0.5286445142621926,0.005
2,1604,9608,0.017295808535695952,0.017295808535695952,0.5273191131274205,0.005
2,1605,9609,0.017262195301584165,0.017262195301584165,0.5277289192848655,0.005
2,1606,9610,0.02110680078469611,0.02110680078469611,0.5298178350129884,0.005
2,1607,9611,0.017397506675952516,0.017397506675952516,0.5277051259955206,0.005
2,1608,9612,0.019614393301136783,0.019614393301136783,0.5277996318106694,0.005
2,1609,9613,0.025358442933486842,0.025358442933486842,0.5274106818402079,0.005
2,1610,9614,0.02167717205934011,0.02167717205934011,0.5287828290627021,0.005
2,1611,9615,0.020474074061883778,0.020474074061883778,0.5290857353686567,0.005
2,1612,9616,0.01779867351666682,0.01779867351666682,0.5290891094763809,0.005
2,1613,9617,0.013959624825366689,0.013959624825366689,0.5271190151205639,0.005
2,1614,9618,0.016313717874017912,0.016313717874017912,0.5290487150157046,0.005
2,1615,9619,0.01779410749213778,0.01779410749213778,0.5299850657217839,0.005
2,1616,9620,0.020644290167248086,0.020644290167248086,0.5297379565009895,0.005
2,1617,9621,0.022183458343089116,0.022183458343089116,0.5297574986573799,0.005
2,1618,9622,0.01861205646943017,0.01861205646943017,0.5285024534935979,0.005
2,1619,9623,0.025037163182854864,0.025037163182854864,0.527021619996574,0.005
2,1620,9624,0.0204454106823565,0.0204454106823565,0.5304103905937122,0.005
2,1621,9625,0.0213238882622055,0.0213238882622055,0.5274699989615543,0.005
2,1622,9626,0.01905652834476762,0.01905652834476762,0.5274620789247971,0.005
2,1623,9627,0.017002904532368055,0.017002904532368055,0.5275163656924285,0.005
2,1624,9628,0.020638182827191966,0.020638182827191966,0.5317964199993979,0.005
2,1625,9629,0.01891070683162492,0.01891070683162492,0.5302261326507279,0.005
2,1626,9630,0.01642420417917983,0.01642420417917983,0.5277803163660616,0.005
2,1627,9631,0.0199021324612375,0.0199021324612375,0.5297341788539106,0.005
2,1628,9632,0.01782234890511481,0.01782234890511481,0.5289738666294053,0.005
2,1629,9633,0.021146167236170937,0.021146167236170937,0.5285502067015021,0.005
2,1630,9634,0.020437985886773546,0.020437985886773546,0.5261654123176986,0.005
2,1631,9635,0.015051445671416426,0.015051445671416426,0.5277520346061498,0.005
2,1632,9636,0.016181116652003037,0.016181116652003037,0.5291024439667252,0.005
2,1633,9637,0.017333418250989403,0.017333418250989403,0.5283182796199147,0.005
2,1634,9638,0.020709395601971117,0.020709395601971117,0.5304333253243796,0.005
2,1635,9639,0.024003380064187105,0.024003380064187105,0.5323446018597233,0.005
2,1636,9640,0.021152101258192377,0.021152101258192377,0.53023212797662,0.005
2,1637,9641,0.017318988551167064,0.017318988551167064,0.5293138943369584,0.005
2,1638,9642,0.01898302337251065,0.01898302337251065,0.5296590010366828,0.005
2,1639,9643,0.02356660459752249,0.02356660459752249,0.5315971044733684,0.005
2,1640,9644,0.018309570013040885,0.018309570013040885,0.5301452348088608,0.005
2,1641,9645,0.02474169467187393,0.02474169467187393,0.5287736653081203,0.005
2,1642,9646,0.02350474334772964,0.02350474334772964,0.531886819305865,0.005
2,1643,9647,0.01731007127082415,0.01731007127082415,0.5275118241528433,0.005
2,1644,9648,0.021563826819283427,0.021563826819283427,0.5252178595350735,0.005
2,1645,9649,0.019703086336553325,0.019703086336553325,0.5287806564678855,0.005
2,1646,9650,0.02216110732655745,0.02216110732655745,0.5284823023160111,0.005
2,1647,9651,0.021441957614783444,0.021441957614783444,0.5308725302941317,0.005
2,1648,9652,0.01879599005857256,0.01879599005857256,0.5283838812881343,0.005
2,1649,9653,0.017041455575954798,0.017041455575954798,0.5258102168216006,0.005
2,1650,9654,0.01855544241285509,0.01855544241285509,0.5297285705216362,0.005
2,1651,9655,0.016637344620569303,0.016637344620569303,0.5277999809298218,0.005
2,1652,9656,0.020164834654277267,0.020164834654277267,0.5301085853069042,0.005
2,1653,9657,0.01863972604529499,0.01863972604529499,0.5293083671457646,0.005
2,1654,9658,0.015108116993972909,0.015108116993972909,0.5273324437392061,0.005
2,1655,9659,0.018267920095245832,0.018267920095245832,0.5280821015932674,0.005
2,1656,9660,0.021006375990876,0.021006375990876,0.5276491804017149,0.005
2,1657,9661,0.024787667948735742,0.024787667948735742,0.5281935886351267,0.005
2,1658,9662,0.015921551210043905,0.015921551210043905,0.5276439813242805,0.005
2,1659,9663,0.029383313535440526,0.029383313535440526,0.5306409824261168,0.005
2,1660,9664,0.02220925804189053,0.02220925804189053,0.5296223285314633,0.005
2,1661,9665,0.019566968825656773,0.019566968825656773,0.528017568059194,0.005
2,1662,9666,0.019937666052155613,0.019937666052155613,0.5295187550432026,0.005
2,1663,9667,0.017593732409648438,0.017593732409648438,0.5291212214807318,0.005
2,1664,9668,0.02198336995360408,0.02198336995360408,0.5290172155787752,0.005
2,1665,9669,0.02101702801049965,0.02101702801049965,0.5292627783147265,0.005
2,1666,9670,0.018884889105791385,0.018884889105791385,0.5295776976394263,0.005
2,1667,9671,0.02127778770812959,0.02127778770812959,0.5300155687574382,0.005
2,1668,9672,0.018286290222095186,0.018286290222095186,0.5263995902292198,0.005
2,1669,9673,0.016682214325402848,0.016682214325402848,0.5286161231701907,0.005
2,1670,9674,0.03003930349961208,0.03003930349961208,0.5316585812021644,0.005
2,1671,9675,0.01812739420430061,0.01812739420430061,0.5289661311102712,0.005
2,1672,9676,0.01933332776785651,0.01933332776785651,0.5271912099762972,0.005
2,1673,9677,0.015035094177414415,0.015035094177414415,0.5283368008518592,0.005
2,1674,9678,0.02386035177334604,0.02386035177334604,0.5284879228228995,0.005
2,1675,9679,0.017104817335944912,0.017104817335944912,0.5283861931895677,0.005
2,1676,9680,0.021271850706586035,0.021271850706586035,0.5265800637638212,0.005
2,1677,9681,0.016808091749851203,0.016808091749851203,0.5281266708094645,0.005
2,1678,9682,0.02036178276511144,0.02036178276511144,0.5295367408703731,0.005
2,1679,9683,0.01829035861897181,0.01829035861897181,0.5301477401144874,0.005
2,1680,9684,0.0222410256118631,0.0222410256118631,0.5297040838854251,0.005
2,1681,9685,0.016409362055259957,0.016409362055259957,0.5280030925215773,0.005
2,1682,9686,0.016396644822484506,0.016396644822484506,0.5266952976210121,0.005
2,1683,9687,0.015627520096256727,0.015627520096256727,0.5267732254703631,0.005
2,1684,9688,0.023554136926609952,0.023554136926609952,0.5291637235259113,0.005
2,1685,9689,0.016012606775603486,0.016012606775603486,0.5279868686120008,0.005
2,1686,9690,0.020131844497962036,0.020131844497962036,0.5256107805414422,0.005
2,1687,9691,0.0316785071434963,0.0316785071434963,0.5294066162696119,0.005
2,1688,9692,0.021115732351661757,0.021115732351661757,0.5308187279740393,0.005
2,1689,9693,0.017338302221567424,0.017338302221567424,0.5272662249606876,0.005
2,1690,9694,0.018318538558313537,0.018318538558313537,0.5275063613495575,0.005
2,1691,9695,0.017058903066755456,0.017058903066755456,0.5288744093034189,0.005
2,1692,9696,0.022285305536225784,0.022285305536225784,0.5289967150617496,0.005
2,1693,9697,0.018135894936521926,0.018135894936521926,0.5287142097248089,0.005
2,1694,9698,0.021314144275991015,0.021314144275991015,0.5281170194470626,0.005
2,1695,9699,0.02049709713378098,0.02049709713378098,0.5295063801766433,0.005
2,1696,9700,0.01761341913008696,0.01761341913008696,0.5268612065752981,0.005
2,1697,9701,0.02364219723391527,0.02364219723391527,0.5283158481391834,0.005
2,1698,9702,0.01684775178355801,0.01684775178355801,0.5270405445422265,0.005
2,1699,9703,0.016642023898029733,0.016642023898029733,0.5271106275893128,0.005
2,1700,9704,0.01505506846998537,0.01505506846998537,0.5276102160008789,0.005
2,1701,9705,0.02066619451311557,0.02066619451311557,0.5299150478838137,0.005
2,1702,9706,0.014590452302031418,0.014590452302031418,0.5282689194418768,0.005
2,1703,9707,0.019881397121863535,0.019881397121863535,0.5284499529284634,0.005
2,1704,9708,0.01605037731316251,0.01605037731316251,0.5261864405978797,0.005
2,1705,9709,0.01960411014162681,0.01960411014162681,0.5288958941750939,0.005
2,1706,9710,0.018300114227125203,0.018300114227125203,0.5292861018575352,0.005
2,1707,9711,0.025163359861067103,0.025163359861067103,0.5321118269583525,0.005
2,1708,9712,0.019523049789186484,0.019523049789186484,0.5302040778224424,0.005
2,1709,9713,0.020644861878108142,0.020644861878108142,0.5296349277916539,0.005
2,1710,9714,0.0193255582918492,0.0193255582918492,0.5298854327675192,0.005
2,1711,9715,0.024307919438440878,0.024307919438440878,0.5302293980506855,0.005
2,1712,9716,0.01662706527241854,0.01662706527241854,0.5288381133977975,0.005
2,1713,9717,0.02433968648240585,0.02433968648240585,0.5310742045273477,0.005
2,1714,9718,0.019964311044928323,0.019964311044928323,0.5313248225832887,0.005
2,1715,9719,0.019027249094064915,0.019027249094064915,0.5289093831808285,0.005
2,1716,9720,0.02001533581250303,0.02001533581250303,0.5295522593463103,0.005
2,1717,9721,0.01926710455862424,0.01926710455862424,0.5306134365982583,0.005
2,1718,9722,0.01951875735623386,0.01951875735623386,0.5299007618165738,0.005
2,1719,9723,0.02322071370075019,0.02322071370075019,0.5320290695841247,0.005
2,1720,9724,0.022251658951033225,0.022251658951033225,0.5280729612877136,0.005
2,1721,9725,0.016515310348785592,0.016515310348785592,0.527912470046211,0.005
2,1722,9726,0.017374636266102625,0.017374636266102625,0.5302654183507916,0.005
2,1723,9727,0.015212180927732976,0.015212180927732976,0.5277507151013029,0.005
2,1724,9728,0.018080184545704717,0.018080184545704717,0.5265505351747839,0.005
2,1725,9729,0.014292378164402146,0.014292378164402146,0.5278121127698534,0.005
2,1726,9730,0.017330914247358463,0.017330914247358463,0.5285329869649003,0.005
2,1727,9731,0.019643794771331057,0.019643794771331057,0.526912281029809,0.005
2,1728,9732,0.018595205487294753,0.018595205487294753,0.5272906461605514,0.005
2,1729,9733,0.02266981588604515,0.02266981588604515,0.52906603429813,0.005
2,1730,9734,0.021448190323485026,0.021448190323485026,0.5308582938434976,0.005
2,1731,9735,0.017030939615966703,0.017030939615966703,0.5283229967746862,0.005
2,1732,9736,0.017003189168426348,0.017003189168426348,0.529329596727428,0.005
2,1733,9737,0.017973664320305047,0.017973664320305047,0.5288622422405201,0.005
2,1734,9738,0.01802529204042176,0.01802529204042176,0.5293231886311205,0.005
2,1735,9739,0.017041509491424547,0.017041509491424547,0.5289139654247789,0.005
2,1736,9740,0.025165382806833274,0.025165382806833274,0.5268594998841596,0.005
2,1737,9741,0.01620238306191963,0.01620238306191963,0.528602283660971,0.005
2,1738,9742,0.017520673622557964,0.017520673622557964,0.526779116876232,0.005
2,1739,9743,0.014493613983225196,0.014493613983225196,0.527750176466658,0.005
2,1740,9744,0.01888632118139792,0.01888632118139792,0.5294434057632843,0.005
2,1741,9745,0.01654764370100823,0.01654764370100823,0.5280936884703686,0.005
2,1742,9746,0.021306655691927932,0.021306655691927932,0.5292114174942086,0.005
2,1743,9747,0.01898748715397091,0.01898748715397091,0.5285021969222298,0.005
2,1744,9748,0.017796136070822508,0.017796136070822508,0.5289562095173451,0.005
2,1745,9749,0.019615014930784616,0.019615014930784616,0.528597777271135,0.005
2,1746,9750,0.017764970306864317,0.017764970306864317,0.5289916699476309,0.005
2,1747,9751,0.023477839269033938,0.023477839269033938,0.5312574309873708,0.005
2,1748,9752,0.015354569257744262,0.015354569257744262,0.5272691317257802,0.005
2,1749,9753,0.021604407194744983,0.021604407194744983,0.5285980993192253,0.005
2,1750,9754,0.02457003062950939,0.02457003062950939,0.5322379398121113,0.005
2,1751,9755,0.014921106778152546,0.014921106778152546,0.5282766319635089,0.005
2,1752,9756,0.019269118375290488,0.019269118375290488,0.5303090524238051,0.005
2,1753,9757,0.01850537283056517,0.01850537283056517,0.5278419452519963,0.005
2,1754,9758,0.02018196573408936,0.02018196573408936,0.5290113980716192,0.005
2,1755,9759,0.016790969479852275,0.016790969479852275,0.5295322448127954,0.005
2,1756,9760,0.016937238444115668,0.016937238444115668,0.5288647141402838,0.005
2,1757,9761,0.016199591681712446,0.016199591681712446,0.5285897661001575,0.005
2,1758,9762,0.019725372978134773,0.019725372978134773,0.5309888977726925,0.005
2,1759,9763,0.01492962776864856,0.01492962776864856,0.5268511102098461,0.005
2,1760,9764,0.024857903105447353,0.024857903105447353,0.5309265659761805,0.005
2,1761,9765,0.020228062366212076,0.020228062366212076,0.5296443168300854,0.005
2,1762,9766,0.020435324480093206,0.020435324480093206,0.5303723576691713,0.005
2,1763,9767,0.01949666543460282,0.01949666543460282,0.5297021024308602,0.005
2,1764,9768,0.01591943492544873,0.01591943492544873,0.528054386351192,0.005
2,1765,9769,0.014421986185087938,0.014421986185087938,0.5286747187856954,0.005
2,1766,9770,0.021245491943057623,0.021245491943057623,0.530263809369711,0.005
2,1767,9771,0.021637196855512762,0.021637196855512762,0.528143249087432,0.005
2,1768,9772,0.01611569402452359,0.01611569402452359,0.5260733687709735,0.005
2,1769,9773,0.02412885761179953,0.02412885761179953,0.5303995083711405,0.005
2,1770,9774,0.018988828243835822,0.018988828243835822,0.5316236057143495,0.005
2,1771,9775,0.022829265808092837,0.022829265808092837,0.5314394728063623,0.005
2,1772,9776,0.01617759844564997,0.01617759844564997,0.527667497465345,0.005
2,1773,9777,0.021412721588416637,0.021412721588416637,0.5307133773271774,0.005
2,1774,9778,0.017522793542807457,0.017522793542807457,0.5283900136906631,0.005
2,1775,9779,0.016337830019898348,0.016337830019898348,0.5287178226859427,0.005
2,1776,9780,0.015927266575827277,0.015927266575827277,0.5288869558587057,0.005
2,1777,9781,0.025643857611046542,0.025643857611046542,0.5316592761475181,0.005
2,1778,9782,0.02139683418126352,0.02139683418126352,0.5300862982241689,0.005
2,1779,9783,0.014106324290851135,0.014106324290851135,0.5288388678973595,0.005
2,1780,9784,0.01583829245338067,0.01583829245338067,0.5285320931168788,0.005
2,1781,9785,0.018727635399952605,0.018727635399952605,0.5296858787526946,0.005
2,1782,9786,0.019538658640983433,0.019538658640983433,0.5295046080588688,0.005
2,1783,9787,0.018786259821636127,0.018786259821636127,0.52998999850301,0.005
2,1784,9788,0.018142085507716225,0.018142085507716225,0.528868192059293,0.005
2,1785,9789,0.01652325563631145,0.01652325563631145,0.5280694628398569,0.005
2,1786,9790,0.021453754967309557,0.021453754967309557,0.5288543222505018,0.005
2,1787,9791,0.023052155904563575,0.023052155904563575,0.5313526215617184,0.005
2,1788,9792,0.017550855018677085,0.017550855018677085,0.5287014205158846,0.005
2,1789,9793,0.020727508018297265,0.020727508018297265,0.5283828982589631,0.005
2,1790,9794,0.01938828268062627,0.01938828268062627,0.529141879594652,0.005
2,1791,9795,0.019028594635469354,0.019028594635469354,0.5276792657466959,0.005
2,1792,9796,0.016333733790232518,0.016333733790232518,0.5283162659495807,0.005
2,1793,9797,0.022838808648229843,0.022838808648229843,0.5288912938266606,0.005
2,1794,9798,0.017293227424444082,0.017293227424444082,0.5276312506340258,0.005
2,1795,9799,0.018623584379437633,0.018623584379437633,0.5304682086027693,0.005
2,1796,9800,0.015362076110192026,0.015362076110192026,0.5290291606160882,0.005
2,1797,9801,0.020371097037567672,0.020371097037567672,0.5294801475042404,0.005
2,1798,9802,0.017314276629242613,0.017314276629242613,0.5286172641589536,0.005
2,1799,9803,0.020595596519889167,0.020595596519889167,0.5288703706121547,0.005
2,1800,9804,0.015998713320390493,0.015998713320390493,0.5305565329219675,0.005
2,1801,9805,0.02447248908258097,0.02447248908258097,0.5326525656232742,0.005
2,1802,9806,0.021604056191684536,0.021604056191684536,0.5311058557482933,0.005
2,1803,9807,0.01600598734067335,0.01600598734067335,0.52906545726078,0.005
2,1804,9808,0.017074522350553532,0.017074522350553532,0.5278484871722336,0.005
2,1805,9809,0.020276362100240457,0.020276362100240457,0.5307945211022002,0.005
2,1806,9810,0.020416439450082036,0.020416439450082036,0.5306157669703526,0.005
2,1807,9811,0.020753476270067982,0.020753476270067982,0.5298937039153785,0.005
2,1808,9812,0.019323640486439003,0.019323640486439003,0.5276533410872879,0.005
2,1809,9813,0.019003563744267003,0.019003563744267003,0.5305122554400256,0.005
2,1810,9814,0.024558284440147026,0.024558284440147026,0.5288681688593033,0.005
2,1811,9815,0.01864612237487335,0.01864612237487335,0.5278106519746263,0.005
2,1812,9816,0.023618171691396447,0.023618171691396447,0.532866240308325,0.005
2,1813,9817,0.022535499853733067,0.022535499853733067,0.5303022171103656,0.005
2,1814,9818,0.01895156420989834,0.01895156420989834,0.5313132240695981,0.005
2,1815,9819,0.021222476024961405,0.021222476024961405,0.5301102726073829,0.005
2,1816,9820,0.015497807131466926,0.015497807131466926,0.5283539435309661,0.005
2,1817,9821,0.017426542653429127,0.017426542653429127,0.5293042220450866,0.005
2,1818,9822,0.018599115773138362,0.018599115773138362,0.5279815587290194,0.005
2,1819,9823,0.016859782924039658,0.016859782924039658,0.5281081511887643,0.005
2,1820,9824,0.015572799877603571,0.015572799877603571,0.527189291026543,0.005
2,1821,9825,0.021659723168170403,0.021659723168170403,0.5318034854776046,0.005
2,1822,9826,0.018963414512043187,0.018963414512043187,0.5302342892264936,0.005
2,1823,9827,0.015839378282623606,0.015839378282623606,0.5289390513665121,0.005
2,1824,9828,0.01463013539645232,0.01463013539645232,0.5281639167389375,0.005
2,1825,9829,0.018916036926107434,0.018916036926107434,0.5282239137089879,0.005
2,1826,9830,0.018799103239532787,0.018799103239532787,0.5292430653351555,0.005
2,1827,9831,0.016719166268850214,0.016719166268850214,0.5289684611808871,0.005
2,1828,9832,0.022081411627266928,0.022081411627266928,0.532942280228616,0.005
2,1829,9833,0.019507190125251407,0.019507190125251407,0.5295028257133602,0.005
2,1830,9834,0.024819403555850286,0.024819403555850286,0.5300068091117291,0.005
2,1831,9835,0.025606606085741695,0.025606606085741695,0.5294296721291721,0.005
2,1832,9836,0.021100468524943197,0.021100468524943197,0.529268653098792,0.005
2,1833,9837,0.017298945350518187,0.017298945350518187,0.528591765422581,0.005
2,1834,9838,0.023206638705049184,0.023206638705049184,0.5333005408813369,0.005
2,1835,9839,0.01537763594685761,0.01537763594685761,0.5263081969721992,0.005
2,1836,9840,0.020260865377775196,0.020260865377775196,0.5320500231025415,0.005
2,1837,9841,0.02006843256156053,0.02006843256156053,0.528770074605141,0.005
2,1838,9842,0.02121568110118311,0.02121568110118311,0.5303706308112532,0.005
2,1839,9843,0.019728151488160622,0.019728151488160622,0.5300413176846315,0.005
2,1840,9844,0.023034799336859955,0.023034799336859955,0.5302260226700384,0.005
2,1841,9845,0.01664092995994337,0.01664092995994337,0.5282433586925618,0.005
2,1842,9846,0.02083781255515407,0.02083781255515407,0.5299630131349033,0.005
2,1843,9847,0.018429229935881992,0.018429229935881992,0.5308607570999604,0.005
2,1844,9848,0.01812996977950244,0.01812996977950244,0.5304222645043895,0.005
2,1845,9849,0.02014164340811614,0.02014164340811614,0.5303081578479331,0.005
2,1846,9850,0.018845419936119667,0.018845419936119667,0.5304167810939685,0.005
2,1847,9851,0.02325483520793554,0.02325483520793554,0.5304959186457197,0.005
2,1848,9852,0.018957144634556843,0.018957144634556843,0.5274057214455583,0.005
2,1849,9853,0.017718500835286106,0.017718500835286106,0.5291747228237842,0.005
2,1850,9854,0.024948643120829568,0.024948643120829568,0.5283545904099961,0.005
2,1851,9855,0.0207941752496432,0.0207941752496432,0.5288999591709862,0.005
2,1852,9856,0.019285463178231085,0.019285463178231085,0.5310183072482682,0.005
2,1853,9857,0.016541587536619863,0.016541587536619863,0.529867227099545,0.005
2,1854,9858,0.018076176426438675,0.018076176426438675,0.5307572936286937,0.005
2,1855,9859,0.02319059560185581,0.02319059560185581,0.5305671433229171,0.005
2,1856,9860,0.020970921375993008,0.020970921375993008,0.5322092101138307,0.005
2,1857,9861,0.02061861045078586,0.02061861045078586,0.5280491028111419,0.005
2,1858,9862,0.021021121849146066,0.021021121849146066,0.5301679513581766,0.005
2,1859,9863,0.02252568957648718,0.02252568957648718,0.530875825712631,0.005
2,1860,9864,0.017933449209856674,0.017933449209856674,0.5304303314622658,0.005
2,1861,9865,0.019241354809174542,0.019241354809174542,0.5289632973171348,0.005
2,1862,9866,0.02390579192287183,0.02390579192287183,0.5317662960115785,0.005
2,1863,9867,0.022645979697950885,0.022645979697950885,0.5311301616525863,0.005
2,1864,9868,0.01700731145838478,0.01700731145838478,0.530249652057808,0.005
2,1865,9869,0.016447525557724708,0.016447525557724708,0.5298364984771767,0.005
2,1866,9870,0.019604028589913263,0.019604028589913263,0.5304246126954862,0.005
2,1867,9871,0.021365689717341756,0.021365689717341756,0.5310889264254521,0.005
2,1868,9872,0.01682851926449559,0.01682851926449559,0.5305441063091526,0.005
2,1869,9873,0.019290162091076753,0.019290162091076753,0.5275193372221322,0.005
2,1870,9874,0.020135790914448497,0.020135790914448497,0.5305485606915451,0.005
2,1871,9875,0.01986183367202813,0.01986183367202813,0.5297546439897655,0.005
2,1872,9876,0.023718893694911786,0.023718893694911786,0.5324402379733111,0.005
2,1873,9877,0.020232141535535896,0.020232141535535896,0.5297894000815695,0.005
2,1874,9878,0.02221885513336757,0.02221885513336757,0.5298951943892924,0.005
2,1875,9879,0.021079524274674254,0.021079524274674254,0.5305546209382748,0.005
2,1876,9880,0.0230141969857283,0.0230141969857283,0.5319297418591338,0.005
2,1877,9881,0.01844322786784381,0.01844322786784381,0.5306478989952971,0.005
2,1878,9882,0.022255003868979613,0.022255003868979613,0.5319567569125683,0.005
2,1879,9883,0.021358400701170423,0.021358400701170423,0.5290693535619494,0.005
2,1880,9884,0.01899884895114546,0.01899884895114546,0.5323637967705299,0.005
2,1881,9885,0.023235844780809506,0.023235844780809506,0.5322027110613226,0.005
2,1882,9886,0.020998082834547054,0.020998082834547054,0.5313684342398496,0.005
2,1883,9887,0.019039458557037984,0.019039458557037984,0.5319893644770286,0.005
2,1884,9888,0.02419282211500458,0.02419282211500458,0.5296092726322159,0.005
2,1885,9889,0.0160745267546616,0.0160745267546616,0.5295582484376895,0.005
2,1886,9890,0.023277977245184895,0.023277977245184895,0.5313354181375582,0.005
2,1887,9891,0.01748795107494721,0.01748795107494721,0.5314846768445869,0.005
2,1888,9892,0.021386190244381834,0.021386190244381834,0.5298764315938779,0.005
2,1889,9893,0.013741383894136087,0.013741383894136087,0.5287958077039253,0.005
2,1890,9894,0.019640750469147865,0.019640750469147865,0.5288145171189175,0.005
2,1891,9895,0.021128729748432523,0.021128729748432523,0.5313435287904947,0.005
2,1892,9896,0.023190963641799366,0.023190963641799366,0.5291442944733282,0.005
2,1893,9897,0.018458503499476316,0.018458503499476316,0.5301016704144009,0.005
2,1894,9898,0.022386262715663047,0.022386262715663047,0.5288554196173767,0.005
2,1895,9899,0.018483712150375285,0.018483712150375285,0.52955436249191,0.005
2,1896,9900,0.016144776133956214,0.016144776133956214,0.5275603084293489,0.005
2,1897,9901,0.021044120275869466,0.021044120275869466,0.5302911795479073,0.005
2,1898,9902,0.02004696994787748,0.02004696994787748,0.5306759428463016,0.005
2,1899,9903,0.018854759265891072,0.018854759265891072,0.5289671736969156,0.005
2,1900,9904,0.019744459110484974,0.019744459110484974,0.5298811943761009,0.005
2,1901,9905,0.025972514423880093,0.025972514423880093,0.5303644677794037,0.005
2,1902,9906,0.01953344452737395,0.01953344452737395,0.5298003269675426,0.005
2,1903,9907,0.01660223827348697,0.01660223827348697,0.5289605407770208,0.005
2,1904,9908,0.01784289666670328,0.01784289666670328,0.5295677213835935,0.005
2,1905,9909,0.01821544744334465,0.01821544744334465,0.5290836301913323,0.005
2,1906,9910,0.0181335013171243,0.0181335013171243,0.5295672986745867,0.005
2,1907,9911,0.016259033647464068,0.016259033647464068,0.5287104922714679,0.005
2,1908,9912,0.020037285999455836,0.020037285999455836,0.5299007898358605,0.005
2,1909,9913,0.02259665509614177,0.02259665509614177,0.5315729792503322,0.005
2,1910,9914,0.02229730542323517,0.02229730542323517,0.5317465941463905,0.005
2,1911,9915,0.02305664994879411,0.02305664994879411,0.5296846305807523,0.005
2,1912,9916,0.022077846383803605,0.022077846383803605,0.5305456594352196,0.005
2,1913,9917,0.01851123272710713,0.01851123272710713,0.5287224615236368,0.005
2,1914,9918,0.018198579376795462,0.018198579376795462,0.529660969198358,0.005
2,1915,9919,0.01614272791976261,0.01614272791976261,0.529352012768776,0.005
2,1916,9920,0.023829296978631054,0.023829296978631054,0.5322588251298639,0.005
2,1917,9921,0.01769937312360568,0.01769937312360568,0.5275625756536338,0.005
2,1918,9922,0.019113090287028865,0.019113090287028865,0.5297489715504495,0.005
2,1919,9923,0.018004580191190514,0.018004580191190514,0.5299202978286321,0.005
2,1920,9924,0.017203447000560822,0.017203447000560822,0.5287523400237278,0.005
2,1921,9925,0.021561124843976345,0.021561124843976345,0.5299663022610132,0.005
2,1922,9926,0.023092883941471284,0.023092883941471284,0.5316079069476969,0.005
2,1923,9927,0.021218165530654136,0.021218165530654136,0.5288530111890015,0.005
2,1924,9928,0.020996598855301984,0.020996598855301984,0.5295729216838166,0.005
2,1925,9929,0.019839230244883176,0.019839230244883176,0.5304919762038075,0.005
2,1926,9930,0.018494134383879937,0.018494134383879937,0.5292102957508329,0.005
2,1927,9931,0.020761233663118904,0.020761233663118904,0.5319603357098158,0.005
2,1928,9932,0.020182083947846208,0.020182083947846208,0.5311634862051293,0.005
2,1929,9933,0.02189719230746566,0.02189719230746566,0.5315296644390627,0.005
2,1930,9934,0.020500098430625946,0.020500098430625946,0.5297085614426986,0.005
2,1931,9935,0.0196790914308645,0.0196790914308645,0.5306827708044246,0.005
2,1932,9936,0.020824929956830544,0.020824929956830544,0.5293816729238461,0.005
2,1933,9937,0.019193813773093246,0.019193813773093246,0.5314342996512648,0.005
2,1934,9938,0.02286313957946945,0.02286313957946945,0.5306409939487882,0.005
2,1935,9939,0.01628433250780233,0.01628433250780233,0.5301899952050337,0.005
2,1936,9940,0.017544505675029194,0.017544505675029194,0.5303236083067873,0.005
2,1937,9941,0.01689332144739993,0.01689332144739993,0.5297239507366548,0.005
2,1938,9942,0.022002698841437678,0.022002698841437678,0.5320066658691113,0.005
2,1939,9943,0.018912795421315062,0.018912795421315062,0.531381063609015,0.005
2,1940,9944,0.02093827092157834,0.02093827092157834,0.5312871339854893,0.005
2,1941,9945,0.020561188386661558,0.020561188386661558,0.5311478874474794,0.005
2,1942,9946,0.015565408957132345,0.015565408957132345,0.5291455365891189,0.005
2,1943,9947,0.019180941884405715,0.019180941884405715,0.5320267825762695,0.005
2,1944,9948,0.023218079305828667,0.023218079305828667,0.5316524820238224,0.005
2,1945,9949,0.017533976768950032,0.017533976768950032,0.5313368198702223,0.005
2,1946,9950,0.017054568810307095,0.017054568810307095,0.5305358735891265,0.005
2,1947,9951,0.02260811302340509,0.02260811302340509,0.5295448936776411,0.005
2,1948,9952,0.02390233196853711,0.02390233196853711,0.5318240825486793,0.005
2,1949,9953,0.019832710387713576,0.019832710387713576,0.5300921564767672,0.005
2,1950,9954,0.020207466453193712,0.020207466453193712,0.5300434114113103,0.005
2,1951,9955,0.019151980897319454,0.019151980897319454,0.5300204824477305,0.005
2,1952,9956,0.02827017832473527,0.02827017832473527,0.5297569161830536,0.005
2,1953,9957,0.019907838721168674,0.019907838721168674,0.5316005427928598,0.005
2,1954,9958,0.021375190536226545,0.021375190536226545,0.5304253373892908,0.005
2,1955,9959,0.023272113315119546,0.023272113315119546,0.52907131873818,0.005
2,1956,9960,0.020492102412863342,0.020492102412863342,0.5306706437600744,0.005
2,1957,9961,0.023041504037313733,0.023041504037313733,0.5322175798093111,0.005
2,1958,9962,0.026057474921746142,0.026057474921746142,0.5344618192487502,0.005
2,1959,9963,0.018112181154570448,0.018112181154570448,0.531580536937975,0.005
2,1960,9964,0.01809793480148743,0.01809793480148743,0.5298859209950386,0.005
2,1961,9965,0.01908604336084,0.01908604336084,0.5312601342675736,0.005
2,1962,9966,0.018543567574160404,0.018543567574160404,0.5326106934163726,0.005
2,1963,9967,0.019042013418178835,0.019042013418178835,0.5302721240804863,0.005
2,1964,9968,0.01863889082298574,0.01863889082298574,0.5293855115443091,0.005
2,1965,9969,0.021340058018965873,0.021340058018965873,0.5304540460307323,0.005
2,1966,9970,0.018544549866630892,0.018544549866630892,0.5310252574962291,0.005
2,1967,9971,0.01762363091503112,0.01762363091503112,0.529176266212999,0.005
2,1968,9972,0.022155907859518955,0.022155907859518955,0.5323298898932939,0.005
2,1969,9973,0.017729893091977002,0.017729893091977002,0.53086877795051,0.005
2,1970,9974,0.018012364954505606,0.018012364954505606,0.5318587169045814,0.005
2,1971,9975,0.02316289209597383,0.02316289209597383,0.532854450465074,0.005
2,1972,9976,0.024752041922884237,0.024752041922884237,0.5330583467984545,0.005
2,1973,9977,0.023013933599197588,0.023013933599197588,0.5339761266987475,0.005
2,1974,9978,0.020601693227399704,0.020601693227399704,0.5314952459337168,0.005
2,1975,9979,0.017857078084900623,0.017857078084900623,0.5302695377916229,0.005
2,1976,9980,0.018146308269564506,0.018146308269564506,0.5305440089453686,0.005
2,1977,9981,0.0265344310531682,0.0265344310531682,0.5334109006093662,0.005
2,1978,9982,0.018196602664608926,0.018196602664608926,0.5304972000085448,0.005
2,1979,9983,0.020468158413668613,0.020468158413668613,0.5334015897064326,0.005
2,1980,9984,0.02084004076415242,0.02084004076415242,0.5302632921543896,0.005
2,1981,9985,0.018395290768968356,0.018395290768968356,0.5286052415426994,0.005
2,1982,9986,0.023035820985143066,0.023035820985143066,0.5333504252363398,0.005
2,1983,9987,0.018372286364482765,0.018372286364482765,0.5302863709469623,0.005
2,1984,9988,0.019960505552573882,0.019960505552573882,0.5309326274268047,0.005
2,1985,9989,0.020330684825003893,0.020330684825003893,0.5332494080163547,0.005
2,1986,9990,0.017197480699307016,0.017197480699307016,0.5311786350144918,0.005
2,1987,9991,0.02583013346242012,0.02583013346242012,0.5292069174242461,0.005
2,1988,9992,0.02181650251496796,0.02181650251496796,0.5331101078780351,0.005
2,1989,9993,0.023605236556139234,0.023605236556139234,0.5329002474658601,0.005
2,1990,9994,0.020664750944039245,0.020664750944039245,0.5323727593704868,0.005
2,1991,9995,0.02045600077615086,0.02045600077615086,0.5319540742292408,0.005
2,1992,9996,0.02050398187342547,0.02050398187342547,0.5312653028494063,0.005
2,1993,9997,0.0183172520301155,0.0183172520301155,0.5299068183795246,0.005
2,1994,9998,0.0234784165527116,0.0234784165527116,0.5288703248111574,0.005
2,1995,9999,0.017314656743472344,0.017314656743472344,0.5310557179310522,0.005
2,1996,10000,0.023752593901374238,0.023752593901374238,0.5327268791793855,0.005
2,1997,10001,0.021294641139879493,0.021294641139879493,0.5302047806662077,0.005
2,1998,10002,0.019636723835062965,0.019636723835062965,0.5303466390716911,0.005
2,1999,10003,0.020616148076505865,0.020616148076505865,0.5323373057686371,0.005
2,2000,10004,0.019044154073259212,0.019044154073259212,0.532053997448723,0.005
1,0,10005,0.19399024815797422,0.19399024815797422,0.5120886938422488,0.005
1,1,10006,0.1718308389977266,0.1718308389977266,0.5125541189203712,0.005
1,2,10007,0.17521114938143856,0.17521114938143856,0.5119943394805192,0.005
1,3,10008,0.15619103783843918,0.15619103783843918,0.5117491115821563,0.005
1,4,10009,0.14391809162602326,0.14391809162602326,0.5129228813250494,0.005
1,5,10010,0.14315515090738654,0.14315515090738654,0.513000150993527,0.005
1,6,10011,0.12455712529107109,0.12455712529107109,0.5128065147711472,0.005
1,7,10012,0.1363641649811208,0.1363641649811208,0.5131812189795947,0.005
1,8,10013,0.13227135511103907,0.13227135511103907,0.5136982500460691,0.005
1,9,10014,0.1136045957124916,0.1136045957124916,0.5136860840941294,0.005
1,10,10015,0.12065765829085984,0.12065765829085984,0.5132743669885493,0.005
1,11,10016,0.10283250842774641,0.10283250842774641,0.5150545229611918,0.005
1,12,10017,0.10504799661983784,0.10504799661983784,0.514718248215709,0.005
1,13,10018,0.0987577849962537,0.0987577849962537,0.5160807956652654,0.005
1,14,10019,0.08908657804363855,0.08908657804363855,0.5136329648937693,0.005
1,15,10020,0.08474564035465607,0.08474564035465607,0.5145814451547416,0.005
1,16,10021,0.08442570997921052,0.08442570997921052,0.5159198651057683,0.005
1,17,10022,0.08770971025919011,0.08770971025919011,0.5154474332335477,0.005
1,18,10023,0.07754067646142772,0.07754067646142772,0.5160495168645779,0.005
1,19,10024,0.0774958582524796,0.0774958582524796,0.5162652451526343,0.005
1,20,10025,0.06891174489332083,0.06891174489332083,0.5164221551199597,0.005
1,21,10026,0.06733995354656196,0.06733995354656196,0.516407742350598,0.005
1,22,10027,0.06312176409106461,0.06312176409106461,0.5175076335383633,0.005
1,23,10028,0.06707334569292776,0.06707334569292776,0.5169515409797346,0.005
1,24,10029,0.06653149054332963,0.06653149054332963,0.5170145315196842,0.005
1,25,10030,0.06361701618881607,0.06361701618881607,0.5182281454629616,0.005
1,26,10031,0.05838985029291653,0.05838985029291653,0.5167492329681557,0.005
1,27,10032,0.05294442102242942,0.05294442102242942,0.5184860357636885,0.005
1,28,10033,0.05533055886427585,0.05533055886427585,0.5193629655237129,0.005
1,29,10034,0.046183873830065725,0.046183873830065725,0.5170811741060143,0.005
1,30,10035,0.04125169988775806,0.04125169988775806,0.5161696617225258,0.005
1,31,10036,0.05256136491638598,0.05256136491638598,0.5196501176360037,0.005
1,32,10037,0.04657671370268428,0.04657671370268428,0.5180248251277093,0.005
1,33,10038,0.04715233023158135,0.04715233023158135,0.5198733062315044,0.005
1,34,10039,0.06927977534915258,0.06927977534915258,0.5183926423693446,0.005
1,35,10040,0.0460413901823096,0.0460413901823096,0.5193444478530755,0.005
1,36,10041,0.04642536484051042,0.04642536484051042,0.519068169085448,0.005
1,37,10042,0.04360771442948829,0.04360771442948829,0.5187622841847053,0.005
1,38,10043,0.0380534814091415,0.0380534814091415,0.5184841564370585,0.005
1,39,10044,0.03350571597006715,0.03350571597006715,0.5184287348609756,0.005
1,40,10045,0.04592999028879,0.04592999028879,0.5202310378756961,0.005
1,41,10046,0.03438032240099422,0.03438032240099422,0.5188532792964052,0.005
1,42,10047,0.04616815798633861,0.04616815798633861,0.5192805665111708,0.005
1,43,10048,0.032468122153986624,0.032468122153986624,0.5187002105458349,0.005
1,44,10049,0.03450149615252076,0.03450149615252076,0.5187299550203465,0.005
1,45,10050,0.036830106837490106,0.036830106837490106,0.5184976707791527,0.005
1,46,10051,0.03338084730033714,0.03338084730033714,0.5192650517841767,0.005
1,47,10052,0.037986903103994024,0.037986903103994024,0.5193215181101916,0.005
1,48,10053,0.035049375299113825,0.035049375299113825,0.5183615913269806,0.005
1,49,10054,0.025613290266398876,0.025613290266398876,0.5181932936416718,0.005
1,50,10055,0.03350818443994341,0.03350818443994341,0.5188992648455263,0.005
1,51,10056,0.0338209080366008,0.0338209080366008,0.5199433370822105,0.005
1,52,10057,0.02731508233939477,0.02731508233939477,0.5180165657292212,0.005
1,53,10058,0.031874223799888544,0.031874223799888544,0.5190553518381777,0.005
1,54,10059,0.028831853606638043,0.028831853606638043,0.5191128771671844,0.005
1,55,10060,0.028918718053745657,0.028918718053745657,0.5193403002542951,0.005
1,56,10061,0.032851730449195794,0.032851730449195794,0.5207266450954907,0.005
1,57,10062,0.025745131824234387,0.025745131824234387,0.5188724875866999,0.005
1,58,10063,0.03381016132104302,0.03381016132104302,0.5212691868621642,0.005
1,59,10064,0.026168116510290232,0.026168116510290232,0.5200105814697054,0.005
1,60,10065,0.02253215170397335,0.02253215170397335,0.5181977355621689,0.005
1,61,10066,0.03241575508547549,0.03241575508547549,0.5197814018919351,0.005
1,62,10067,0.02619241495054947,0.02619241495054947,0.5187110806533709,0.005
1,63,10068,0.022135078808858767,0.022135078808858767,0.5187189752538247,0.005
1,64,10069,0.024727042386234126,0.024727042386234126,0.5188469097531395,0.005
1,65,10070,0.018836731908248278,0.018836731908248278,0.5171072735147815,0.005
1,66,10071,0.025472778801280477,0.025472778801280477,0.5199531684396693,0.005
1,67,10072,0.022483214405363702,0.022483214405363702,0.518430954380105,0.005
1,68,10073,0.02345789930735494,0.02345789930735494,0.5184565840592236,0.005
1,69,10074,0.02349551756957124,0.02349551756957124,0.5185696217817402,0.005
1,70,10075,0.02853843358317426,0.02853843358317426,0.5197439811945358,0.005
1,71,10076,0.02360697740302479,0.02360697740302479,0.5197063120675561,0.005
1,72,10077,0.021039204810954053,0.021039204810954053,0.517507885531761,0.005
1,73,10078,0.022359175933864404,0.022359175933864404,0.5192141948138417,0.005
1,74,10079,0.024895648644092938,0.024895648644092938,0.5179746746438325,0.005
1,75,10080,0.02072602639967396,0.02072602639967396,0.5185078570075384,0.005
1,76,10081,0.016814663550867796,0.016814663550867796,0.517876686405757,0.005
1,77,10082,0.021879516241798718,0.021879516241798718,0.5163969445346008,0.005
1,78,10083,0.023850322150524565,0.023850322150524565,0.5182327898455465,0.005
1,79,10084,0.02145535310723643,0.02145535310723643,0.5178918486056536,0.005
1,80,10085,0.021704312497280654,0.021704312497280654,0.5196987030634238,0.005
1,81,10086,0.020002572291456463,0.020002572291456463,0.5174284508094852,0.005
1,82,10087,0.016495080554531416,0.016495080554531416,0.5176474460610225,0.005
1,83,10088,0.019650388983299436,0.019650388983299436,0.5170637510239169,0.005
1,84,10089,0.018716799331980553,0.018716799331980553,0.5178851876075865,0.005
1,85,10090,0.019210356407689557,0.019210356407689557,0.5184775996775568,0.005
1,86,10091,0.017906763718160537,0.017906763718160537,0.5165755233169085,0.005
1,87,10092,0.022690424627462985,0.022690424627462985,0.5193416858708678,0.005
1,88,10093,0.020220863101596327,0.020220863101596327,0.5171734110633683,0.005
1,89,10094,0.031785946852512584,0.031785946852512584,0.5179582873487376,0.005
1,90,10095,0.018125242990266972,0.018125242990266972,0.5176808534261892,0.005
1,91,10096,0.017428269411154947,0.017428269411154947,0.5174470264748776,0.005
1,92,10097,0.016811007538215263,0.016811007538215263,0.5168780754090516,0.005
1,93,10098,0.02077952023249859,0.02077952023249859,0.5174563017662015,0.005
1,94,10099,0.015676316418013092,0.015676316418013092,0.5164683908245469,0.005
1,95,10100,0.018122998264015026,0.018122998264015026,0.5164016523346356,0.005
1,96,10101,0.016553225263867474,0.016553225263867474,0.5171187667138051,0.005
1,97,10102,0.021200673399631314,0.021200673399631314,0.5157901011741414,0.005
1,98,10103,0.022779671606129495,0.022779671606129495,0.5176395895159008,0.005
1,99,10104,0.017007073508751937,0.017007073508751937,0.5175453190939038,0.005
1,100,10105,0.020616529786456866,0.020616529786456866,0.5175830008890085,0.005
1,101,10106,0.01700657149673815,0.01700657149673815,0.5165000473025834,0.005
1,102,10107,0.01396266333765369,0.01396266333765369,0.5152818050212482,0.005
1,103,10108,0.02216858585565861,0.02216858585565861,0.5188186896937659,0.005
1,104,10109,0.018529162967453605,0.018529162967453605,0.5159071758386489,0.005
1,105,10110,0.01860583709465514,0.01860583709465514,0.5180988861122986,0.005
1,106,10111,0.01880784956979751,0.01880784956979751,0.5182958127585815,0.005
1,107,10112,0.023285241280610262,0.023285241280610262,0.516308191988354,0.005
1,108,10113,0.019303650050229895,0.019303650050229895,0.5176225018611708,0.005
1,109,10114,0.018042225110979433,0.018042225110979433,0.5177359529482845,0.005
1,110,10115,0.016070332660584476,0.016070332660584476,0.5167694412535851,0.005
1,111,10116,0.014708914520408317,0.014708914520408317,0.5165085228526439,0.005
1,112,10117,0.017688495771318802,0.017688495771318802,0.5168413485934873,0.005
1,113,10118,0.01873318266926139,0.01873318266926139,0.5168070369425557,0.005
1,114,10119,0.01241245208540235,0.01241245208540235,0.5163738866567179,0.005
1,115,10120,0.01726473434397304,0.01726473434397304,0.5180373975129947,0.005
1,116,10121,0.0236176344545835,0.0236176344545835,0.5172141340043878,0.005
1,117,10122,0.015982867205143126,0.015982867205143126,0.5159893607765538,0.005
1,118,10123,0.0182087548689017,0.0182087548689017,0.5169034842715352,0.005
1,119,10124,0.01742955266257784,0.01742955266257784,0.5160931187482906,0.005
1,120,10125,0.017553034349937418,0.017553034349937418,0.5170349408479481,0.005
1,121,10126,0.028360112733397218,0.028360112733397218,0.5177460601087047,0.005
1,122,10127,0.01481815488274731,0.01481815488274731,0.5163542061153268,0.005
1,123,10128,0.01724902650147269,0.01724902650147269,0.5162195580837878,0.005
1,124,10129,0.015915244055400426,0.015915244055400426,0.5153278937675076,0.005
1,125,10130,0.023661583121543477,0.023661583121543477,0.5170770777762423,0.005
1,126,10131,0.016730537456137014,0.016730537456137014,0.516311287494089,0.005
1,127,10132,0.013746850899283526,0.013746850899283526,0.5165074326058655,0.005
1,128,10133,0.01920405574663979,0.01920405574663979,0.5176829773734095,0.005
1,129,10134,0.01894708095615525,0.01894708095615525,0.517544273084936,0.005
1,130,10135,0.01769046510988967,0.01769046510988967,0.516387666376148,0.005
1,131,10136,0.018026865504413604,0.018026865504413604,0.5179362935577464,0.005
1,132,10137,0.030585369708250588,0.030585369708250588,0.515769669727512,0.005
1,133,10138,0.01651143149437767,0.01651143149437767,0.5167185948266012,0.005
1,134,10139,0.01570493539246079,0.01570493539246079,0.5165095268602862,0.005
1,135,10140,0.016962143080191734,0.016962143080191734,0.5160852776262767,0.005
1,136,10141,0.013018750250156072,0.013018750250156072,0.5153227495469783,0.005
1,137,10142,0.014717200044125911,0.014717200044125911,0.5154165013189662,0.005
1,138,10143,0.015654004269094995,0.015654004269094995,0.5164925641697075,0.005
1,139,10144,0.01634407345641082,0.01634407345641082,0.5155916902740176,0.005
1,140,10145,0.012177264049099404,0.012177264049099404,0.5164983592799446,0.005
1,141,10146,0.017094817747454118,0.017094817747454118,0.5166237876238673,0.005
1,142,10147,0.01793145268921748,0.01793145268921748,0.515863349916093,0.005
1,143,10148,0.01773648929491193,0.01773648929491193,0.516614775333889,0.005
1,144,10149,0.023028467340199865,0.023028467340199865,0.5136591126754032,0.005
1,145,10150,0.014690252215848038,0.014690252215848038,0.5161477624401055,0.005
1,146,10151,0.0175871848680539,0.0175871848680539,0.5170411901632355,0.005
1,147,10152,0.013913961895823473,0.013913961895823473,0.5150822686585504,0.005
1,148,10153,0.01356827686516813,0.01356827686516813,0.5152799365435915,0.005
1,149,10154,0.015344321435397589,0.015344321435397589,0.516027151462891,0.005
1,150,10155,0.016072700931426126,0.016072700931426126,0.515998007059711,0.005
1,151,10156,0.014043670234430514,0.014043670234430514,0.5160626065413515,0.005
1,152,10157,0.011833932110810462,0.011833932110810462,0.5157944568822758,0.005
1,153,10158,0.014292112201810477,0.014292112201810477,0.5174273021421596,0.005
1,154,10159,0.014713836773984466,0.014713836773984466,0.5177398054137491,0.005
1,155,10160,0.019783285090075497,0.019783285090075497,0.5152067888032877,0.005
1,156,10161,0.01241995448145826,0.01241995448145826,0.5154997449868254,0.005
1,157,10162,0.014638001328617978,0.014638001328617978,0.5155170194803956,0.005
1,158,10163,0.014091578148412685,0.014091578148412685,0.5159462025464001,0.005
1,159,10164,0.018728054648796295,0.018728054648796295,0.5181467001347625,0.005
1,160,10165,0.01636452919377684,0.01636452919377684,0.5153476402176164,0.005
1,161,10166,0.024462780155965425,0.024462780155965425,0.5174143062032707,0.005
1,162,10167,0.011534195450711889,0.011534195450711889,0.516283153038662,0.005
1,163,10168,0.009227743730143484,0.009227743730143484,0.5159067723039084,0.005
1,164,10169,0.011293003438225133,0.011293003438225133,0.5171515707860135,0.005
1,165,10170,0.012843028964777318,0.012843028964777318,0.5178169911773428,0.005
1,166,10171,0.01819471656903926,0.01819471656903926,0.5164769712644031,0.005
1,167,10172,0.01855589322602809,0.01855589322602809,0.5162380991957483,0.005
1,168,10173,0.02170838835412353,0.02170838835412353,0.5186997700438648,0.005
1,169,10174,0.018112815167886376,0.018112815167886376,0.5162252137541175,0.005
1,170,10175,0.01316428971281396,0.01316428971281396,0.5179267363584185,0.005
1,171,10176,0.015420864631359369,0.015420864631359369,0.5164978349230146,0.005
1,172,10177,0.010929046789161918,0.010929046789161918,0.5156678070096192,0.005
1,173,10178,0.012959192564030313,0.012959192564030313,0.5165988960691046,0.005
1,174,10179,0.015402934827283445,0.015402934827283445,0.5176959485835787,0.005
1,175,10180,0.011104864594226268,0.011104864594226268,0.5158642971767553,0.005
1,176,10181,0.01532482066702941,0.01532482066702941,0.5160290704684796,0.005
1,177,10182,0.010098392901168244,0.010098392901168244,0.5159464156561581,0.005
1,178,10183,0.015603164433270793,0.015603164433270793,0.5174386845691136,0.005
1,179,10184,0.015001599323161708,0.015001599323161708,0.5155843113902469,0.005
1,180,10185,0.010686881744445705,0.010686881744445705,0.5168534555025739,0.005
1,181,10186,0.017955812303209452,0.017955812303209452,0.5169471270649407,0.005
1,182,10187,0.018403773568690114,0.018403773568690114,0.5175806559161766,0.005
1,183,10188,0.017880778674743185,0.017880778674743185,0.5188169866237268,0.005
1,184,10189,0.009026349844081658,0.009026349844081658,0.5150975083770761,0.005
1,185,10190,0.01510322871250275,0.01510322871250275,0.5181596565168984,0.005
1,186,10191,0.017403650043524635,0.017403650043524635,0.5166101390036082,0.005
1,187,10192,0.023044764253992617,0.023044764253992617,0.5191544682126618,0.005
1,188,10193,0.010552593465472371,0.010552593465472371,0.5159769027655999,0.005
1,189,10194,0.012162000111855779,0.012162000111855779,0.5171596991894483,0.005
1,190,10195,0.014006589344832265,0.014006589344832265,0.5174824589426309,0.005
1,191,10196,0.014099650932777087,0.014099650932777087,0.5157552503108485,0.005
1,192,10197,0.014015949038893406,0.014015949038893406,0.5165454922488137,0.005
1,193,10198,0.014639598753907026,0.014639598753907026,0.5159960265476521,0.005
1,194,10199,0.015072946697565783,0.015072946697565783,0.5178810977575354,0.005
1,195,10200,0.015161689224687285,0.015161689224687285,0.5176601389403073,0.005
1,196,10201,0.012555739899506011,0.012555739899506011,0.5155305779369148,0.005
1,197,10202,0.013295000872808377,0.013295000872808377,0.516649238388337,0.005
1,198,10203,0.015536365195862779,0.015536365195862779,0.5163949793167353,0.005
1,199,10204,0.013044610199532371,0.013044610199532371,0.5161785071462918,0.005
1,200,10205,0.012481496342184418,0.012481496342184418,0.5170584249614188,0.005
1,201,10206,0.015643800739690905,0.015643800739690905,0.5167279814851904,0.005
1,202,10207,0.016578063307188907,0.016578063307188907,0.5183895492391823,0.005
1,203,10208,0.011335106417573283,0.011335106417573283,0.5158997502627861,0.005
1,204,10209,0.01318889991950617,0.01318889991950617,0.5147120477888942,0.005
1,205,10210,0.013776193699150945,0.013776193699150945,0.5181850856812698,0.005
1,206,10211,0.013960796571501585,0.013960796571501585,0.5152245126561998,0.005
1,207,10212,0.010893948379579018,0.010893948379579018,0.515472291192658,0.005
1,208,10213,0.014436738875496867,0.014436738875496867,0.5181566782892375,0.005
1,209,10214,0.013919896209896504,0.013919896209896504,0.5177048928998885,0.005
1,210,10215,0.01440666230812972,0.01440666230812972,0.5174350523370009,0.005
1,211,10216,0.020467156664591493,0.020467156664591493,0.5177107659958757,0.005
1,212,10217,0.015376714874652805,0.015376714874652805,0.5163912765737857,0.005
1,213,10218,0.011385194491089757,0.011385194491089757,0.5172112814042472,0.005
1,214,10219,0.012011646901146858,0.012011646901146858,0.5177226658154547,0.005
1,215,10220,0.012981857444954111,0.012981857444954111,0.5178230593508034,0.005
1,216,10221,0.015018619829685227,0.015018619829685227,0.516849434694753,0.005
1,217,10222,0.014499515368765344,0.014499515368765344,0.5187777200571776,0.005
1,218,10223,0.015411421787350867,0.015411421787350867,0.517143996133029,0.005
1,219,10224,0.01852909046703631,0.01852909046703631,0.5149322944714932,0.005
1,220,10225,0.011458886386574028,0.011458886386574028,0.516261983387493,0.005
1,221,10226,0.010889814582290151,0.010889814582290151,0.5171834483131544,0.005
1,222,10227,0.009664303595942562,0.009664303595942562,0.5164122302067959,0.005
1,223,10228,0.012916832128653187,0.012916832128653187,0.5153725099083253,0.005
1,224,10229,0.012187846169333862,0.012187846169333862,0.5173478752450499,0.005
1,225,10230,0.018568139269468376,0.018568139269468376,0.5149709995558462,0.005
1,226,10231,0.016737149946738968,0.016737149946738968,0.5153724069079771,0.005
1,227,10232,0.023883518049489592,0.023883518049489592,0.5148569437252789,0.005
1,228,10233,0.009884430604204344,0.009884430604204344,0.5172198616545284,0.005
1,229,10234,0.01307660348484719,0.01307660348484719,0.5162292196878067,0.005
1,230,10235,0.010526093797060916,0.010526093797060916,0.5168683061649445,0.005
1,231,10236,0.01459286392508255,0.01459286392508255,0.5171664817653944,0.005
1,232,10237,0.01245222141310459,0.01245222141310459,0.5174331611969162,0.005
1,233,10238,0.01991758817271718,0.01991758817271718,0.5199015113641999,0.005
1,234,10239,0.00925173603865892,0.00925173603865892,0.515699853511148,0.005
1,235,10240,0.01295829593023267,0.01295829593023267,0.518430407246989,0.005
1,236,10241,0.011803610619377214,0.011803610619377214,0.5178951572573126,0.005
1,237,10242,0.0124124690243979,0.0124124690243979,0.5177671100442797,0.005
1,238,10243,0.014080468034307146,0.014080468034307146,0.5172514492539759,0.005
1,239,10244,0.021879336974573053,0.021879336974573053,0.518538268670892,0.005
1,240,10245,0.010540830517852578,0.010540830517852578,0.5167915434103165,0.005
1,241,10246,0.01234395296122082,0.01234395296122082,0.5169356252572554,0.005
1,242,10247,0.012505218214590401,0.012505218214590401,0.5182080694748671,0.005
1,243,10248,0.01712041480318,0.01712041480318,0.5168278141356426,0.005
1,244,10249,0.013613661585589808,0.013613661585589808,0.5173327232046949,0.005
1,245,10250,0.017302728601719955,0.017302728601719955,0.5188232307821582,0.005
1,246,10251,0.013267286818232221,0.013267286818232221,0.5170079778063557,0.005
1,247,10252,0.014612452228088125,0.014612452228088125,0.5182026384966669,0.005
1,248,10253,0.018049323839797363,0.018049323839797363,0.5175281345866516,0.005
1,249,10254,0.013541788550976597,0.013541788550976597,0.518882571742043,0.005
1,250,10255,0.01259589440347181,0.01259589440347181,0.5184337094061867,0.005
1,251,10256,0.015371134790175848,0.015371134790175848,0.5177652273284618,0.005
1,252,10257,0.01911286993331275,0.01911286993331275,0.5177154885530124,0.005
1,253,10258,0.019611499335402544,0.019611499335402544,0.5182895094227845,0.005
1,254,10259,0.011951974994730327,0.011951974994730327,0.5165845743615448,0.005
1,255,10260,0.012973517331519057,0.012973517331519057,0.5178735564044936,0.005
1,256,10261,0.010229906967640676,0.010229906967640676,0.5156524656754632,0.005
1,257,10262,0.011576472193570804,0.011576472193570804,0.517482455036944,0.005
1,258,10263,0.021642102668178734,0.021642102668178734,0.5194079180021454,0.005
1,259,10264,0.014008984422019007,0.014008984422019007,0.5168416029016457,0.005
1,260,10265,0.011341197166729624,0.011341197166729624,0.5183905659308012,0.005
1,261,10266,0.012142468118930369,0.012142468118930369,0.5180608866879025,0.005
1,262,10267,0.017189052195380743,0.017189052195380743,0.5187286678456926,0.005
1,263,10268,0.01146575272108783,0.01146575272108783,0.5175659843987613,0.005
1,264,10269,0.013227683218047587,0.013227683218047587,0.5182572832302882,0.005
1,265,10270,0.012168390895876489,0.012168390895876489,0.5171867673611441,0.005
1,266,10271,0.020112236344561153,0.020112236344561153,0.5163779593196025,0.005
1,267,10272,0.014101478880942514,0.014101478880942514,0.5155228070427107,0.005
1,268,10273,0.017027520766419668,0.017027520766419668,0.5182548755064706,0.005
1,269,10274,0.014128934389110628,0.014128934389110628,0.5162808617303104,0.005
1,270,10275,0.011908603081798287,0.011908603081798287,0.5180386146293471,0.005
1,271,10276,0.017758249528424842,0.017758249528424842,0.5172488562046647,0.005
1,272,10277,0.013149850632987731,0.013149850632987731,0.5171602669370837,0.005
1,273,10278,0.013418122819092104,0.013418122819092104,0.5173565781676877,0.005
1,274,10279,0.015218052709882636,0.015218052709882636,0.5185097104724254,0.005
1,275,10280,0.010042325436167624,0.010042325436167624,0.5171351895914794,0.005
1,276,10281,0.013833386957510522,0.013833386957510522,0.5186714423721033,0.005
1,277,10282,0.020722957989588734,0.020722957989588734,0.5192082871717059,0.005
1,278,10283,0.0143232317204369,0.0143232317204369,0.5169890697300026,0.005
1,279,10284,0.0152123094064647,0.0152123094064647,0.5186652597726273,0.005
1,280,10285,0.016040956546760167,0.016040956546760167,0.5201502720211775,0.005
1,281,10286,0.014888199637270911,0.014888199637270911,0.5202123245282485,0.005
1,282,10287,0.014558852414260559,0.014558852414260559,0.5161033413744963,0.005
1,283,10288,0.01599785214779578,0.01599785214779578,0.5165994456900317,0.005
1,284,10289,0.013718315329322543,0.013718315329322543,0.5182476294738992,0.005
1,285,10290,0.01689960816484895,0.01689960816484895,0.5184519126413106,0.005
1,286,10291,0.014968932093509645,0.014968932093509645,0.5169765430729363,0.005
1,287,10292,0.012881416071643904,0.012881416071643904,0.5174526818651503,0.005
1,288,10293,0.015683021561907384,0.015683021561907384,0.5181975207115095,0.005
1,289,10294,0.014362502675401565,0.014362502675401565,0.5173038818907141,0.005
1,290,10295,0.014930251630922113,0.014930251630922113,0.5186608890727419,0.005
1,291,10296,0.01176310705841722,0.01176310705841722,0.517244827140473,0.005
1,292,10297,0.014728580448887713,0.014728580448887713,0.5174563230268806,0.005
1,293,10298,0.014906617645056566,0.014906617645056566,0.5178441209587187,0.005
1,294,10299,0.008830280463728257,0.008830280463728257,0.5153577646070042,0.005
1,295,10300,0.018149509085711446,0.018149509085711446,0.5184764094576486,0.005
1,296,10301,0.01866245156408545,0.01866245156408545,0.5187219841602735,0.005
1,297,10302,0.018059501857940693,0.018059501857940693,0.5172289056927157,0.005
1,298,10303,0.016308658774739422,0.016308658774739422,0.5163315346861127,0.005
1,299,10304,0.013607919112923358,0.013607919112923358,0.5161621559343951,0.005
1,300,10305,0.014881558882623087,0.014881558882623087,0.517478813974447,0.005
1,301,10306,0.010431985757706173,0.010431985757706173,0.5164255743949381,0.005
1,302,10307,0.014592562110509529,0.014592562110509529,0.5183240879077262,0.005
1,303,10308,0.02108671849275929,0.02108671849275929,0.5185931744393338,0.005
1,304,10309,0.014030184709154188,0.014030184709154188,0.5178876463637626,0.005
1,305,10310,0.014109899922785996,0.014109899922785996,0.5177185309207152,0.005
1,306,10311,0.013317899746895734,0.013317899746895734,0.5166730387149603,0.005
1,307,10312,0.014064283454420217,0.014064283454420217,0.5179562280175889,0.005
1,308,10313,0.0099246094860749,0.0099246094860749,0.5160736413696458,0.005
1,309,10314,0.016851764006260372,0.016851764006260372,0.5177508104873741,0.005
1,310,10315,0.01744484965800347,0.01744484965800347,0.5184122654692421,0.005
1,311,10316,0.01563423772134534,0.01563423772134534,0.5186589633978478,0.005
1,312,10317,0.01820518478901134,0.01820518478901134,0.5164984238507492,0.005
1,313,10318,0.018276219689349456,0.018276219689349456,0.5171363976256836,0.005
1,314,10319,0.015680762572845133,0.015680762572845133,0.5178280256813249,0.005
1,315,10320,0.014219916045690891,0.014219916045690891,0.5169884590709545,0.005
1,316,10321,0.018233702550250475,0.018233702550250475,0.5191394935257905,0.005
1,317,10322,0.014968957140367847,0.014968957140367847,0.5186170575049714,0.005
1,318,10323,0.014712927469338095,0.014712927469338095,0.5202868838990928,0.005
1,319,10324,0.01655454899762108,0.01655454899762108,0.5177541262103101,0.005
1,320,10325,0.015313772071869975,0.015313772071869975,0.5172465859398144,0.005
1,321,10326,0.01208712011713432,0.01208712011713432,0.5170266432693407,0.005
1,322,10327,0.014256890760590352,0.014256890760590352,0.5162725912056537,0.005
1,323,10328,0.01779316738531982,0.01779316738531982,0.5172452080564998,0.005
1,324,10329,0.01614759687633697,0.01614759687633697,0.5186736893189475,0.005
1,325,10330,0.01215704168209282,0.01215704168209282,0.517950437505627,0.005
1,326,10331,0.012694388922181474,0.012694388922181474,0.5164854803863217,0.005
1,327,10332,0.012157963980403658,0.012157963980403658,0.5168780190657277,0.005
1,328,10333,0.010748728146206131,0.010748728146206131,0.5168552546346089,0.005
1,329,10334,0.01920615450161537,0.01920615450161537,0.5192472976707715,0.005
1,330,10335,0.01495264544624026,0.01495264544624026,0.5176933813491839,0.005
1,331,10336,0.01663092084192201,0.01663092084192201,0.5172018863305982,0.005
1,332,10337,0.011470065053616068,0.011470065053616068,0.5162083336678277,0.005
1,333,10338,0.018549723054448113,0.018549723054448113,0.5178514339401366,0.005
1,334,10339,0.013939657830948816,0.013939657830948816,0.5174950964462858,0.005
1,335,10340,0.015526170615947299,0.015526170615947299,0.5185553635470693,0.005
1,336,10341,0.014390660880576231,0.014390660880576231,0.5166078902436446,0.005
1,337,10342,0.013452641304422993,0.013452641304422993,0.5178312823689077,0.005
1,338,10343,0.012351646986602904,0.012351646986602904,0.518207486951541,0.005
1,339,10344,0.014725073009348602,0.014725073009348602,0.5185886945626547,0.005
1,340,10345,0.020605522945384355,0.020605522945384355,0.5185607068400734,0.005
1,341,10346,0.014302781441909619,0.014302781441909619,0.517763989413836,0.005
1,342,10347,0.010678432777536117,0.010678432777536117,0.5167547418156115,0.005
1,343,10348,0.01638171942007924,0.01638171942007924,0.5186778518182186,0.005
1,344,10349,0.019354014852073182,0.019354014852073182,0.5186775926868646,0.005
1,345,10350,0.026581956726951638,0.026581956726951638,0.5189565884307207,0.005
1,346,10351,0.013867116923457809,0.013867116923457809,0.5177445987018195,0.005
1,347,10352,0.014339217403262347,0.014339217403262347,0.5163760579664036,0.005
1,348,10353,0.01211654408821856,0.01211654408821856,0.5165214133418162,0.005
1,349,10354,0.018258570966299636,0.018258570966299636,0.5198844571152296,0.005
1,350,10355,0.017265314030303514,0.017265314030303514,0.5182319201381155,0.005
1,351,10356,0.013527001707008338,0.013527001707008338,0.5185916567625053,0.005
1,352,10357,0.010139419028632496,0.010139419028632496,0.5169937125711448,0.005
1,353,10358,0.012447601680696994,0.012447601680696994,0.516635290929461,0.005
1,354,10359,0.01332327679547564,0.01332327679547564,0.5191663277147113,0.005
1,355,10360,0.010131010810748062,0.010131010810748062,0.5177158516324464,0.005
1,356,10361,0.010003992859593972,0.010003992859593972,0.5161627416425414,0.005
1,357,10362,0.016051478461542826,0.016051478461542826,0.5169573444459494,0.005
1,358,10363,0.015602486909580665,0.015602486909580665,0.5185235291972659,0.005
1,359,10364,0.014562599041887482,0.014562599041887482,0.5180734624062685,0.005
1,360,10365,0.010991553153720074,0.010991553153720074,0.5175577452089154,0.005
1,361,10366,0.013947170862523145,0.013947170862523145,0.5164704863263759,0.005
1,362,10367,0.01814150622640503,0.01814150622640503,0.5195672241547221,0.005
1,363,10368,0.01037109018308223,0.01037109018308223,0.5175180838016715,0.005
1,364,10369,0.019680180412682376,0.019680180412682376,0.5197693915449558,0.005
1,365,10370,0.011502631548914516,0.011502631548914516,0.5171762755208398,0.005
1,366,10371,0.014052906434325215,0.014052906434325215,0.5162001727535498,0.005
1,367,10372,0.011275893847918547,0.011275893847918547,0.5150519190519123,0.005
1,368,10373,0.01194595085408533,0.01194595085408533,0.5179474836435652,0.005
1,369,10374,0.02085824180711321,0.02085824180711321,0.5187436848639365,0.005
1,370,10375,0.011615438091308116,0.011615438091308116,0.5161035973803395,0.005
1,371,10376,0.01058484626379033,0.01058484626379033,0.5179071110392417,0.005
1,372,10377,0.01751819489985059,0.01751819489985059,0.5185634871832128,0.005
1,373,10378,0.013731068405401196,0.013731068405401196,0.5178734982491937,0.005
1,374,10379,0.013471538798413021,0.013471538798413021,0.5178750426936448,0.005
1,375,10380,0.01653530525414549,0.01653530525414549,0.517761666096258,0.005
1,376,10381,0.01453605503018485,0.01453605503018485,0.5184225810390455,0.005
1,377,10382,0.013091553972292239,0.013091553972292239,0.5176982577981711,0.005
1,378,10383,0.015859640446779903,0.015859640446779903,0.5183842069065713,0.005
1,379,10384,0.016450619562926563,0.016450619562926563,0.5185386544411098,0.005
1,380,10385,0.016623246308267906,0.016623246308267906,0.5188040769187047,0.005
1,381,10386,0.019112261928383903,0.019112261928383903,0.5192625381078099,0.005
1,382,10387,0.014777642274322373,0.014777642274322373,0.5175152644446973,0.005
1,383,10388,0.010143508745664474,0.010143508745664474,0.5165334914722931,0.005
1,384,10389,0.011165838371164983,0.011165838371164983,0.5177272445166017,0.005
1,385,10390,0.013927797167839916,0.013927797167839916,0.5186874297092579,0.005
1,386,10391,0.01235287944594842,0.01235287944594842,0.5171167223165692,0.005
1,387,10392,0.012159944134386813,0.012159944134386813,0.5184766312973279,0.005
1,388,10393,0.009951595995908374,0.009951595995908374,0.5164528128183331,0.005
1,389,10394,0.01979626143475576,0.01979626143475576,0.5176279724908429,0.005
1,390,10395,0.01103045905310969,0.01103045905310969,0.516893307987317,0.005
1,391,10396,0.016515681865026798,0.016515681865026798,0.518304533157053,0.005
1,392,10397,0.01685575141154442,0.01685575141154442,0.5189251294568172,0.005
1,393,10398,0.015554940484170006,0.015554940484170006,0.5182156774398363,0.005
1,394,10399,0.01188249587766893,0.01188249587766893,0.5169489721812939,0.005
1,395,10400,0.012469075869651304,0.012469075869651304,0.5165852565888387,0.005
1,396,10401,0.013410978521009845,0.013410978521009845,0.5179560822125207,0.005
1,397,10402,0.01426413495150422,0.01426413495150422,0.5174187015250254,0.005
1,398,10403,0.01759907213130316,0.01759907213130316,0.5177625836258752,0.005
1,399,10404,0.016419159885684667,0.016419159885684667,0.5182251858833017,0.005
1,400,10405,0.01615134215950378,0.01615134215950378,0.5191391612533031,0.005
1,401,10406,0.014907625230997916,0.014907625230997916,0.516630025343214,0.005
1,402,10407,0.018765002526726283,0.018765002526726283,0.5181235965423595,0.005
1,403,10408,0.011667301585959588,0.011667301585959588,0.5179969270979327,0.005
1,404,10409,0.013031420321433321,0.013031420321433321,0.5153503116844707,0.005
1,405,10410,0.015036238555816771,0.015036238555816771,0.5173340671770651,0.005
1,406,10411,0.012717974872292405,0.012717974872292405,0.5167678919599326,0.005
1,407,10412,0.015436999067499624,0.015436999067499624,0.5178616662144748,0.005
1,408,10413,0.012667535935772455,0.012667535935772455,0.5192029373673462,0.005
1,409,10414,0.015301545770887433,0.015301545770887433,0.5168187076111148,0.005
1,410,10415,0.011137247453195023,0.011137247453195023,0.5161156339667988,0.005
1,411,10416,0.012112607722033032,0.012112607722033032,0.5165222365677065,0.005
1,412,10417,0.013667376564340528,0.013667376564340528,0.5174108539181758,0.005
1,413,10418,0.014955946852708147,0.014955946852708147,0.5183821300995755,0.005
1,414,10419,0.01113330272951744,0.01113330272951744,0.5172277083402471,0.005
1,415,10420,0.01511305452966902,0.01511305452966902,0.5186348310292962,0.005
1,416,10421,0.012019650834767923,0.012019650834767923,0.5155088119890461,0.005
1,417,10422,0.015135236231818068,0.015135236231818068,0.5161971008199973,0.005
1,418,10423,0.01389831256807227,0.01389831256807227,0.518760481197178,0.005
1,419,10424,0.012020685309894981,0.012020685309894981,0.5160602657004851,0.005
1,420,10425,0.013406478147072218,0.013406478147072218,0.5180341250084092,0.005
1,421,10426,0.014151853205726924,0.014151853205726924,0.5186809434373542,0.005
1,422,10427,0.012966826240325543,0.012966826240325543,0.5161739717714418,0.005
1,423,10428,0.011371479616289367,0.011371479616289367,0.5170673581872978,0.005
1,424,10429,0.013038633621207392,0.013038633621207392,0.5175174444259432,0.005
1,425,10430,0.015413915900357737,0.015413915900357737,0.5174293593115763,0.005
1,426,10431,0.013237687139080415,0.013237687139080415,0.5185103478960678,0.005
1,427,10432,0.011575431490675279,0.011575431490675279,0.5166233520318008,0.005
1,428,10433,0.016243727630086517,0.016243727630086517,0.5172529076273181,0.005
1,429,10434,0.012577661487629208,0.012577661487629208,0.5165507614353914,0.005
1,430,10435,0.02006297042500418,0.02006297042500418,0.5197162940565386,0.005
1,431,10436,0.023449125277078535,0.023449125277078535,0.5188958481215706,0.005
1,432,10437,0.01019045575559712,0.01019045575559712,0.5169738121343591,0.005
1,433,10438,0.016460264588687382,0.016460264588687382,0.5171672524970534,0.005
1,434,10439,0.014281905150820853,0.014281905150820853,0.515469968366077,0.005
1,435,10440,0.02068144165399801,0.02068144165399801,0.5179143221302911,0.005
1,436,10441,0.014211659446392307,0.014211659446392307,0.5184611090935488,0.005
1,437,10442,0.014711134082769554,0.014711134082769554,0.5179439876491708,0.005
1,438,10443,0.008614328723357184,0.008614328723357184,0.5164100691540203,0.005
1,439,10444,0.012238412828357033,0.012238412828357033,0.5178985111658032,0.005
1,440,10445,0.017003329087766895,0.017003329087766895,0.516124354968896,0.005
1,441,10446,0.010427440056766709,0.010427440056766709,0.5171741707743465,0.005
1,442,10447,0.015326031924766418,0.015326031924766418,0.5195077032225872,0.005
1,443,10448,0.012316791376187934,0.012316791376187934,0.5155255210537234,0.005
1,444,10449,0.016291404433523705,0.016291404433523705,0.5199323746130394,0.005
1,445,10450,0.01820093584906421,0.01820093584906421,0.5208392465487437,0.005
1,446,10451,0.01408147933571148,0.01408147933571148,0.5167407424410471,0.005
1,447,10452,0.01205614625141726,0.01205614625141726,0.5162937440978356,0.005
1,448,10453,0.009996522310496574,0.009996522310496574,0.5154173868696637,0.005
1,449,10454,0.01370393149776223,0.01370393149776223,0.5175921262232559,0.005
1,450,10455,0.014528582388497226,0.014528582388497226,0.5180479215015845,0.005
1,451,10456,0.018426465746570586,0.018426465746570586,0.5195118082796185,0.005
1,452,10457,0.014536665314940387,0.014536665314940387,0.5178604354540558,0.005
1,453,10458,0.013060069689621109,0.013060069689621109,0.517095977646509,0.005
1,454,10459,0.015901274096119897,0.015901274096119897,0.5188325234560974,0.005
1,455,10460,0.013713899238375184,0.013713899238375184,0.5173411220182942,0.005
1,456,10461,0.011059342779989174,0.011059342779989174,0.5157418465136673,0.005
1,457,10462,0.012824944584113363,0.012824944584113363,0.516456594170671,0.005
1,458,10463,0.01990564464092655,0.01990564464092655,0.5173884068397382,0.005
1,459,10464,0.014585508491498485,0.014585508491498485,0.517569432742556,0.005
1,460,10465,0.018404079183662457,0.018404079183662457,0.5190461717708263,0.005
1,461,10466,0.013704245579384405,0.013704245579384405,0.5180485266643684,0.005
1,462,10467,0.015325674187301646,0.015325674187301646,0.5166802395834534,0.005
1,463,10468,0.012454410402482633,0.012454410402482633,0.5182779144751966,0.005
1,464,10469,0.015026654476797812,0.015026654476797812,0.5181473179842274,0.005
1,465,10470,0.018763454077652612,0.018763454077652612,0.5162863392179727,0.005
1,466,10471,0.01322746220407597,0.01322746220407597,0.5170246446511224,0.005
1,467,10472,0.013107753064159672,0.013107753064159672,0.5185941393497481,0.005
1,468,10473,0.012855294636033587,0.012855294636033587,0.516651428969027,0.005
1,469,10474,0.01326365632925363,0.01326365632925363,0.5189092488892787,0.005
1,470,10475,0.01613853005392304,0.01613853005392304,0.517934300578421,0.005
1,471,10476,0.010455284914284279,0.010455284914284279,0.5165234465738502,0.005
1,472,10477,0.01586301904894083,0.01586301904894083,0.5176236599120105,0.005
1,473,10478,0.01550251280900064,0.01550251280900064,0.5181720531424764,0.005
1,474,10479,0.01343983556838971,0.01343983556838971,0.5176618458266987,0.005
1,475,10480,0.017614407724556733,0.017614407724556733,0.5188162910275806,0.005
1,476,10481,0.012741722145617328,0.012741722145617328,0.5180356614730951,0.005
1,477,10482,0.013500748538098515,0.013500748538098515,0.5175465091908693,0.005
1,478,10483,0.02063295753917088,0.02063295753917088,0.5221369289023603,0.005
1,479,10484,0.01226189815999338,0.01226189815999338,0.5177772664495908,0.005
1,480,10485,0.010350944799321905,0.010350944799321905,0.517492386406722,0.005
1,481,10486,0.012753343101869808,0.012753343101869808,0.5181000702860603,0.005
1,482,10487,0.015427032433880912,0.015427032433880912,0.5185130592428343,0.005
1,483,10488,0.014524581053882804,0.014524581053882804,0.5172646566354848,0.005
1,484,10489,0.021325194754680286,0.021325194754680286,0.5193519959773847,0.005
1,485,10490,0.011629232676342891,0.011629232676342891,0.5155735607413646,0.005
1,486,10491,0.016001782362861015,0.016001782362861015,0.5195534876491347,0.005
1,487,10492,0.014658681435024416,0.014658681435024416,0.5182703807020976,0.005
1,488,10493,0.015480765462988622,0.015480765462988622,0.5176111326871016,0.005
1,489,10494,0.014610535829099686,0.014610535829099686,0.5154387780728584,0.005
1,490,10495,0.012686254935103725,0.012686254935103725,0.5174154392482069,0.005
1,491,10496,0.013157881615908279,0.013157881615908279,0.5167493007514437,0.005
1,492,10497,0.011510625345205304,0.011510625345205304,0.515844692975204,0.005
1,493,10498,0.014152441263262028,0.014152441263262028,0.5178963595438075,0.005
1,494,10499,0.012243120151936362,0.012243120151936362,0.5164688956303961,0.005
1,495,10500,0.014583348789548436,0.014583348789548436,0.5174830772835428,0.005
1,496,10501,0.014654759505804426,0.014654759505804426,0.517647631726838,0.005
1,497,10502,0.01268385965742204,0.01268385965742204,0.5168655276599288,0.005
1,498,10503,0.009927985410280992,0.009927985410280992,0.5179734124461413,0.005
1,499,10504,0.016469889827997797,0.016469889827997797,0.518731399223256,0.005
1,500,10505,0.01505184210014426,0.01505184210014426,0.517791222562636,0.005
1,501,10506,0.016591088317592463,0.016591088317592463,0.5177229360476094,0.005
1,502,10507,0.012098581040909885,0.012098581040909885,0.5185026034261069,0.005
1,503,10508,0.015939534677057735,0.015939534677057735,0.5183077854819185,0.005
1,504,10509,0.026523331399439097,0.026523331399439097,0.5194098069628815,0.005
1,505,10510,0.013999605816331653,0.013999605816331653,0.5178216807165668,0.005
1,506,10511,0.015336438858832752,0.015336438858832752,0.5191855310162674,0.005
1,507,10512,0.012134401958047877,0.012134401958047877,0.5162761195993337,0.005
1,508,10513,0.014249479433533153,0.014249479433533153,0.5167201647987988,0.005
1,509,10514,0.016839020520158197,0.016839020520158197,0.5188144664951236,0.005
1,510,10515,0.020371578030117146,0.020371578030117146,0.520361700119945,0.005
1,511,10516,0.01564551875997686,0.01564551875997686,0.5172931391343626,0.005
1,512,10517,0.012265701390580804,0.012265701390580804,0.5172565624935522,0.005
1,513,10518,0.014443658103835872,0.014443658103835872,0.5183273710663552,0.005
1,514,10519,0.02031531874527541,0.02031531874527541,0.5190028070710224,0.005
1,515,10520,0.016787890923857775,0.016787890923857775,0.5169843190798069,0.005
1,516,10521,0.016644668866404033,0.016644668866404033,0.5155445346836575,0.005
1,517,10522,0.014441539732625686,0.014441539732625686,0.5182482445651613,0.005
1,518,10523,0.018332453034129576,0.018332453034129576,0.5192412780472594,0.005
1,519,10524,0.014689341669237129,0.014689341669237129,0.5173081582332436,0.005
1,520,10525,0.01223962515766718,0.01223962515766718,0.5170959912093873,0.005
1,521,10526,0.011008802072010325,0.011008802072010325,0.5178623680973986,0.005
1,522,10527,0.017127943776865367,0.017127943776865367,0.5172965891625014,0.005
1,523,10528,0.01737567148922466,0.01737567148922466,0.5154817991571129,0.005
1,524,10529,0.016186578556738038,0.016186578556738038,0.5202988022160098,0.005
1,525,10530,0.013927883323954105,0.013927883323954105,0.5186635934434798,0.005
1,526,10531,0.014857925604862314,0.014857925604862314,0.5168205567199534,0.005
1,527,10532,0.017400363666492724,0.017400363666492724,0.5176710874728697,0.005
1,528,10533,0.014965099553067778,0.014965099553067778,0.5189563730874256,0.005
1,529,10534,0.013625840662550912,0.013625840662550912,0.5176095241042309,0.005
1,530,10535,0.018793766022636698,0.018793766022636698,0.51936784227301,0.005
1,531,10536,0.013060858195452232,0.013060858195452232,0.5171750330628334,0.005
1,532,10537,0.01738267911462895,0.01738267911462895,0.5188048183658184,0.005
1,533,10538,0.01565256431767083,0.01565256431767083,0.5191122403314924,0.005
1,534,10539,0.013981326595512924,0.013981326595512924,0.5172503011937952,0.005
1,535,10540,0.014042891274853657,0.014042891274853657,0.5175290520187612,0.005
1,536,10541,0.018777689724373055,0.018777689724373055,0.5197939575428078,0.005
1,537,10542,0.014578567091631068,0.014578567091631068,0.5188381995625124,0.005
1,538,10543,0.011410232093705373,0.011410232093705373,0.5176878100435063,0.005
1,539,10544,0.014763520521702558,0.014763520521702558,0.5182416518062352,0.005
1,540,10545,0.023575348845612805,0.023575348845612805,0.5191081984873814,0.005
1,541,10546,0.020405514885780726,0.020405514885780726,0.519835469480675,0.005
1,542,10547,0.01603831816208658,0.01603831816208658,0.5170717196580736,0.005
1,543,10548,0.013468502250132465,0.013468502250132465,0.5173448523132589,0.005
1,544,10549,0.012053782365578273,0.012053782365578273,0.5184983773512901,0.005
1,545,10550,0.01362821995195592,0.01362821995195592,0.5190821692307256,0.005
1,546,10551,0.012649487017721062,0.012649487017721062,0.5170691921054977,0.005
1,547,10552,0.014007358102366562,0.014007358102366562,0.5189193720419362,0.005
1,548,10553,0.017937092444733807,0.017937092444733807,0.5199281263652827,0.005
1,549,10554,0.01135797942487558,0.01135797942487558,0.5174288494548913,0.005
1,550,10555,0.010622953075023731,0.010622953075023731,0.5166321631874213,0.005
1,551,10556,0.016746863179199874,0.016746863179199874,0.5187679032841649,0.005
1,552,10557,0.0167388551725832,0.0167388551725832,0.5190241360465744,0.005
1,553,10558,0.021374235633504463,0.021374235633504463,0.5181351381947729,0.005
1,554,10559,0.016569893252900994,0.016569893252900994,0.5193012891255927,0.005
1,555,10560,0.01427112853881676,0.01427112853881676,0.517381319849537,0.005
1,556,10561,0.012812546681804617,0.012812546681804617,0.5187069901173349,0.005
1,557,10562,0.015101427043852693,0.015101427043852693,0.5183096497746407,0.005
1,558,10563,0.013614713909902872,0.013614713909902872,0.5174249244266156,0.005
1,559,10564,0.013604357243657307,0.013604357243657307,0.517900577824535,0.005
1,560,10565,0.013113672390587644,0.013113672390587644,0.5168639006827355,0.005
1,561,10566,0.014979087256981117,0.014979087256981117,0.5194464102127724,0.005
1,562,10567,0.018728752679612347,0.018728752679612347,0.5178494328445801,0.005
1,563,10568,0.013925444826895814,0.013925444826895814,0.5168060775731197,0.005
1,564,10569,0.01831686235816611,0.01831686235816611,0.5176759924498642,0.005
1,565,10570,0.017541500281480014,0.017541500281480014,0.5167582209468881,0.005
1,566,10571,0.013504266764170752,0.013504266764170752,0.517977764260353,0.005
1,567,10572,0.01283089018686702,0.01283089018686702,0.5183768548390888,0.005
1,568,10573,0.017238941465376,0.017238941465376,0.5181438121569935,0.005
1,569,10574,0.013712579967014625,0.013712579967014625,0.5184786778943955,0.005
1,570,10575,0.013855857558002171,0.013855857558002171,0.5198716705848114,0.005
1,571,10576,0.014003204416947293,0.014003204416947293,0.5183267252546789,0.005
1,572,10577,0.014021369857879093,0.014021369857879093,0.5183825189685513,0.005
1,573,10578,0.01948448361342016,0.01948448361342016,0.5176113698074766,0.005
1,574,10579,0.016444913306805985,0.016444913306805985,0.5173402079055917,0.005
1,575,10580,0.012023939789693853,0.012023939789693853,0.5167672041691507,0.005
1,576,10581,0.01576598269426729,0.01576598269426729,0.5185316994002386,0.005
1,577,10582,0.010913173363600676,0.010913173363600676,0.5184772523428997,0.005
1,578,10583,0.010403918348161512,0.010403918348161512,0.5159327108791113,0.005
1,579,10584,0.013639690518245061,0.013639690518245061,0.5190482217266921,0.005
1,580,10585,0.010787786211322616,0.010787786211322616,0.5158360298917827,0.005
1,581,10586,0.01483661255995378,0.01483661255995378,0.5177760779057399,0.005
1,582,10587,0.013315668986549326,0.013315668986549326,0.5175617076387901,0.005
1,583,10588,0.017427024814629093,0.017427024814629093,0.5176938073116129,0.005
1,584,10589,0.01254804877770792,0.01254804877770792,0.5173321714912072,0.005
1,585,10590,0.013623155519651951,0.013623155519651951,0.5161435356427868,0.005
1,586,10591,0.014119089348688526,0.014119089348688526,0.5169403196370522,0.005
1,587,10592,0.01181715109173348,0.01181715109173348,0.5159681942574582,0.005
1,588,10593,0.01487865749810471,0.01487865749810471,0.5176094244599685,0.005
1,589,10594,0.010543221389526266,0.010543221389526266,0.515409402576285,0.005
1,590,10595,0.01721762719888406,0.01721762719888406,0.5185303695671841,0.005
1,591,10596,0.011478703803974215,0.011478703803974215,0.5175529971793542,0.005
1,592,10597,0.009372768192782504,0.009372768192782504,0.5153173735297556,0.005
1,593,10598,0.01834948069477745,0.01834948069477745,0.5149277193420099,0.005
1,594,10599,0.017385577744938423,0.017385577744938423,0.5177595783237783,0.005
1,595,10600,0.016574229966558628,0.016574229966558628,0.5189235114660514,0.005
1,596,10601,0.012272763058677708,0.012272763058677708,0.51816301093097,0.005
1,597,10602,0.0131498587617211,0.0131498587617211,0.5184799963690243,0.005
1,598,10603,0.015508523968355692,0.015508523968355692,0.5189510497151815,0.005
1,599,10604,0.028077627052578713,0.028077627052578713,0.5162373417215338,0.005
1,600,10605,0.011549497563093723,0.011549497563093723,0.5167598013350142,0.005
1,601,10606,0.018077943583896375,0.018077943583896375,0.5187652734112819,0.005
1,602,10607,0.014288161206923104,0.014288161206923104,0.5179305269984054,0.005
1,603,10608,0.014126335815264703,0.014126335815264703,0.5164080846773635,0.005
1,604,10609,0.015386707949796678,0.015386707949796678,0.5180354673724296,0.005
1,605,10610,0.008130813575078721,0.008130813575078721,0.516358062989866,0.005
1,606,10611,0.016646374346868657,0.016646374346868657,0.5175092955563357,0.005
1,607,10612,0.01306446002194561,0.01306446002194561,0.5179459435676558,0.005
1,608,10613,0.013883509149015975,0.013883509149015975,0.5173328652328749,0.005
1,609,10614,0.02060234219612064,0.02060234219612064,0.5158541338726494,0.005
1,610,10615,0.020060632683752543,0.020060632683752543,0.5181962895386998,0.005
1,611,10616,0.010316479191072406,0.010316479191072406,0.5165931796474497,0.005
1,612,10617,0.012456821623550943,0.012456821623550943,0.5169900284634812,0.005
1,613,10618,0.010551971568346741,0.010551971568346741,0.5175277527913018,0.005
1,614,10619,0.020493285270419347,0.020493285270419347,0.517656766386932,0.005
1,615,10620,0.011977477093125456,0.011977477093125456,0.5167163162541729,0.005
1,616,10621,0.011470260704045842,0.011470260704045842,0.5180614613617017,0.005
1,617,10622,0.016038593475180683,0.016038593475180683,0.5186379717519374,0.005
1,618,10623,0.01455233326455462,0.01455233326455462,0.5170925566784319,0.005
1,619,10624,0.010073631408340115,0.010073631408340115,0.516010915103649,0.005
1,620,10625,0.011807604809682102,0.011807604809682102,0.5160960842040742,0.005
1,621,10626,0.016621842587357962,0.016621842587357962,0.5181616836912545,0.005
1,622,10627,0.017525654847828122,0.017525654847828122,0.5192461942468204,0.005
1,623,10628,0.01354461846999694,0.01354461846999694,0.5177294709809264,0.005
1,624,10629,0.014532896616263554,0.014532896616263554,0.5185292250839597,0.005
1,625,10630,0.013173372846372357,0.013173372846372357,0.5172613077138668,0.005
1,626,10631,0.01537325438810096,0.01537325438810096,0.5174039877097056,0.005
1,627,10632,0.013057926979947362,0.013057926979947362,0.5181143469482292,0.005
1,628,10633,0.012598355512936097,0.012598355512936097,0.5164235531848821,0.005
1,629,10634,0.014263769754870372,0.014263769754870372,0.5173274914888213,0.005
1,630,10635,0.016597234083175177,0.016597234083175177,0.5180590147060011,0.005
1,631,10636,0.01579733888846058,0.01579733888846058,0.5182824220252767,0.005
1,632,10637,0.023322722070220202,0.023322722070220202,0.5161839013574523,0.005
1,633,10638,0.014208324622289709,0.014208324622289709,0.5159311037439303,0.005
1,634,10639,0.016932397858923566,0.016932397858923566,0.5173970464109136,0.005
1,635,10640,0.01362157350061122,0.01362157350061122,0.5163687546955247,0.005
1,636,10641,0.014028391989228553,0.014028391989228553,0.5181776236049086,0.005
1,637,10642,0.014372426615746139,0.014372426615746139,0.5167129099295706,0.005
1,638,10643,0.018072985652687196,0.018072985652687196,0.5164598851566474,0.005
1,639,10644,0.01627236131376373,0.01627236131376373,0.5173768665323795,0.005
1,640,10645,0.011599617488939343,0.011599617488939343,0.5175078759607752,0.005
1,641,10646,0.012994003597729004,0.012994003597729004,0.5167604918190112,0.005
1,642,10647,0.014106784926940862,0.014106784926940862,0.518669303336458,0.005
1,643,10648,0.010659523539242804,0.010659523539242804,0.5159721243656126,0.005
1,644,10649,0.011354351374728833,0.011354351374728833,0.5166820514116429,0.005
1,645,10650,0.012970525669396223,0.012970525669396223,0.5176162859773559,0.005
1,646,10651,0.014405062648975994,0.014405062648975994,0.5184390620810486,0.005
1,647,10652,0.013077671128333777,0.013077671128333777,0.5158100486868605,0.005
1,648,10653,0.013210178731562168,0.013210178731562168,0.5164321139861857,0.005
1,649,10654,0.013735756904949041,0.013735756904949041,0.5163051175568256,0.005
1,650,10655,0.015979410392492007,0.015979410392492007,0.5173632021975513,0.005
1,651,10656,0.022471633350322456,0.022471633350322456,0.5170779397007212,0.005
1,652,10657,0.013197374431099702,0.013197374431099702,0.5164845275024568,0.005
1,653,10658,0.014109066866459633,0.014109066866459633,0.5166621041541064,0.005
1,654,10659,0.017787948845882834,0.017787948845882834,0.5185604604522907,0.005
1,655,10660,0.011622553419859545,0.011622553419859545,0.5166692837603519,0.005
1,656,10661,0.008113558762154503,0.008113558762154503,0.5155938149314295,0.005
1,657,10662,0.013928041611254657,0.013928041611254657,0.5175469485879584,0.005
1,658,10663,0.017095386158056995,0.017095386158056995,0.517606408914828,0.005
1,659,10664,0.014061946723717812,0.014061946723717812,0.5182403815583376,0.005
1,660,10665,0.011779730114941746,0.011779730114941746,0.5177317277488556,0.005
1,661,10666,0.012911904722806813,0.012911904722806813,0.5173133404450106,0.005
1,662,10667,0.01294174739215057,0.01294174739215057,0.516663961856257,0.005
1,663,10668,0.01318399364075929,0.01318399364075929,0.5171294257262271,0.005
1,664,10669,0.00995737123219298,0.00995737123219298,0.5173746518675337,0.005
1,665,10670,0.010410007698341009,0.010410007698341009,0.5179494319972366,0.005
1,666,10671,0.013216341185054244,0.013216341185054244,0.5177048215022989,0.005
1,667,10672,0.012898130398396181,0.012898130398396181,0.5175462186539038,0.005
1,668,10673,0.011067094407344474,0.011067094407344474,0.5162468425295743,0.005
1,669,10674,0.01318806775345012,0.01318806775345012,0.5177263081400404,0.005
1,670,10675,0.014543573254552699,0.014543573254552699,0.5182009399055074,0.005
1,671,10676,0.015647503635203765,0.015647503635203765,0.519009373003152,0.005
1,672,10677,0.02124021949699552,0.02124021949699552,0.5192342293884682,0.005
1,673,10678,0.01322065211926253,0.01322065211926253,0.5189332163595508,0.005
1,674,10679,0.02193587966861777,0.02193587966861777,0.5191579342041883,0.005
1,675,10680,0.012158690897469921,0.012158690897469921,0.5188156918536757,0.005
1,676,10681,0.010740594895424692,0.010740594895424692,0.5177957741921672,0.005
1,677,10682,0.013752926957745815,0.013752926957745815,0.5185283970950474,0.005
1,678,10683,0.015625919449643456,0.015625919449643456,0.5179409138247673,0.005
1,679,10684,0.012459185193498907,0.012459185193498907,0.5163065692552332,0.005
1,680,10685,0.011936546175142951,0.011936546175142951,0.5163372558839991,0.005
1,681,10686,0.011649679596716742,0.011649679596716742,0.5174041659484817,0.005
1,682,10687,0.013173796609314763,0.013173796609314763,0.515702291097271,0.005
1,683,10688,0.013350269267447949,0.013350269267447949,0.5173180653589862,0.005
1,684,10689,0.011891655633630368,0.011891655633630368,0.5184181299109696,0.005
1,685,10690,0.013718122251089346,0.013718122251089346,0.5178098534331934,0.005
1,686,10691,0.013004888752569613,0.013004888752569613,0.5180806145472114,0.005
1,687,10692,0.011473111881560796,0.011473111881560796,0.5157209835104389,0.005
1,688,10693,0.017002666966981755,0.017002666966981755,0.5177372513082298,0.005
1,689,10694,0.014168236987748188,0.014168236987748188,0.5154441524988399,0.005
1,690,10695,0.010396250695509476,0.010396250695509476,0.5166736182606625,0.005
1,691,10696,0.015708862003893487,0.015708862003893487,0.5179946655671274,0.005
1,692,10697,0.01807282144468118,0.01807282144468118,0.5183374150173927,0.005
1,693,10698,0.015055821978932071,0.015055821978932071,0.5189455400838583,0.005
1,694,10699,0.012704794462405668,0.012704794462405668,0.5175713063900345,0.005
1,695,10700,0.013513098152438903,0.013513098152438903,0.5181515975657274,0.005
1,696,10701,0.009571153460829991,0.009571153460829991,0.5183909559238264,0.005
1,697,10702,0.01408864195964738,0.01408864195964738,0.5176402318354978,0.005
1,698,10703,0.012652570117829564,0.012652570117829564,0.518432358845302,0.005
1,699,10704,0.014128218036717804,0.014128218036717804,0.5186045123010525,0.005
1,700,10705,0.01711571255644041,0.01711571255644041,0.5191531734871475,0.005
1,701,10706,0.014708288044696578,0.014708288044696578,0.519080048151971,0.005
1,702,10707,0.01523657954419449,0.01523657954419449,0.5169248085563414,0.005
1,703,10708,0.015376981993287984,0.015376981993287984,0.5163294431069658,0.005
1,704,10709,0.014193088364077526,0.014193088364077526,0.5160512382299514,0.005
1,705,10710,0.012571854371970358,0.012571854371970358,0.5172420468548994,0.005
1,706,10711,0.017368117226346527,0.017368117226346527,0.5196863820988349,0.005
1,707,10712,0.012987551166166714,0.012987551166166714,0.518221162141347,0.005
1,708,10713,0.0228006469530371,0.0228006469530371,0.518908836329403,0.005
1,709,10714,0.011231661958092278,0.011231661958092278,0.5172312583558882,0.005
1,710,10715,0.01127679893769042,0.01127679893769042,0.5175763921931863,0.005
1,711,10716,0.00947853826332076,0.00947853826332076,0.5166688862887544,0.005
1,712,10717,0.017226339316308258,0.017226339316308258,0.5190407122486504,0.005
1,713,10718,0.018010688244721244,0.018010688244721244,0.5156700363677231,0.005
1,714,10719,0.015846934522476146,0.015846934522476146,0.5175115423546812,0.005
1,715,10720,0.01396431252655687,0.01396431252655687,0.5181702824225367,0.005
1,716,10721,0.012882479080381638,0.012882479080381638,0.5179091536645286,0.005
1,717,10722,0.017022224695486452,0.017022224695486452,0.5180046721678596,0.005
1,718,10723,0.01511805599810219,0.01511805599810219,0.5166763112594631,0.005
1,719,10724,0.012932510834152686,0.012932510834152686,0.5168768163730721,0.005
1,720,10725,0.014986856116748645,0.014986856116748645,0.516487178825981,0.005
1,721,10726,0.014704295138554719,0.014704295138554719,0.5169170100342888,0.005
1,722,10727,0.016018971270239567,0.016018971270239567,0.519014776614121,0.005
1,723,10728,0.014295892657860127,0.014295892657860127,0.5163048666498544,0.005
1,724,10729,0.022865318809335934,0.022865318809335934,0.5165056513518759,0.005
1,725,10730,0.01703735237234833,0.01703735237234833,0.517016794299337,0.005
1,726,10731,0.009807898081240284,0.009807898081240284,0.5176671936837903,0.005
1,727,10732,0.009998420468038598,0.009998420468038598,0.5179306615148432,0.005
1,728,10733,0.015949758057124536,0.015949758057124536,0.5153548502479058,0.005
1,729,10734,0.019487160495206546,0.019487160495206546,0.5182414943902396,0.005
1,730,10735,0.013294449056398138,0.013294449056398138,0.5187787068503366,0.005
1,731,10736,0.01600823215051997,0.01600823215051997,0.5178366873891188,0.005
1,732,10737,0.020626156194292818,0.020626156194292818,0.517545460141297,0.005
1,733,10738,0.012895877811800887,0.012895877811800887,0.5166120809510659,0.005
1,734,10739,0.01772054100989639,0.01772054100989639,0.5185043240330892,0.005
1,735,10740,0.01697573736914665,0.01697573736914665,0.5200418293334046,0.005
1,736,10741,0.015951671994816338,0.015951671994816338,0.5188591548333981,0.005
1,737,10742,0.014952198904912187,0.014952198904912187,0.5200337275474919,0.005
1,738,10743,0.01308382011705085,0.01308382011705085,0.5174106098994702,0.005
1,739,10744,0.013504667261814809,0.013504667261814809,0.5187253024009946,0.005
1,740,10745,0.017364578531668992,0.017364578531668992,0.5165033436656682,0.005
1,741,10746,0.016153978062627153,0.016153978062627153,0.5153751066941359,0.005
1,742,10747,0.015017525043671065,0.015017525043671065,0.5168360639729016,0.005
1,743,10748,0.013934326071665733,0.013934326071665733,0.519412566151929,0.005
1,744,10749,0.015352315960881246,0.015352315960881246,0.517725265419201,0.005
1,745,10750,0.01093827277691237,0.01093827277691237,0.5166669320419393,0.005
1,746,10751,0.01838369625994231,0.01838369625994231,0.5177428446489208,0.005
1,747,10752,0.014535011031584446,0.014535011031584446,0.5178983524397861,0.005
1,748,10753,0.01109924849024252,0.01109924849024252,0.5174516368817523,0.005
1,749,10754,0.022493111683583502,0.022493111683583502,0.519616095381637,0.005
1,750,10755,0.011771580078152839,0.011771580078152839,0.517192384902054,0.005
1,751,10756,0.016764210766449364,0.016764210766449364,0.5184591639705518,0.005
1,752,10757,0.01743571175899474,0.01743571175899474,0.5193352099460866,0.005
1,753,10758,0.011756781897092854,0.011756781897092854,0.5175701300359928,0.005
1,754,10759,0.012535539191406328,0.012535539191406328,0.5178677577011944,0.005
1,755,10760,0.014798316230144555,0.014798316230144555,0.5178622441977196,0.005
1,756,10761,0.0154346441560172,0.0154346441560172,0.5156418025265028,0.005
1,757,10762,0.012944212327875976,0.012944212327875976,0.5166643825879251,0.005
1,758,10763,0.021994452890343772,0.021994452890343772,0.5203160562955473,0.005
1,759,10764,0.013018782677978562,0.013018782677978562,0.5167727488118059,0.005
1,760,10765,0.011938343277571447,0.011938343277571447,0.5154787709152808,0.005
1,761,10766,0.015573147441350117,0.015573147441350117,0.5175314910165421,0.005
1,762,10767,0.013863974646711963,0.013863974646711963,0.5161138834148921,0.005
1,763,10768,0.014034163143783578,0.014034163143783578,0.5172215452785938,0.005
1,764,10769,0.012195022317896724,0.012195022317896724,0.5173257965212761,0.005
1,765,10770,0.0116965450896583,0.0116965450896583,0.5165550396243644,0.005
1,766,10771,0.008795600922463493,0.008795600922463493,0.5168967473842512,0.005
1,767,10772,0.01732542264405095,0.01732542264405095,0.5192949791662608,0.005
1,768,10773,0.013589553213705096,0.013589553213705096,0.5173935636892287,0.005
1,769,10774,0.012091630209019537,0.012091630209019537,0.5170294849587064,0.005
1,770,10775,0.01619487339731043,0.01619487339731043,0.51667042680405,0.005
1,771,10776,0.017724458979592114,0.017724458979592114,0.5196925156896239,0.005
1,772,10777,0.0115201605271734,0.0115201605271734,0.516739428064982,0.005
1,773,10778,0.012949131646631466,0.012949131646631466,0.5147802011223261,0.005
1,774,10779,0.016013215313085638,0.016013215313085638,0.5190227327029572,0.005
1,775,10780,0.017827981092307682,0.017827981092307682,0.5186973332991276,0.005
1,776,10781,0.012138586984391415,0.012138586984391415,0.5164072825939932,0.005
1,777,10782,0.013114879803014382,0.013114879803014382,0.5162989458591509,0.005
1,778,10783,0.013925029230464167,0.013925029230464167,0.5163260064608085,0.005
1,779,10784,0.028581570776505652,0.028581570776505652,0.5140827023044414,0.005
1,780,10785,0.010964868803727934,0.010964868803727934,0.5174951462361329,0.005
1,781,10786,0.010582050373114344,0.010582050373114344,0.5183552973475238,0.005
1,782,10787,0.01688757924101257,0.01688757924101257,0.5198030227255162,0.005
1,783,10788,0.02317502652055317,0.02317502652055317,0.5172893670403627,0.005
1,784,10789,0.014976636295171456,0.014976636295171456,0.5178994708326876,0.005
1,785,10790,0.01140715322531648,0.01140715322531648,0.5155314756084916,0.005
1,786,10791,0.016881270784795652,0.016881270784795652,0.51791734580902,0.005
1,787,10792,0.01212614386997007,0.01212614386997007,0.5160335860384124,0.005
1,788,10793,0.013344655322805885,0.013344655322805885,0.51649475307414,0.005
1,789,10794,0.016910217081634208,0.016910217081634208,0.5170850384556323,0.005
1,790,10795,0.019197684895372578,0.019197684895372578,0.518502888856259,0.005
1,791,10796,0.01204299492034126,0.01204299492034126,0.5169537352020399,0.005
1,792,10797,0.010608893243413913,0.010608893243413913,0.516001590066288,0.005
1,793,10798,0.011341471225902924,0.011341471225902924,0.5162210073587238,0.005
1,794,10799,0.013400920020990383,0.013400920020990383,0.5175762289236556,0.005
1,795,10800,0.013763516300718622,0.013763516300718622,0.516421857959746,0.005
1,796,10801,0.016401024206671243,0.016401024206671243,0.5184615699792454,0.005
1,797,10802,0.011715064339483761,0.011715064339483761,0.5180879908767163,0.005
1,798,10803,0.017054654114536764,0.017054654114536764,0.5159666569812448,0.005
1,799,10804,0.014356301211889386,0.014356301211889386,0.5179227612946243,0.005
1,800,10805,0.013541429313713165,0.013541429313713165,0.5190851955964458,0.005
1,801,10806,0.012954294398567802,0.012954294398567802,0.5176721579150276,0.005
1,802,10807,0.015336670335189997,0.015336670335189997,0.5189128597489644,0.005
1,803,10808,0.013170605762622462,0.013170605762622462,0.5173151461515212,0.005
1,804,10809,0.012081826151105032,0.012081826151105032,0.5166300646057351,0.005
1,805,10810,0.015935281590670508,0.015935281590670508,0.518500619959708,0.005
1,806,10811,0.013023571405891117,0.013023571405891117,0.5165990992475282,0.005
1,807,10812,0.011922176391664263,0.011922176391664263,0.5176828144105041,0.005
1,808,10813,0.019734855443951496,0.019734855443951496,0.5188360585598601,0.005
1,809,10814,0.01237428787978149,0.01237428787978149,0.5184012327783213,0.005
1,810,10815,0.011605758998538008,0.011605758998538008,0.5160473581728198,0.005
1,811,10816,0.017578735870044396,0.017578735870044396,0.5156387075022253,0.005
1,812,10817,0.012826818247843482,0.012826818247843482,0.5173933553177494,0.005
1,813,10818,0.01859571303395029,0.01859571303395029,0.5189791731142681,0.005
1,814,10819,0.01164061963713327,0.01164061963713327,0.5163954210324937,0.005
1,815,10820,0.011803226000063251,0.011803226000063251,0.5175989098712748,0.005
1,816,10821,0.0102342451723882,0.0102342451723882,0.5166754521205971,0.005
1,817,10822,0.008853461790254678,0.008853461790254678,0.5162516285517766,0.005
1,818,10823,0.021339725191526264,0.021339725191526264,0.5192312178780104,0.005
1,819,10824,0.01053598969115862,0.01053598969115862,0.5172801183391331,0.005
1,820,10825,0.014840436652208652,0.014840436652208652,0.5176262006714709,0.005
1,821,10826,0.020323012170361435,0.020323012170361435,0.5201339758845814,0.005
1,822,10827,0.01088228148665698,0.01088228148665698,0.5175129300744513,0.005
1,823,10828,0.014254048477265234,0.014254048477265234,0.516895314390745,0.005
1,824,10829,0.013062616148361175,0.013062616148361175,0.5156982669700548,0.005
1,825,10830,0.012518528825238365,0.012518528825238365,0.5174982487909124,0.005
1,826,10831,0.01303201336263238,0.01303201336263238,0.5164953184885822,0.005
1,827,10832,0.01484049347791663,0.01484049347791663,0.5177856498381289,0.005
1,828,10833,0.013837495131192874,0.013837495131192874,0.5177622109107122,0.005
1,829,10834,0.010713716108100926,0.010713716108100926,0.5173732162468588,0.005
1,830,10835,0.01679293883120605,0.01679293883120605,0.5167308330662741,0.005
1,831,10836,0.01442345572988284,0.01442345572988284,0.5183527812469984,0.005
1,832,10837,0.011197855353940253,0.011197855353940253,0.5148866964683174,0.005
1,833,10838,0.015307829245461672,0.015307829245461672,0.518390649008366,0.005
1,834,10839,0.014903402639223483,0.014903402639223483,0.5189238194510518,0.005
1,835,10840,0.018737845864580972,0.018737845864580972,0.5171083265273254,0.005
1,836,10841,0.010337360238020253,0.010337360238020253,0.5168338944800968,0.005
1,837,10842,0.014700834511768287,0.014700834511768287,0.5172103113417384,0.005
1,838,10843,0.01486050686435128,0.01486050686435128,0.5159227119840989,0.005
1,839,10844,0.015696085968729796,0.015696085968729796,0.5177947098337502,0.005
1,840,10845,0.017289920093003678,0.017289920093003678,0.5171484978827704,0.005
1,841,10846,0.01952900948404607,0.01952900948404607,0.5194028666313109,0.005
1,842,10847,0.012578785483822191,0.012578785483822191,0.517237742285204,0.005
1,843,10848,0.013351538352050014,0.013351538352050014,0.5180006150219886,0.005
1,844,10849,0.014968473365810519,0.014968473365810519,0.5163109827282517,0.005
1,845,10850,0.015478581928979418,0.015478581928979418,0.5175215915683055,0.005
1,846,10851,0.015492321411012977,0.015492321411012977,0.5183463668985565,0.005
1,847,10852,0.01201658999087328,0.01201658999087328,0.5174798125032546,0.005
1,848,10853,0.015171719587840237,0.015171719587840237,0.5187341441652924,0.005
1,849,10854,0.016838236630429226,0.016838236630429226,0.5166312879894533,0.005
1,850,10855,0.013322741513590232,0.013322741513590232,0.5193555380638164,0.005
1,851,10856,0.02143141842040229,0.02143141842040229,0.5195709225984005,0.005
1,852,10857,0.013772057650127172,0.013772057650127172,0.5169683321310007,0.005
1,853,10858,0.009674174178496127,0.009674174178496127,0.5165219923730394,0.005
1,854,10859,0.015426154352709881,0.015426154352709881,0.5176324152885449,0.005
1,855,10860,0.013046084942053868,0.013046084942053868,0.5155522243367856,0.005
1,856,10861,0.014570238334003047,0.014570238334003047,0.5177164499979006,0.005
1,857,10862,0.016718999193748,0.016718999193748,0.5183265045744154,0.005
1,858,10863,0.011158524432479666,0.011158524432479666,0.5172222495192879,0.005
1,859,10864,0.011209176099644023,0.011209176099644023,0.5162959443162327,0.005
1,860,10865,0.014667591806334718,0.014667591806334718,0.5176090976973173,0.005
1,861,10866,0.013767753155870128,0.013767753155870128,0.5187491656897218,0.005
1,862,10867,0.017101462276688503,0.017101462276688503,0.5183539654797468,0.005
1,863,10868,0.012564624412463357,0.012564624412463357,0.5164542491190722,0.005
1,864,10869,0.011960343877049211,0.011960343877049211,0.5168184412769803,0.005
1,865,10870,0.018638504672452726,0.018638504672452726,0.5156630666405645,0.005
1,866,10871,0.015329396544708052,0.015329396544708052,0.5182061115129823,0.005
1,867,10872,0.013399168646285299,0.013399168646285299,0.5177499912660262,0.005
1,868,10873,0.013512491054867449,0.013512491054867449,0.516597134574299,0.005
1,869,10874,0.022654966787507134,0.022654966787507134,0.5194388534875812,0.005
1,870,10875,0.016518267788585797,0.016518267788585797,0.5174245254605385,0.005
1,871,10876,0.01579940315866101,0.01579940315866101,0.5174008770281082,0.005
1,872,10877,0.020138944233282503,0.020138944233282503,0.5182469665760642,0.005
1,873,10878,0.021676086214233302,0.021676086214233302,0.5182454353430891,0.005
1,874,10879,0.018070403192191838,0.018070403192191838,0.5182995499066839,0.005
1,875,10880,0.015614267241761846,0.015614267241761846,0.5179808095056789,0.005
1,876,10881,0.016461509686814743,0.016461509686814743,0.5178677625377213,0.005
1,877,10882,0.014222380215038695,0.014222380215038695,0.517345867544027,0.005
1,878,10883,0.015399590837765782,0.015399590837765782,0.5170667933923717,0.005
1,879,10884,0.015246046325028073,0.015246046325028073,0.5188678514869612,0.005
1,880,10885,0.014011766184340203,0.014011766184340203,0.515174722497744,0.005
1,881,10886,0.01905287214760059,0.01905287214760059,0.5168829504791532,0.005
1,882,10887,0.011756832042403274,0.011756832042403274,0.5183330388115618,0.005
1,883,10888,0.013011435167437042,0.013011435167437042,0.51709816640023,0.005
1,884,10889,0.013727327920992984,0.013727327920992984,0.517653725373015,0.005
1,885,10890,0.01499758264812806,0.01499758264812806,0.5185824094538919,0.005
1,886,10891,0.010787071451342172,0.010787071451342172,0.5178102661300794,0.005
1,887,10892,0.01857065443082314,0.01857065443082314,0.5200872168140959,0.005
1,888,10893,0.016464845635448866,0.016464845635448866,0.5183315673444174,0.005
1,889,10894,0.016291975751975368,0.016291975751975368,0.5189300657450951,0.005
1,890,10895,0.019322311454315517,0.019322311454315517,0.5177234958176998,0.005
1,891,10896,0.013935926162503718,0.013935926162503718,0.5167069931280559,0.005
1,892,10897,0.014183446020377879,0.014183446020377879,0.5168129608823864,0.005
1,893,10898,0.014630335125867406,0.014630335125867406,0.5161484582396967,0.005
1,894,10899,0.019943706535714485,0.019943706535714485,0.5171504509753674,0.005
1,895,10900,0.01142208525286242,0.01142208525286242,0.5161492481144963,0.005
1,896,10901,0.015572828406532617,0.015572828406532617,0.5185270724758843,0.005
1,897,10902,0.014609615256659537,0.014609615256659537,0.5174094594167944,0.005
1,898,10903,0.012100739593273133,0.012100739593273133,0.5177872856333751,0.005
1,899,10904,0.014273347973895794,0.014273347973895794,0.5169654856561084,0.005
1,900,10905,0.013656367256199044,0.013656367256199044,0.5185148341733529,0.005
1,901,10906,0.011103128691231104,0.011103128691231104,0.5181002555571338,0.005
1,902,10907,0.018153447104068954,0.018153447104068954,0.5186276970714627,0.005
1,903,10908,0.01853074401359839,0.01853074401359839,0.5196394253515222,0.005
1,904,10909,0.017310025095020096,0.017310025095020096,0.5173527753395258,0.005
1,905,10910,0.015076169623343244,0.015076169623343244,0.5185164692090555,0.005
1,906,10911,0.01718960629242288,0.01718960629242288,0.5173825467868436,0.005
1,907,10912,0.016341417610191228,0.016341417610191228,0.5196063014968858,0.005
1,908,10913,0.014029690128683636,0.014029690128683636,0.517619753750526,0.005
1,909,10914,0.020067158360557363,0.020067158360557363,0.5168448892694508,0.005
1,910,10915,0.015105466871309023,0.015105466871309023,0.517934484375275,0.005
1,911,10916,0.0134804142437864,0.0134804142437864,0.5186567741589292,0.005
1,912,10917,0.012541258556672628,0.012541258556672628,0.517221543216636,0.005
1,913,10918,0.01612417996511933,0.01612417996511933,0.517314134815057,0.005
1,914,10919,0.018766691421171745,0.018766691421171745,0.5211341409564865,0.005
1,915,10920,0.015671580850403925,0.015671580850403925,0.5185440765165781,0.005
1,916,10921,0.013979733632880412,0.013979733632880412,0.5200626487263106,0.005
1,917,10922,0.01751844343954385,0.01751844343954385,0.5207287642417779,0.005
1,918,10923,0.02031087818075706,0.02031087818075706,0.5213521646556825,0.005
1,919,10924,0.01605164596734819,0.01605164596734819,0.5198935933382159,0.005
1,920,10925,0.019220226998881013,0.019220226998881013,0.5196714302036937,0.005
1,921,10926,0.017985321968234658,0.017985321968234658,0.5183563842640578,0.005
1,922,10927,0.01403408216112139,0.01403408216112139,0.5182785594628125,0.005
1,923,10928,0.012925000623727796,0.012925000623727796,0.518742113769343,0.005
1,924,10929,0.019872023382358363,0.019872023382358363,0.521346634247512,0.005
1,925,10930,0.01853996750417464,0.01853996750417464,0.5199470435998442,0.005
1,926,10931,0.016506631224561537,0.016506631224561537,0.5206632442262978,0.005
1,927,10932,0.012396716531868414,0.012396716531868414,0.5185921391758556,0.005
1,928,10933,0.01588076039651129,0.01588076039651129,0.5199363609937546,0.005
1,929,10934,0.012469656679276134,0.012469656679276134,0.5185935739394538,0.005
1,930,10935,0.015207495775491582,0.015207495775491582,0.518563222939025,0.005
1,931,10936,0.01797286837190265,0.01797286837190265,0.5197240772773863,0.005
1,932,10937,0.014822741331113453,0.014822741331113453,0.5183580980057363,0.005
1,933,10938,0.015622910432617827,0.015622910432617827,0.5192716498815145,0.005
1,934,10939,0.015349731732249232,0.015349731732249232,0.5186963668896639,0.005
1,935,10940,0.016498016374069842,0.016498016374069842,0.5191279351636012,0.005
1,936,10941,0.028872172342061794,0.028872172342061794,0.5155501176071635,0.005
1,937,10942,0.018008170288946954,0.018008170288946954,0.5191539790992626,0.005
1,938,10943,0.013988778826496327,0.013988778826496327,0.5178951245120094,0.005
1,939,10944,0.012733708037702865,0.012733708037702865,0.5185614698035479,0.005
1,940,10945,0.01577262358583742,0.01577262358583742,0.5192488509273235,0.005
1,941,10946,0.027388342603692918,0.027388342603692918,0.5174291984030268,0.005
1,942,10947,0.01598117999031016,0.01598117999031016,0.5189452467631812,0.005
1,943,10948,0.017482019633709128,0.017482019633709128,0.5211886458328262,0.005
1,944,10949,0.009979830317611967,0.009979830317611967,0.5171756323259836,0.005
1,945,10950,0.01822121496610527,0.01822121496610527,0.5189358699134556,0.005
1,946,10951,0.02120691873613475,0.02120691873613475,0.518879024521582,0.005
1,947,10952,0.01710167320418535,0.01710167320418535,0.5183011908632026,0.005
1,948,10953,0.01692316607938682,0.01692316607938682,0.5203019442961159,0.005
1,949,10954,0.012961648631088042,0.012961648631088042,0.5180880623532635,0.005
1,950,10955,0.013382317787688294,0.013382317787688294,0.5194056447719062,0.005
1,951,10956,0.012551407865645299,0.012551407865645299,0.5176267819223258,0.005
1,952,10957,0.02604899593242968,0.02604899593242968,0.5207351249653912,0.005
1,953,10958,0.01823085742475318,0.01823085742475318,0.5182759444901957,0.005
1,954,10959,0.02294368653305326,0.02294368653305326,0.520293244312717,0.005
1,955,10960,0.012251496522277402,0.012251496522277402,0.5174073368174131,0.005
1,956,10961,0.014135493686118104,0.014135493686118104,0.5181526823692211,0.005
1,957,10962,0.0184808897930009,0.0184808897930009,0.521062888993661,0.005
1,958,10963,0.015541359528027508,0.015541359528027508,0.5188128546080222,0.005
1,959,10964,0.014694587905247056,0.014694587905247056,0.5163455661402679,0.005
1,960,10965,0.01297319840591861,0.01297319840591861,0.5170385166286374,0.005
1,961,10966,0.020513076295890574,0.020513076295890574,0.5206359633026241,0.005
1,962,10967,0.016786756399854073,0.016786756399854073,0.5157385845559553,0.005
1,963,10968,0.0109991452155151,0.0109991452155151,0.5158839587075742,0.005
1,964,10969,0.015414452735891485,0.015414452735891485,0.5184764529269648,0.005
1,965,10970,0.012879246811124668,0.012879246811124668,0.5170928526715114,0.005
1,966,10971,0.027711626241328155,0.027711626241328155,0.5189934306439167,0.005
1,967,10972,0.013374101223578166,0.013374101223578166,0.5177151160268728,0.005
1,968,10973,0.02691491893145864,0.02691491893145864,0.5204466072929528,0.005
1,969,10974,0.013028512897503893,0.013028512897503893,0.5182091733714791,0.005
1,970,10975,0.01250676691048066,0.01250676691048066,0.5178078419851725,0.005
1,971,10976,0.013329647780203702,0.013329647780203702,0.5181168704838451,0.005
1,972,10977,0.013137927790655103,0.013137927790655103,0.5182784922706511,0.005
1,973,10978,0.018136868881543262,0.018136868881543262,0.519757491285759,0.005
1,974,10979,0.013461460164703376,0.013461460164703376,0.5187536628291659,0.005
1,975,10980,0.014842103206417937,0.014842103206417937,0.5179526429734747,0.005
1,976,10981,0.015590796387483672,0.015590796387483672,0.520666832618118,0.005
1,977,10982,0.015135495813744035,0.015135495813744035,0.5188251578435087,0.005
1,978,10983,0.01637695179229404,0.01637695179229404,0.5158890992961896,0.005
1,979,10984,0.017215357488319212,0.017215357488319212,0.5188096664415497,0.005
1,980,10985,0.0124410618602885,0.0124410618602885,0.5184838463536762,0.005
1,981,10986,0.015543763435535976,0.015543763435535976,0.5191820231974478,0.005
1,982,10987,0.014732165073899583,0.014732165073899583,0.5181488822899875,0.005
1,983,10988,0.015354405974438842,0.015354405974438842,0.517316233653966,0.005
1,984,10989,0.014943408002105411,0.014943408002105411,0.519880518527031,0.005
1,985,10990,0.012992639956380461,0.012992639956380461,0.5188219645523472,0.005
1,986,10991,0.013546343777025653,0.013546343777025653,0.5199146261625343,0.005
1,987,10992,0.012923267575738298,0.012923267575738298,0.5186438046396232,0.005
1,988,10993,0.01612281117899867,0.01612281117899867,0.5201794189286957,0.005
1,989,10994,0.015652382014940687,0.015652382014940687,0.5194559706218462,0.005
1,990,10995,0.014852805057180656,0.014852805057180656,0.5180891043164823,0.005
1,991,10996,0.0167526486768068,0.0167526486768068,0.5202738331260858,0.005
1,992,10997,0.015585914923137488,0.015585914923137488,0.5188174233610047,0.005
1,993,10998,0.016556765497371968,0.016556765497371968,0.5204270221947586,0.005
1,994,10999,0.013812349595335881,0.013812349595335881,0.52022251993264,0.005
1,995,11000,0.013784422850613043,0.013784422850613043,0.5186961491834474,0.005
1,996,11001,0.012509269138192293,0.012509269138192293,0.5180967169620406,0.005
1,997,11002,0.01314972198180426,0.01314972198180426,0.519000440611061,0.005
1,998,11003,0.019242908057899827,0.019242908057899827,0.518427599464964,0.005
1,999,11004,0.015487274724161759,0.015487274724161759,0.5196676326103132,0.005
1,1000,11005,0.01606385651257453,0.01606385651257453,0.520658601131967,0.005
1,1001,11006,0.013632652608028832,0.013632652608028832,0.5192005234398525,0.005
1,1002,11007,0.016991985864611966,0.016991985864611966,0.5202821933865153,0.005
1,1003,11008,0.014128942832509601,0.014128942832509601,0.5172123421641727,0.005
1,1004,11009,0.01589365590527914,0.01589365590527914,0.5172074350473451,0.005
1,1005,11010,0.012166352683951056,0.012166352683951056,0.5189641299604993,0.005
1,1006,11011,0.01553582852635159,0.01553582852635159,0.51843127834394,0.005
1,1007,11012,0.012079170711865414,0.012079170711865414,0.5162849668389641,0.005
1,1008,11013,0.013036824102130466,0.013036824102130466,0.5184359865599963,0.005
1,1009,11014,0.02242932207882888,0.02242932207882888,0.5182817507945173,0.005
1,1010,11015,0.017660009029138078,0.017660009029138078,0.5204663982753402,0.005
1,1011,11016,0.01287089850695147,0.01287089850695147,0.5188203748190229,0.005
1,1012,11017,0.014137139066934958,0.014137139066934958,0.5191606096216319,0.005
1,1013,11018,0.012963155854320011,0.012963155854320011,0.5192596293789928,0.005
1,1014,11019,0.018025929691943644,0.018025929691943644,0.5195553168866245,0.005
1,1015,11020,0.025236132701758993,0.025236132701758993,0.5180227285694273,0.005
1,1016,11021,0.014333116377104368,0.014333116377104368,0.5177149594653904,0.005
1,1017,11022,0.017326565507095073,0.017326565507095073,0.520399975535313,0.005
1,1018,11023,0.028585879921368122,0.028585879921368122,0.5209793904316682,0.005
1,1019,11024,0.02169089583086144,0.02169089583086144,0.521186558389282,0.005
1,1020,11025,0.017322316877254593,0.017322316877254593,0.5193801428529483,0.005
1,1021,11026,0.012731917351026334,0.012731917351026334,0.5184699066317915,0.005
1,1022,11027,0.01659832172428015,0.01659832172428015,0.5186971560970361,0.005
1,1023,11028,0.01656539016566936,0.01656539016566936,0.5193509637823968,0.005
1,1024,11029,0.0147119910310113,0.0147119910310113,0.5197280305007272,0.005
1,1025,11030,0.0168246370241915,0.0168246370241915,0.5188177513345893,0.005
1,1026,11031,0.018415155123772068,0.018415155123772068,0.5199946246265111,0.005
1,1027,11032,0.017334788414975197,0.017334788414975197,0.5187162563209913,0.005
1,1028,11033,0.012722109602355659,0.012722109602355659,0.5200510946575636,0.005
1,1029,11034,0.010450142610612919,0.010450142610612919,0.5176750116853384,0.005
1,1030,11035,0.014396286136772673,0.014396286136772673,0.5184240353429407,0.005
1,1031,11036,0.019296048840781496,0.019296048840781496,0.5208152483119927,0.005
1,1032,11037,0.01942312526505248,0.01942312526505248,0.5209325912825364,0.005
1,1033,11038,0.023394943949416398,0.023394943949416398,0.5222723556622552,0.005
1,1034,11039,0.01856489431359252,0.01856489431359252,0.5209270031466054,0.005
1,1035,11040,0.014816063492210312,0.014816063492210312,0.518741874679436,0.005
1,1036,11041,0.023375442125279835,0.023375442125279835,0.5199516403747417,0.005
1,1037,11042,0.01788616608787017,0.01788616608787017,0.5192631332242088,0.005
1,1038,11043,0.017355118804533817,0.017355118804533817,0.5200799419253576,0.005
1,1039,11044,0.012031893257078779,0.012031893257078779,0.519179758386105,0.005
1,1040,11045,0.025240268271392776,0.025240268271392776,0.5210590174793375,0.005
1,1041,11046,0.01593548772876667,0.01593548772876667,0.5196517342923086,0.005
1,1042,11047,0.01672466814316977,0.01672466814316977,0.520602946543822,0.005
1,1043,11048,0.01522846748910267,0.01522846748910267,0.5200129890282993,0.005
1,1044,11049,0.01294921657926321,0.01294921657926321,0.5199083946686394,0.005
1,1045,11050,0.01598276207330134,0.01598276207330134,0.5205792231247881,0.005
1,1046,11051,0.013209291717288702,0.013209291717288702,0.5202546173953221,0.005
1,1047,11052,0.015847362201833488,0.015847362201833488,0.5187590206635014,0.005
1,1048,11053,0.013289901555906956,0.013289901555906956,0.5193051624034192,0.005
1,1049,11054,0.014335875209283356,0.014335875209283356,0.5195735814471008,0.005
1,1050,11055,0.01944383741770629,0.01944383741770629,0.5216640510620898,0.005
1,1051,11056,0.014869437794940163,0.014869437794940163,0.5201763783197719,0.005
1,1052,11057,0.01379893285969302,0.01379893285969302,0.5195758229719897,0.005
1,1053,11058,0.02559816489304888,0.02559816489304888,0.5203984906751211,0.005
1,1054,11059,0.017852849124809417,0.017852849124809417,0.517892106245198,0.005
1,1055,11060,0.011657719586705572,0.011657719586705572,0.5192879276138205,0.005
1,1056,11061,0.015452890632158132,0.015452890632158132,0.5190729288735438,0.005
1,1057,11062,0.020600071884750673,0.020600071884750673,0.5183705592550097,0.005
1,1058,11063,0.016066470464952035,0.016066470464952035,0.5203800418523702,0.005
1,1059,11064,0.016723575361331476,0.016723575361331476,0.5189426177307137,0.005
1,1060,11065,0.019364721947806106,0.019364721947806106,0.5208340632919417,0.005
1,1061,11066,0.01216677410971737,0.01216677410971737,0.5188605117156327,0.005
1,1062,11067,0.013566821946222232,0.013566821946222232,0.5194344234234392,0.005
1,1063,11068,0.016305825173177316,0.016305825173177316,0.5200748999248748,0.005
1,1064,11069,0.015110809158362283,0.015110809158362283,0.5208842571715601,0.005
1,1065,11070,0.013303182690996868,0.013303182690996868,0.5202025405742804,0.005
1,1066,11071,0.015365762567803769,0.015365762567803769,0.5201401048129514,0.005
1,1067,11072,0.0227907825614859,0.0227907825614859,0.5216712100695794,0.005
1,1068,11073,0.017948332396938105,0.017948332396938105,0.5224632870151308,0.005
1,1069,11074,0.017208793830163105,0.017208793830163105,0.519926598336429,0.005
1,1070,11075,0.022596073998181337,0.022596073998181337,0.5221310546293659,0.005
1,1071,11076,0.01650589106608813,0.01650589106608813,0.5197346560086821,0.005
1,1072,11077,0.022379970174945665,0.022379970174945665,0.5206057247341994,0.005
1,1073,11078,0.016628248702133155,0.016628248702133155,0.5204320052051736,0.005
1,1074,11079,0.016408154168494435,0.016408154168494435,0.5204272153460942,0.005
1,1075,11080,0.01599227590450308,0.01599227590450308,0.5217352812841067,0.005
1,1076,11081,0.014688223773513153,0.014688223773513153,0.5198320830411515,0.005
1,1077,11082,0.017420022700519823,0.017420022700519823,0.5210469574351597,0.005
1,1078,11083,0.014832906092478119,0.014832906092478119,0.5192161222369359,0.005
1,1079,11084,0.018109347122039317,0.018109347122039317,0.5207412720057303,0.005
1,1080,11085,0.024395162153135128,0.024395162153135128,0.5197587742500543,0.005
1,1081,11086,0.016668679022004435,0.016668679022004435,0.5211076912727561,0.005
1,1082,11087,0.01135125347065967,0.01135125347065967,0.5180574180946615,0.005
1,1083,11088,0.014247149561405905,0.014247149561405905,0.5191637790787426,0.005
1,1084,11089,0.020340204482875303,0.020340204482875303,0.5211966950649028,0.005
1,1085,11090,0.016332771494238556,0.016332771494238556,0.5209641881138587,0.005
1,1086,11091,0.020295419417875164,0.020295419417875164,0.5201732185081382,0.005
1,1087,11092,0.016614471449244793,0.016614471449244793,0.5207113250392094,0.005
1,1088,11093,0.013316401790106026,0.013316401790106026,0.5196213778758328,0.005
1,1089,11094,0.016570750565878714,0.016570750565878714,0.5197115942660036,0.005
1,1090,11095,0.01536396132120722,0.01536396132120722,0.5207653080728517,0.005
1,1091,11096,0.02264859260104171,0.02264859260104171,0.5206764676461577,0.005
1,1092,11097,0.020272383958058037,0.020272383958058037,0.519322966148967,0.005
1,1093,11098,0.018783169455311284,0.018783169455311284,0.5210119482526032,0.005
1,1094,11099,0.014450515403662812,0.014450515403662812,0.5197029248420498,0.005
1,1095,11100,0.017958923571679844,0.017958923571679844,0.5206204919375178,0.005
1,1096,11101,0.016109890692417726,0.016109890692417726,0.5209347681512423,0.005
1,1097,11102,0.017521906008609728,0.017521906008609728,0.5199753989624089,0.005
1,1098,11103,0.017261013631874208,0.017261013631874208,0.5228940421000537,0.005
1,1099,11104,0.014054183910892805,0.014054183910892805,0.5215763745041011,0.005
1,1100,11105,0.017163203342780056,0.017163203342780056,0.5213578040858201,0.005
1,1101,11106,0.0154263844453332,0.0154263844453332,0.5203697584213786,0.005
1,1102,11107,0.016094060153357233,0.016094060153357233,0.5204665292646553,0.005
1,1103,11108,0.01703057059054997,0.01703057059054997,0.5201202094781869,0.005
1,1104,11109,0.021825559071295467,0.021825559071295467,0.5227883726234865,0.005
1,1105,11110,0.015002729625102572,0.015002729625102572,0.5209293271471135,0.005
1,1106,11111,0.012540333842899182,0.012540333842899182,0.5200376349946659,0.005
1,1107,11112,0.014543585003625539,0.014543585003625539,0.5211892234988171,0.005
1,1108,11113,0.014542170618999544,0.014542170618999544,0.5216433966527401,0.005
1,1109,11114,0.01865954410885203,0.01865954410885203,0.5212995672853818,0.005
1,1110,11115,0.02287538064203551,0.02287538064203551,0.5210029609011048,0.005
1,1111,11116,0.015453422376159227,0.015453422376159227,0.5217757290021034,0.005
1,1112,11117,0.019690162234494928,0.019690162234494928,0.5231588622186378,0.005
1,1113,11118,0.016087771622837588,0.016087771622837588,0.5219819500056482,0.005
1,1114,11119,0.02450630432016719,0.02450630432016719,0.5233093892791781,0.005
1,1115,11120,0.022074291872302365,0.022074291872302365,0.5220419299446705,0.005
1,1116,11121,0.019951855133577414,0.019951855133577414,0.5221310284665467,0.005
1,1117,11122,0.01840571233408994,0.01840571233408994,0.5224687260303715,0.005
1,1118,11123,0.013954519811635254,0.013954519811635254,0.5210566841495178,0.005
1,1119,11124,0.013676873974289776,0.013676873974289776,0.5200704725222177,0.005
1,1120,11125,0.03256477516565359,0.03256477516565359,0.518884904681276,0.005
1,1121,11126,0.019494607626351045,0.019494607626351045,0.5224234447395205,0.005
1,1122,11127,0.016924065006211055,0.016924065006211055,0.521947638518439,0.005
1,1123,11128,0.02532915888096854,0.02532915888096854,0.5222713348304938,0.005
1,1124,11129,0.012791821532584811,0.012791821532584811,0.5207067532810797,0.005
1,1125,11130,0.01657680103118632,0.01657680103118632,0.5196926690836489,0.005
1,1126,11131,0.01708550340097536,0.01708550340097536,0.5200483389388166,0.005
1,1127,11132,0.02164896650311411,0.02164896650311411,0.520961470226103,0.005
1,1128,11133,0.015314029363557033,0.015314029363557033,0.5205320871917263,0.005
1,1129,11134,0.019323379004758088,0.019323379004758088,0.522031917518295,0.005
1,1130,11135,0.0179849568583913,0.0179849568583913,0.5218183721418612,0.005
1,1131,11136,0.015387379537810013,0.015387379537810013,0.5201639404769187,0.005
1,1132,11137,0.017903246560806454,0.017903246560806454,0.5217571371542008,0.005
1,1133,11138,0.018488418235117786,0.018488418235117786,0.521965043299521,0.005
1,1134,11139,0.02077264746173804,0.02077264746173804,0.521917143731271,0.005
1,1135,11140,0.01607573353778935,0.01607573353778935,0.5221867182997114,0.005
1,1136,11141,0.01734944648079321,0.01734944648079321,0.5228990796459709,0.005
1,1137,11142,0.017738430820081134,0.017738430820081134,0.5198178662304206,0.005
1,1138,11143,0.017007439271044523,0.017007439271044523,0.5213596668071157,0.005
1,1139,11144,0.022932523934641298,0.022932523934641298,0.5222761198477438,0.005
1,1140,11145,0.015061518209962772,0.015061518209962772,0.5209433575238857,0.005
1,1141,11146,0.018589186024394074,0.018589186024394074,0.5226801907590419,0.005
1,1142,11147,0.019733724775044776,0.019733724775044776,0.5225823074570889,0.005
1,1143,11148,0.01923602479953712,0.01923602479953712,0.5213213690502844,0.005
1,1144,11149,0.015506811731815496,0.015506811731815496,0.5208934719798017,0.005
1,1145,11150,0.014751091699177741,0.014751091699177741,0.5210024101195926,0.005
1,1146,11151,0.020008791504419574,0.020008791504419574,0.521745446892325,0.005
1,1147,11152,0.01582815821618212,0.01582815821618212,0.5220656904712012,0.005
1,1148,11153,0.011173823371445742,0.011173823371445742,0.5188626609210183,0.005
1,1149,11154,0.02518690490191109,0.02518690490191109,0.521270354493394,0.005
1,1150,11155,0.015812541922216816,0.015812541922216816,0.5207942272259477,0.005
1,1151,11156,0.017147808557905146,0.017147808557905146,0.521283750866176,0.005
1,1152,11157,0.016609923925797087,0.016609923925797087,0.5208675595904196,0.005
1,1153,11158,0.016379354424540617,0.016379354424540617,0.5203592908277891,0.005
1,1154,11159,0.01851676691141442,0.01851676691141442,0.5207037943754276,0.005
1,1155,11160,0.016898258075749045,0.016898258075749045,0.5216467898337542,0.005
1,1156,11161,0.021694203696057027,0.021694203696057027,0.5217437318053191,0.005
1,1157,11162,0.015969087653051106,0.015969087653051106,0.520840131836023,0.005
1,1158,11163,0.01305929204949038,0.01305929204949038,0.519647987516888,0.005
1,1159,11164,0.016213119258555196,0.016213119258555196,0.5206907633614177,0.005
1,1160,11165,0.0232411669620261,0.0232411669620261,0.5233504763319858,0.005
1,1161,11166,0.016637261783358497,0.016637261783358497,0.5209128365570233,0.005
1,1162,11167,0.017024893548761105,0.017024893548761105,0.5200205241638757,0.005
1,1163,11168,0.022093163435993164,0.022093163435993164,0.5222210792197306,0.005
1,1164,11169,0.027629535914435937,0.027629535914435937,0.5247319945462763,0.005
1,1165,11170,0.01913244954323034,0.01913244954323034,0.523722932800202,0.005
1,1166,11171,0.01714288389851964,0.01714288389851964,0.5202403471969574,0.005
1,1167,11172,0.017563418503142053,0.017563418503142053,0.5219037921823525,0.005
1,1168,11173,0.014543090892875603,0.014543090892875603,0.5202115620984222,0.005
1,1169,11174,0.020174033948255704,0.020174033948255704,0.522649883304895,0.005
1,1170,11175,0.018231278877736172,0.018231278877736172,0.52065536154045,0.005
1,1171,11176,0.0199790960075264,0.0199790960075264,0.522002165381141,0.005
1,1172,11177,0.020475920721902297,0.020475920721902297,0.5207412687958383,0.005
1,1173,11178,0.01378577014006942,0.01378577014006942,0.5203997307957443,0.005
1,1174,11179,0.016215924653539708,0.016215924653539708,0.521949289729796,0.005
1,1175,11180,0.017409701092678136,0.017409701092678136,0.5213112421997294,0.005
1,1176,11181,0.016953937913840686,0.016953937913840686,0.5223294937778111,0.005
1,1177,11182,0.016477033471335077,0.016477033471335077,0.5218092450846833,0.005
1,1178,11183,0.017506275130044918,0.017506275130044918,0.5225885924079575,0.005
1,1179,11184,0.015819258969503043,0.015819258969503043,0.5216057996238203,0.005
1,1180,11185,0.016768828808425732,0.016768828808425732,0.5212163857951339,0.005
1,1181,11186,0.020648354839559492,0.020648354839559492,0.5227723878743895,0.005
1,1182,11187,0.01738849919375917,0.01738849919375917,0.5215661981243498,0.005
1,1183,11188,0.01885104391118655,0.01885104391118655,0.5222649331391335,0.005
1,1184,11189,0.024732041852339078,0.024732041852339078,0.5227515363503011,0.005
1,1185,11190,0.020109317711770054,0.020109317711770054,0.5194518850382293,0.005
1,1186,11191,0.01666050619116612,0.01666050619116612,0.5217567041159916,0.005
1,1187,11192,0.016345583635880956,0.016345583635880956,0.5236926909630812,0.005
1,1188,11193,0.01726226048336899,0.01726226048336899,0.5219831937331474,0.005
1,1189,11194,0.016008276594953054,0.016008276594953054,0.5219996943731503,0.005
1,1190,11195,0.019342327101811482,0.019342327101811482,0.5216446787090133,0.005
1,1191,11196,0.014088589608778122,0.014088589608778122,0.5210091696429653,0.005
1,1192,11197,0.020737503689847177,0.020737503689847177,0.5224234250237368,0.005
1,1193,11198,0.01990767819501501,0.01990767819501501,0.5210298511006654,0.005
1,1194,11199,0.014234281774455172,0.014234281774455172,0.5208538795528599,0.005
1,1195,11200,0.016673067466075456,0.016673067466075456,0.5211025450528276,0.005
1,1196,11201,0.02023153854774535,0.02023153854774535,0.5226306195560838,0.005
1,1197,11202,0.013824055515492421,0.013824055515492421,0.5198155687512289,0.005
1,1198,11203,0.018019650428602166,0.018019650428602166,0.5213043711315012,0.005
1,1199,11204,0.017279685434756865,0.017279685434756865,0.5211461106319195,0.005
1,1200,11205,0.015633130951469107,0.015633130951469107,0.5188344466856243,0.005
1,1201,11206,0.014588457833230702,0.014588457833230702,0.522446439038073,0.005
1,1202,11207,0.020188666276020006,0.020188666276020006,0.52264777313644,0.005
1,1203,11208,0.022985080065097297,0.022985080065097297,0.5226911317268667,0.005
1,1204,11209,0.024040839637804727,0.024040839637804727,0.5224178759497061,0.005
1,1205,11210,0.016678402029280504,0.016678402029280504,0.5204757481012972,0.005
1,1206,11211,0.01855446695820222,0.01855446695820222,0.5222064703223162,0.005
1,1207,11212,0.01847193835826149,0.01847193835826149,0.5205115498122049,0.005
1,1208,11213,0.02051622143438216,0.02051622143438216,0.5220481574394422,0.005
1,1209,11214,0.019428998025166955,0.019428998025166955,0.5222384527297568,0.005
1,1210,11215,0.014954890365425445,0.014954890365425445,0.5218719810375927,0.005
1,1211,11216,0.02803494665661506,0.02803494665661506,0.5221031596499793,0.005
1,1212,11217,0.01844456523982211,0.01844456523982211,0.5219014556146325,0.005
1,1213,11218,0.020809442802930733,0.020809442802930733,0.5233545324992651,0.005
1,1214,11219,0.018865327972449625,0.018865327972449625,0.5225381000932526,0.005
1,1215,11220,0.019903791732822147,0.019903791732822147,0.522374573388002,0.005
1,1216,11221,0.017999555150419504,0.017999555150419504,0.5218916465815021,0.005
1,1217,11222,0.017891073255601526,0.017891073255601526,0.5218680992517887,0.005
1,1218,11223,0.02765117482637579,0.02765117482637579,0.5220483263400988,0.005
1,1219,11224,0.01980995258382651,0.01980995258382651,0.5229644089665799,0.005
1,1220,11225,0.01567483843724817,0.01567483843724817,0.521861840286012,0.005
1,1221,11226,0.016518098409772024,0.016518098409772024,0.5235415755083727,0.005
1,1222,11227,0.024519205789014648,0.024519205789014648,0.5231989502844013,0.005
1,1223,11228,0.019366091615203296,0.019366091615203296,0.5212280567569891,0.005
1,1224,11229,0.013304080171376726,0.013304080171376726,0.5201661454582456,0.005
1,1225,11230,0.01668850331450511,0.01668850331450511,0.5209685363760179,0.005
1,1226,11231,0.015305116039574018,0.015305116039574018,0.5206366131222038,0.005
1,1227,11232,0.020255332650427674,0.020255332650427674,0.5208200061855683,0.005
1,1228,11233,0.017594785708784567,0.017594785708784567,0.5219769501168644,0.005
1,1229,11234,0.016568673449955364,0.016568673449955364,0.5229065127446647,0.005
1,1230,11235,0.01670582253145082,0.01670582253145082,0.5211869201508964,0.005
1,1231,11236,0.022509761341643474,0.022509761341643474,0.5211374367335271,0.005
1,1232,11237,0.01764707787840361,0.01764707787840361,0.5223030577469532,0.005
1,1233,11238,0.020076009098746052,0.020076009098746052,0.5236651098079538,0.005
1,1234,11239,0.021093150118937917,0.021093150118937917,0.5225354530880968,0.005
1,1235,11240,0.015564050789590176,0.015564050789590176,0.5221934056891637,0.005
1,1236,11241,0.017269794909014466,0.017269794909014466,0.5211471594002471,0.005
1,1237,11242,0.021183958243884228,0.021183958243884228,0.52207568549779,0.005
1,1238,11243,0.01331338441560087,0.01331338441560087,0.5205249234341486,0.005
1,1239,11244,0.019739219850322613,0.019739219850322613,0.5226734632012318,0.005
1,1240,11245,0.01860158434033841,0.01860158434033841,0.5220308759498252,0.005
1,1241,11246,0.015058682744694064,0.015058682744694064,0.5208658402659967,0.005
1,1242,11247,0.01701912639004085,0.01701912639004085,0.5231079296473677,0.005
1,1243,11248,0.019216626746452338,0.019216626746452338,0.5223733011546828,0.005
1,1244,11249,0.021242589450756848,0.021242589450756848,0.5229882413721075,0.005
1,1245,11250,0.019033685855882936,0.019033685855882936,0.5219697018162465,0.005
1,1246,11251,0.02812305784321105,0.02812305784321105,0.5229214722159555,0.005
1,1247,11252,0.017913213204739542,0.017913213204739542,0.5232932520454251,0.005
1,1248,11253,0.015647920054639615,0.015647920054639615,0.5214488585666703,0.005
1,1249,11254,0.019031043922653344,0.019031043922653344,0.5235362214343342,0.005
1,1250,11255,0.020148366091842368,0.020148366091842368,0.52299093221602,0.005
1,1251,11256,0.02053530818585933,0.02053530818585933,0.522845151515438,0.005
1,1252,11257,0.02423542924639249,0.02423542924639249,0.5239706236939803,0.005
1,1253,11258,0.016470737648434146,0.016470737648434146,0.5225426599040408,0.005
1,1254,11259,0.015963263391776325,0.015963263391776325,0.5210645607498229,0.005
1,1255,11260,0.01843711738227405,0.01843711738227405,0.5214986411296012,0.005
1,1256,11261,0.02084305184696979,0.02084305184696979,0.521464113609882,0.005
1,1257,11262,0.01813231633502519,0.01813231633502519,0.5235203187955422,0.005
1,1258,11263,0.02614441013783021,0.02614441013783021,0.5253991782089061,0.005
1,1259,11264,0.01762931046770294,0.01762931046770294,0.5221880477547306,0.005
1,1260,11265,0.01959611995994797,0.01959611995994797,0.5218961878573941,0.005
1,1261,11266,0.02120735487877743,0.02120735487877743,0.5229524291408657,0.005
1,1262,11267,0.020207553090559917,0.020207553090559917,0.5242896546988715,0.005
1,1263,11268,0.017366219401443204,0.017366219401443204,0.5230799241617755,0.005
1,1264,11269,0.01970714107707469,0.01970714107707469,0.522179150707085,0.005
1,1265,11270,0.021401518337868908,0.021401518337868908,0.5238429902694003,0.005
1,1266,11271,0.020515235034523238,0.020515235034523238,0.5238444001221693,0.005
1,1267,11272,0.021298173867565946,0.021298173867565946,0.5233291105371531,0.005
1,1268,11273,0.015713054500520726,0.015713054500520726,0.5219633961588026,0.005
1,1269,11274,0.020972849733724007,0.020972849733724007,0.523854380495366,0.005
1,1270,11275,0.015086914154632283,0.015086914154632283,0.5219879952767054,0.005
1,1271,11276,0.01719341768465146,0.01719341768465146,0.521262326743247,0.005
1,1272,11277,0.019943772108122093,0.019943772108122093,0.5226895528846609,0.005
1,1273,11278,0.023210700262015646,0.023210700262015646,0.5234386926801399,0.005
1,1274,11279,0.01508314268866644,0.01508314268866644,0.5222143857795536,0.005
1,1275,11280,0.015559407324302985,0.015559407324302985,0.5217539387669569,0.005
1,1276,11281,0.018870228693534895,0.018870228693534895,0.5225464207410571,0.005
1,1277,11282,0.020372640512032424,0.020372640512032424,0.5227579006700006,0.005
1,1278,11283,0.018822698534051552,0.018822698534051552,0.5235953266863944,0.005
1,1279,11284,0.013491927171726346,0.013491927171726346,0.521781521420223,0.005
1,1280,11285,0.017207375210298158,0.017207375210298158,0.5225737427529377,0.005
1,1281,11286,0.018238833999325372,0.018238833999325372,0.5214459696766172,0.005
1,1282,11287,0.0196045661314899,0.0196045661314899,0.5224639652678003,0.005
1,1283,11288,0.01583954998097497,0.01583954998097497,0.5209644580457183,0.005
1,1284,11289,0.01783488945516279,0.01783488945516279,0.521915235075555,0.005
1,1285,11290,0.018168490720805244,0.018168490720805244,0.5219815754404724,0.005
1,1286,11291,0.02052958995265209,0.02052958995265209,0.5230447342356124,0.005
1,1287,11292,0.02116074509246222,0.02116074509246222,0.522891266486658,0.005
1,1288,11293,0.01709676161726659,0.01709676161726659,0.5223179791693628,0.005
1,1289,11294,0.02054110433423811,0.02054110433423811,0.522607841857262,0.005
1,1290,11295,0.016220720523359978,0.016220720523359978,0.5217829251082396,0.005
1,1291,11296,0.0168200432347761,0.0168200432347761,0.5219551245805263,0.005
1,1292,11297,0.019451494262752483,0.019451494262752483,0.5230454654779023,0.005
1,1293,11298,0.0158390375845032,0.0158390375845032,0.5221242533460025,0.005
1,1294,11299,0.02429069666254262,0.02429069666254262,0.5232470671979411,0.005
1,1295,11300,0.020955806496080913,0.020955806496080913,0.5216643919715078,0.005
1,1296,11301,0.018364184821163535,0.018364184821163535,0.523667791481947,0.005
1,1297,11302,0.022138766401413663,0.022138766401413663,0.5241976637680684,0.005
1,1298,11303,0.018401510404078024,0.018401510404078024,0.5219709008416678,0.005
1,1299,11304,0.017552248918233825,0.017552248918233825,0.5217025999217422,0.005
1,1300,11305,0.016004061566280443,0.016004061566280443,0.5219120767127916,0.005
1,1301,11306,0.02326475381949558,0.02326475381949558,0.5235476285203611,0.005
1,1302,11307,0.018371767256037064,0.018371767256037064,0.5210602162974564,0.005
1,1303,11308,0.018931702013605896,0.018931702013605896,0.522301460637423,0.005
1,1304,11309,0.014182398802338243,0.014182398802338243,0.5217264067985143,0.005
1,1305,11310,0.021892990758670326,0.021892990758670326,0.5236243142134483,0.005
1,1306,11311,0.018844679363253725,0.018844679363253725,0.5231826211379145,0.005
1,1307,11312,0.017788516625253038,0.017788516625253038,0.5226491131376836,0.005
1,1308,11313,0.018148725365227193,0.018148725365227193,0.5220773657651079,0.005
1,1309,11314,0.02256364382606545,0.02256364382606545,0.5231225394734973,0.005
1,1310,11315,0.020032873339828672,0.020032873339828672,0.522682650106985,0.005
1,1311,11316,0.022832437270677554,0.022832437270677554,0.5232844721072105,0.005
1,1312,11317,0.015757711251702236,0.015757711251702236,0.521657705291656,0.005
1,1313,11318,0.021823015436103557,0.021823015436103557,0.5229903733894988,0.005
1,1314,11319,0.020150420015770446,0.020150420015770446,0.5226359987360648,0.005
1,1315,11320,0.01861651976592217,0.01861651976592217,0.5225634863437613,0.005
1,1316,11321,0.017763548519287742,0.017763548519287742,0.5221854219370704,0.005
1,1317,11322,0.0209254647847753,0.0209254647847753,0.5221097312129018,0.005
1,1318,11323,0.022829590609252364,0.022829590609252364,0.5231611280852742,0.005
1,1319,11324,0.02337953993846665,0.02337953993846665,0.5247208125256096,0.005
1,1320,11325,0.019559007619123797,0.019559007619123797,0.5223183683026341,0.005
1,1321,11326,0.020331069823783444,0.020331069823783444,0.5226480329081574,0.005
1,1322,11327,0.019229925063563545,0.019229925063563545,0.523186617452144,0.005
1,1323,11328,0.018363653410858688,0.018363653410858688,0.5213528745879579,0.005
1,1324,11329,0.023193676166584035,0.023193676166584035,0.5231756110198196,0.005
1,1325,11330,0.01811325841947803,0.01811325841947803,0.5226939596258925,0.005
1,1326,11331,0.018717110576235877,0.018717110576235877,0.5220181195082303,0.005
1,1327,11332,0.01771775538980224,0.01771775538980224,0.522749347491242,0.005
1,1328,11333,0.02163501591953869,0.02163501591953869,0.5228799543664635,0.005
1,1329,11334,0.017136497903499033,0.017136497903499033,0.5231020481610713,0.005
1,1330,11335,0.024494070216836698,0.024494070216836698,0.524028446011256,0.005
1,1331,11336,0.02086003550376312,0.02086003550376312,0.5231576438025345,0.005
1,1332,11337,0.025483515204887217,0.025483515204887217,0.5221990953086235,0.005
1,1333,11338,0.017634365214421126,0.017634365214421126,0.5210828215585549,0.005
1,1334,11339,0.020169675292942408,0.020169675292942408,0.5228734826201996,0.005
1,1335,11340,0.018753868946389633,0.018753868946389633,0.522357774074497,0.005
1,1336,11341,0.018094501360938337,0.018094501360938337,0.5234015390836004,0.005
1,1337,11342,0.019874732815113476,0.019874732815113476,0.5225271853486773,0.005
1,1338,11343,0.020351080555395168,0.020351080555395168,0.5234639491108368,0.005
1,1339,11344,0.0196775167552957,0.0196775167552957,0.5212572333568214,0.005
1,1340,11345,0.018148414772530538,0.018148414772530538,0.5214257723164255,0.005
1,1341,11346,0.01918147144565121,0.01918147144565121,0.522954462127052,0.005
1,1342,11347,0.020023505676896623,0.020023505676896623,0.5230886443494088,0.005
1,1343,11348,0.015175176040353223,0.015175176040353223,0.5224258350068256,0.005
1,1344,11349,0.021456863979138468,0.021456863979138468,0.5234316417753666,0.005
1,1345,11350,0.019759053200363662,0.019759053200363662,0.5232666908778245,0.005
1,1346,11351,0.020447818829040967,0.020447818829040967,0.5224962445144303,0.005
1,1347,11352,0.025708784529511065,0.025708784529511065,0.523637500274772,0.005
1,1348,11353,0.016402944468503898,0.016402944468503898,0.5232890532038703,0.005
1,1349,11354,0.018204750442645745,0.018204750442645745,0.5236605614247956,0.005
1,1350,11355,0.02180772268999235,0.02180772268999235,0.5241515360833863,0.005
1,1351,11356,0.016095309031096426,0.016095309031096426,0.5227586924833438,0.005
1,1352,11357,0.016778812409198582,0.016778812409198582,0.52291889619891,0.005
1,1353,11358,0.016141408863218097,0.016141408863218097,0.5217257484415709,0.005
1,1354,11359,0.024310719989631226,0.024310719989631226,0.524907508990341,0.005
1,1355,11360,0.022948826964726204,0.022948826964726204,0.524560062584048,0.005
1,1356,11361,0.018691170676586842,0.018691170676586842,0.5232534932848455,0.005
1,1357,11362,0.01821497692445481,0.01821497692445481,0.523491877976967,0.005
1,1358,11363,0.01966657823910756,0.01966657823910756,0.5233393724844149,0.005
1,1359,11364,0.018510544489353364,0.018510544489353364,0.5231526757144477,0.005
1,1360,11365,0.01948273301398782,0.01948273301398782,0.5218916785164179,0.005
1,1361,11366,0.02179730607907971,0.02179730607907971,0.5225505657889049,0.005
1,1362,11367,0.018994405443897494,0.018994405443897494,0.5220210746625266,0.005
1,1363,11368,0.02146351870443373,0.02146351870443373,0.5227893016571745,0.005
1,1364,11369,0.020525090028311918,0.020525090028311918,0.522147288701811,0.005
1,1365,11370,0.020187943506747498,0.020187943506747498,0.523226452883987,0.005
1,1366,11371,0.01987569222395927,0.01987569222395927,0.5242323106025096,0.005
1,1367,11372,0.01612432940675134,0.01612432940675134,0.5206377330958516,0.005
1,1368,11373,0.021982750042959527,0.021982750042959527,0.5237621638885996,0.005
1,1369,11374,0.025493806022582048,0.025493806022582048,0.5238278274151639,0.005
1,1370,11375,0.01818907099443038,0.01818907099443038,0.5228517637325464,0.005
1,1371,11376,0.018562715987053405,0.018562715987053405,0.5234622256894133,0.005
1,1372,11377,0.017668807082120316,0.017668807082120316,0.5241206965089034,0.005
1,1373,11378,0.01834331861310063,0.01834331861310063,0.523787266197482,0.005
1,1374,11379,0.015644881295454206,0.015644881295454206,0.5219283869403487,0.005
1,1375,11380,0.017555631371452385,0.017555631371452385,0.5231584389539956,0.005
1,1376,11381,0.01787673039860508,0.01787673039860508,0.5228642131278174,0.005
1,1377,11382,0.01950208142611315,0.01950208142611315,0.5234669719807249,0.005
1,1378,11383,0.019624047564661056,0.019624047564661056,0.5233483902725675,0.005
1,1379,11384,0.019735241554131387,0.019735241554131387,0.5240234076332088,0.005
1,1380,11385,0.02338241648049156,0.02338241648049156,0.5248221082219815,0.005
1,1381,11386,0.025804336600923107,0.025804336600923107,0.5245400724353209,0.005
1,1382,11387,0.022650678857276597,0.022650678857276597,0.5246051270515631,0.005
1,1383,11388,0.01966227494288587,0.01966227494288587,0.5226103007227118,0.005
1,1384,11389,0.02327527245386367,0.02327527245386367,0.5233143181804244,0.005
1,1385,11390,0.016301071735900154,0.016301071735900154,0.522667052322396,0.005
1,1386,11391,0.01732772035679911,0.01732772035679911,0.5225390995456017,0.005
1,1387,11392,0.017592719443055745,0.017592719443055745,0.5238862302643699,0.005
1,1388,11393,0.019284442025175593,0.019284442025175593,0.52367313621473,0.005
1,1389,11394,0.018684103731123097,0.018684103731123097,0.5218286028620929,0.005
1,1390,11395,0.018970911518121192,0.018970911518121192,0.5216735595642767,0.005
1,1391,11396,0.01869465423028543,0.01869465423028543,0.5226125290040844,0.005
1,1392,11397,0.019872742995973573,0.019872742995973573,0.5210806754328758,0.005
1,1393,11398,0.021058180440707702,0.021058180440707702,0.522509088981017,0.005
1,1394,11399,0.019033660760692316,0.019033660760692316,0.5225811544018852,0.005
1,1395,11400,0.019340923121887683,0.019340923121887683,0.523735023222982,0.005
1,1396,11401,0.019997675743209948,0.019997675743209948,0.5214251373450692,0.005
1,1397,11402,0.021766597434473168,0.021766597434473168,0.5236434527770624,0.005
1,1398,11403,0.021950294092233046,0.021950294092233046,0.5230066253776245,0.005
1,1399,11404,0.02113583673814714,0.02113583673814714,0.5230179134687438,0.005
1,1400,11405,0.025726361721031394,0.025726361721031394,0.522689084283337,0.005
1,1401,11406,0.01790577996727291,0.01790577996727291,0.522660912467411,0.005
1,1402,11407,0.018927890253323514,0.018927890253323514,0.5234943972745707,0.005
1,1403,11408,0.02255826754077333,0.02255826754077333,0.5244980362395287,0.005
1,1404,11409,0.024879298219800876,0.024879298219800876,0.5235296462993951,0.005
1,1405,11410,0.01926848415315771,0.01926848415315771,0.5243336251299319,0.005
1,1406,11411,0.0192567625187096,0.0192567625187096,0.5231330563936571,0.005
1,1407,11412,0.021691589959839327,0.021691589959839327,0.5231309502933098,0.005
1,1408,11413,0.021510978926928867,0.021510978926928867,0.5228193204161032,0.005
1,1409,11414,0.018503849883736677,0.018503849883736677,0.5229660273346117,0.005
1,1410,11415,0.021712298727264795,0.021712298727264795,0.5245591284748095,0.005
1,1411,11416,0.022907462617727165,0.022907462617727165,0.5229233046989101,0.005
1,1412,11417,0.017894733937542852,0.017894733937542852,0.5227206743244713,0.005
1,1413,11418,0.016698069761427622,0.016698069761427622,0.5237776552053004,0.005
1,1414,11419,0.01886568689655555,0.01886568689655555,0.5234759790077038,0.005
1,1415,11420,0.01960243131458398,0.01960243131458398,0.5230517004128472,0.005
1,1416,11421,0.020088617989357956,0.020088617989357956,0.5236378527105643,0.005
1,1417,11422,0.01815288404867326,0.01815288404867326,0.523045844154231,0.005
1,1418,11423,0.021897523812387402,0.021897523812387402,0.5225359768858235,0.005
1,1419,11424,0.018599786568244188,0.018599786568244188,0.5220230998506116,0.005
1,1420,11425,0.02160777689395397,0.02160777689395397,0.5237634009325439,0.005
1,1421,11426,0.02141117070130096,0.02141117070130096,0.5244793998683156,0.005
1,1422,11427,0.01819973265070402,0.01819973265070402,0.52150836925522,0.005
1,1423,11428,0.01857887600962741,0.01857887600962741,0.5232094155452035,0.005
1,1424,11429,0.020902193791837463,0.020902193791837463,0.5245927848629116,0.005
1,1425,11430,0.017274355495813853,0.017274355495813853,0.5232071344298284,0.005
1,1426,11431,0.02312123764629231,0.02312123764629231,0.5227134525123925,0.005
1,1427,11432,0.01908242632476055,0.01908242632476055,0.5242854088038126,0.005
1,1428,11433,0.02352449112664541,0.02352449112664541,0.5247584214385492,0.005
1,1429,11434,0.01834735259967738,0.01834735259967738,0.5233084264036837,0.005
1,1430,11435,0.024191640896100586,0.024191640896100586,0.5247277404993244,0.005
1,1431,11436,0.01740506005638461,0.01740506005638461,0.5232582294281236,0.005
1,1432,11437,0.017125349172636466,0.017125349172636466,0.5237896293957083,0.005
1,1433,11438,0.018754632439050782,0.018754632439050782,0.5239883486083162,0.005
1,1434,11439,0.02152303307229008,0.02152303307229008,0.5241072197038659,0.005
1,1435,11440,0.023010502407172832,0.023010502407172832,0.5233697121548597,0.005
1,1436,11441,0.020430518471907737,0.020430518471907737,0.5228848061842988,0.005
1,1437,11442,0.026248198307486023,0.026248198307486023,0.5259721592339862,0.005
1,1438,11443,0.027566333329354615,0.027566333329354615,0.5244612572049763,0.005
1,1439,11444,0.018892801640159666,0.018892801640159666,0.5238183186450956,0.005
1,1440,11445,0.02148884646691803,0.02148884646691803,0.5241822818379164,0.005
1,1441,11446,0.017704238479957043,0.017704238479957043,0.5227211816002858,0.005
1,1442,11447,0.021728879055763962,0.021728879055763962,0.5237589878723136,0.005
1,1443,11448,0.022235202797612652,0.022235202797612652,0.5236653896399166,0.005
1,1444,11449,0.015284663004705422,0.015284663004705422,0.5213575577582944,0.005
1,1445,11450,0.02332226866453565,0.02332226866453565,0.5239868185760376,0.005
1,1446,11451,0.02134999195716991,0.02134999195716991,0.5239111735830131,0.005
1,1447,11452,0.020459691946179658,0.020459691946179658,0.5235658803596671,0.005
1,1448,11453,0.023721538567775823,0.023721538567775823,0.5239358470688559,0.005
1,1449,11454,0.02423792753863579,0.02423792753863579,0.5245255136285181,0.005
1,1450,11455,0.023557569526870895,0.023557569526870895,0.5251172063039775,0.005
1,1451,11456,0.025613520946325147,0.025613520946325147,0.5236332151756414,0.005
1,1452,11457,0.023035613136947575,0.023035613136947575,0.5232902687645467,0.005
1,1453,11458,0.024582357703635198,0.024582357703635198,0.5253324789846021,0.005
1,1454,11459,0.023516870344154596,0.023516870344154596,0.5244881921569493,0.005
1,1455,11460,0.020600012126981083,0.020600012126981083,0.5235215787201771,0.005
1,1456,11461,0.026727496347037527,0.026727496347037527,0.5239535587446134,0.005
1,1457,11462,0.019505991646582163,0.019505991646582163,0.5240717369041867,0.005
1,1458,11463,0.024511426093341407,0.024511426093341407,0.5253513713987251,0.005
1,1459,11464,0.019678264970268006,0.019678264970268006,0.5249035610139027,0.005
1,1460,11465,0.017486311285147337,0.017486311285147337,0.5236360325720788,0.005
1,1461,11466,0.019225791502201835,0.019225791502201835,0.5246814685875191,0.005
1,1462,11467,0.019269987482687545,0.019269987482687545,0.5243908356778126,0.005
1,1463,11468,0.015292583440277195,0.015292583440277195,0.5233432265489609,0.005
1,1464,11469,0.021185712500867176,0.021185712500867176,0.5246931196368256,0.005
1,1465,11470,0.023366175781104632,0.023366175781104632,0.5254221447874697,0.005
1,1466,11471,0.019689561212377284,0.019689561212377284,0.5245314036196039,0.005
1,1467,11472,0.023003653936947616,0.023003653936947616,0.5247095235474774,0.005
1,1468,11473,0.01808019586198201,0.01808019586198201,0.5248581795581452,0.005
1,1469,11474,0.015898035286666737,0.015898035286666737,0.5247577663942086,0.005
1,1470,11475,0.021165624677793544,0.021165624677793544,0.5240167083089857,0.005
1,1471,11476,0.024283847975840614,0.024283847975840614,0.5242207318926492,0.005
1,1472,11477,0.019312227733273808,0.019312227733273808,0.523249156079581,0.005
1,1473,11478,0.023806877654593446,0.023806877654593446,0.5247952447872134,0.005
1,1474,11479,0.017811484200278744,0.017811484200278744,0.5241999592402277,0.005
1,1475,11480,0.02094489406929609,0.02094489406929609,0.525293826270709,0.005
1,1476,11481,0.020854499142409832,0.020854499142409832,0.5258921797802202,0.005
1,1477,11482,0.019180431065053016,0.019180431065053016,0.5252382140802564,0.005
1,1478,11483,0.021519697948631365,0.021519697948631365,0.5251683349107449,0.005
1,1479,11484,0.021151503735871123,0.021151503735871123,0.5253602016657407,0.005
1,1480,11485,0.020065293074860387,0.020065293074860387,0.5235004153056904,0.005
1,1481,11486,0.022996649047318754,0.022996649047318754,0.5253898154360573,0.005
1,1482,11487,0.022086796382171484,0.022086796382171484,0.5255116311258792,0.005
1,1483,11488,0.017529398006691257,0.017529398006691257,0.5242100423224438,0.005
1,1484,11489,0.019154190798653756,0.019154190798653756,0.5245973539016653,0.005
1,1485,11490,0.023048330066427855,0.023048330066427855,0.5228494271523062,0.005
1,1486,11491,0.018034010380621746,0.018034010380621746,0.5238626819219543,0.005
1,1487,11492,0.025499337706738887,0.025499337706738887,0.52368223555239,0.005
1,1488,11493,0.023103229213926553,0.023103229213926553,0.5237084557591376,0.005
1,1489,11494,0.026932700517457733,0.026932700517457733,0.5241334431901731,0.005
1,1490,11495,0.017906586395474176,0.017906586395474176,0.5247918403061307,0.005
1,1491,11496,0.017729549902907725,0.017729549902907725,0.5240966806436637,0.005
1,1492,11497,0.020209021864517375,0.020209021864517375,0.5237553789480167,0.005
1,1493,11498,0.021626257004693998,0.021626257004693998,0.5253650654212543,0.005
1,1494,11499,0.019224490371947955,0.019224490371947955,0.5251299134457648,0.005
1,1495,11500,0.02013145104051198,0.02013145104051198,0.524656799905803,0.005
1,1496,11501,0.022811294448388544,0.022811294448388544,0.5243312011544208,0.005
1,1497,11502,0.023717061936189974,0.023717061936189974,0.5260139100008053,0.005
1,1498,11503,0.020772657816028054,0.020772657816028054,0.5243218652996975,0.005
1,1499,11504,0.022671157009351208,0.022671157009351208,0.5250687232817716,0.005
1,1500,11505,0.02310769295927529,0.02310769295927529,0.5247652689120118,0.005
1,1501,11506,0.027196415609815897,0.027196415609815897,0.5253334888979634,0.005
1,1502,11507,0.021166320195044795,0.021166320195044795,0.5242330014988225,0.005
1,1503,11508,0.01950393708639632,0.01950393708639632,0.5242097844869537,0.005
1,1504,11509,0.019520978445948405,0.019520978445948405,0.5250545381466135,0.005
1,1505,11510,0.0234080913389147,0.0234080913389147,0.525893921918207,0.005
1,1506,11511,0.021911847713769556,0.021911847713769556,0.525170644910531,0.005
1,1507,11512,0.027095291679554913,0.027095291679554913,0.5257296991794789,0.005
1,1508,11513,0.01896894904256323,0.01896894904256323,0.5239286475638016,0.005
1,1509,11514,0.018823007847491996,0.018823007847491996,0.5240753994029957,0.005
1,1510,11515,0.0217181180129389,0.0217181180129389,0.5258264304401281,0.005
1,1511,11516,0.022693853779238035,0.022693853779238035,0.5243010908686789,0.005
1,1512,11517,0.023810752234251484,0.023810752234251484,0.5260508836347775,0.005
1,1513,11518,0.027147675190375857,0.027147675190375857,0.5264270832452771,0.005
1,1514,11519,0.01966105874125771,0.01966105874125771,0.5236301244461995,0.005
1,1515,11520,0.013356411378108876,0.013356411378108876,0.5233745930407765,0.005
1,1516,11521,0.021720865437869497,0.021720865437869497,0.5256637480119558,0.005
1,1517,11522,0.018816331985235323,0.018816331985235323,0.5245614456463337,0.005
1,1518,11523,0.024421348675356377,0.024421348675356377,0.5253458513391949,0.005
1,1519,11524,0.019070446773508557,0.019070446773508557,0.5245984831699223,0.005
1,1520,11525,0.023971431394357826,0.023971431394357826,0.525074116130568,0.005
1,1521,11526,0.016348255260716753,0.016348255260716753,0.5238092408568794,0.005
1,1522,11527,0.01832761702235458,0.01832761702235458,0.5239788899548823,0.005
1,1523,11528,0.017911266601635223,0.017911266601635223,0.5247537961080302,0.005
1,1524,11529,0.02377061416340117,0.02377061416340117,0.5257381991085047,0.005
1,1525,11530,0.023547230711938025,0.023547230711938025,0.5251991834683315,0.005
1,1526,11531,0.021927477507754454,0.021927477507754454,0.5243214810157698,0.005
1,1527,11532,0.02820497360184803,0.02820497360184803,0.5264241085280088,0.005
1,1528,11533,0.024690871601024414,0.024690871601024414,0.5261041043729956,0.005
1,1529,11534,0.02214013578105757,0.02214013578105757,0.5244906451827669,0.005
1,1530,11535,0.018406782622935876,0.018406782622935876,0.5242780867337722,0.005
1,1531,11536,0.016565607672744505,0.016565607672744505,0.5237648962868618,0.005
1,1532,11537,0.020504947617395245,0.020504947617395245,0.5244274495703207,0.005
1,1533,11538,0.021236075692419535,0.021236075692419535,0.5245371203447362,0.005
1,1534,11539,0.01735468507624946,0.01735468507624946,0.5240573625755675,0.005
1,1535,11540,0.024005026733839547,0.024005026733839547,0.5265134370123666,0.005
1,1536,11541,0.0224439622635298,0.0224439622635298,0.5258800144932615,0.005
1,1537,11542,0.021248263273124325,0.021248263273124325,0.5257913521296974,0.005
1,1538,11543,0.017427015408843366,0.017427015408843366,0.5238123334750499,0.005
1,1539,11544,0.01695418488901706,0.01695418488901706,0.5241911898430199,0.005
1,1540,11545,0.023812263288399707,0.023812263288399707,0.5254193243076749,0.005
1,1541,11546,0.022272398318370287,0.022272398318370287,0.5248406347893609,0.005
1,1542,11547,0.02461954489289354,0.02461954489289354,0.5261233839741646,0.005
1,1543,11548,0.022377774719268318,0.022377774719268318,0.5253126595296059,0.005
1,1544,11549,0.0205958243569268,0.0205958243569268,0.523534753306482,0.005
1,1545,11550,0.019895167947471315,0.019895167947471315,0.5242085553899691,0.005
1,1546,11551,0.021925797687378994,0.021925797687378994,0.5244658688327268,0.005
1,1547,11552,0.019436484738962895,0.019436484738962895,0.5250808837177905,0.005
1,1548,11553,0.02321450640611615,0.02321450640611615,0.5247033766563642,0.005
1,1549,11554,0.02200417884594909,0.02200417884594909,0.5245766179302777,0.005
1,1550,11555,0.01757450519438241,0.01757450519438241,0.5243303677018522,0.005
1,1551,11556,0.02755432416196394,0.02755432416196394,0.5244434987754458,0.005
1,1552,11557,0.021686889757341617,0.021686889757341617,0.5240532613120977,0.005
1,1553,11558,0.022569467298019803,0.022569467298019803,0.5251796587050929,0.005
1,1554,11559,0.019548134431318403,0.019548134431318403,0.5253274212537579,0.005
1,1555,11560,0.023076148057321045,0.023076148057321045,0.5261762191336774,0.005
1,1556,11561,0.020214596772594913,0.020214596772594913,0.5247711636477054,0.005
1,1557,11562,0.024704588266453626,0.024704588266453626,0.5257820259735263,0.005
1,1558,11563,0.020045556055033335,0.020045556055033335,0.5250350410184451,0.005
1,1559,11564,0.018159065395375158,0.018159065395375158,0.5247582055833815,0.005
1,1560,11565,0.021752620043863413,0.021752620043863413,0.5257036387876549,0.005
1,1561,11566,0.020551925571958493,0.020551925571958493,0.5250999957987007,0.005
1,1562,11567,0.02499263801108643,0.02499263801108643,0.5264458421592877,0.005
1,1563,11568,0.021651726681733117,0.021651726681733117,0.5248076395388461,0.005
1,1564,11569,0.022096488885182643,0.022096488885182643,0.5258169132616686,0.005
1,1565,11570,0.0229993612466513,0.0229993612466513,0.5251781230516969,0.005
1,1566,11571,0.028021508816509715,0.028021508816509715,0.5270455592994978,0.005
1,1567,11572,0.027726303512278692,0.027726303512278692,0.52634840749375,0.005
1,1568,11573,0.02023373332935971,0.02023373332935971,0.5243390029197128,0.005
1,1569,11574,0.021293094250138117,0.021293094250138117,0.5245745383579836,0.005
1,1570,11575,0.022810222954165352,0.022810222954165352,0.5261267823621437,0.005
1,1571,11576,0.020084635517207447,0.020084635517207447,0.5243572668932611,0.005
1,1572,11577,0.02192416044627342,0.02192416044627342,0.5249549886490644,0.005
1,1573,11578,0.025311601016901962,0.025311601016901962,0.5251761133352426,0.005
1,1574,11579,0.02054873666219339,0.02054873666219339,0.524973192719852,0.005
1,1575,11580,0.024912345750851404,0.024912345750851404,0.5249585720487073,0.005
1,1576,11581,0.02150230856434908,0.02150230856434908,0.5256624538490842,0.005
1,1577,11582,0.02210943573194536,0.02210943573194536,0.5252632039132401,0.005
1,1578,11583,0.017727781973385277,0.017727781973385277,0.5242336292103746,0.005
1,1579,11584,0.02301051515761754,0.02301051515761754,0.524949647130771,0.005
1,1580,11585,0.021491222484266513,0.021491222484266513,0.5245902858215524,0.005
1,1581,11586,0.022473751942223764,0.022473751942223764,0.5251005011975584,0.005
1,1582,11587,0.024772154526686744,0.024772154526686744,0.524950844701384,0.005
1,1583,11588,0.02195673035239548,0.02195673035239548,0.5250411015235666,0.005
1,1584,11589,0.026699154514756372,0.026699154514756372,0.5258425207535947,0.005
1,1585,11590,0.0205923714916586,0.0205923714916586,0.5237040059108303,0.005
1,1586,11591,0.02079359381380979,0.02079359381380979,0.5254875669733053,0.005
1,1587,11592,0.023151963208284696,0.023151963208284696,0.525455364280996,0.005
1,1588,11593,0.019553811392681676,0.019553811392681676,0.5245889751609273,0.005
1,1589,11594,0.01826139804020615,0.01826139804020615,0.5237524036103196,0.005
1,1590,11595,0.020555246893064684,0.020555246893064684,0.525033366972104,0.005
1,1591,11596,0.021371067041623632,0.021371067041623632,0.5250133126419835,0.005
1,1592,11597,0.024699255132160876,0.024699255132160876,0.526449695119593,0.005
1,1593,11598,0.02393917350505951,0.02393917350505951,0.5257266906171011,0.005
1,1594,11599,0.024902593980325446,0.024902593980325446,0.5264423815486944,0.005
1,1595,11600,0.026293556922927733,0.026293556922927733,0.5263331217991791,0.005
1,1596,11601,0.018375104598468993,0.018375104598468993,0.5246594626080451,0.005
1,1597,11602,0.0248284059949314,0.0248284059949314,0.5243330829901978,0.005
1,1598,11603,0.02338279898435426,0.02338279898435426,0.5249481173117196,0.005
1,1599,11604,0.022114805552246472,0.022114805552246472,0.5252932859955028,0.005
1,1600,11605,0.02079692318082348,0.02079692318082348,0.5239761852874821,0.005
1,1601,11606,0.02282862085138735,0.02282862085138735,0.5261845735277481,0.005
1,1602,11607,0.021272101048803484,0.021272101048803484,0.5251643099192342,0.005
1,1603,11608,0.02351797065766864,0.02351797065766864,0.5248611859443407,0.005
1,1604,11609,0.023133721473193578,0.023133721473193578,0.5261318383367171,0.005
1,1605,11610,0.0278337153328568,0.0278337153328568,0.5274800801954048,0.005
1,1606,11611,0.018981516639885523,0.018981516639885523,0.5253262312845466,0.005
1,1607,11612,0.0255587379210348,0.0255587379210348,0.525780058864733,0.005
1,1608,11613,0.021677411425287438,0.021677411425287438,0.5260725567336018,0.005
1,1609,11614,0.024626375045854906,0.024626375045854906,0.5245840031328344,0.005
1,1610,11615,0.021260313193437134,0.021260313193437134,0.5246748567191175,0.005
1,1611,11616,0.02530700890816914,0.02530700890816914,0.5257115309877294,0.005
1,1612,11617,0.025149537295357988,0.025149537295357988,0.5252589409189222,0.005
1,1613,11618,0.021838350392454166,0.021838350392454166,0.5252111151453619,0.005
1,1614,11619,0.020679182570994617,0.020679182570994617,0.5247489086353818,0.005
1,1615,11620,0.020301888487442417,0.020301888487442417,0.5251342906420909,0.005
1,1616,11621,0.021914737010564535,0.021914737010564535,0.5251602855379155,0.005
1,1617,11622,0.021338132836822725,0.021338132836822725,0.525904527015964,0.005
1,1618,11623,0.022071420355564864,0.022071420355564864,0.5259701321247058,0.005
1,1619,11624,0.02275139676838396,0.02275139676838396,0.5259732664444542,0.005
1,1620,11625,0.021036776316035163,0.021036776316035163,0.524679094480149,0.005
1,1621,11626,0.02473802930357586,0.02473802930357586,0.526011561392958,0.005
1,1622,11627,0.02097960328752685,0.02097960328752685,0.5235518352676877,0.005
1,1623,11628,0.025295288554594737,0.025295288554594737,0.5256082036640928,0.005
1,1624,11629,0.020719707136672372,0.020719707136672372,0.5255082418002809,0.005
1,1625,11630,0.02358957483364836,0.02358957483364836,0.5253483340062953,0.005
1,1626,11631,0.0214989811637554,0.0214989811637554,0.5237982315093039,0.005
1,1627,11632,0.02410342863427389,0.02410342863427389,0.5253358033621726,0.005
1,1628,11633,0.023270596323103604,0.023270596323103604,0.5252066972056539,0.005
1,1629,11634,0.02079652249852658,0.02079652249852658,0.5261719827619342,0.005
1,1630,11635,0.02392204700337961,0.02392204700337961,0.5251534342138314,0.005
1,1631,11636,0.02242210709115993,0.02242210709115993,0.5253562909167903,0.005
1,1632,11637,0.024530823106696624,0.024530823106696624,0.5253367676896602,0.005
1,1633,11638,0.0242922916365842,0.0242922916365842,0.5247479130539922,0.005
1,1634,11639,0.02004100571023277,0.02004100571023277,0.5235454308742852,0.005
1,1635,11640,0.022740634349174668,0.022740634349174668,0.5248284933149584,0.005
1,1636,11641,0.022182662771031574,0.022182662771031574,0.5252641970357504,0.005
1,1637,11642,0.022891798816010056,0.022891798816010056,0.5246412133780889,0.005
1,1638,11643,0.0213860783345408,0.0213860783345408,0.523621862238027,0.005
1,1639,11644,0.02502502813551571,0.02502502813551571,0.5269842502762971,0.005
1,1640,11645,0.022296617177529246,0.022296617177529246,0.525095652934439,0.005
1,1641,11646,0.018954615166372292,0.018954615166372292,0.524284475034181,0.005
1,1642,11647,0.016554279506923782,0.016554279506923782,0.5235925432451368,0.005
1,1643,11648,0.02330816751107736,0.02330816751107736,0.5251899404930614,0.005
1,1644,11649,0.026064885604290405,0.026064885604290405,0.5258310173377116,0.005
1,1645,11650,0.023425588302521273,0.023425588302521273,0.5247429254214842,0.005
1,1646,11651,0.020408924496294806,0.020408924496294806,0.5245502521903833,0.005
1,1647,11652,0.024440275694141755,0.024440275694141755,0.5256459370499023,0.005
1,1648,11653,0.023475026725128564,0.023475026725128564,0.5259068739375009,0.005
1,1649,11654,0.019965732673012763,0.019965732673012763,0.5258732465408044,0.005
1,1650,11655,0.02015945575280094,0.02015945575280094,0.5250343306822925,0.005
1,1651,11656,0.025144596110764937,0.025144596110764937,0.5258443287151471,0.005
1,1652,11657,0.021680541376758976,0.021680541376758976,0.5254234661520348,0.005
1,1653,11658,0.02174132763267292,0.02174132763267292,0.5263050653180646,0.005
1,1654,11659,0.021104300390920462,0.021104300390920462,0.5258199629566033,0.005
1,1655,11660,0.02765418337618939,0.02765418337618939,0.5263978907726716,0.005
1,1656,11661,0.024619751594984356,0.024619751594984356,0.5253753239581366,0.005
1,1657,11662,0.025548756360985837,0.025548756360985837,0.5266308937174791,0.005
1,1658,11663,0.022370146121447824,0.022370146121447824,0.5252559604799856,0.005
1,1659,11664,0.020108476444629722,0.020108476444629722,0.5256847815185193,0.005
1,1660,11665,0.02067859029375616,0.02067859029375616,0.5256761265775779,0.005
1,1661,11666,0.028035403053836942,0.028035403053836942,0.5265601659689823,0.005
1,1662,11667,0.024396135612538075,0.024396135612538075,0.5252215533335348,0.005
1,1663,11668,0.026108325667579826,0.026108325667579826,0.5265895436950896,0.005
1,1664,11669,0.023679700125610624,0.023679700125610624,0.525184322495987,0.005
1,1665,11670,0.025571715194220062,0.025571715194220062,0.5252148906498966,0.005
1,1666,11671,0.02156037168468514,0.02156037168468514,0.5262157824587788,0.005
1,1667,11672,0.024134774701756814,0.024134774701756814,0.5251675473389098,0.005
1,1668,11673,0.023220840398900745,0.023220840398900745,0.5251058867964212,0.005
1,1669,11674,0.02268649365238871,0.02268649365238871,0.5258833829565459,0.005
1,1670,11675,0.02138144625325468,0.02138144625325468,0.5249474492948922,0.005
1,1671,11676,0.01795914708719399,0.01795914708719399,0.5241193565159663,0.005
1,1672,11677,0.022763451082761836,0.022763451082761836,0.5256348395007627,0.005
1,1673,11678,0.026261479210753523,0.026261479210753523,0.5247010481065745,0.005
1,1674,11679,0.02311379377937217,0.02311379377937217,0.524801384420388,0.005
1,1675,11680,0.021260091632976513,0.021260091632976513,0.5245965646580766,0.005
1,1676,11681,0.022491981641943583,0.022491981641943583,0.5253621013465655,0.005
1,1677,11682,0.022685421047907744,0.022685421047907744,0.5265442430905348,0.005
1,1678,11683,0.020467981421781536,0.020467981421781536,0.5244401291266965,0.005
1,1679,11684,0.02291407362264602,0.02291407362264602,0.524023345700517,0.005
1,1680,11685,0.02258031156252171,0.02258031156252171,0.5254914716732995,0.005
1,1681,11686,0.018619964624622072,0.018619964624622072,0.5239379538456456,0.005
1,1682,11687,0.022477463032562726,0.022477463032562726,0.5253210680252139,0.005
1,1683,11688,0.02414787136505564,0.02414787136505564,0.5258424393140744,0.005
1,1684,11689,0.02214981314518289,0.02214981314518289,0.5260689840089482,0.005
1,1685,11690,0.019764880393114755,0.019764880393114755,0.5254382580754845,0.005
1,1686,11691,0.021662580949645297,0.021662580949645297,0.5248940724148847,0.005
1,1687,11692,0.02290777629188872,0.02290777629188872,0.5260377874131813,0.005
1,1688,11693,0.020846902818403734,0.020846902818403734,0.5255736438356464,0.005
1,1689,11694,0.019001509129055093,0.019001509129055093,0.5252179335727766,0.005
1,1690,11695,0.020184913234829994,0.020184913234829994,0.5248938217496778,0.005
1,1691,11696,0.02108795556958866,0.02108795556958866,0.5252249334350751,0.005
1,1692,11697,0.020271920596731472,0.020271920596731472,0.5246596904895613,0.005
1,1693,11698,0.021830518480060956,0.021830518480060956,0.525291234587129,0.005
1,1694,11699,0.020691159316295567,0.020691159316295567,0.52387081567573,0.005
1,1695,11700,0.020130886415594285,0.020130886415594285,0.5243593662264552,0.005
1,1696,11701,0.023408147588506692,0.023408147588506692,0.5241655580333944,0.005
1,1697,11702,0.022826884196674703,0.022826884196674703,0.5255969226010215,0.005
1,1698,11703,0.01847378973040033,0.01847378973040033,0.5244341453383159,0.005
1,1699,11704,0.021134544363187166,0.021134544363187166,0.5253656222775037,0.005
1,1700,11705,0.016622486886619294,0.016622486886619294,0.5240915327849744,0.005
1,1701,11706,0.02525221010519381,0.02525221010519381,0.5246265925206632,0.005
1,1702,11707,0.018985836008541174,0.018985836008541174,0.5235865265599282,0.005
1,1703,11708,0.020943243039766836,0.020943243039766836,0.5259186112994583,0.005
1,1704,11709,0.021558609390098085,0.021558609390098085,0.5250838146089427,0.005
1,1705,11710,0.02227539545644873,0.02227539545644873,0.5248832122481437,0.005
1,1706,11711,0.019456992586366746,0.019456992586366746,0.5250955891024138,0.005
1,1707,11712,0.019757636365508504,0.019757636365508504,0.5241473751910866,0.005
1,1708,11713,0.020880577786143842,0.020880577786143842,0.5256248006636617,0.005
1,1709,11714,0.017902379692745427,0.017902379692745427,0.5249088300923268,0.005
1,1710,11715,0.017671688946124295,0.017671688946124295,0.5246453402347147,0.005
1,1711,11716,0.02043094210408795,0.02043094210408795,0.5253543402391526,0.005
1,1712,11717,0.022002531325428735,0.022002531325428735,0.52538598057305,0.005
1,1713,11718,0.02073743036068257,0.02073743036068257,0.525829831251975,0.005
1,1714,11719,0.022302687553292372,0.022302687553292372,0.5265830460005282,0.005
1,1715,11720,0.019983595558223568,0.019983595558223568,0.524745784143638,0.005
1,1716,11721,0.022605551293296448,0.022605551293296448,0.525298299201238,0.005
1,1717,11722,0.02197079409531901,0.02197079409531901,0.5263085048104053,0.005
1,1718,11723,0.022134370367142144,0.022134370367142144,0.5253993646148323,0.005
1,1719,11724,0.02061776324642643,0.02061776324642643,0.5253386274117317,0.005
1,1720,11725,0.01998719459616361,0.01998719459616361,0.5247404644531909,0.005
1,1721,11726,0.020929352331271214,0.020929352331271214,0.5262259495790134,0.005
1,1722,11727,0.020682672591701687,0.020682672591701687,0.5259535387640257,0.005
1,1723,11728,0.022654685613637898,0.022654685613637898,0.5267574540281139,0.005
1,1724,11729,0.021340208312829914,0.021340208312829914,0.5262139584168279,0.005
1,1725,11730,0.019060303990640664,0.019060303990640664,0.5246172156580037,0.005
1,1726,11731,0.01964676700346213,0.01964676700346213,0.5252258713075942,0.005
1,1727,11732,0.02209419603154217,0.02209419603154217,0.5254684591774441,0.005
1,1728,11733,0.02413257709198256,0.02413257709198256,0.5265339579402102,0.005
1,1729,11734,0.022657288276768207,0.022657288276768207,0.525367045271908,0.005
1,1730,11735,0.022766139432657324,0.022766139432657324,0.525710485915267,0.005
1,1731,11736,0.021505635219526382,0.021505635219526382,0.5247826193003737,0.005
1,1732,11737,0.020652368007664304,0.020652368007664304,0.5263888105957767,0.005
1,1733,11738,0.019979707512309194,0.019979707512309194,0.526009860000988,0.005
1,1734,11739,0.022138830746755368,0.022138830746755368,0.5260972141980821,0.005
1,1735,11740,0.017930146297952688,0.017930146297952688,0.5251020763509638,0.005
1,1736,11741,0.017810792329635228,0.017810792329635228,0.524704390780438,0.005
1,1737,11742,0.020171767972517893,0.020171767972517893,0.5241958602008132,0.005
1,1738,11743,0.01677845664376356,0.01677845664376356,0.5247703881263631,0.005
1,1739,11744,0.022235736031845373,0.022235736031845373,0.5241922129898383,0.005
1,1740,11745,0.025396529097934172,0.025396529097934172,0.5256293342284247,0.005
1,1741,11746,0.02024598687807482,0.02024598687807482,0.5242804747562608,0.005
1,1742,11747,0.019637958585911032,0.019637958585911032,0.5247469393482886,0.005
1,1743,11748,0.0243343990446969,0.0243343990446969,0.5259847698562531,0.005
1,1744,11749,0.019091538579724517,0.019091538579724517,0.5257198684758068,0.005
1,1745,11750,0.021045532670367025,0.021045532670367025,0.5251115295930541,0.005
1,1746,11751,0.022452094656739273,0.022452094656739273,0.5251931179106172,0.005
1,1747,11752,0.017998821210521924,0.017998821210521924,0.5245895000105362,0.005
1,1748,11753,0.02092797424986337,0.02092797424986337,0.5246782837663181,0.005
1,1749,11754,0.019272359148438008,0.019272359148438008,0.5249320424104147,0.005
1,1750,11755,0.01991030076945293,0.01991030076945293,0.5249156783529941,0.005
1,1751,11756,0.019389774838496267,0.019389774838496267,0.5249428462035708,0.005
1,1752,11757,0.020795126574174087,0.020795126574174087,0.525626457603059,0.005
1,1753,11758,0.019865297356644596,0.019865297356644596,0.5245491699691568,0.005
1,1754,11759,0.02092375750023815,0.02092375750023815,0.5265220034350381,0.005
1,1755,11760,0.019718823590609592,0.019718823590609592,0.5249017765555114,0.005
1,1756,11761,0.020180616366155715,0.020180616366155715,0.525536876071474,0.005
1,1757,11762,0.022105478475783674,0.022105478475783674,0.5239817151160254,0.005
1,1758,11763,0.02204956139787725,0.02204956139787725,0.5260192859485723,0.005
1,1759,11764,0.020086957451243084,0.020086957451243084,0.522929054893486,0.005
1,1760,11765,0.01954324271453421,0.01954324271453421,0.5248557653867559,0.005
1,1761,11766,0.021555786471627363,0.021555786471627363,0.5259956328459244,0.005
1,1762,11767,0.01891490109814379,0.01891490109814379,0.524825179418729,0.005
1,1763,11768,0.016712218274860746,0.016712218274860746,0.5238808462015502,0.005
1,1764,11769,0.023079090745912814,0.023079090745912814,0.5256100074833742,0.005
1,1765,11770,0.020080731712934445,0.020080731712934445,0.5247590775789699,0.005
1,1766,11771,0.019638945901574036,0.019638945901574036,0.5258576899395284,0.005
1,1767,11772,0.021785954529177885,0.021785954529177885,0.5245151846851241,0.005
1,1768,11773,0.019290657659846402,0.019290657659846402,0.5247898497387407,0.005
1,1769,11774,0.022017305644969315,0.022017305644969315,0.5260594628095331,0.005
1,1770,11775,0.016508638489547558,0.016508638489547558,0.5230179562337384,0.005
1,1771,11776,0.019144015924231546,0.019144015924231546,0.5254625654934946,0.005
1,1772,11777,0.021404002104859564,0.021404002104859564,0.5231994951137898,0.005
1,1773,11778,0.02171263551126463,0.02171263551126463,0.5250157238805467,0.005
1,1774,11779,0.024601863947727575,0.024601863947727575,0.5265672987870097,0.005
1,1775,11780,0.0188692265169334,0.0188692265169334,0.5262151987831015,0.005
1,1776,11781,0.022895776907535775,0.022895776907535775,0.5256146754262071,0.005
1,1777,11782,0.01997180022870223,0.01997180022870223,0.5228823367232499,0.005
1,1778,11783,0.02254042680692213,0.02254042680692213,0.524948620437778,0.005
1,1779,11784,0.020537088421788627,0.020537088421788627,0.5250429241898347,0.005
1,1780,11785,0.021754987658210045,0.021754987658210045,0.5251550335572402,0.005
1,1781,11786,0.01970678231151272,0.01970678231151272,0.5240844815375962,0.005
1,1782,11787,0.023675236477165334,0.023675236477165334,0.523759470317302,0.005
1,1783,11788,0.021755367492255064,0.021755367492255064,0.5224074557352126,0.005
1,1784,11789,0.018030659815785593,0.018030659815785593,0.5235465025993903,0.005
1,1785,11790,0.018737936902115455,0.018737936902115455,0.5256903110182161,0.005
1,1786,11791,0.01774777031872163,0.01774777031872163,0.5244678451144013,0.005
1,1787,11792,0.020439367938882808,0.020439367938882808,0.5256438735270689,0.005
1,1788,11793,0.019634646748830645,0.019634646748830645,0.5239378479889829,0.005
1,1789,11794,0.01641163760815456,0.01641163760815456,0.5232996079204045,0.005
1,1790,11795,0.020168116553533323,0.020168116553533323,0.5235081504568794,0.005
1,1791,11796,0.01847191541373442,0.01847191541373442,0.5245977647398102,0.005
1,1792,11797,0.021350611250344688,0.021350611250344688,0.5243668377278775,0.005
1,1793,11798,0.01889572432235527,0.01889572432235527,0.5240313358235624,0.005
1,1794,11799,0.02120807164927489,0.02120807164927489,0.525092400417104,0.005
1,1795,11800,0.022569717099959696,0.022569717099959696,0.5248865367071156,0.005
1,1796,11801,0.0200038187279849,0.0200038187279849,0.5250475878306943,0.005
1,1797,11802,0.020927418906588974,0.020927418906588974,0.5249196449998932,0.005
1,1798,11803,0.02214497718284716,0.02214497718284716,0.5253567012901357,0.005
1,1799,11804,0.02073543077971517,0.02073543077971517,0.5239821618238725,0.005
1,1800,11805,0.019866261112856554,0.019866261112856554,0.5234651135688415,0.005
1,1801,11806,0.020184399898421534,0.020184399898421534,0.5247841206746942,0.005
1,1802,11807,0.019050894254610293,0.019050894254610293,0.524074473849473,0.005
1,1803,11808,0.018885353879229752,0.018885353879229752,0.5239612614266408,0.005
1,1804,11809,0.020820313189485958,0.020820313189485958,0.5232050081748251,0.005
1,1805,11810,0.021235847631502276,0.021235847631502276,0.5240650442794449,0.005
1,1806,11811,0.015606916752406432,0.015606916752406432,0.5232578881336114,0.005
1,1807,11812,0.01641622662373139,0.01641622662373139,0.5242583048365025,0.005
1,1808,11813,0.020200881133822013,0.020200881133822013,0.5244450049133859,0.005
1,1809,11814,0.020093018458675525,0.020093018458675525,0.5255497075212332,0.005
1,1810,11815,0.020298734620718982,0.020298734620718982,0.5243343535246952,0.005
1,1811,11816,0.018669180918153054,0.018669180918153054,0.5251846090636489,0.005
1,1812,11817,0.020620465657747913,0.020620465657747913,0.5246915074791081,0.005
1,1813,11818,0.01900139665785295,0.01900139665785295,0.5240825593082041,0.005
1,1814,11819,0.020384754784549833,0.020384754784549833,0.524861367683001,0.005
1,1815,11820,0.018536849592847682,0.018536849592847682,0.5245039548999632,0.005
1,1816,11821,0.017685173680078436,0.017685173680078436,0.524680787184878,0.005
1,1817,11822,0.017932127058000083,0.017932127058000083,0.5231879503345035,0.005
1,1818,11823,0.01731690425374026,0.01731690425374026,0.5228132964650894,0.005
1,1819,11824,0.018798237628047124,0.018798237628047124,0.5239178995838307,0.005
1,1820,11825,0.017589818047445777,0.017589818047445777,0.5246125747436736,0.005
1,1821,11826,0.019483462612421048,0.019483462612421048,0.5244924441653045,0.005
1,1822,11827,0.019881375315614083,0.019881375315614083,0.5235514635550926,0.005
1,1823,11828,0.020067124186280132,0.020067124186280132,0.5239101995711459,0.005
1,1824,11829,0.020178756928131286,0.020178756928131286,0.524816453612384,0.005
1,1825,11830,0.015687086064386326,0.015687086064386326,0.5235165155007019,0.005
1,1826,11831,0.021301545626702386,0.021301545626702386,0.5247709998288376,0.005
1,1827,11832,0.020066098078495673,0.020066098078495673,0.5240058268044785,0.005
1,1828,11833,0.019000625774870064,0.019000625774870064,0.5245404352446925,0.005
1,1829,11834,0.01985256689480411,0.01985256689480411,0.5252933554247551,0.005
1,1830,11835,0.022758192823758593,0.022758192823758593,0.5256881601090211,0.005
1,1831,11836,0.018858007853088325,0.018858007853088325,0.5246631234853049,0.005
1,1832,11837,0.022208460091154382,0.022208460091154382,0.5251479915731394,0.005
1,1833,11838,0.02036396545027714,0.02036396545027714,0.5236567660053647,0.005
1,1834,11839,0.017276818710200564,0.017276818710200564,0.5238172129511777,0.005
1,1835,11840,0.01896643007644325,0.01896643007644325,0.5250094074228373,0.005
1,1836,11841,0.021780431133364885,0.021780431133364885,0.5255667830103917,0.005
1,1837,11842,0.017735587677864866,0.017735587677864866,0.5239951567146938,0.005
1,1838,11843,0.021408044791709532,0.021408044791709532,0.5249707052520511,0.005
1,1839,11844,0.021831291642498488,0.021831291642498488,0.5243950092150438,0.005
1,1840,11845,0.022286957757948225,0.022286957757948225,0.5262524353411212,0.005
1,1841,11846,0.01920604431694488,0.01920604431694488,0.5256497853102019,0.005
1,1842,11847,0.02016484328423617,0.02016484328423617,0.5241307099228174,0.005
1,1843,11848,0.01863784401236887,0.01863784401236887,0.5236981482744615,0.005
1,1844,11849,0.018895936394618187,0.018895936394618187,0.5239013507437598,0.005
1,1845,11850,0.021245075117109137,0.021245075117109137,0.5242731067599904,0.005
1,1846,11851,0.02136159477848019,0.02136159477848019,0.5214984033757648,0.005
1,1847,11852,0.01683938891243075,0.01683938891243075,0.5222277615507882,0.005
1,1848,11853,0.022807419119516538,0.022807419119516538,0.5258467782055731,0.005
1,1849,11854,0.022475823648939103,0.022475823648939103,0.5250823400964216,0.005
1,1850,11855,0.020090751420648797,0.020090751420648797,0.5228655720064095,0.005
1,1851,11856,0.019611720511076354,0.019611720511076354,0.5238765940269247,0.005
1,1852,11857,0.022507389141640126,0.022507389141640126,0.525331834781392,0.005
1,1853,11858,0.018337778097085262,0.018337778097085262,0.5225871231457381,0.005
1,1854,11859,0.019693071446392728,0.019693071446392728,0.5234202092428337,0.005
1,1855,11860,0.019235123460333334,0.019235123460333334,0.5220104921588341,0.005
1,1856,11861,0.017841728953479782,0.017841728953479782,0.5219644535001042,0.005
1,1857,11862,0.016695672690057173,0.016695672690057173,0.5221470274524165,0.005
1,1858,11863,0.017949900426311657,0.017949900426311657,0.5219890251528068,0.005
1,1859,11864,0.016522524269535262,0.016522524269535262,0.521888477453922,0.005
1,1860,11865,0.016369736705446822,0.016369736705446822,0.5231092071354976,0.005
1,1861,11866,0.017838901371968665,0.017838901371968665,0.5219085458863211,0.005
1,1862,11867,0.016851298504162227,0.016851298504162227,0.521980777416713,0.005
1,1863,11868,0.018402954126564532,0.018402954126564532,0.5224927982250498,0.005
1,1864,11869,0.01645922096097224,0.01645922096097224,0.5230392645725775,0.005
1,1865,11870,0.015224197717768307,0.015224197717768307,0.5227081562663274,0.005
1,1866,11871,0.018513575086447895,0.018513575086447895,0.5235360422807132,0.005
1,1867,11872,0.01571497959612371,0.01571497959612371,0.5222881998315962,0.005
1,1868,11873,0.015234425778198436,0.015234425778198436,0.5224379207722265,0.005
1,1869,11874,0.01984261334668735,0.01984261334668735,0.5239327569670544,0.005
1,1870,11875,0.01654584274441387,0.01654584274441387,0.5214661376234581,0.005
1,1871,11876,0.014502216327628452,0.014502216327628452,0.5222438191423193,0.005
1,1872,11877,0.01835076007202813,0.01835076007202813,0.5224500719521581,0.005
1,1873,11878,0.017640340236297028,0.017640340236297028,0.5228926675899169,0.005
1,1874,11879,0.016364975693547147,0.016364975693547147,0.5226544137361158,0.005
1,1875,11880,0.017197716117651005,0.017197716117651005,0.5237817132559404,0.005
1,1876,11881,0.016082126605175162,0.016082126605175162,0.5217831037944649,0.005
1,1877,11882,0.019201064709877497,0.019201064709877497,0.5238840035122704,0.005
1,1878,11883,0.016700771874518176,0.016700771874518176,0.5221653969779994,0.005
1,1879,11884,0.01885272135461228,0.01885272135461228,0.522477555366036,0.005
1,1880,11885,0.015581420276016469,0.015581420276016469,0.5212234646013196,0.005
1,1881,11886,0.013726774751224257,0.013726774751224257,0.5229210789253091,0.005
1,1882,11887,0.017978000787881712,0.017978000787881712,0.5229739897637695,0.005
1,1883,11888,0.016996778107403323,0.016996778107403323,0.5235651328929993,0.005
1,1884,11889,0.01874896277195503,0.01874896277195503,0.5233521660114124,0.005
1,1885,11890,0.018551500400570763,0.018551500400570763,0.522344283980294,0.005
1,1886,11891,0.014337630929674418,0.014337630929674418,0.5229304220507398,0.005
1,1887,11892,0.015773644331833266,0.015773644331833266,0.5205573864264433,0.005
1,1888,11893,0.01312615331804428,0.01312615331804428,0.5213585543504303,0.005
1,1889,11894,0.02082549794309335,0.02082549794309335,0.5238925952582717,0.005
1,1890,11895,0.016927841793108696,0.016927841793108696,0.5234929631476737,0.005
1,1891,11896,0.02114792200173926,0.02114792200173926,0.5232228314470558,0.005
1,1892,11897,0.017769157989900614,0.017769157989900614,0.5217143871629482,0.005
1,1893,11898,0.015853450234553694,0.015853450234553694,0.5217071942834457,0.005
1,1894,11899,0.01927834436083873,0.01927834436083873,0.5232259389958633,0.005
1,1895,11900,0.01986859107204776,0.01986859107204776,0.5222513764938723,0.005
1,1896,11901,0.01574467929666074,0.01574467929666074,0.521309467256868,0.005
1,1897,11902,0.01706475702967969,0.01706475702967969,0.5221567674704191,0.005
1,1898,11903,0.01225166177955513,0.01225166177955513,0.520741008936061,0.005
1,1899,11904,0.013818280655409887,0.013818280655409887,0.5200577273929535,0.005
1,1900,11905,0.015461751625847776,0.015461751625847776,0.5211083238112854,0.005
1,1901,11906,0.016477457721015318,0.016477457721015318,0.5227270619307619,0.005
1,1902,11907,0.019030533433938332,0.019030533433938332,0.5225744798359264,0.005
1,1903,11908,0.014567461737879052,0.014567461737879052,0.5214210241209815,0.005
1,1904,11909,0.022022642312364345,0.022022642312364345,0.5209817554858426,0.005
1,1905,11910,0.016053959491108438,0.016053959491108438,0.5220304698571167,0.005
1,1906,11911,0.015933428920806868,0.015933428920806868,0.5202514830881957,0.005
1,1907,11912,0.014692639420856869,0.014692639420856869,0.520415258636063,0.005
1,1908,11913,0.01670944974453497,0.01670944974453497,0.5186407152058403,0.005
1,1909,11914,0.015295332916576532,0.015295332916576532,0.5191441098912206,0.005
1,1910,11915,0.020368189500056637,0.020368189500056637,0.519831336665471,0.005
1,1911,11916,0.015760321655514123,0.015760321655514123,0.5201316090530498,0.005
1,1912,11917,0.01605379898281657,0.01605379898281657,0.5218765632394163,0.005
1,1913,11918,0.014621985393850883,0.014621985393850883,0.5212916903210617,0.005
1,1914,11919,0.020508888807795635,0.020508888807795635,0.5232181599314296,0.005
1,1915,11920,0.017533727557127576,0.017533727557127576,0.5216830556544577,0.005
1,1916,11921,0.01863521888495745,0.01863521888495745,0.5228377419119292,0.005
1,1917,11922,0.017464319451938635,0.017464319451938635,0.5214282942316403,0.005
1,1918,11923,0.013041239603830461,0.013041239603830461,0.5218847810647612,0.005
1,1919,11924,0.01481713656743828,0.01481713656743828,0.5201462418675196,0.005
1,1920,11925,0.015309819057874277,0.015309819057874277,0.5214189508174144,0.005
1,1921,11926,0.01779297052229792,0.01779297052229792,0.5219319232226726,0.005
1,1922,11927,0.014852873073156386,0.014852873073156386,0.5209659433357209,0.005
1,1923,11928,0.019791301144267456,0.019791301144267456,0.5221896999809784,0.005
1,1924,11929,0.018235065447084746,0.018235065447084746,0.5228501406323409,0.005
1,1925,11930,0.014371240393563004,0.014371240393563004,0.5211812320261537,0.005
1,1926,11931,0.014117751394249357,0.014117751394249357,0.5216995266236307,0.005
1,1927,11932,0.012414044128424548,0.012414044128424548,0.520298318772886,0.005
1,1928,11933,0.011419807066818154,0.011419807066818154,0.5203741537037677,0.005
1,1929,11934,0.016056461545492777,0.016056461545492777,0.5207445701821798,0.005
1,1930,11935,0.017942110256341605,0.017942110256341605,0.5189986965866151,0.005
1,1931,11936,0.016648141939367353,0.016648141939367353,0.5226390457301051,0.005
1,1932,11937,0.019344742694863172,0.019344742694863172,0.5203681525510652,0.005
1,1933,11938,0.020149146030207437,0.020149146030207437,0.5224890129887945,0.005
1,1934,11939,0.020709210716156896,0.020709210716156896,0.5239543717545888,0.005
1,1935,11940,0.019183391362762404,0.019183391362762404,0.5186743530858379,0.005
1,1936,11941,0.01938931466202444,0.01938931466202444,0.5187797841320524,0.005
1,1937,11942,0.017938685924990164,0.017938685924990164,0.5213179440170363,0.005
1,1938,11943,0.016410661213004805,0.016410661213004805,0.5214055297392198,0.005
1,1939,11944,0.018121694734102068,0.018121694734102068,0.5205247687863197,0.005
1,1940,11945,0.01988496779500362,0.01988496779500362,0.5229740237546934,0.005
1,1941,11946,0.014166524032790954,0.014166524032790954,0.5190407705309754,0.005
1,1942,11947,0.01665417989703155,0.01665417989703155,0.5215656984126666,0.005
1,1943,11948,0.01631361588350537,0.01631361588350537,0.5201616440369026,0.005
1,1944,11949,0.016183611954977004,0.016183611954977004,0.5191143031601163,0.005
1,1945,11950,0.010081537490098953,0.010081537490098953,0.519400566720595,0.005
1,1946,11951,0.015173164265860368,0.015173164265860368,0.5199285201645506,0.005
1,1947,11952,0.013882808728567952,0.013882808728567952,0.52055625220301,0.005
1,1948,11953,0.009314536116354195,0.009314536116354195,0.5187961636057946,0.005
1,1949,11954,0.01338055053603518,0.01338055053603518,0.5194140689798363,0.005
1,1950,11955,0.017132728943956288,0.017132728943956288,0.5225700281495332,0.005
1,1951,11956,0.016021496877412326,0.016021496877412326,0.5208819109097361,0.005
1,1952,11957,0.014393582897003791,0.014393582897003791,0.5186537688329627,0.005
1,1953,11958,0.01462397152448816,0.01462397152448816,0.5204888432501844,0.005
1,1954,11959,0.015147363994196984,0.015147363994196984,0.5197355733947974,0.005
1,1955,11960,0.010541850062002272,0.010541850062002272,0.5185509104849283,0.005
1,1956,11961,0.009858339791464898,0.009858339791464898,0.517652004971302,0.005
1,1957,11962,0.014294054464801052,0.014294054464801052,0.520074459877548,0.005
1,1958,11963,0.013285456806921305,0.013285456806921305,0.51955262011326,0.005
1,1959,11964,0.01297305893560807,0.01297305893560807,0.5180336791119982,0.005
1,1960,11965,0.013822240269874404,0.013822240269874404,0.518905531256729,0.005
1,1961,11966,0.01128248080006809,0.01128248080006809,0.518078566435877,0.005
1,1962,11967,0.011376679172692358,0.011376679172692358,0.5195916651751408,0.005
1,1963,11968,0.011258908359147236,0.011258908359147236,0.5194916905071421,0.005
1,1964,11969,0.01877940199224143,0.01877940199224143,0.5214745995601421,0.005
1,1965,11970,0.011444253525756011,0.011444253525756011,0.5190608635102055,0.005
1,1966,11971,0.012595159647736767,0.012595159647736767,0.5177948405475667,0.005
1,1967,11972,0.018229339535805116,0.018229339535805116,0.5188933613927182,0.005
1,1968,11973,0.011469615637453648,0.011469615637453648,0.5192996635717154,0.005
1,1969,11974,0.01385071602060709,0.01385071602060709,0.5198088671258404,0.005
1,1970,11975,0.01791725880963327,0.01791725880963327,0.5203994819849049,0.005
1,1971,11976,0.014586444918716622,0.014586444918716622,0.5190956853125768,0.005
1,1972,11977,0.017333773252489894,0.017333773252489894,0.5208657587009841,0.005
1,1973,11978,0.014574504112297458,0.014574504112297458,0.5197537724010445,0.005
1,1974,11979,0.014342368955894646,0.014342368955894646,0.5192961139153803,0.005
1,1975,11980,0.012693850444980588,0.012693850444980588,0.520164794731857,0.005
1,1976,11981,0.015125086572078825,0.015125086572078825,0.5205793464735448,0.005
1,1977,11982,0.01328853849004845,0.01328853849004845,0.5208903429907447,0.005
1,1978,11983,0.01769241911648764,0.01769241911648764,0.5194718190175983,0.005
1,1979,11984,0.015169264361183949,0.015169264361183949,0.5210650491007995,0.005
1,1980,11985,0.011838345601676726,0.011838345601676726,0.5189303882706784,0.005
1,1981,11986,0.014294146709413964,0.014294146709413964,0.519894840004037,0.005
1,1982,11987,0.013812706908181108,0.013812706908181108,0.52031685794593,0.005
1,1983,11988,0.013028514759892022,0.013028514759892022,0.5190222526200007,0.005
1,1984,11989,0.013433913416823016,0.013433913416823016,0.518740753373668,0.005
1,1985,11990,0.012321137727416978,0.012321137727416978,0.5191881077723409,0.005
1,1986,11991,0.011495794812266969,0.011495794812266969,0.5185685699253996,0.005
1,1987,11992,0.01833928707819337,0.01833928707819337,0.5174952462795444,0.005
1,1988,11993,0.014538572761753826,0.014538572761753826,0.5197708377837844,0.005
1,1989,11994,0.013551153597038176,0.013551153597038176,0.5171567013960925,0.005
1,1990,11995,0.012689211409704533,0.012689211409704533,0.5185029561912099,0.005
1,1991,11996,0.01545506808653759,0.01545506808653759,0.5201857113928599,0.005
1,1992,11997,0.013556720274772047,0.013556720274772047,0.5203890326031526,0.005
1,1993,11998,0.013501588882880857,0.013501588882880857,0.5193883096593217,0.005
1,1994,11999,0.015695016645695264,0.015695016645695264,0.5191131304112211,0.005
1,1995,12000,0.01455143330007549,0.01455143330007549,0.519228186267842,0.005
1,1996,12001,0.011133446502843649,0.011133446502843649,0.5182508272256275,0.005
1,1997,12002,0.011990465475407192,0.011990465475407192,0.5185703329266835,0.005
1,1998,12003,0.010614319281650804,0.010614319281650804,0.5182784458206172,0.005
1,1999,12004,0.01249127737337387,0.01249127737337387,0.519625559622416,0.005
1,2000,12005,0.015935156394004717,0.015935156394004717,0.5195427597381663,0.005
