step,epoch,global_epoch,total_loss,step_loss,superfidelity,learning_rate
6,0,0,0.1172387416270941,0.1172387416270941,0.8797139947530613,0.005
6,1,1,0.10040398810933847,0.10040398810933847,0.8967404164281357,0.005
6,2,2,0.08891395320815841,0.08891395320815841,0.9084713383332145,0.005
6,3,3,0.07510269074314954,0.07510269074314954,0.9224774757493275,0.005
6,4,4,0.08337694857774354,0.08337694857774354,0.9139843533385502,0.005
6,5,5,0.08787836236229465,0.08787836236229465,0.9093985938076523,0.005
6,6,6,0.07729256869969797,0.07729256869969797,0.9201920842192689,0.005
6,7,7,0.08651739307334015,0.08651739307334015,0.9107111589848248,0.005
6,8,8,0.08253257054863898,0.08253257054863898,0.9149190985300962,0.005
6,9,9,0.08287081728130229,0.08287081728130229,0.9145762632436584,0.005
6,10,10,0.06623912492747176,0.06623912492747176,0.9315046548017872,0.005
6,11,11,0.06152378683587483,0.06152378683587483,0.9362375851486449,0.005
6,12,12,0.06462289798449625,0.06462289798449625,0.9333331623072955,0.005
6,13,13,0.07486261202882705,0.07486261202882705,0.9227043332814024,0.005
6,14,14,0.05852111500509458,0.05852111500509458,0.9393487738788132,0.005
6,15,15,0.06899288060136376,0.06899288060136376,0.928645476209519,0.005
6,16,16,0.0608958219887077,0.0608958219887077,0.9369578112897502,0.005
6,17,17,0.04365078282893586,0.04365078282893586,0.9545202481754259,0.005
6,18,18,0.04777872257446249,0.04777872257446249,0.9501204736288952,0.005
6,19,19,0.05864765694143602,0.05864765694143602,0.9393001814744618,0.005
6,20,20,0.044651184107163996,0.044651184107163996,0.9535513643547254,0.005
6,21,21,0.04344581017932561,0.04344581017932561,0.9546620901178422,0.005
6,22,22,0.03871903329733546,0.03871903329733546,0.9595029715556895,0.005
6,23,23,0.0519885133830531,0.0519885133830531,0.9458125298485001,0.005
6,24,24,0.03884719925680567,0.03884719925680567,0.9591990352363815,0.005
6,25,25,0.03876310431095463,0.03876310431095463,0.9593592901177359,0.005
6,26,26,0.038544216958162666,0.038544216958162666,0.9595936283382901,0.005
6,27,27,0.0487038171552977,0.0487038171552977,0.9493207477819361,0.005
6,28,28,0.046138975459331905,0.046138975459331905,0.95191131014541,0.005
6,29,29,0.0382219240935357,0.0382219240935357,0.9598869025300752,0.005
6,30,30,0.0486417486169496,0.0486417486169496,0.9492412624306014,0.005
6,31,31,0.031733064315451726,0.031733064315451726,0.966612251399457,0.005
6,32,32,0.035066785433344974,0.035066785433344974,0.9631348405691417,0.005
6,33,33,0.033548888226907075,0.033548888226907075,0.9645795869840135,0.005
6,34,34,0.026433199302025572,0.026433199302025572,0.9718358815476772,0.005
6,35,35,0.02770009417947121,0.02770009417947121,0.970704780162967,0.005
6,36,36,0.024811740906528983,0.024811740906528983,0.9736562885281644,0.005
6,37,37,0.030466023360661607,0.030466023360661607,0.9677505951202587,0.005
6,38,38,0.024722807163564637,0.024722807163564637,0.9736315765484684,0.005
6,39,39,0.022097700219382524,0.022097700219382524,0.9763636626141167,0.005
6,40,40,0.021892355858139357,0.021892355858139357,0.9765894031377919,0.005
6,41,41,0.022723027464046253,0.022723027464046253,0.9756561878704794,0.005
6,42,42,0.016695840393847562,0.016695840393847562,0.9818773378119655,0.005
6,43,43,0.018699040345149416,0.018699040345149416,0.9798470932839201,0.005
6,44,44,0.023348060269207722,0.023348060269207722,0.9749902156082657,0.005
6,45,45,0.020005338279727506,0.020005338279727506,0.9784407985935335,0.005
6,46,46,0.012656726865142834,0.012656726865142834,0.9860898781582251,0.005
6,47,47,0.019208161548017286,0.019208161548017286,0.9792986152150072,0.005
6,48,48,0.019704850799817465,0.019704850799817465,0.9787395728630777,0.005
6,49,49,0.011238170404094479,0.011238170404094479,0.9875540960525947,0.005
6,50,50,0.026081945268616763,0.026081945268616763,0.9721414728707547,0.005
6,51,51,0.01327188514694953,0.01327188514694953,0.9854474324208433,0.005
6,52,52,0.01697551097745739,0.01697551097745739,0.9816377174756424,0.005
6,53,53,0.013003732099009796,0.013003732099009796,0.9856800537063113,0.005
6,54,54,0.014923368694782228,0.014923368694782228,0.9837129771121181,0.005
6,55,55,0.010921624465058713,0.010921624465058713,0.9878703970106485,0.005
6,56,56,0.014432497932642343,0.014432497932642343,0.984348377995543,0.005
6,57,57,0.01155196924639897,0.01155196924639897,0.987277359719481,0.005
6,58,58,0.009133309892159698,0.009133309892159698,0.9896948943007101,0.005
6,59,59,0.01221590005973335,0.01221590005973335,0.9865800639619487,0.005
6,60,60,0.014137288966260743,0.014137288966260743,0.9846234566594136,0.005
6,61,61,0.010553286550122744,0.010553286550122744,0.9882380860564398,0.005
6,62,62,0.01212326623631636,0.01212326623631636,0.986598024891808,0.005
6,63,63,0.0077079267431428055,0.0077079267431428055,0.9911785712495809,0.005
6,64,64,0.008177839833962992,0.008177839833962992,0.9907006949300822,0.005
6,65,65,0.010064223213634888,0.010064223213634888,0.9887067521003079,0.005
6,66,66,0.008753646976675888,0.008753646976675888,0.9900631103902157,0.005
6,67,67,0.009981032209670778,0.009981032209670778,0.9888538461198855,0.005
6,68,68,0.009044981258689506,0.009044981258689506,0.9898242096772285,0.005
6,69,69,0.0088577329407368,0.0088577329407368,0.9899907566863553,0.005
6,70,70,0.012054178500828575,0.012054178500828575,0.9866643139452139,0.005
6,71,71,0.006157957317630842,0.006157957317630842,0.9928558207794799,0.005
6,72,72,0.006135314677989425,0.006135314677989425,0.992897947441814,0.005
6,73,73,0.00984685535546449,0.00984685535546449,0.9890576222973061,0.005
6,74,74,0.007284036810883405,0.007284036810883405,0.991652031348506,0.005
6,75,75,0.0060272239825114055,0.0060272239825114055,0.9930254431451162,0.005
6,76,76,0.006621102950785841,0.006621102950785841,0.9923725823696252,0.005
6,77,77,0.00784777037076853,0.00784777037076853,0.9910695769099152,0.005
6,78,78,0.005361690499483712,0.005361690499483712,0.993746251886701,0.005
6,79,79,0.007557904964626041,0.007557904964626041,0.9913828833818349,0.005
6,80,80,0.00983244202690008,0.00983244202690008,0.9889681074270684,0.005
6,81,81,0.007889389108280782,0.007889389108280782,0.9910438684353627,0.005
6,82,82,0.006034684167313764,0.006034684167313764,0.9929942436620867,0.005
6,83,83,0.0065463257726392195,0.0065463257726392195,0.9924357259339844,0.005
6,84,84,0.004190067980416187,0.004190067980416187,0.9950037321873896,0.005
6,85,85,0.006694487227634769,0.006694487227634769,0.99229338719503,0.005
6,86,86,0.005254182295096334,0.005254182295096334,0.9938596342957564,0.005
6,87,87,0.006749513301327018,0.006749513301327018,0.9922294193148975,0.005
6,88,88,0.004338062814432473,0.004338062814432473,0.9949491707085383,0.005
6,89,89,0.0062859047936161426,0.0062859047936161426,0.9927703421236995,0.005
6,90,90,0.00600702283523596,0.00600702283523596,0.9931780256037026,0.005
6,91,91,0.006632778912030353,0.006632778912030353,0.9923874217550028,0.005
6,92,92,0.005955859379763703,0.005955859379763703,0.9930929017923156,0.005
6,93,93,0.0038017836216529396,0.0038017836216529396,0.9954158065362169,0.005
6,94,94,0.006679895051841217,0.006679895051841217,0.992395027937153,0.005
6,95,95,0.0040167857182043685,0.0040167857182043685,0.9952493975015405,0.005
6,96,96,0.005131625759241458,0.005131625759241458,0.9940357056975659,0.005
6,97,97,0.003740122949605691,0.003740122949605691,0.9955316702791115,0.005
6,98,98,0.004528190679554334,0.004528190679554334,0.9947140678504508,0.005
6,99,99,0.005193285155541831,0.005193285155541831,0.9939385153822696,0.005
6,100,100,0.004769388579289202,0.004769388579289202,0.9944100931484414,0.005
6,101,101,0.00501945848136824,0.00501945848136824,0.9941260867425389,0.005
6,102,102,0.0053828019747243295,0.0053828019747243295,0.9937470988623557,0.005
6,103,103,0.0036146147800285577,0.0036146147800285577,0.995662640559728,0.005
6,104,104,0.004812238850288237,0.004812238850288237,0.994418141938616,0.005
6,105,105,0.005042234265342796,0.005042234265342796,0.9942206195040588,0.005
6,106,106,0.004944771001183414,0.004944771001183414,0.9942076234890389,0.005
6,107,107,0.003997370880843278,0.003997370880843278,0.9952624811829583,0.005
6,108,108,0.004431639801553442,0.004431639801553442,0.9947919820700353,0.005
6,109,109,0.00532263776828343,0.00532263776828343,0.9939072111400803,0.005
6,110,110,0.0035038384094981815,0.0035038384094981815,0.9958054378594446,0.005
6,111,111,0.0046269722093866565,0.0046269722093866565,0.9945854582767752,0.005
6,112,112,0.0034673758507781085,0.0034673758507781085,0.9959110233645556,0.005
6,113,113,0.004687626750813533,0.004687626750813533,0.9944928424479091,0.005
6,114,114,0.004471358450306702,0.004471358450306702,0.9947647440582729,0.005
6,115,115,0.003349067341578711,0.003349067341578711,0.9959733561787542,0.005
6,116,116,0.004342411401996295,0.004342411401996295,0.9949030330167306,0.005
6,117,117,0.002912337639396855,0.002912337639396855,0.9964760577813683,0.005
6,118,118,0.0035391937697183797,0.0035391937697183797,0.9957815593903452,0.005
6,119,119,0.003797708698748593,0.003797708698748593,0.9955006590546357,0.005
6,120,120,0.003217653900467453,0.003217653900467453,0.9961306436190503,0.005
6,121,121,0.0022653119758311137,0.0022653119758311137,0.9971974601391569,0.005
6,122,122,0.0025888495629968642,0.0025888495629968642,0.9968450710439342,0.005
6,123,123,0.0037652581000679653,0.0037652581000679653,0.9955446021894742,0.005
6,124,124,0.0035620246501529974,0.0035620246501529974,0.9958146114772748,0.005
6,125,125,0.002498323497958689,0.002498323497958689,0.9969509710067054,0.005
6,126,126,0.0032089697389540406,0.0032089697389540406,0.9961158048730412,0.005
6,127,127,0.0029760810797208417,0.0029760810797208417,0.9964318677875632,0.005
6,128,128,0.002769582957700435,0.002769582957700435,0.9966439372772897,0.005
6,129,129,0.0023734133466022634,0.0023734133466022634,0.9971162082977626,0.005
6,130,130,0.0031654856800838282,0.0031654856800838282,0.9962042936090176,0.005
6,131,131,0.002586594342181693,0.002586594342181693,0.9968689346506917,0.005
6,132,132,0.0025960280821437833,0.0025960280821437833,0.9968809397519057,0.005
6,133,133,0.002439926225897704,0.002439926225897704,0.9969777500928564,0.005
6,134,134,0.0028556038061829016,0.0028556038061829016,0.9965326347444576,0.005
6,135,135,0.002122720538437942,0.002122720538437942,0.9973755988577825,0.005
6,136,136,0.0017821993643391586,0.0017821993643391586,0.9977477874418205,0.005
6,137,137,0.002313475248413871,0.002313475248413871,0.9971630948350222,0.005
6,138,138,0.0019389802300813508,0.0019389802300813508,0.9975948892745492,0.005
6,139,139,0.0024834121654923645,0.0024834121654923645,0.9969571393743962,0.005
6,140,140,0.0021363447645260203,0.0021363447645260203,0.9973541345153876,0.005
6,141,141,0.0017906614202157333,0.0017906614202157333,0.9977773923417734,0.005
6,142,142,0.0019987382495158315,0.0019987382495158315,0.997538708342275,0.005
6,143,143,0.002633045387626863,0.002633045387626863,0.9968335751272156,0.005
6,144,144,0.0019919683598053533,0.0019919683598053533,0.997551409975867,0.005
6,145,145,0.0018221454472920231,0.0018221454472920231,0.9977467341919594,0.005
6,146,146,0.002052604578333438,0.002052604578333438,0.9974840312739748,0.005
6,147,147,0.0018182807374024369,0.0018182807374024369,0.9977721193795831,0.005
6,148,148,0.0027380681266836126,0.0027380681266836126,0.9966843709513858,0.005
6,149,149,0.0020740023063090195,0.0020740023063090195,0.9974716641237782,0.005
6,150,150,0.001757042954349699,0.001757042954349699,0.9978026237068637,0.005
6,151,151,0.001594773078916597,0.001594773078916597,0.9979781846235088,0.005
6,152,152,0.0016994099895411986,0.0016994099895411986,0.9978893047663114,0.005
6,153,153,0.002024319976734348,0.002024319976734348,0.9975050969093655,0.005
6,154,154,0.0018829773039213574,0.0018829773039213574,0.9977063456907778,0.005
6,155,155,0.0015501211842560603,0.0015501211842560603,0.9980634899952211,0.005
6,156,156,0.0021051570657162058,0.0021051570657162058,0.9974194182673066,0.005
6,157,157,0.0018957046860896265,0.0018957046860896265,0.9976642993291928,0.005
6,158,158,0.0015269674637867893,0.0015269674637867893,0.998102074025722,0.005
6,159,159,0.0019094409143856662,0.0019094409143856662,0.9976318422546582,0.005
6,160,160,0.001448389806921193,0.001448389806921193,0.9981904808185315,0.005
6,161,161,0.002146378585707779,0.002146378585707779,0.9973946501415857,0.005
6,162,162,0.0016439878767786542,0.0016439878767786542,0.9979472005072265,0.005
6,163,163,0.0019488658672655525,0.0019488658672655525,0.997577054713951,0.005
6,164,164,0.0015523169178539632,0.0015523169178539632,0.9980750743731215,0.005
6,165,165,0.0016264700001475784,0.0016264700001475784,0.9979749667870833,0.005
6,166,166,0.0014909223740468503,0.0014909223740468503,0.9981685532632877,0.005
6,167,167,0.0017174460700830996,0.0017174460700830996,0.9978913923926949,0.005
6,168,168,0.0014654041184520394,0.0014654041184520394,0.998179642839375,0.005
6,169,169,0.0014532785791719894,0.0014532785791719894,0.9981929153680049,0.005
6,170,170,0.0014037889578215122,0.0014037889578215122,0.9982566421270004,0.005
6,171,171,0.0015188083572653457,0.0015188083572653457,0.9981278015537169,0.005
6,172,172,0.0013273381682689434,0.0013273381682689434,0.998335092014721,0.005
6,173,173,0.001376478380988193,0.001376478380988193,0.9982997463019809,0.005
6,174,174,0.0016844175239485726,0.0016844175239485726,0.997935294469634,0.005
6,175,175,0.0015670781948460965,0.0015670781948460965,0.9980377183556081,0.005
6,176,176,0.0015214909169475321,0.0015214909169475321,0.998121125042205,0.005
6,177,177,0.0013221590801399553,0.0013221590801399553,0.9983489766573574,0.005
6,178,178,0.0014264113778856224,0.0014264113778856224,0.9982660120159949,0.005
6,179,179,0.0013052337431847462,0.0013052337431847462,0.9984152130275651,0.005
6,180,180,0.0018581415361157017,0.0018581415361157017,0.9977321366528988,0.005
6,181,181,0.0013823003345709295,0.0013823003345709295,0.9982983368960463,0.005
6,182,182,0.0015126838559072608,0.0015126838559072608,0.9981549376321444,0.005
6,183,183,0.001437141367787279,0.001437141367787279,0.9982500852178499,0.005
6,184,184,0.0015752181088326057,0.0015752181088326057,0.9980696845821068,0.005
6,185,185,0.0017340941658765766,0.0017340941658765766,0.9978968375582791,0.005
6,186,186,0.0014411712855584725,0.0014411712855584725,0.998199389472405,0.005
6,187,187,0.0013241163656566714,0.0013241163656566714,0.9983723397663151,0.005
6,188,188,0.0016999694216785466,0.0016999694216785466,0.9979284109756614,0.005
6,189,189,0.0014290554060255234,0.0014290554060255234,0.9982404736385841,0.005
6,190,190,0.0014701650083479378,0.0014701650083479378,0.9982053079829483,0.005
6,191,191,0.0013241619303714105,0.0013241619303714105,0.998372288446987,0.005
6,192,192,0.0013750727677603713,0.0013750727677603713,0.9983289164398361,0.005
6,193,193,0.001598813456186321,0.001598813456186321,0.9980483450745078,0.005
6,194,194,0.0014203917327973914,0.0014203917327973914,0.9982566474060296,0.005
6,195,195,0.0012920765859236684,0.0012920765859236684,0.9984180045690055,0.005
6,196,196,0.0014101360656249562,0.0014101360656249562,0.9982646775368048,0.005
6,197,197,0.0012572906087490363,0.0012572906087490363,0.9984759489118322,0.005
6,198,198,0.0013902787092806245,0.0013902787092806245,0.9982991549698643,0.005
6,199,199,0.0013975802093948299,0.0013975802093948299,0.9982995987737967,0.005
6,200,200,0.0013202804364866594,0.0013202804364866594,0.9983782999448769,0.005
6,201,201,0.0014076838329815976,0.0014076838329815976,0.9982638286129998,0.005
6,202,202,0.001225557524331501,0.001225557524331501,0.9985029577725262,0.005
6,203,203,0.0013211473747690551,0.0013211473747690551,0.9983685593501814,0.005
6,204,204,0.0015239842928710823,0.0015239842928710823,0.9981655443268348,0.005
6,205,205,0.0011876408655910145,0.0011876408655910145,0.9985339076049649,0.005
6,206,206,0.0013578306815459238,0.0013578306815459238,0.9983235079439172,0.005
6,207,207,0.0012856535416699176,0.0012856535416699176,0.9984495867864106,0.005
6,208,208,0.0014161441230522564,0.0014161441230522564,0.998275186256789,0.005
6,209,209,0.0012346653185986679,0.0012346653185986679,0.9985092818372469,0.005
6,210,210,0.0011678329372949016,0.0011678329372949016,0.9985740431976577,0.005
6,211,211,0.0012627950442338754,0.0012627950442338754,0.9984621186044843,0.005
6,212,212,0.0012003188947608268,0.0012003188947608268,0.9985459207694128,0.005
6,213,213,0.0012986634008592946,0.0012986634008592946,0.9984098480242851,0.005
6,214,214,0.0012816278664327997,0.0012816278664327997,0.9984489526339736,0.005
6,215,215,0.001164221945118068,0.001164221945118068,0.9986017218654824,0.005
6,216,216,0.001266968950647027,0.001266968950647027,0.9984699809402241,0.005
6,217,217,0.0012591077816351448,0.0012591077816351448,0.9984745823200131,0.005
6,218,218,0.0013176872144530516,0.0013176872144530516,0.9984063389931999,0.005
6,219,219,0.0011935788626562627,0.0011935788626562627,0.998576074339861,0.005
6,220,220,0.001150081579176897,0.001150081579176897,0.998633522406516,0.005
6,221,221,0.0012090694013601189,0.0012090694013601189,0.998553000840962,0.005
6,222,222,0.0012316778241563096,0.0012316778241563096,0.9985178797538912,0.005
6,223,223,0.0011777593582525726,0.0011777593582525726,0.9986106407882963,0.005
6,224,224,0.0011610314151583277,0.0011610314151583277,0.9986107145853771,0.005
6,225,225,0.001150629483132657,0.001150629483132657,0.9986224375499914,0.005
6,226,226,0.001283506859465099,0.001283506859465099,0.9984336336081934,0.005
6,227,227,0.001174973449701836,0.001174973449701836,0.9985864463507383,0.005
6,228,228,0.0012236598231610842,0.0012236598231610842,0.9985279275915737,0.005
6,229,229,0.0012097820709835584,0.0012097820709835584,0.9985406896697318,0.005
6,230,230,0.0012246455618173402,0.0012246455618173402,0.9985336978212269,0.005
6,231,231,0.001153192605510557,0.001153192605510557,0.9986469948869044,0.005
6,232,232,0.0013172433244825765,0.0013172433244825765,0.9984261061804366,0.005
6,233,233,0.0011382876326284498,0.0011382876326284498,0.9986571037097461,0.005
6,234,234,0.00112105197124446,0.00112105197124446,0.9986708810622151,0.005
6,235,235,0.0011416456778541128,0.0011416456778541128,0.9986407877093425,0.005
6,236,236,0.0011068752531750992,0.0011068752531750992,0.9986984480392054,0.005
6,237,237,0.001153923123304571,0.001153923123304571,0.9986378144539838,0.005
6,238,238,0.0012327878637160095,0.0012327878637160095,0.9985267701815635,0.005
6,239,239,0.0010771871641937535,0.0010771871641937535,0.9987329971657904,0.005
6,240,240,0.0010958250458259857,0.0010958250458259857,0.9987196685487676,0.005
6,241,241,0.0011538614473287456,0.0011538614473287456,0.998632489009948,0.005
6,242,242,0.0011896659607000303,0.0011896659607000303,0.9985818348002701,0.005
6,243,243,0.0011948513982901455,0.0011948513982901455,0.9985765826523606,0.005
6,244,244,0.00113308073424515,0.00113308073424515,0.9986478513254013,0.005
6,245,245,0.0010790061413205765,0.0010790061413205765,0.9987277529039237,0.005
6,246,246,0.0010970416448710797,0.0010970416448710797,0.9987024980733789,0.005
6,247,247,0.0012303231534541792,0.0012303231534541792,0.9985565984494071,0.005
6,248,248,0.001140104719991878,0.001140104719991878,0.998637586856629,0.005
6,249,249,0.0011590610242540023,0.0011590610242540023,0.9986616053349715,0.005
6,250,250,0.0011103814645039645,0.0011103814645039645,0.9987162694652034,0.005
6,251,251,0.0011607956848835677,0.0011607956848835677,0.9986396162039429,0.005
6,252,252,0.0010817007756925578,0.0010817007756925578,0.9987375636286976,0.005
6,253,253,0.0011237849184398208,0.0011237849184398208,0.9986805462713383,0.005
6,254,254,0.0011020291714857388,0.0011020291714857388,0.998706485475026,0.005
6,255,255,0.0010864621353985815,0.0010864621353985815,0.998739517621214,0.005
6,256,256,0.0011464076761330388,0.0011464076761330388,0.9986744237627858,0.005
6,257,257,0.0011033649181570126,0.0011033649181570126,0.99872624200163,0.005
6,258,258,0.0010844135444516955,0.0010844135444516955,0.9987391895317506,0.005
6,259,259,0.0011135010476846828,0.0011135010476846828,0.9987090630034953,0.005
6,260,260,0.0011209051319620077,0.0011209051319620077,0.9986959078016014,0.005
6,261,261,0.0010918858773461871,0.0010918858773461871,0.99873052111041,0.005
6,262,262,0.0011096776439944943,0.0011096776439944943,0.9986972092876326,0.005
6,263,263,0.0010854183220333857,0.0010854183220333857,0.9987508858412476,0.005
6,264,264,0.0010751784638139829,0.0010751784638139829,0.9987794228359989,0.005
6,265,265,0.0010821767345236565,0.0010821767345236565,0.9987562780544282,0.005
6,266,266,0.0010547863765115561,0.0010547863765115561,0.9987945645246766,0.005
6,267,267,0.001036426716629909,0.001036426716629909,0.9988291124991308,0.005
6,268,268,0.00115542404401332,0.00115542404401332,0.9986476375373028,0.005
6,269,269,0.0010520427509961051,0.0010520427509961051,0.9987977477909372,0.005
6,270,270,0.0010917976755611012,0.0010917976755611012,0.9987582116050133,0.005
6,271,271,0.0010514510065713968,0.0010514510065713968,0.9988282149818528,0.005
6,272,272,0.0010892697505215999,0.0010892697505215999,0.998741420116349,0.005
6,273,273,0.0010723159595866605,0.0010723159595866605,0.9987680785970748,0.005
6,274,274,0.0010656018661014488,0.0010656018661014488,0.9987936893129967,0.005
6,275,275,0.0011245745525531336,0.0011245745525531336,0.9987001107299252,0.005
6,276,276,0.0010689449137117424,0.0010689449137117424,0.9987846131486091,0.005
6,277,277,0.0010931475725034835,0.0010931475725034835,0.9987446515116607,0.005
6,278,278,0.0011095137162473844,0.0011095137162473844,0.9987241376233484,0.005
6,279,279,0.0010910659483163653,0.0010910659483163653,0.9987649463097915,0.005
6,280,280,0.0010419972796249233,0.0010419972796249233,0.998824391568836,0.005
6,281,281,0.0010604501548274203,0.0010604501548274203,0.9988030105715536,0.005
6,282,282,0.0010753306297480415,0.0010753306297480415,0.9987783300844767,0.005
6,283,283,0.0010669335637722012,0.0010669335637722012,0.9987891370311387,0.005
6,284,284,0.0010766969070791542,0.0010766969070791542,0.9987689065459354,0.005
6,285,285,0.0010738870709256143,0.0010738870709256143,0.9987772178433203,0.005
6,286,286,0.0010470663301457594,0.0010470663301457594,0.9988200024778835,0.005
6,287,287,0.0010660604428887343,0.0010660604428887343,0.9987919240672458,0.005
6,288,288,0.0010982026841317239,0.0010982026841317239,0.9987732784361081,0.005
6,289,289,0.0011022821143180862,0.0011022821143180862,0.9987359014213664,0.005
6,290,290,0.0011172314561496898,0.0011172314561496898,0.9987196615576798,0.005
6,291,291,0.0010849151944757119,0.0010849151944757119,0.998753520886918,0.005
6,292,292,0.0010834721916245771,0.0010834721916245771,0.9987661705667481,0.005
6,293,293,0.001081418046124587,0.001081418046124587,0.9987680831475242,0.005
6,294,294,0.0010623608137263307,0.0010623608137263307,0.9987970141614734,0.005
6,295,295,0.0011062792274403564,0.0011062792274403564,0.9987156746477511,0.005
6,296,296,0.001053392399068135,0.001053392399068135,0.9988134982151504,0.005
6,297,297,0.001081503249641551,0.001081503249641551,0.9987887618129623,0.005
6,298,298,0.001057851759763968,0.001057851759763968,0.9987991325907928,0.005
6,299,299,0.0010659199909388917,0.0010659199909388917,0.9988112989676439,0.005
6,300,300,0.0010555716075202105,0.0010555716075202105,0.9988018044266803,0.005
6,301,301,0.0010465003913451665,0.0010465003913451665,0.9988363346984223,0.005
6,302,302,0.0010628576672914512,0.0010628576672914512,0.9988171397712037,0.005
6,303,303,0.0010710913242727561,0.0010710913242727561,0.9988185346209023,0.005
6,304,304,0.0010691003576545764,0.0010691003576545764,0.9987993960470544,0.005
6,305,305,0.0010672530265915991,0.0010672530265915991,0.9988222917632263,0.005
6,306,306,0.0010528865028849633,0.0010528865028849633,0.9988148094905366,0.005
6,307,307,0.0010450972612751199,0.0010450972612751199,0.9988343826401505,0.005
6,308,308,0.0010822163906514348,0.0010822163906514348,0.9987606899037524,0.005
6,309,309,0.0014508558191785581,0.0014508558191785581,0.9983609375229728,0.005
6,310,310,0.001069107003293325,0.001069107003293325,0.9988113771647553,0.005
6,311,311,0.0011114483021555188,0.0011114483021555188,0.9987334848937329,0.005
6,312,312,0.0010697593469386302,0.0010697593469386302,0.9987967770665437,0.005
6,313,313,0.0010495696117683063,0.0010495696117683063,0.9988304886325354,0.005
6,314,314,0.0010649584869099303,0.0010649584869099303,0.9988089302480354,0.005
6,315,315,0.0010689528983110017,0.0010689528983110017,0.9988171465002823,0.005
6,316,316,0.0010468430817928286,0.0010468430817928286,0.9988301133836053,0.005
6,317,317,0.0010801286736209716,0.0010801286736209716,0.9987827343362793,0.005
6,318,318,0.0010628149300168054,0.0010628149300168054,0.9988050429687073,0.005
6,319,319,0.0010871807211640283,0.0010871807211640283,0.9987696844559294,0.005
6,320,320,0.0010812185125742269,0.0010812185125742269,0.9987975100704937,0.005
6,321,321,0.0010528137862439424,0.0010528137862439424,0.9988177166569131,0.005
6,322,322,0.0010512596488296156,0.0010512596488296156,0.9988357672795326,0.005
6,323,323,0.0010951121784970497,0.0010951121784970497,0.9987630141775583,0.005
6,324,324,0.001097275202904101,0.001097275202904101,0.9987422125426922,0.005
6,325,325,0.0010851337872780555,0.0010851337872780555,0.9987610342417927,0.005
6,326,326,0.0010465366961824197,0.0010465366961824197,0.9988271780167755,0.005
6,327,327,0.0010566334911848308,0.0010566334911848308,0.9988345616721028,0.005
6,328,328,0.0010789572833194618,0.0010789572833194618,0.9987925794510948,0.005
6,329,329,0.001065311709336475,0.001065311709336475,0.9988024146860537,0.005
6,330,330,0.0010805925467138012,0.0010805925467138012,0.9988150673643039,0.005
6,331,331,0.0010810674376101792,0.0010810674376101792,0.9987724416308906,0.005
6,332,332,0.001092606676512591,0.001092606676512591,0.9987813114819354,0.005
6,333,333,0.00108489910227219,0.00108489910227219,0.9987555769211169,0.005
6,334,334,0.0010624455382052902,0.0010624455382052902,0.9988198242342838,0.005
6,335,335,0.001052574844432469,0.001052574844432469,0.9988195383883256,0.005
6,336,336,0.001055935923160405,0.001055935923160405,0.9988319971570775,0.005
6,337,337,0.0010408094948625912,0.0010408094948625912,0.9988381871184687,0.005
6,338,338,0.0010491533046161905,0.0010491533046161905,0.9988350279089573,0.005
6,339,339,0.001051142879393645,0.001051142879393645,0.9988402065197832,0.005
6,340,340,0.0010506984357638795,0.0010506984357638795,0.998846159886981,0.005
6,341,341,0.0010512935044483685,0.0010512935044483685,0.9988285600264369,0.005
6,342,342,0.0010602380506017685,0.0010602380506017685,0.998825537352213,0.005
6,343,343,0.0010911553020689834,0.0010911553020689834,0.9987957949282146,0.005
6,344,344,0.001077608601318063,0.001077608601318063,0.9988071727029157,0.005
6,345,345,0.0010711371681571703,0.0010711371681571703,0.9988172170628361,0.005
6,346,346,0.0010452161394365201,0.0010452161394365201,0.9988438446989034,0.005
6,347,347,0.0011471906234994046,0.0011471906234994046,0.9987042994830596,0.005
6,348,348,0.0010794414996767865,0.0010794414996767865,0.9988189197541834,0.005
6,349,349,0.0010375283163406935,0.0010375283163406935,0.9988609974071708,0.005
6,350,350,0.001039418691088284,0.001039418691088284,0.9988467852743877,0.005
6,351,351,0.0010551955208785591,0.0010551955208785591,0.9988490203441667,0.005
6,352,352,0.0010292326587463786,0.0010292326587463786,0.9988666795303133,0.005
6,353,353,0.0010609034228739457,0.0010609034228739457,0.9988121177931211,0.005
6,354,354,0.0010560474983879698,0.0010560474983879698,0.9988395736458795,0.005
6,355,355,0.0010733142322843215,0.0010733142322843215,0.9988018993728631,0.005
6,356,356,0.0010566903287919029,0.0010566903287919029,0.9988440273446528,0.005
6,357,357,0.0010588513982769487,0.0010588513982769487,0.9988459072947684,0.005
6,358,358,0.0010532284780688937,0.0010532284780688937,0.9988535952075618,0.005
6,359,359,0.0010630543453180653,0.0010630543453180653,0.9988467875796927,0.005
6,360,360,0.001059177268549938,0.001059177268549938,0.9988278858914582,0.005
6,361,361,0.0010457105661892561,0.0010457105661892561,0.9988593898852093,0.005
6,362,362,0.0010672664030022083,0.0010672664030022083,0.9988336217506305,0.005
6,363,363,0.0010567023506650975,0.0010567023506650975,0.9988542172472008,0.005
6,364,364,0.0010658404459936333,0.0010658404459936333,0.9988175990186526,0.005
6,365,365,0.0010657127750544949,0.0010657127750544949,0.9988184760515777,0.005
6,366,366,0.0010639977355065022,0.0010639977355065022,0.9988482664935299,0.005
6,367,367,0.0010626173551121232,0.0010626173551121232,0.9988489154912866,0.005
6,368,368,0.0010627671148233098,0.0010627671148233098,0.9988348548728904,0.005
6,369,369,0.001059202255352173,0.001059202255352173,0.9988335524005776,0.005
6,370,370,0.0011771660674547702,0.0011771660674547702,0.9987047236102619,0.005
6,371,371,0.0010517602538477923,0.0010517602538477923,0.9988624935522876,0.005
6,372,372,0.0010594147276306808,0.0010594147276306808,0.9988227944844338,0.005
6,373,373,0.0010586227634458633,0.0010586227634458633,0.9988402749980815,0.005
6,374,374,0.0010469941448791288,0.0010469941448791288,0.9988574133964718,0.005
6,375,375,0.0010792437679311606,0.0010792437679311606,0.9988192592656034,0.005
6,376,376,0.0010630579545163577,0.0010630579545163577,0.9988370789828173,0.005
6,377,377,0.0010494385348388535,0.0010494385348388535,0.9988563460434206,0.005
6,378,378,0.0010680597766718268,0.0010680597766718268,0.9988137262379889,0.005
6,379,379,0.0010540942764397676,0.0010540942764397676,0.9988395618502913,0.005
6,380,380,0.0010742376405215549,0.0010742376405215549,0.9988252237998737,0.005
6,381,381,0.0010520780457713643,0.0010520780457713643,0.9988546893284301,0.005
6,382,382,0.0010593731169906153,0.0010593731169906153,0.9988244089214899,0.005
6,383,383,0.0010617686867543709,0.0010617686867543709,0.9988321152738731,0.005
6,384,384,0.0010476154650689352,0.0010476154650689352,0.9988586270307411,0.005
6,385,385,0.0010464196800584968,0.0010464196800584968,0.9988597570284172,0.005
6,386,386,0.001057473226628183,0.001057473226628183,0.9988421385764028,0.005
6,387,387,0.001060348422383325,0.001060348422383325,0.9988293506753202,0.005
6,388,388,0.001068699320333657,0.001068699320333657,0.9988353380165276,0.005
6,389,389,0.0010498182618546292,0.0010498182618546292,0.9988567077523438,0.005
6,390,390,0.001072693188592747,0.001072693188592747,0.9988396652478437,0.005
6,391,391,0.0010829333497531647,0.0010829333497531647,0.9988151026105181,0.005
6,392,392,0.0010542130222628721,0.0010542130222628721,0.9988582861484006,0.005
6,393,393,0.001056528780296204,0.001056528780296204,0.9988333667044538,0.005
6,394,394,0.001046748261349445,0.001046748261349445,0.9988495209218938,0.005
6,395,395,0.0010707101047903768,0.0010707101047903768,0.9988359527330566,0.005
6,396,396,0.0010635403906931306,0.0010635403906931306,0.9988375006144176,0.005
6,397,397,0.001068376263534827,0.001068376263534827,0.9988437574448732,0.005
6,398,398,0.001061964962990145,0.001061964962990145,0.9988468655869027,0.005
6,399,399,0.0010588526614517225,0.0010588526614517225,0.9988458860287988,0.005
6,400,400,0.001062811485587607,0.001062811485587607,0.9988317913515298,0.005
6,401,401,0.0010518335841328895,0.0010518335841328895,0.9988549497836201,0.005
6,402,402,0.0010572481642830657,0.0010572481642830657,0.9988388405034119,0.005
6,403,403,0.0010753693682582577,0.0010753693682582577,0.9988337358744058,0.005
6,404,404,0.0010551452028565301,0.0010551452028565301,0.9988468854859129,0.005
6,405,405,0.001039013446477226,0.001039013446477226,0.9988719307376818,0.005
6,406,406,0.001058943410257529,0.001058943410257529,0.9988447073201933,0.005
6,407,407,0.0010595670345275553,0.0010595670345275553,0.9988397757268366,0.005
6,408,408,0.001058696639815031,0.001058696639815031,0.9988450813464246,0.005
6,409,409,0.0010421589559812682,0.0010421589559812682,0.9988728043405533,0.005
6,410,410,0.0010644901324513346,0.0010644901324513346,0.9988353365414471,0.005
6,411,411,0.0010471671379925797,0.0010471671379925797,0.9988683799295494,0.005
6,412,412,0.0010402380338920291,0.0010402380338920291,0.9988438928567441,0.005
6,413,413,0.0010575122814281714,0.0010575122814281714,0.9988515879800265,0.005
6,414,414,0.0010670794921232962,0.0010670794921232962,0.9988396172777324,0.005
6,415,415,0.0010643774167865593,0.0010643774167865593,0.9988247254161008,0.005
6,416,416,0.0010527132711055966,0.0010527132711055966,0.9988330949419404,0.005
6,417,417,0.001052858943114824,0.001052858943114824,0.9988209240845504,0.005
6,418,418,0.0010682269626519558,0.0010682269626519558,0.9988247181309302,0.005
6,419,419,0.0010350709028272122,0.0010350709028272122,0.9988747354830918,0.005
6,420,420,0.0010561021323606545,0.0010561021323606545,0.9988520792808786,0.005
6,421,421,0.0010682742879384644,0.0010682742879384644,0.9988299362679133,0.005
6,422,422,0.0010638815449812212,0.0010638815449812212,0.9988377970224731,0.005
6,423,423,0.0010639884252420474,0.0010639884252420474,0.998826070935844,0.005
6,424,424,0.0010594772925724538,0.0010594772925724538,0.9988383572582079,0.005
6,425,425,0.0010533179765668597,0.0010533179765668597,0.9988525481167206,0.005
6,426,426,0.0010732112482580347,0.0010732112482580347,0.9988219998952539,0.005
6,427,427,0.0010469009220459725,0.0010469009220459725,0.9988644859444543,0.005
6,428,428,0.0010617228420884217,0.0010617228420884217,0.9988320290753877,0.005
6,429,429,0.0010500568082972294,0.0010500568082972294,0.9988500465031536,0.005
6,430,430,0.0010529785499432,0.0010529785499432,0.9988614265089273,0.005
6,431,431,0.0010598835941702277,0.0010598835941702277,0.9988518477436483,0.005
6,432,432,0.001069643229965156,0.001069643229965156,0.9988257787237874,0.005
6,433,433,0.0010562653110470512,0.0010562653110470512,0.9988449568186909,0.005
6,434,434,0.001065040986584174,0.001065040986584174,0.9988302155594415,0.005
6,435,435,0.0010622417617542103,0.0010622417617542103,0.9988264520128697,0.005
6,436,436,0.0010499332401992124,0.0010499332401992124,0.9988655963849205,0.005
6,437,437,0.001067070016684365,0.001067070016684365,0.9988386452568732,0.005
6,438,438,0.0010439331003328058,0.0010439331003328058,0.9988585537340643,0.005
6,439,439,0.001044675197135667,0.001044675197135667,0.9988585077603119,0.005
6,440,440,0.001074184404331552,0.001074184404331552,0.9988019688488807,0.005
6,441,441,0.0010544321333668429,0.0010544321333668429,0.9988474706155424,0.005
6,442,442,0.0010535162672183963,0.0010535162672183963,0.9988394367906615,0.005
6,443,443,0.00105952146190735,0.00105952146190735,0.9988469787839827,0.005
6,444,444,0.0010631375802083276,0.0010631375802083276,0.9988482351431919,0.005
6,445,445,0.0010551245025774325,0.0010551245025774325,0.9988398751722557,0.005
6,446,446,0.0010497420841257764,0.0010497420841257764,0.9988398719425666,0.005
6,447,447,0.0010607740449127812,0.0010607740449127812,0.9988326596949345,0.005
6,448,448,0.0010554860337168993,0.0010554860337168993,0.998825211958091,0.005
6,449,449,0.001068502384684864,0.001068502384684864,0.9988240842700511,0.005
6,450,450,0.001061075350671341,0.001061075350671341,0.9988185200264565,0.005
6,451,451,0.0010448015299564474,0.0010448015299564474,0.9988595715790085,0.005
6,452,452,0.0010470975877008015,0.0010470975877008015,0.9988554499997631,0.005
6,453,453,0.0010759076283903123,0.0010759076283903123,0.9988309712798331,0.005
6,454,454,0.0010732027558120827,0.0010732027558120827,0.9988061069206259,0.005
6,455,455,0.0010606510790540835,0.0010606510790540835,0.9988499855254054,0.005
6,456,456,0.0010530989553776415,0.0010530989553776415,0.9988284526185192,0.005
6,457,457,0.0010503776876649063,0.0010503776876649063,0.9988626475406674,0.005
6,458,458,0.0010523094292009183,0.0010523094292009183,0.9988507124787354,0.005
6,459,459,0.0010689681659097905,0.0010689681659097905,0.9988332864790912,0.005
6,460,460,0.0010673857600187197,0.0010673857600187197,0.9988277379600634,0.005
6,461,461,0.0010460640341612849,0.0010460640341612849,0.998840136404094,0.005
6,462,462,0.0010713132383863844,0.0010713132383863844,0.9988219195530088,0.005
6,463,463,0.0010590351159482391,0.0010590351159482391,0.9988476324506427,0.005
6,464,464,0.0010556459072282298,0.0010556459072282298,0.9988517862671586,0.005
6,465,465,0.0010366099575878252,0.0010366099575878252,0.9988663199352752,0.005
6,466,466,0.001059568753957787,0.001059568753957787,0.9988306634846027,0.005
6,467,467,0.001050452708287265,0.001050452708287265,0.9988501303175036,0.005
6,468,468,0.0010444832599969733,0.0010444832599969733,0.998858227249972,0.005
6,469,469,0.001046789856524716,0.001046789856524716,0.9988488401477255,0.005
6,470,470,0.0010722249811148331,0.0010722249811148331,0.9988263740844813,0.005
6,471,471,0.00104836145183842,0.00104836145183842,0.9988382179913654,0.005
6,472,472,0.0010674065513495967,0.0010674065513495967,0.9988241635051306,0.005
6,473,473,0.0010499975870636514,0.0010499975870636514,0.9988450913488623,0.005
6,474,474,0.0010663300273514498,0.0010663300273514498,0.9988275576564982,0.005
6,475,475,0.001044467734413277,0.001044467734413277,0.998856050897457,0.005
6,476,476,0.0010648549960633924,0.0010648549960633924,0.9988277129134436,0.005
6,477,477,0.0010852733299079487,0.0010852733299079487,0.998795576900797,0.005
6,478,478,0.0010910949405399605,0.0010910949405399605,0.9988035849029617,0.005
6,479,479,0.0010483012783179958,0.0010483012783179958,0.9988411897035029,0.005
6,480,480,0.0010722573218291287,0.0010722573218291287,0.9988292226904465,0.005
6,481,481,0.0010433515075295853,0.0010433515075295853,0.9988527133527345,0.005
6,482,482,0.0010567080449097365,0.0010567080449097365,0.9988601838943258,0.005
6,483,483,0.0010652735982790585,0.0010652735982790585,0.9988482885359797,0.005
6,484,484,0.0010545808037963488,0.0010545808037963488,0.9988415791619071,0.005
6,485,485,0.0010387021259433528,0.0010387021259433528,0.9988723323966825,0.005
6,486,486,0.0010672042057721233,0.0010672042057721233,0.9988421534727943,0.005
6,487,487,0.0010659658926206717,0.0010659658926206717,0.9988464977552598,0.005
6,488,488,0.001071356554567986,0.001071356554567986,0.9988232059792332,0.005
6,489,489,0.0010632599883685888,0.0010632599883685888,0.9988595618361323,0.005
6,490,490,0.0010316546601596432,0.0010316546601596432,0.9988718423885464,0.005
6,491,491,0.0010754628068217142,0.0010754628068217142,0.9988196762646345,0.005
6,492,492,0.0010676752635349219,0.0010676752635349219,0.9988496698343261,0.005
6,493,493,0.0010668822577685221,0.0010668822577685221,0.9988478635624252,0.005
6,494,494,0.0010627273073324727,0.0010627273073324727,0.9988511947528549,0.005
6,495,495,0.0010357027085269744,0.0010357027085269744,0.9988601555077326,0.005
6,496,496,0.0010656241476054151,0.0010656241476054151,0.9988333589293223,0.005
6,497,497,0.0010590003116934233,0.0010590003116934233,0.998839630872251,0.005
6,498,498,0.00107876642473686,0.00107876642473686,0.998811753711075,0.005
6,499,499,0.0010562905350387465,0.0010562905350387465,0.9988350849237072,0.005
6,500,500,0.0010444363516545884,0.0010444363516545884,0.9988623599742885,0.005
6,501,501,0.0010660749500422317,0.0010660749500422317,0.9988186520831954,0.005
6,502,502,0.0010503051871923054,0.0010503051871923054,0.998845780158171,0.005
6,503,503,0.001044328552302638,0.001044328552302638,0.9988565265691345,0.005
6,504,504,0.0010368275698646623,0.0010368275698646623,0.998865946761717,0.005
6,505,505,0.0010876248388415112,0.0010876248388415112,0.9988175965223789,0.005
6,506,506,0.0010617386106095438,0.0010617386106095438,0.9988200610428992,0.005
6,507,507,0.0010724184426293337,0.0010724184426293337,0.9988055528657133,0.005
6,508,508,0.001048079897477523,0.001048079897477523,0.9988584971300655,0.005
6,509,509,0.001047779255427208,0.001047779255427208,0.9988424223029645,0.005
6,510,510,0.0010528069877130041,0.0010528069877130041,0.9988202881841229,0.005
6,511,511,0.0010666369047119175,0.0010666369047119175,0.9988131781161464,0.005
6,512,512,0.0010599565431502656,0.0010599565431502656,0.9988170509860429,0.005
6,513,513,0.001068985956655546,0.001068985956655546,0.9988109351478079,0.005
6,514,514,0.001043872198919723,0.001043872198919723,0.9988532088508126,0.005
6,515,515,0.0010442142002998467,0.0010442142002998467,0.9988516758056365,0.005
6,516,516,0.0010585608759922582,0.0010585608759922582,0.998842833379252,0.005
6,517,517,0.0010657781034456872,0.0010657781034456872,0.9988402096605559,0.005
6,518,518,0.001060201992805957,0.001060201992805957,0.9988393098715524,0.005
6,519,519,0.0010649928178117418,0.0010649928178117418,0.9988364503357389,0.005
6,520,520,0.0010744957845148296,0.0010744957845148296,0.9988297250345123,0.005
6,521,521,0.0010450138501433004,0.0010450138501433004,0.9988440036675434,0.005
6,522,522,0.0010494104802821025,0.0010494104802821025,0.9988403117600473,0.005
6,523,523,0.0010386967976869542,0.0010386967976869542,0.9988644070275118,0.005
6,524,524,0.0010309114862187563,0.0010309114862187563,0.9988602465472552,0.005
6,525,525,0.00106781018443463,0.00106781018443463,0.9988258939641965,0.005
6,526,526,0.0010615400369996543,0.0010615400369996543,0.9988283493466137,0.005
6,527,527,0.0010511517632425893,0.0010511517632425893,0.9988694786860597,0.005
6,528,528,0.0010392732574110363,0.0010392732574110363,0.9988679257543766,0.005
6,529,529,0.0010487206118397962,0.0010487206118397962,0.9988683913221138,0.005
6,530,530,0.0010648391998680819,0.0010648391998680819,0.9988328851163438,0.005
6,531,531,0.0010662363018474807,0.0010662363018474807,0.9988258232491901,0.005
6,532,532,0.0010686036872577232,0.0010686036872577232,0.9988267714555107,0.005
6,533,533,0.0010533047335695945,0.0010533047335695945,0.9988536288065676,0.005
6,534,534,0.0010450802407763681,0.0010450802407763681,0.9988629902306208,0.005
6,535,535,0.0010326195998538912,0.0010326195998538912,0.9988698689399739,0.005
6,536,536,0.0010601193267747856,0.0010601193267747856,0.998843043792091,0.005
6,537,537,0.0010540081039050698,0.0010540081039050698,0.9988408995577509,0.005
6,538,538,0.0010739356421858393,0.0010739356421858393,0.9988048022701522,0.005
6,539,539,0.0010520046018713226,0.0010520046018713226,0.9988454488633779,0.005
6,540,540,0.0010552649268092795,0.0010552649268092795,0.9988677163763187,0.005
6,541,541,0.0010591830452808305,0.0010591830452808305,0.9988439024131557,0.005
6,542,542,0.0010627664571463903,0.0010627664571463903,0.998818342810866,0.005
6,543,543,0.0010555028105413012,0.0010555028105413012,0.9988262260239253,0.005
6,544,544,0.0010510476837529825,0.0010510476837529825,0.9988416993363335,0.005
6,545,545,0.0010651222056711328,0.0010651222056711328,0.9988205670250287,0.005
6,546,546,0.0010476361637018461,0.0010476361637018461,0.9988554572580226,0.005
6,547,547,0.001050707473008341,0.001050707473008341,0.9988425472028883,0.005
6,548,548,0.0010652169435631175,0.0010652169435631175,0.9988123196978086,0.005
6,549,549,0.001057021553391101,0.001057021553391101,0.9988536463505345,0.005
6,550,550,0.001069146191741449,0.001069146191741449,0.9988277318406954,0.005
6,551,551,0.0010573285787766852,0.0010573285787766852,0.9988550729246508,0.005
6,552,552,0.001052325798742846,0.001052325798742846,0.9988547520500753,0.005
6,553,553,0.0010469321313610225,0.0010469321313610225,0.9988638746758433,0.005
6,554,554,0.0010639775340115021,0.0010639775340115021,0.99884020099223,0.005
6,555,555,0.0010564184849624035,0.0010564184849624035,0.9988492108462405,0.005
6,556,556,0.0010623234970733898,0.0010623234970733898,0.9988285545374984,0.005
6,557,557,0.001059309465424988,0.001059309465424988,0.9988337377146549,0.005
6,558,558,0.001053875267865577,0.001053875267865577,0.9988488530179228,0.005
6,559,559,0.0010496885736121352,0.0010496885736121352,0.9988563990802057,0.005
6,560,560,0.0010790487884273492,0.0010790487884273492,0.9988110520536332,0.005
6,561,561,0.001052086134274657,0.001052086134274657,0.9988409779461587,0.005
6,562,562,0.0010513226491972005,0.0010513226491972005,0.9988488058773128,0.005
6,563,563,0.0010544828992817546,0.0010544828992817546,0.9988391810698566,0.005
6,564,564,0.00103391663030433,0.00103391663030433,0.9988723950191573,0.005
6,565,565,0.001053422232400788,0.001053422232400788,0.998832454890049,0.005
6,566,566,0.0010678826130299712,0.0010678826130299712,0.9988184442832979,0.005
6,567,567,0.0010823090594977481,0.0010823090594977481,0.9987917420036134,0.005
6,568,568,0.0010523585427233628,0.0010523585427233628,0.9988319669415651,0.005
6,569,569,0.0010729665243513708,0.0010729665243513708,0.9988211396321593,0.005
6,570,570,0.0010486999163148857,0.0010486999163148857,0.9988492789005177,0.005
6,571,571,0.0010667000452090057,0.0010667000452090057,0.998818229523543,0.005
6,572,572,0.001058411387996565,0.001058411387996565,0.9988287182239014,0.005
6,573,573,0.0010566810081483625,0.0010566810081483625,0.9988475987494136,0.005
6,574,574,0.001045475594482872,0.001045475594482872,0.99887077703818,0.005
6,575,575,0.001052849173555025,0.001052849173555025,0.9988597785514932,0.005
6,576,576,0.00105758704029838,0.00105758704029838,0.9988508017728995,0.005
6,577,577,0.0010845741763912619,0.0010845741763912619,0.9988339028511026,0.005
6,578,578,0.001055739167331019,0.001055739167331019,0.9988523978719331,0.005
6,579,579,0.0010495239593250449,0.0010495239593250449,0.9988488806431027,0.005
6,580,580,0.0010509461048471757,0.0010509461048471757,0.9988572231689283,0.005
6,581,581,0.0010560744941763788,0.0010560744941763788,0.9988415024750364,0.005
6,582,582,0.0010539727879847827,0.0010539727879847827,0.9988577855877732,0.005
6,583,583,0.0010581013372832338,0.0010581013372832338,0.9988615958763469,0.005
6,584,584,0.0010681332428208014,0.0010681332428208014,0.9988403836273468,0.005
6,585,585,0.0010552276027488206,0.0010552276027488206,0.9988379258267993,0.005
6,586,586,0.0010462190748462608,0.0010462190748462608,0.9988588669923677,0.005
6,587,587,0.0010544071763112684,0.0010544071763112684,0.9988440895338074,0.005
6,588,588,0.0010562635584088064,0.0010562635584088064,0.9988604228517292,0.005
6,589,589,0.0010474730494285122,0.0010474730494285122,0.9988557900209643,0.005
6,590,590,0.001059644851861119,0.001059644851861119,0.998843707977502,0.005
6,591,591,0.0010496210488721348,0.0010496210488721348,0.9988424394880289,0.005
6,592,592,0.0010361881095460412,0.0010361881095460412,0.9988752253159181,0.005
6,593,593,0.0010607448444622603,0.0010607448444622603,0.9988415182684242,0.005
6,594,594,0.0010432954129415916,0.0010432954129415916,0.99886089894453,0.005
6,595,595,0.001059190311810564,0.001059190311810564,0.9988494936984721,0.005
6,596,596,0.001073671767058224,0.001073671767058224,0.9988319852219824,0.005
6,597,597,0.0010689196962903214,0.0010689196962903214,0.9988278635460004,0.005
6,598,598,0.001057554999051167,0.001057554999051167,0.9988365302914165,0.005
6,599,599,0.0010656243131105404,0.0010656243131105404,0.9988355400102683,0.005
6,600,600,0.0010596473001142491,0.0010596473001142491,0.998830039054035,0.005
6,601,601,0.001051119473130605,0.001051119473130605,0.998839495872679,0.005
6,602,602,0.001067483416254842,0.001067483416254842,0.9988193897658181,0.005
6,603,603,0.0010502806892985683,0.0010502806892985683,0.9988529098660768,0.005
6,604,604,0.0010634742995662516,0.0010634742995662516,0.9988461789858586,0.005
6,605,605,0.0010443981339121867,0.0010443981339121867,0.9988619463004476,0.005
6,606,606,0.0010498647965715912,0.0010498647965715912,0.9988547794513966,0.005
6,607,607,0.0010501898206151594,0.0010501898206151594,0.9988624347082767,0.005
6,608,608,0.0010588478221231934,0.0010588478221231934,0.9988524962021562,0.005
6,609,609,0.0010660952781204004,0.0010660952781204004,0.9988345678833197,0.005
6,610,610,0.0010505055487325078,0.0010505055487325078,0.9988612059891504,0.005
6,611,611,0.0010616729412735205,0.0010616729412735205,0.9988455421094852,0.005
6,612,612,0.0010481821674066616,0.0010481821674066616,0.9988680674174012,0.005
6,613,613,0.0010592345239136746,0.0010592345239136746,0.9988517399147073,0.005
6,614,614,0.0010620119548596417,0.0010620119548596417,0.9988385887922212,0.005
6,615,615,0.0010474770294668168,0.0010474770294668168,0.9988581545891303,0.005
6,616,616,0.0010491139621949053,0.0010491139621949053,0.9988488104047716,0.005
6,617,617,0.0010441339497805247,0.0010441339497805247,0.998864755520587,0.005
6,618,618,0.0010503931430948799,0.0010503931430948799,0.9988659408282352,0.005
6,619,619,0.001054378715271176,0.001054378715271176,0.9988407328411802,0.005
6,620,620,0.0010589967002224588,0.0010589967002224588,0.9988456016749176,0.005
6,621,621,0.001054088423755364,0.001054088423755364,0.998854419382263,0.005
6,622,622,0.0010682048809059906,0.0010682048809059906,0.9988300152192213,0.005
6,623,623,0.0010618373649359004,0.0010618373649359004,0.9988054550668218,0.005
6,624,624,0.0010651361043320438,0.0010651361043320438,0.9988416604040194,0.005
6,625,625,0.0010775934487316785,0.0010775934487316785,0.9988112799441659,0.005
6,626,626,0.0010441010756875812,0.0010441010756875812,0.9988562818675343,0.005
6,627,627,0.001047940886252572,0.001047940886252572,0.9988294106191782,0.005
6,628,628,0.0010542405247921038,0.0010542405247921038,0.9988617482697708,0.005
6,629,629,0.001069398618049483,0.001069398618049483,0.9988202177094317,0.005
6,630,630,0.0010454238675771245,0.0010454238675771245,0.9988716166072255,0.005
6,631,631,0.0010536064159291747,0.0010536064159291747,0.9988559961871007,0.005
6,632,632,0.001066123330011326,0.001066123330011326,0.9988256462441856,0.005
6,633,633,0.0010748457686897883,0.0010748457686897883,0.9988128969152051,0.005
6,634,634,0.0010508612768359705,0.0010508612768359705,0.998865508553127,0.005
6,635,635,0.0010605380066771373,0.0010605380066771373,0.9988461266098355,0.005
6,636,636,0.001049692990394735,0.001049692990394735,0.9988390119629716,0.005
6,637,637,0.0010540109646477935,0.0010540109646477935,0.9988501330840753,0.005
6,638,638,0.0010506670898548242,0.0010506670898548242,0.9988615734753796,0.005
6,639,639,0.0010488126801082543,0.0010488126801082543,0.9988494388411321,0.005
6,640,640,0.0010450326246067678,0.0010450326246067678,0.9988537536839095,0.005
6,641,641,0.0010596692460143288,0.0010596692460143288,0.9988262868979295,0.005
6,642,642,0.0010727675764376711,0.0010727675764376711,0.9988166666239362,0.005
6,643,643,0.0010403830913225953,0.0010403830913225953,0.9988676312352884,0.005
6,644,644,0.0010556929636200184,0.0010556929636200184,0.9988500315448364,0.005
6,645,645,0.001065468656317028,0.001065468656317028,0.9988385582377858,0.005
6,646,646,0.001038752621794319,0.001038752621794319,0.9988750590146487,0.005
6,647,647,0.0010697962096828818,0.0010697962096828818,0.998829906945849,0.005
6,648,648,0.001054219793491823,0.001054219793491823,0.9988362171968702,0.005
6,649,649,0.001066079562262926,0.001066079562262926,0.9988249638008627,0.005
6,650,650,0.0010779005110830144,0.0010779005110830144,0.9988067541044794,0.005
6,651,651,0.0010632715065770904,0.0010632715065770904,0.9988311878604739,0.005
6,652,652,0.0010617314489674732,0.0010617314489674732,0.9988255242140504,0.005
6,653,653,0.0010533056788930096,0.0010533056788930096,0.9988389643427982,0.005
6,654,654,0.0010550641818852402,0.0010550641818852402,0.9988517802683216,0.005
6,655,655,0.001061040619078627,0.001061040619078627,0.9988545123130704,0.005
6,656,656,0.0010440767030549347,0.0010440767030549347,0.9988625591740821,0.005
6,657,657,0.0010653575860584195,0.0010653575860584195,0.998860717519778,0.005
6,658,658,0.0010580629891677276,0.0010580629891677276,0.9988548217522181,0.005
6,659,659,0.0010607391246661168,0.0010607391246661168,0.9988489714028558,0.005
6,660,660,0.0010312460286693759,0.0010312460286693759,0.9988752167467457,0.005
6,661,661,0.0010653566323107421,0.0010653566323107421,0.9988446547448435,0.005
6,662,662,0.001059801916472326,0.001059801916472326,0.9988463707061543,0.005
6,663,663,0.0010458962291779185,0.0010458962291779185,0.9988762518114763,0.005
6,664,664,0.0010756871664715075,0.0010756871664715075,0.9988399410586546,0.005
6,665,665,0.0010608653007875713,0.0010608653007875713,0.9988487061827895,0.005
6,666,666,0.0010695209571456865,0.0010695209571456865,0.9988435136032375,0.005
6,667,667,0.0010729017914778705,0.0010729017914778705,0.9988381316498371,0.005
6,668,668,0.0010315799923985125,0.0010315799923985125,0.9988643097093403,0.005
6,669,669,0.0010443153789034178,0.0010443153789034178,0.9988636384416496,0.005
6,670,670,0.0010641906222964414,0.0010641906222964414,0.9988407126322542,0.005
6,671,671,0.001051751066994303,0.001051751066994303,0.9988510851782947,0.005
6,672,672,0.0010470954573123838,0.0010470954573123838,0.9988455870870898,0.005
6,673,673,0.001041563913214004,0.001041563913214004,0.9988523239475597,0.005
6,674,674,0.0010681769573694811,0.0010681769573694811,0.998842958203908,0.005
6,675,675,0.0010565789869416288,0.0010565789869416288,0.9988303626517314,0.005
6,676,676,0.0010545781336483019,0.0010545781336483019,0.9988509937622119,0.005
6,677,677,0.0010460141447491012,0.0010460141447491012,0.9988516465426519,0.005
6,678,678,0.0010604505104020601,0.0010604505104020601,0.9988369545230348,0.005
6,679,679,0.0010593517314000356,0.0010593517314000356,0.9988161255884304,0.005
6,680,680,0.0010672731540057258,0.0010672731540057258,0.9988272236253346,0.005
6,681,681,0.0010559626570486725,0.0010559626570486725,0.9988379488446905,0.005
6,682,682,0.001071903148687746,0.001071903148687746,0.9988149832534673,0.005
6,683,683,0.0010606874922944186,0.0010606874922944186,0.9988249583648598,0.005
6,684,684,0.0010761085574626972,0.0010761085574626972,0.9988080574129105,0.005
6,685,685,0.0010513779839240779,0.0010513779839240779,0.9988485215599665,0.005
6,686,686,0.0010480170685826908,0.0010480170685826908,0.9988390510084714,0.005
6,687,687,0.0010529758115086364,0.0010529758115086364,0.9988303506479294,0.005
6,688,688,0.0010782049465795562,0.0010782049465795562,0.9988001402544986,0.005
6,689,689,0.0010488956776198244,0.0010488956776198244,0.9988489434749028,0.005
6,690,690,0.0010513787631594483,0.0010513787631594483,0.9988406598237347,0.005
6,691,691,0.0010476803305624982,0.0010476803305624982,0.9988698778476236,0.005
6,692,692,0.0010274555714296907,0.0010274555714296907,0.9988903620736421,0.005
6,693,693,0.001060132679642858,0.001060132679642858,0.998841933052762,0.005
6,694,694,0.0010579948297132157,0.0010579948297132157,0.9988532400110973,0.005
6,695,695,0.0010750470017360759,0.0010750470017360759,0.9988152201054389,0.005
6,696,696,0.0010511561708189043,0.0010511561708189043,0.9988543176573694,0.005
6,697,697,0.0010538835790814527,0.0010538835790814527,0.9988641197428728,0.005
6,698,698,0.001054590545336098,0.001054590545336098,0.998858982307986,0.005
6,699,699,0.0010310220142739847,0.0010310220142739847,0.9988649020809482,0.005
6,700,700,0.0010463888482353514,0.0010463888482353514,0.9988498687807238,0.005
6,701,701,0.001055192132288021,0.001055192132288021,0.9988607748987045,0.005
6,702,702,0.0010637707376276052,0.0010637707376276052,0.9988282275628994,0.005
6,703,703,0.001049662925969408,0.001049662925969408,0.9988666663164597,0.005
6,704,704,0.0010424504654947386,0.0010424504654947386,0.998859482120457,0.005
6,705,705,0.0010616702670455734,0.0010616702670455734,0.9988450006262316,0.005
6,706,706,0.0010599657246632588,0.0010599657246632588,0.9988472798287047,0.005
6,707,707,0.001047466215922549,0.001047466215922549,0.9988571038676717,0.005
6,708,708,0.001053667543504182,0.001053667543504182,0.9988500391801521,0.005
6,709,709,0.0010726609104379772,0.0010726609104379772,0.9988065420554733,0.005
6,710,710,0.0010631815130811972,0.0010631815130811972,0.9988386778494047,0.005
6,711,711,0.0010511535070007938,0.0010511535070007938,0.9988487044281777,0.005
6,712,712,0.0010343147954956678,0.0010343147954956678,0.998874219387319,0.005
6,713,713,0.0010446837473676474,0.0010446837473676474,0.9988628310949058,0.005
6,714,714,0.0010484988004132855,0.0010484988004132855,0.9988541067440283,0.005
6,715,715,0.0010383481206404966,0.0010383481206404966,0.9988600024324813,0.005
6,716,716,0.0010642059372885006,0.0010642059372885006,0.9988455307780689,0.005
6,717,717,0.00105552579723179,0.00105552579723179,0.9988480117078605,0.005
6,718,718,0.001047139474197284,0.001047139474197284,0.998859696207774,0.005
6,719,719,0.0010694154300250926,0.0010694154300250926,0.9988135432078569,0.005
6,720,720,0.0010598462327930758,0.0010598462327930758,0.9988403553659883,0.005
6,721,721,0.0010543103978212232,0.0010543103978212232,0.9988333749399728,0.005
6,722,722,0.0010543974383950083,0.0010543974383950083,0.9988433853192743,0.005
6,723,723,0.0010727795929980355,0.0010727795929980355,0.9988099369069957,0.005
6,724,724,0.0010546041647053984,0.0010546041647053984,0.9988484232260704,0.005
6,725,725,0.0010505246642386124,0.0010505246642386124,0.998839336974349,0.005
6,726,726,0.0010455407236525916,0.0010455407236525916,0.9988607075758901,0.005
6,727,727,0.0010560148692397796,0.0010560148692397796,0.9988570355371693,0.005
6,728,728,0.0010576475991248568,0.0010576475991248568,0.9988486160712743,0.005
6,729,729,0.0010504699584692311,0.0010504699584692311,0.9988435888704084,0.005
6,730,730,0.0010501099492404343,0.0010501099492404343,0.9988476291985133,0.005
6,731,731,0.0010583554950154771,0.0010583554950154771,0.9988360100370574,0.005
6,732,732,0.0010536900488026324,0.0010536900488026324,0.9988430118749936,0.005
6,733,733,0.0010540109412113395,0.0010540109412113395,0.9988295500016906,0.005
6,734,734,0.001058400414569919,0.001058400414569919,0.9988446609685618,0.005
6,735,735,0.0010401468430042294,0.0010401468430042294,0.9988589144743708,0.005
6,736,736,0.0010534237365539489,0.0010534237365539489,0.9988441770614412,0.005
6,737,737,0.0010448713546404342,0.0010448713546404342,0.9988323410902771,0.005
6,738,738,0.0010531221711828774,0.0010531221711828774,0.998843038788648,0.005
6,739,739,0.0010426170911612997,0.0010426170911612997,0.998857329535953,0.005
6,740,740,0.001049148306964699,0.001049148306964699,0.9988217441947819,0.005
6,741,741,0.0010656226366958599,0.0010656226366958599,0.9988247957516521,0.005
6,742,742,0.0010461336286708535,0.0010461336286708535,0.9988531153517554,0.005
6,743,743,0.0010582711195186545,0.0010582711195186545,0.998834301611991,0.005
6,744,744,0.0010520087208082205,0.0010520087208082205,0.9988392510397794,0.005
6,745,745,0.0010587085054690837,0.0010587085054690837,0.9988368176839233,0.005
6,746,746,0.0011480563180914127,0.0011480563180914127,0.9987132023445533,0.005
6,747,747,0.0010577510289914338,0.0010577510289914338,0.9988297218128068,0.005
6,748,748,0.001050049018565814,0.001050049018565814,0.9988677421306741,0.005
6,749,749,0.0010545708603676752,0.0010545708603676752,0.9988598836101017,0.005
6,750,750,0.0010424462795060863,0.0010424462795060863,0.998865708527014,0.005
6,751,751,0.0010447856190936768,0.0010447856190936768,0.998862884918949,0.005
6,752,752,0.0010658659028370554,0.0010658659028370554,0.9988415773705347,0.005
6,753,753,0.0010461464722058733,0.0010461464722058733,0.998861392867008,0.005
6,754,754,0.0010536595052399846,0.0010536595052399846,0.998867008351459,0.005
6,755,755,0.0010655019602463245,0.0010655019602463245,0.998837980159036,0.005
6,756,756,0.0010460176244655695,0.0010460176244655695,0.9988731429359959,0.005
6,757,757,0.0010790321025739814,0.0010790321025739814,0.9988446985793049,0.005
6,758,758,0.0010495922041743135,0.0010495922041743135,0.9988689108238549,0.005
6,759,759,0.0010565936925024523,0.0010565936925024523,0.9988684382474229,0.005
6,760,760,0.0010701199705044938,0.0010701199705044938,0.9988405651389244,0.005
6,761,761,0.0010558845784597237,0.0010558845784597237,0.9988635813183846,0.005
6,762,762,0.0010568849576057626,0.0010568849576057626,0.9988441714335197,0.005
6,763,763,0.0010475996614406247,0.0010475996614406247,0.9988626471618367,0.005
6,764,764,0.0010417383576648508,0.0010417383576648508,0.9988681228342406,0.005
6,765,765,0.001046807723089268,0.001046807723089268,0.9988661260314096,0.005
6,766,766,0.001059359074123465,0.001059359074123465,0.9988372824245919,0.005
6,767,767,0.0010592965609856207,0.0010592965609856207,0.9988381712723007,0.005
6,768,768,0.0010528581228896737,0.0010528581228896737,0.9988422382878713,0.005
6,769,769,0.0010462882189639059,0.0010462882189639059,0.9988416562933222,0.005
6,770,770,0.0010705517232862216,0.0010705517232862216,0.9988071706355117,0.005
6,771,771,0.0010655430833282186,0.0010655430833282186,0.9987946241755276,0.005
6,772,772,0.0010513572740913756,0.0010513572740913756,0.9988348515996048,0.005
6,773,773,0.0010786707356937088,0.0010786707356937088,0.9987722110032318,0.005
6,774,774,0.0010577717423829458,0.0010577717423829458,0.9988336770961597,0.005
6,775,775,0.0010526222540543318,0.0010526222540543318,0.9988325253935735,0.005
6,776,776,0.0010483928426391277,0.0010483928426391277,0.9988496477591269,0.005
6,777,777,0.0010648033637015598,0.0010648033637015598,0.9988423852213353,0.005
6,778,778,0.0010383824024482258,0.0010383824024482258,0.9988663801149967,0.005
6,779,779,0.0010525508274236762,0.0010525508274236762,0.9988492204395436,0.005
6,780,780,0.0010540723355805504,0.0010540723355805504,0.9988519329849244,0.005
6,781,781,0.0010548211648501338,0.0010548211648501338,0.9988464233390026,0.005
6,782,782,0.0010590947382891692,0.0010590947382891692,0.9988672663511718,0.005
6,783,783,0.00105665884940508,0.00105665884940508,0.9988502585720986,0.005
6,784,784,0.0010518070736214914,0.0010518070736214914,0.9988553462410296,0.005
6,785,785,0.0010552241924206705,0.0010552241924206705,0.9988692522769343,0.005
6,786,786,0.0010442486368959824,0.0010442486368959824,0.9988820903335528,0.005
6,787,787,0.0010617576669898167,0.0010617576669898167,0.998872708346267,0.005
6,788,788,0.0010647794611734727,0.0010647794611734727,0.9988303658417205,0.005
6,789,789,0.001074801235182313,0.001074801235182313,0.9988138886788016,0.005
6,790,790,0.0010425334971610478,0.0010425334971610478,0.9988551246566868,0.005
6,791,791,0.0010495142012928215,0.0010495142012928215,0.9988573611932687,0.005
6,792,792,0.0010561472475137832,0.0010561472475137832,0.9988568843392958,0.005
6,793,793,0.001050991093389163,0.001050991093389163,0.9988431700656617,0.005
6,794,794,0.0010494633180789014,0.0010494633180789014,0.9988528307167323,0.005
6,795,795,0.0010473364976458675,0.0010473364976458675,0.9988426138306459,0.005
6,796,796,0.0010756197114942779,0.0010756197114942779,0.9988196549680419,0.005
6,797,797,0.0010455032337812222,0.0010455032337812222,0.9988369232104893,0.005
6,798,798,0.0010656246063684206,0.0010656246063684206,0.998820784599475,0.005
6,799,799,0.0010361115328361846,0.0010361115328361846,0.9988628918889206,0.005
6,800,800,0.0010560870506489172,0.0010560870506489172,0.9988350211012978,0.005
6,801,801,0.0010487299656158466,0.0010487299656158466,0.9988370901622461,0.005
6,802,802,0.0010594596860384598,0.0010594596860384598,0.9988489677229522,0.005
6,803,803,0.0010545029280406182,0.0010545029280406182,0.9988451492539032,0.005
6,804,804,0.0010579539013718543,0.0010579539013718543,0.9988377960988172,0.005
6,805,805,0.0010575436314178733,0.0010575436314178733,0.998845965217043,0.005
6,806,806,0.0010411113978871433,0.0010411113978871433,0.9988619664937329,0.005
6,807,807,0.0010678164923514145,0.0010678164923514145,0.9988360078020244,0.005
6,808,808,0.0010647375037409013,0.0010647375037409013,0.998848615300499,0.005
6,809,809,0.0010364327754631675,0.0010364327754631675,0.9988805434214041,0.005
6,810,810,0.0010419855321028484,0.0010419855321028484,0.9988672751487724,0.005
6,811,811,0.0010542121845466667,0.0010542121845466667,0.9988559330376735,0.005
6,812,812,0.0010973632613710672,0.0010973632613710672,0.9987749979325827,0.005
6,813,813,0.001066903043892452,0.001066903043892452,0.9988316585228267,0.005
6,814,814,0.0010489114792086862,0.0010489114792086862,0.9988388406511084,0.005
6,815,815,0.001032516386157195,0.001032516386157195,0.9988736851354432,0.005
6,816,816,0.0010493164898148111,0.0010493164898148111,0.9988515401253585,0.005
6,817,817,0.001068177481871717,0.001068177481871717,0.9988204893509985,0.005
6,818,818,0.0010627073858920522,0.0010627073858920522,0.9988466139420131,0.005
6,819,819,0.0010579230296951846,0.0010579230296951846,0.9988529326269576,0.005
6,820,820,0.0010496288031685388,0.0010496288031685388,0.9988445149788509,0.005
6,821,821,0.0010446316429791646,0.0010446316429791646,0.998852667663422,0.005
6,822,822,0.0010666325689473034,0.0010666325689473034,0.9988310073276102,0.005
6,823,823,0.001050691511557351,0.001050691511557351,0.9988460813168961,0.005
6,824,824,0.0010454893773306005,0.0010454893773306005,0.9988505764745941,0.005
6,825,825,0.0010454178102077862,0.0010454178102077862,0.998851162441974,0.005
6,826,826,0.0010632967390602367,0.0010632967390602367,0.9988344051191543,0.005
6,827,827,0.0010543832168970813,0.0010543832168970813,0.9988420971990455,0.005
6,828,828,0.0010586095077374648,0.0010586095077374648,0.9988387793935057,0.005
6,829,829,0.0010551491462171235,0.0010551491462171235,0.998842338116765,0.005
6,830,830,0.0010524148805594036,0.0010524148805594036,0.9988468359791172,0.005
6,831,831,0.0010460423139331608,0.0010460423139331608,0.9988642502775311,0.005
6,832,832,0.0010617907468610409,0.0010617907468610409,0.9988496825200389,0.005
6,833,833,0.0010428091805566452,0.0010428091805566452,0.9988488037640517,0.005
6,834,834,0.0010615642874523146,0.0010615642874523146,0.998832104834511,0.005
6,835,835,0.0010579736952483587,0.0010579736952483587,0.9988370873623422,0.005
6,836,836,0.0010478572068369186,0.0010478572068369186,0.9988486302677055,0.005
6,837,837,0.001066408149585385,0.001066408149585385,0.9988311579705423,0.005
6,838,838,0.00105466868179944,0.00105466868179944,0.9988476026893987,0.005
6,839,839,0.0010401216709638272,0.0010401216709638272,0.9988531898637437,0.005
6,840,840,0.0010565824964614767,0.0010565824964614767,0.9988383858494968,0.005
6,841,841,0.0010442688355448205,0.0010442688355448205,0.9988693023479545,0.005
6,842,842,0.0010397966865970686,0.0010397966865970686,0.9988752164999738,0.005
6,843,843,0.0010726332386047977,0.0010726332386047977,0.9988205513483213,0.005
6,844,844,0.0010530379656711374,0.0010530379656711374,0.9988594652324537,0.005
6,845,845,0.0010605039147432182,0.0010605039147432182,0.9988372728797058,0.005
6,846,846,0.0010434041094072755,0.0010434041094072755,0.998854676141005,0.005
6,847,847,0.0010554829528743226,0.0010554829528743226,0.9988413099450434,0.005
6,848,848,0.0011264766314719576,0.0011264766314719576,0.9987557004064311,0.005
6,849,849,0.0010475508447479564,0.0010475508447479564,0.9988460785511721,0.005
6,850,850,0.0010609094391439101,0.0010609094391439101,0.9988433306537147,0.005
6,851,851,0.0010465504048907713,0.0010465504048907713,0.9988504209734098,0.005
6,852,852,0.0010552704175813767,0.0010552704175813767,0.9988451036329303,0.005
6,853,853,0.0010604372250635453,0.0010604372250635453,0.9988345232411785,0.005
6,854,854,0.001046583446759375,0.001046583446759375,0.9988524057871275,0.005
6,855,855,0.0010593337740902608,0.0010593337740902608,0.9988365898709083,0.005
6,856,856,0.0010717822886378836,0.0010717822886378836,0.998836023813902,0.005
6,857,857,0.0010587715123956797,0.0010587715123956797,0.9988443208763951,0.005
6,858,858,0.0010469606333851932,0.0010469606333851932,0.9988562764364063,0.005
6,859,859,0.0010647919675338857,0.0010647919675338857,0.9988415504600564,0.005
6,860,860,0.0010381583936111207,0.0010381583936111207,0.9988639090190208,0.005
6,861,861,0.0010500131668341173,0.0010500131668341173,0.9988535422102388,0.005
6,862,862,0.0010357433904791024,0.0010357433904791024,0.9988748462926103,0.005
6,863,863,0.00104463872453448,0.00104463872453448,0.998865112375603,0.005
6,864,864,0.0010713983686793228,0.0010713983686793228,0.9988325596308052,0.005
6,865,865,0.0010761751538811138,0.0010761751538811138,0.9988437441916677,0.005
6,866,866,0.0010657074725492833,0.0010657074725492833,0.9988487163996946,0.005
6,867,867,0.0010507825900060797,0.0010507825900060797,0.9988475690858978,0.005
6,868,868,0.0010658426441520572,0.0010658426441520572,0.998839027424644,0.005
6,869,869,0.0010255502816993267,0.0010255502816993267,0.9988788285460771,0.005
6,870,870,0.0010319502437550455,0.0010319502437550455,0.9988633722890944,0.005
6,871,871,0.0010377770543784793,0.0010377770543784793,0.9988501094444124,0.005
6,872,872,0.0010527272092533658,0.0010527272092533658,0.9988543942856396,0.005
6,873,873,0.0010415341333004059,0.0010415341333004059,0.9988563999434384,0.005
6,874,874,0.0010584320345346598,0.0010584320345346598,0.9988461873504737,0.005
6,875,875,0.0010893949914458655,0.0010893949914458655,0.9987651664147092,0.005
6,876,876,0.0010411506552106666,0.0010411506552106666,0.998849680143348,0.005
6,877,877,0.0010872551708525692,0.0010872551708525692,0.9988016232508359,0.005
6,878,878,0.0010655971695566623,0.0010655971695566623,0.9988250323878932,0.005
6,879,879,0.001048502544085497,0.001048502544085497,0.998853288383583,0.005
6,880,880,0.0010514136581906619,0.0010514136581906619,0.998863524231406,0.005
6,881,881,0.0010546199011033496,0.0010546199011033496,0.9988427995733588,0.005
6,882,882,0.0010508332130074172,0.0010508332130074172,0.9988550725698717,0.005
6,883,883,0.0010618788427392634,0.0010618788427392634,0.9988433422246632,0.005
6,884,884,0.001046744693130406,0.001046744693130406,0.9988535027391967,0.005
6,885,885,0.0010532960871994413,0.0010532960871994413,0.9988643531460847,0.005
6,886,886,0.0010558509328748588,0.0010558509328748588,0.9988435569197824,0.005
6,887,887,0.0010543677419316356,0.0010543677419316356,0.99885062363457,0.005
6,888,888,0.0010449442778869356,0.0010449442778869356,0.998845759609561,0.005
6,889,889,0.0010383413703592614,0.0010383413703592614,0.9988514578506418,0.005
6,890,890,0.0010556780625324824,0.0010556780625324824,0.9988421281867392,0.005
6,891,891,0.001051990328595619,0.001051990328595619,0.9988500698123665,0.005
6,892,892,0.0010407989380135573,0.0010407989380135573,0.9988399237380579,0.005
6,893,893,0.0010530326391125066,0.0010530326391125066,0.9988410023747646,0.005
6,894,894,0.0010733462381905979,0.0010733462381905979,0.9988210313830233,0.005
6,895,895,0.0010545206734186752,0.0010545206734186752,0.9988548950721037,0.005
6,896,896,0.0010402420304128112,0.0010402420304128112,0.9988703901071989,0.005
6,897,897,0.0010471271594869947,0.0010471271594869947,0.9988614207372274,0.005
6,898,898,0.0010597029531262403,0.0010597029531262403,0.9988394287910739,0.005
6,899,899,0.001061664872260185,0.001061664872260185,0.9988189454445565,0.005
6,900,900,0.0010473803647087843,0.0010473803647087843,0.9988623607321797,0.005
6,901,901,0.001068204175727111,0.001068204175727111,0.9988416196707498,0.005
6,902,902,0.0010709029977767981,0.0010709029977767981,0.9988282430829787,0.005
6,903,903,0.0010558310377894486,0.0010558310377894486,0.9988476682480832,0.005
6,904,904,0.0010400484122321397,0.0010400484122321397,0.9988724692424534,0.005
6,905,905,0.001065527640959566,0.001065527640959566,0.9988402462579465,0.005
6,906,906,0.0010632804941603125,0.0010632804941603125,0.9988444109783392,0.005
6,907,907,0.0010491532065519905,0.0010491532065519905,0.9988475265463965,0.005
6,908,908,0.0010436784643174457,0.0010436784643174457,0.9988467998002318,0.005
6,909,909,0.0010742395850997567,0.0010742395850997567,0.9988242852347591,0.005
6,910,910,0.0010688176498242132,0.0010688176498242132,0.9988206337266188,0.005
6,911,911,0.0010249673763333556,0.0010249673763333556,0.9988562251072983,0.005
6,912,912,0.0010309227107902009,0.0010309227107902009,0.9988649621171073,0.005
6,913,913,0.001052649020935088,0.001052649020935088,0.9988459158827957,0.005
6,914,914,0.0010758495981352722,0.0010758495981352722,0.9988140292213202,0.005
6,915,915,0.001051885833252665,0.001051885833252665,0.9988326809626801,0.005
6,916,916,0.0010621470652127517,0.0010621470652127517,0.9988205956889741,0.005
6,917,917,0.001059567760097958,0.001059567760097958,0.9988361040493976,0.005
6,918,918,0.0010815139893161185,0.0010815139893161185,0.998789359778522,0.005
6,919,919,0.0010390013979599102,0.0010390013979599102,0.9988512903284271,0.005
6,920,920,0.0010457428131799772,0.0010457428131799772,0.9988520848618831,0.005
6,921,921,0.0010333384554023885,0.0010333384554023885,0.9988734170225048,0.005
6,922,922,0.0011044295642110035,0.0011044295642110035,0.9987867811344059,0.005
6,923,923,0.0010415973896377463,0.0010415973896377463,0.9988755117003292,0.005
6,924,924,0.0010497133304479232,0.0010497133304479232,0.9988654821291201,0.005
6,925,925,0.0010512302664935046,0.0010512302664935046,0.9988608352721465,0.005
6,926,926,0.0010611961805839054,0.0010611961805839054,0.9988629481713303,0.005
6,927,927,0.0010819694543889604,0.0010819694543889604,0.9988293255508855,0.005
6,928,928,0.0010526644669241482,0.0010526644669241482,0.9988705591520001,0.005
6,929,929,0.001047952238795653,0.001047952238795653,0.9988652196466908,0.005
6,930,930,0.0010419861240349936,0.0010419861240349936,0.9988896311242312,0.005
6,931,931,0.00101632989203705,0.00101632989203705,0.9988919512145477,0.005
6,932,932,0.0010710102057520563,0.0010710102057520563,0.9988332262651686,0.005
6,933,933,0.001084369723065819,0.001084369723065819,0.9988348417098696,0.005
6,934,934,0.0010760658959339641,0.0010760658959339641,0.9988298109644439,0.005
6,935,935,0.0010421355880000794,0.0010421355880000794,0.9988536267088385,0.005
6,936,936,0.0010683087794145407,0.0010683087794145407,0.9988429291525831,0.005
6,937,937,0.0010208163650058787,0.0010208163650058787,0.9988948018253665,0.005
6,938,938,0.0010705134862417475,0.0010705134862417475,0.9988560460476885,0.005
6,939,939,0.0010639063187438368,0.0010639063187438368,0.998850745296239,0.005
6,940,940,0.0010689362593895146,0.0010689362593895146,0.9988432020055628,0.005
6,941,941,0.001051690024659424,0.001051690024659424,0.9988482761253807,0.005
6,942,942,0.0010731612882916353,0.0010731612882916353,0.9988495634773066,0.005
6,943,943,0.0010394301510176151,0.0010394301510176151,0.9988789075887777,0.005
6,944,944,0.0010654235218403242,0.0010654235218403242,0.9988442783267091,0.005
6,945,945,0.0010752765658593668,0.0010752765658593668,0.9988258953396095,0.005
6,946,946,0.0010621616837126447,0.0010621616837126447,0.9988530474612132,0.005
6,947,947,0.0010240741771005812,0.0010240741771005812,0.9988733216315979,0.005
6,948,948,0.0010208279480832705,0.0010208279480832705,0.9988783652706412,0.005
6,949,949,0.0010472785797609164,0.0010472785797609164,0.9988465637180078,0.005
6,950,950,0.0010896670460054502,0.0010896670460054502,0.9988195330212551,0.005
6,951,951,0.0010480861898605252,0.0010480861898605252,0.9988537698756779,0.005
6,952,952,0.0010653974045307713,0.0010653974045307713,0.9988336186188163,0.005
6,953,953,0.0010780228611017607,0.0010780228611017607,0.9987685753837324,0.005
6,954,954,0.0010476232790089866,0.0010476232790089866,0.9988305338859744,0.005
6,955,955,0.0010733406493841323,0.0010733406493841323,0.9987846953622012,0.005
6,956,956,0.0010704790911472727,0.0010704790911472727,0.9988190853085488,0.005
6,957,957,0.0010810017156753172,0.0010810017156753172,0.9988065243702251,0.005
6,958,958,0.0010694136394874842,0.0010694136394874842,0.9988384161562638,0.005
6,959,959,0.0010809937624530895,0.0010809937624530895,0.9988077409263031,0.005
6,960,960,0.0010638119110034615,0.0010638119110034615,0.9988394209727224,0.005
6,961,961,0.0010360870851480607,0.0010360870851480607,0.9988740786639632,0.005
6,962,962,0.0010417411092354745,0.0010417411092354745,0.9988659871793957,0.005
6,963,963,0.0010527226635301246,0.0010527226635301246,0.9988616469999894,0.005
6,964,964,0.0010586960478509667,0.0010586960478509667,0.9988273113231338,0.005
6,965,965,0.0010497961075441697,0.0010497961075441697,0.9988626021443852,0.005
6,966,966,0.0010568536842048115,0.0010568536842048115,0.998846998327742,0.005
6,967,967,0.0010586866798490057,0.0010586866798490057,0.9988412611807148,0.005
6,968,968,0.0010374931110359697,0.0010374931110359697,0.9988641346355613,0.005
6,969,969,0.0010689588659596651,0.0010689588659596651,0.9988518258060464,0.005
6,970,970,0.001048341482893237,0.001048341482893237,0.9988760430558207,0.005
6,971,971,0.0010597666134690886,0.0010597666134690886,0.998858789589209,0.005
6,972,972,0.0010490734238410692,0.0010490734238410692,0.9988709780202455,0.005
6,973,973,0.0010339974504510285,0.0010339974504510285,0.9988917695183468,0.005
6,974,974,0.0010855443401580891,0.0010855443401580891,0.9988195833746021,0.005
6,975,975,0.001050228658815554,0.001050228658815554,0.9988685656247425,0.005
6,976,976,0.001053169715218585,0.001053169715218585,0.9988651949927407,0.005
6,977,977,0.0010695421673617977,0.0010695421673617977,0.9988345394524643,0.005
6,978,978,0.0010600422057342029,0.0010600422057342029,0.9988586085996682,0.005
6,979,979,0.0010495430964777685,0.0010495430964777685,0.9988517814502724,0.005
6,980,980,0.0010590859054018886,0.0010590859054018886,0.9988582527303977,0.005
6,981,981,0.0010560902222393864,0.0010560902222393864,0.9988409256178977,0.005
6,982,982,0.0010552165454210138,0.0010552165454210138,0.9988197961210318,0.005
6,983,983,0.001045660428472618,0.001045660428472618,0.9988315861320815,0.005
6,984,984,0.0010398128645998262,0.0010398128645998262,0.9988418622573152,0.005
6,985,985,0.0010654080568014636,0.0010654080568014636,0.9988345033571121,0.005
6,986,986,0.0010569133619741688,0.0010569133619741688,0.9988359499294177,0.005
6,987,987,0.001032038963915608,0.001032038963915608,0.9988559436972972,0.005
6,988,988,0.001061279457243074,0.001061279457243074,0.9988256160829524,0.005
6,989,989,0.0010535013062768616,0.0010535013062768616,0.9988483030666417,0.005
6,990,990,0.0010510230344648532,0.0010510230344648532,0.9988419950155626,0.005
6,991,991,0.0010666327554079082,0.0010666327554079082,0.9988214928708211,0.005
6,992,992,0.001058495086474489,0.001058495086474489,0.9988403754192201,0.005
6,993,993,0.0010360649081961426,0.0010360649081961426,0.9988615514746533,0.005
6,994,994,0.0010463122407305104,0.0010463122407305104,0.9988330372291425,0.005
6,995,995,0.0010274702160417437,0.0010274702160417437,0.998862440469375,0.005
6,996,996,0.0010652839276337844,0.0010652839276337844,0.9988557746532377,0.005
6,997,997,0.0010667106462463015,0.0010667106462463015,0.9988455223413456,0.005
6,998,998,0.0010640207954359581,0.0010640207954359581,0.998863699465282,0.005
6,999,999,0.0010371450239206126,0.0010371450239206126,0.9988814934595119,0.005
6,1000,1000,0.001050469524882045,0.001050469524882045,0.9988605118250562,0.005
6,1001,1001,0.0010404054974892164,0.0010404054974892164,0.998869064217834,0.005
6,1002,1002,0.0010563714797020474,0.0010563714797020474,0.9988470263813128,0.005
6,1003,1003,0.0010602540293678086,0.0010602540293678086,0.9988530562267813,0.005
6,1004,1004,0.0010617370364834446,0.0010617370364834446,0.99883842505539,0.005
6,1005,1005,0.001045847780991589,0.001045847780991589,0.9988706674049276,0.005
6,1006,1006,0.00104271867519142,0.00104271867519142,0.9988609264409385,0.005
6,1007,1007,0.0010559078855237936,0.0010559078855237936,0.9988366505154951,0.005
6,1008,1008,0.0010438110213042407,0.0010438110213042407,0.9988552000693836,0.005
6,1009,1009,0.0010650703723346544,0.0010650703723346544,0.9988383719961546,0.005
6,1010,1010,0.0010440348644817432,0.0010440348644817432,0.9988599255832242,0.005
6,1011,1011,0.001058534351383178,0.001058534351383178,0.9988424422116043,0.005
6,1012,1012,0.0010501708899031616,0.0010501708899031616,0.9988302347381723,0.005
6,1013,1013,0.0010441192105752329,0.0010441192105752329,0.9988555227139149,0.005
6,1014,1014,0.0010539259800981483,0.0010539259800981483,0.9988423336549707,0.005
6,1015,1015,0.0010522193150626614,0.0010522193150626614,0.9988392483028751,0.005
6,1016,1016,0.001053417062217773,0.001053417062217773,0.9988408634309801,0.005
6,1017,1017,0.0010748223233507993,0.0010748223233507993,0.9988033749790168,0.005
6,1018,1018,0.0010474355099704125,0.0010474355099704125,0.9988509977734739,0.005
6,1019,1019,0.0010825185852134044,0.0010825185852134044,0.9988121201305762,0.005
6,1020,1020,0.0010364271272904834,0.0010364271272904834,0.9988594253905017,0.005
6,1021,1021,0.0010582165927443777,0.0010582165927443777,0.9988516896668891,0.005
6,1022,1022,0.0010706870986036687,0.0010706870986036687,0.9988100196588259,0.005
6,1023,1023,0.0010680219922420764,0.0010680219922420764,0.9988378233719,0.005
6,1024,1024,0.0010650150943438351,0.0010650150943438351,0.9988266607563281,0.005
6,1025,1025,0.0010460239084966372,0.0010460239084966372,0.9988591133249145,0.005
6,1026,1026,0.001057985214234175,0.001057985214234175,0.9988324463957001,0.005
6,1027,1027,0.0010828731955878634,0.0010828731955878634,0.9988007301313392,0.005
6,1028,1028,0.0010684925915546853,0.0010684925915546853,0.9988278903628536,0.005
6,1029,1029,0.0010512072424099328,0.0010512072424099328,0.9988398250931271,0.005
6,1030,1030,0.0010646326093787638,0.0010646326093787638,0.9988422634961226,0.005
6,1031,1031,0.0010458288682209473,0.0010458288682209473,0.9988576754119993,0.005
6,1032,1032,0.0010434472299462017,0.0010434472299462017,0.998856633487118,0.005
6,1033,1033,0.0010990285633352172,0.0010990285633352172,0.9987925180694521,0.005
6,1034,1034,0.0010740390363323338,0.0010740390363323338,0.9988128458386015,0.005
6,1035,1035,0.001033247725159262,0.001033247725159262,0.9988717591159337,0.005
6,1036,1036,0.0010513586646712938,0.0010513586646712938,0.9988599046284563,0.005
6,1037,1037,0.0010535445118231247,0.0010535445118231247,0.9988600051334332,0.005
6,1038,1038,0.0010566105242486444,0.0010566105242486444,0.9988624289674095,0.005
6,1039,1039,0.0010516323213795597,0.0010516323213795597,0.9988562306378885,0.005
6,1040,1040,0.0010561340092300187,0.0010561340092300187,0.9988476289505034,0.005
6,1041,1041,0.0010698231533067392,0.0010698231533067392,0.9988471590175594,0.005
6,1042,1042,0.0010629800635291531,0.0010629800635291531,0.9988552038208822,0.005
6,1043,1043,0.0010623886682793993,0.0010623886682793993,0.9988448288350054,0.005
6,1044,1044,0.001046652208255583,0.001046652208255583,0.9988585514984866,0.005
6,1045,1045,0.0010396084540733863,0.0010396084540733863,0.9988710274481252,0.005
6,1046,1046,0.0010567906656127057,0.0010567906656127057,0.9988574470444482,0.005
6,1047,1047,0.0010440203266300586,0.0010440203266300586,0.9988609877765953,0.005
6,1048,1048,0.0010524160958277561,0.0010524160958277561,0.9988356444247688,0.005
6,1049,1049,0.0010523685296501917,0.0010523685296501917,0.9988720469773926,0.005
6,1050,1050,0.001032206833954793,0.001032206833954793,0.9988656732151143,0.005
6,1051,1051,0.001087053873148094,0.001087053873148094,0.9988125683721821,0.005
6,1052,1052,0.0010881632994352354,0.0010881632994352354,0.9988370021910704,0.005
6,1053,1053,0.0010937550482179315,0.0010937550482179315,0.9988139753891964,0.005
6,1054,1054,0.0010448747402287295,0.0010448747402287295,0.9988469522655494,0.005
6,1055,1055,0.0010447314346131254,0.0010447314346131254,0.9988490785706851,0.005
6,1056,1056,0.0010524254485900497,0.0010524254485900497,0.9988364456943851,0.005
6,1057,1057,0.0010404815710528203,0.0010404815710528203,0.9988654451376053,0.005
6,1058,1058,0.0010529967032386102,0.0010529967032386102,0.9988239638946594,0.005
6,1059,1059,0.0012894209200730402,0.0012894209200730402,0.9985521161545451,0.005
6,1060,1060,0.001046816390082056,0.001046816390082056,0.9988830873132154,0.005
6,1061,1061,0.0010485360674407417,0.0010485360674407417,0.998878499367246,0.005
6,1062,1062,0.0010798630329378423,0.0010798630329378423,0.9988442877068129,0.005
6,1063,1063,0.001086184006775185,0.001086184006775185,0.9988047688116429,0.005
6,1064,1064,0.0011021295303240732,0.0011021295303240732,0.9987704802014331,0.005
6,1065,1065,0.0011020180360156518,0.0011020180360156518,0.998774605361562,0.005
6,1066,1066,0.001202216012405112,0.001202216012405112,0.9986255296921893,0.005
6,1067,1067,0.0011429038638007282,0.0011429038638007282,0.9986843863753737,0.005
6,1068,1068,0.001083601224985593,0.001083601224985593,0.9987843520206964,0.005
6,1069,1069,0.0010940491589734014,0.0010940491589734014,0.9987828024145952,0.005
6,1070,1070,0.001068781217948641,0.001068781217948641,0.998807007145454,0.005
6,1071,1071,0.001060010110084383,0.001060010110084383,0.9988153545422293,0.005
6,1072,1072,0.0010362940626330286,0.0010362940626330286,0.9988593207135128,0.005
6,1073,1073,0.0010598296579066079,0.0010598296579066079,0.9988259737590983,0.005
6,1074,1074,0.0010484754966601506,0.0010484754966601506,0.9988573090739745,0.005
6,1075,1075,0.001038398773301722,0.001038398773301722,0.9988613195743646,0.005
6,1076,1076,0.0010778259740889561,0.0010778259740889561,0.9988246588325063,0.005
6,1077,1077,0.0011199160474839086,0.0011199160474839086,0.9987836282206539,0.005
6,1078,1078,0.0010654509866377837,0.0010654509866377837,0.9988541385716377,0.005
6,1079,1079,0.001042632988057115,0.001042632988057115,0.9988773806210633,0.005
6,1080,1080,0.0010603318451390441,0.0010603318451390441,0.9988674243135202,0.005
6,1081,1081,0.0010234708874353859,0.0010234708874353859,0.9988839908003547,0.005
6,1082,1082,0.001066030216893531,0.001066030216893531,0.9988555944278771,0.005
6,1083,1083,0.0010637601199698643,0.0010637601199698643,0.9988573169262074,0.005
6,1084,1084,0.0010810268607837946,0.0010810268607837946,0.9988379116084034,0.005
6,1085,1085,0.001074417067649983,0.001074417067649983,0.9988484200591772,0.005
6,1086,1086,0.0010850208806952822,0.0010850208806952822,0.998841546394572,0.005
6,1087,1087,0.0010959335792091718,0.0010959335792091718,0.9987979643937256,0.005
6,1088,1088,0.0010658346477206838,0.0010658346477206838,0.9988438889363045,0.005
6,1089,1089,0.0010429570501990083,0.0010429570501990083,0.9988620330758216,0.005
6,1090,1090,0.0010721392016130793,0.0010721392016130793,0.9988328405317498,0.005
6,1091,1091,0.0010660152885964703,0.0010660152885964703,0.9988449362268381,0.005
6,1092,1092,0.0010487201872506225,0.0010487201872506225,0.9988358492022832,0.005
6,1093,1093,0.0010561457146774787,0.0010561457146774787,0.9988483940703183,0.005
6,1094,1094,0.0010656121209008296,0.0010656121209008296,0.9988537374313936,0.005
6,1095,1095,0.0010653835805194468,0.0010653835805194468,0.9988328384960613,0.005
6,1096,1096,0.001069401310988669,0.001069401310988669,0.9988485606630708,0.005
6,1097,1097,0.001034164091888977,0.001034164091888977,0.9988794210324686,0.005
6,1098,1098,0.001042844232134399,0.001042844232134399,0.9988639433933629,0.005
6,1099,1099,0.001055227846372484,0.001055227846372484,0.9988638032626972,0.005
6,1100,1100,0.0010627613446768114,0.0010627613446768114,0.9988325513505552,0.005
6,1101,1101,0.001053696355906214,0.001053696355906214,0.9988588804694072,0.005
6,1102,1102,0.0010819923184872148,0.0010819923184872148,0.9988119314880788,0.005
6,1103,1103,0.0010685681940415016,0.0010685681940415016,0.9988396801570293,0.005
6,1104,1104,0.0010176420753913186,0.0010176420753913186,0.9988816247577352,0.005
6,1105,1105,0.0010766138564968252,0.0010766138564968252,0.9988201609659167,0.005
6,1106,1106,0.0010641150027297808,0.0010641150027297808,0.9988410308652903,0.005
6,1107,1107,0.0010497996140697197,0.0010497996140697197,0.9988601995395071,0.005
6,1108,1108,0.0010819528112829449,0.0010819528112829449,0.9988122919228314,0.005
6,1109,1109,0.0010437960597943898,0.0010437960597943898,0.9988607114804322,0.005
6,1110,1110,0.0010843212100200739,0.0010843212100200739,0.9988314749766526,0.005
6,1111,1111,0.0010863084216730123,0.0010863084216730123,0.9988207731232015,0.005
6,1112,1112,0.0010176632115653072,0.0010176632115653072,0.9988822719315887,0.005
6,1113,1113,0.0010685695412366303,0.0010685695412366303,0.9988272366432058,0.005
6,1114,1114,0.0010391478770136265,0.0010391478770136265,0.9988830934019025,0.005
6,1115,1115,0.0010372932968028149,0.0010372932968028149,0.9988632881573406,0.005
6,1116,1116,0.0010401686697972367,0.0010401686697972367,0.9988663323240379,0.005
6,1117,1117,0.0010802134532371577,0.0010802134532371577,0.9988161332294367,0.005
6,1118,1118,0.001066739629652701,0.001066739629652701,0.9988531938282219,0.005
6,1119,1119,0.0010458566630992983,0.0010458566630992983,0.998858541499262,0.005
6,1120,1120,0.001056466955072276,0.001056466955072276,0.9988447558090904,0.005
6,1121,1121,0.0010404625739335273,0.0010404625739335273,0.9988678032818685,0.005
6,1122,1122,0.0010521853813789017,0.0010521853813789017,0.9988632066291124,0.005
6,1123,1123,0.0010615505712725658,0.0010615505712725658,0.9988286576185113,0.005
6,1124,1124,0.0010538837606314344,0.0010538837606314344,0.9988444658213826,0.005
6,1125,1125,0.0010750005694551033,0.0010750005694551033,0.9988271329479697,0.005
6,1126,1126,0.0010569500752972438,0.0010569500752972438,0.9988510263434164,0.005
6,1127,1127,0.0010491512565972217,0.0010491512565972217,0.9988529780186706,0.005
6,1128,1128,0.0010285490555519828,0.0010285490555519828,0.9988730035068175,0.005
6,1129,1129,0.0010443060660316273,0.0010443060660316273,0.9988419962986215,0.005
6,1130,1130,0.0010413695672227918,0.0010413695672227918,0.998879962800928,0.005
6,1131,1131,0.0010585089866832344,0.0010585089866832344,0.9988449401484588,0.005
6,1132,1132,0.001101603206020716,0.001101603206020716,0.9987936276317014,0.005
6,1133,1133,0.0010637750186777463,0.0010637750186777463,0.9988437415443743,0.005
6,1134,1134,0.001060110538096165,0.001060110538096165,0.9988539210776686,0.005
6,1135,1135,0.0010626119030503944,0.0010626119030503944,0.9988060568041932,0.005
6,1136,1136,0.0010596031007075457,0.0010596031007075457,0.9988337695624323,0.005
6,1137,1137,0.0010422833586975454,0.0010422833586975454,0.9988452026255682,0.005
6,1138,1138,0.001045911072826482,0.001045911072826482,0.9988640039531769,0.005
6,1139,1139,0.0010615762012746177,0.0010615762012746177,0.9988441343212646,0.005
6,1140,1140,0.0010361623696403777,0.0010361623696403777,0.9988537525484074,0.005
6,1141,1141,0.0010753504451242479,0.0010753504451242479,0.998830556535189,0.005
6,1142,1142,0.0010346897412478028,0.0010346897412478028,0.9988710919406179,0.005
6,1143,1143,0.0010507624035992014,0.0010507624035992014,0.9988523566055314,0.005
6,1144,1144,0.0010598265114566796,0.0010598265114566796,0.998840093791992,0.005
6,1145,1145,0.0010509674651438194,0.0010509674651438194,0.9988549805539335,0.005
6,1146,1146,0.00103568443457141,0.00103568443457141,0.9988720386122052,0.005
6,1147,1147,0.0010461521319032941,0.0010461521319032941,0.9988623983117243,0.005
6,1148,1148,0.0010539652003767098,0.0010539652003767098,0.9988400451820133,0.005
6,1149,1149,0.0010410689400883644,0.0010410689400883644,0.9988741908438924,0.005
6,1150,1150,0.0010619108623785845,0.0010619108623785845,0.9988524763008777,0.005
6,1151,1151,0.0010573984401287973,0.0010573984401287973,0.9988403044400083,0.005
6,1152,1152,0.0010331317718930044,0.0010331317718930044,0.9988667994228163,0.005
6,1153,1153,0.0010312116803552608,0.0010312116803552608,0.9988729682706915,0.005
6,1154,1154,0.0010300571353414533,0.0010300571353414533,0.9988803893762359,0.005
6,1155,1155,0.0010877519929289637,0.0010877519929289637,0.9987887073855335,0.005
6,1156,1156,0.001072009242528875,0.001072009242528875,0.998832331768883,0.005
6,1157,1157,0.0010716323150074202,0.0010716323150074202,0.9988405708407554,0.005
6,1158,1158,0.0010296575810452347,0.0010296575810452347,0.9988746141585744,0.005
6,1159,1159,0.0010513327062293975,0.0010513327062293975,0.9988626369622713,0.005
6,1160,1160,0.0010565368620282988,0.0010565368620282988,0.9988419409183081,0.005
6,1161,1161,0.0010600502300613958,0.0010600502300613958,0.998838230241575,0.005
6,1162,1162,0.0010349833250331876,0.0010349833250331876,0.998880836498653,0.005
6,1163,1163,0.0010543519849167161,0.0010543519849167161,0.9988396455309713,0.005
6,1164,1164,0.001052084387015363,0.001052084387015363,0.9988433728289405,0.005
6,1165,1165,0.0010796608539328824,0.0010796608539328824,0.9988255729173147,0.005
6,1166,1166,0.001044077454260901,0.001044077454260901,0.99885659446239,0.005
6,1167,1167,0.0010614181184803386,0.0010614181184803386,0.9988488060095811,0.005
6,1168,1168,0.0010466041755741108,0.0010466041755741108,0.9988574034766429,0.005
6,1169,1169,0.0010558624067155487,0.0010558624067155487,0.9988434041807794,0.005
6,1170,1170,0.0010606184266315722,0.0010606184266315722,0.9988335133979174,0.005
6,1171,1171,0.0010513466786374304,0.0010513466786374304,0.9988479598035007,0.005
6,1172,1172,0.0010448615991451638,0.0010448615991451638,0.9988610364360488,0.005
6,1173,1173,0.0010562900628648475,0.0010562900628648475,0.9988262279502786,0.005
6,1174,1174,0.0010603151646081188,0.0010603151646081188,0.9988449116055443,0.005
6,1175,1175,0.0010626571233944915,0.0010626571233944915,0.9988410593923956,0.005
6,1176,1176,0.001065862712528881,0.001065862712528881,0.998836954503665,0.005
6,1177,1177,0.001053448390794548,0.001053448390794548,0.9988354863008219,0.005
6,1178,1178,0.0010635098306801894,0.0010635098306801894,0.9988370385006855,0.005
6,1179,1179,0.0010741702689209243,0.0010741702689209243,0.99883049995417,0.005
6,1180,1180,0.0010485467531057002,0.0010485467531057002,0.9988660909491636,0.005
6,1181,1181,0.0010343580931964458,0.0010343580931964458,0.998874314659273,0.005
6,1182,1182,0.0010412268083077236,0.0010412268083077236,0.998870712440591,0.005
6,1183,1183,0.0010536310571934138,0.0010536310571934138,0.9988565114898753,0.005
6,1184,1184,0.001033513201776859,0.001033513201776859,0.9988746680987446,0.005
6,1185,1185,0.0010410432231070734,0.0010410432231070734,0.9988656407060195,0.005
6,1186,1186,0.0010481271895964595,0.0010481271895964595,0.9988553173841327,0.005
6,1187,1187,0.0010407976164949363,0.0010407976164949363,0.9988745476656415,0.005
6,1188,1188,0.001050775108526495,0.001050775108526495,0.9988582427386482,0.005
6,1189,1189,0.001076499603192952,0.001076499603192952,0.9988161354703095,0.005
6,1190,1190,0.0010806608704972851,0.0010806608704972851,0.998803807971182,0.005
6,1191,1191,0.0010749221584969593,0.0010749221584969593,0.9988165878928381,0.005
6,1192,1192,0.0010499568593372722,0.0010499568593372722,0.9988450629061009,0.005
6,1193,1193,0.0010953352612529678,0.0010953352612529678,0.9987881479363819,0.005
6,1194,1194,0.0010741525136774687,0.0010741525136774687,0.9988267738190975,0.005
6,1195,1195,0.0010472162447748134,0.0010472162447748134,0.9988395188125877,0.005
6,1196,1196,0.0010422278698139398,0.0010422278698139398,0.9988643629749417,0.005
6,1197,1197,0.0010596460789611439,0.0010596460789611439,0.9988335317168642,0.005
6,1198,1198,0.0010517096195555465,0.0010517096195555465,0.9988331814204925,0.005
6,1199,1199,0.001046767913439105,0.001046767913439105,0.9988623144661266,0.005
6,1200,1200,0.0010763426805509358,0.0010763426805509358,0.998825177898049,0.005
6,1201,1201,0.0010487722049105485,0.0010487722049105485,0.998849702444572,0.005
6,1202,1202,0.0010734140260528712,0.0010734140260528712,0.9987978945730853,0.005
6,1203,1203,0.0010473686027046981,0.0010473686027046981,0.9988453227496025,0.005
6,1204,1204,0.0010618382576566675,0.0010618382576566675,0.9988456476052154,0.005
6,1205,1205,0.0010480164000059645,0.0010480164000059645,0.9988513881882853,0.005
6,1206,1206,0.0010416756766111024,0.0010416756766111024,0.9988565345321447,0.005
6,1207,1207,0.0010471768660104198,0.0010471768660104198,0.9988642397440283,0.005
6,1208,1208,0.001058781862451238,0.001058781862451238,0.9988672330977192,0.005
6,1209,1209,0.0010452668314552215,0.0010452668314552215,0.9988695402257213,0.005
6,1210,1210,0.0011293169940756486,0.0011293169940756486,0.9987771772528135,0.005
6,1211,1211,0.0010666325028447588,0.0010666325028447588,0.9988536649943904,0.005
6,1212,1212,0.0010785519957351964,0.0010785519957351964,0.9988209203480906,0.005
6,1213,1213,0.001056115077865758,0.001056115077865758,0.9988663806817702,0.005
6,1214,1214,0.001037027455835263,0.001037027455835263,0.9988736726786671,0.005
6,1215,1215,0.0010549590315189717,0.0010549590315189717,0.9988605466470097,0.005
6,1216,1216,0.0010443975904960057,0.0010443975904960057,0.9988772413146273,0.005
6,1217,1217,0.001045755554378446,0.001045755554378446,0.9988544451709179,0.005
6,1218,1218,0.0010593979314918334,0.0010593979314918334,0.9988614875074142,0.005
6,1219,1219,0.0010493635691806347,0.0010493635691806347,0.9988775546050904,0.005
6,1220,1220,0.0010438729976196615,0.0010438729976196615,0.9988875726139191,0.005
6,1221,1221,0.0010683461636981084,0.0010683461636981084,0.998855120570803,0.005
6,1222,1222,0.0010422978652312464,0.0010422978652312464,0.9988834742946893,0.005
6,1223,1223,0.001040769367742299,0.001040769367742299,0.9988690020906253,0.005
6,1224,1224,0.0010632232482262883,0.0010632232482262883,0.9988465466892438,0.005
6,1225,1225,0.0010629519210091354,0.0010629519210091354,0.9988477764782302,0.005
6,1226,1226,0.0010948363837990248,0.0010948363837990248,0.9988051663201621,0.005
6,1227,1227,0.0010258568819603742,0.0010258568819603742,0.9988852300416744,0.005
6,1228,1228,0.0010643956982893177,0.0010643956982893177,0.9988371364145205,0.005
6,1229,1229,0.0010370158665132369,0.0010370158665132369,0.9988739549486713,0.005
6,1230,1230,0.0010156877029371624,0.0010156877029371624,0.9988823310460525,0.005
6,1231,1231,0.0010325463472844743,0.0010325463472844743,0.9988584110409923,0.005
6,1232,1232,0.0010657231572947668,0.0010657231572947668,0.9988109346372541,0.005
6,1233,1233,0.0010571002420749274,0.0010571002420749274,0.9988338183416827,0.005
6,1234,1234,0.0010562301489004753,0.0010562301489004753,0.9988332339117019,0.005
6,1235,1235,0.001048725198377647,0.001048725198377647,0.9988399905825067,0.005
6,1236,1236,0.001067778174799121,0.001067778174799121,0.9988243139158586,0.005
6,1237,1237,0.0010584187239185893,0.0010584187239185893,0.9988181280743346,0.005
6,1238,1238,0.0010326482830778705,0.0010326482830778705,0.998850139992145,0.005
6,1239,1239,0.0011302142930409887,0.0011302142930409887,0.9987438594532891,0.005
6,1240,1240,0.001072792244882108,0.001072792244882108,0.9988261340111382,0.005
6,1241,1241,0.001035186119748772,0.001035186119748772,0.9988748409920111,0.005
6,1242,1242,0.0010346409624451736,0.0010346409624451736,0.9988655427945214,0.005
6,1243,1243,0.001082852760562434,0.001082852760562434,0.9988322198520581,0.005
6,1244,1244,0.0010514430679606636,0.0010514430679606636,0.9988425193182482,0.005
6,1245,1245,0.0010079820913683258,0.0010079820913683258,0.998880576529359,0.005
6,1246,1246,0.0010358218980601218,0.0010358218980601218,0.9988687702773746,0.005
6,1247,1247,0.001049903573892048,0.001049903573892048,0.9988527301894853,0.005
6,1248,1248,0.0010399349536518556,0.0010399349536518556,0.9988726305570934,0.005
6,1249,1249,0.0010621304461692438,0.0010621304461692438,0.9988428008965905,0.005
6,1250,1250,0.0010691325447428023,0.0010691325447428023,0.9988529408744151,0.005
6,1251,1251,0.0010580130703677947,0.0010580130703677947,0.9988711865336874,0.005
6,1252,1252,0.001052587561482602,0.001052587561482602,0.9988705941130608,0.005
6,1253,1253,0.0010515409997385707,0.0010515409997385707,0.9988652871436815,0.005
6,1254,1254,0.0010538837831989755,0.0010538837831989755,0.9988476139929783,0.005
6,1255,1255,0.0010518068566875262,0.0010518068566875262,0.9988698884007201,0.005
6,1256,1256,0.0010466740590180101,0.0010466740590180101,0.9988721994928079,0.005
6,1257,1257,0.0010429108018928921,0.0010429108018928921,0.9988719816445737,0.005
6,1258,1258,0.001028147795092612,0.001028147795092612,0.9988823437833013,0.005
6,1259,1259,0.0010547295465233686,0.0010547295465233686,0.9988392126015779,0.005
6,1260,1260,0.0010478907236341284,0.0010478907236341284,0.9988643906138467,0.005
6,1261,1261,0.0010756133973809155,0.0010756133973809155,0.9988209023469261,0.005
6,1262,1262,0.0010624130023778634,0.0010624130023778634,0.9988376427382312,0.005
6,1263,1263,0.0010538465851437462,0.0010538465851437462,0.9988586766028075,0.005
6,1264,1264,0.0010354056160952463,0.0010354056160952463,0.9988800567672359,0.005
6,1265,1265,0.0010692649343646311,0.0010692649343646311,0.9988417349844988,0.005
6,1266,1266,0.0010398681355981744,0.0010398681355981744,0.9988710648990222,0.005
6,1267,1267,0.0010527440230966257,0.0010527440230966257,0.9988397850070088,0.005
6,1268,1268,0.0010347459269211712,0.0010347459269211712,0.9988837643932744,0.005
6,1269,1269,0.0010540523758506292,0.0010540523758506292,0.9988368212548785,0.005
6,1270,1270,0.0010618867567418777,0.0010618867567418777,0.9988465208683778,0.005
6,1271,1271,0.0010289952301749273,0.0010289952301749273,0.9988694130966086,0.005
6,1272,1272,0.0010407903580931833,0.0010407903580931833,0.9988560109025326,0.005
6,1273,1273,0.0010206468574086025,0.0010206468574086025,0.9988858269199425,0.005
6,1274,1274,0.0010768135470788165,0.0010768135470788165,0.998826882592986,0.005
6,1275,1275,0.0010549424246366567,0.0010549424246366567,0.9988501881609994,0.005
6,1276,1276,0.001061715599075701,0.001061715599075701,0.9988320154733065,0.005
6,1277,1277,0.0010261190356663542,0.0010261190356663542,0.9988600037022997,0.005
6,1278,1278,0.0010566843968200079,0.0010566843968200079,0.9988290046611472,0.005
6,1279,1279,0.001047848937097179,0.001047848937097179,0.9988321286555999,0.005
6,1280,1280,0.001039942661436667,0.001039942661436667,0.998852982354413,0.005
6,1281,1281,0.0010626562044491806,0.0010626562044491806,0.9988237112304342,0.005
6,1282,1282,0.0010633983346874896,0.0010633983346874896,0.9988166550437831,0.005
6,1283,1283,0.0010569934366691292,0.0010569934366691292,0.9988332741441726,0.005
6,1284,1284,0.0010481389211407777,0.0010481389211407777,0.9988360968317357,0.005
6,1285,1285,0.0010461069175557657,0.0010461069175557657,0.9988143913594192,0.005
6,1286,1286,0.0010598068929066696,0.0010598068929066696,0.9988234257107379,0.005
6,1287,1287,0.0010351714690282855,0.0010351714690282855,0.9988785229695514,0.005
6,1288,1288,0.0010404273914649599,0.0010404273914649599,0.998862044406695,0.005
6,1289,1289,0.0010204584118323468,0.0010204584118323468,0.9988809338977168,0.005
6,1290,1290,0.0010745635656037244,0.0010745635656037244,0.9988248689315288,0.005
6,1291,1291,0.0010360875122721225,0.0010360875122721225,0.9988607251425944,0.005
6,1292,1292,0.0010582864977873253,0.0010582864977873253,0.9988536120940806,0.005
6,1293,1293,0.0010615808328704834,0.0010615808328704834,0.9988438750033642,0.005
6,1294,1294,0.0010220738232074268,0.0010220738232074268,0.9988728024378357,0.005
6,1295,1295,0.001069289564456094,0.001069289564456094,0.998838821244317,0.005
6,1296,1296,0.0010538234110262956,0.0010538234110262956,0.9988584066960204,0.005
6,1297,1297,0.00104961535351912,0.00104961535351912,0.9988636749120168,0.005
6,1298,1298,0.0010508132292877282,0.0010508132292877282,0.9988673628189958,0.005
6,1299,1299,0.0010297393486604833,0.0010297393486604833,0.9988602723206325,0.005
6,1300,1300,0.0010015714378170636,0.0010015714378170636,0.9989035234750416,0.005
6,1301,1301,0.001029051281428758,0.001029051281428758,0.9988905752881263,0.005
6,1302,1302,0.0010273816620369513,0.0010273816620369513,0.9988820153001753,0.005
6,1303,1303,0.0010401304545475975,0.0010401304545475975,0.9988568552823501,0.005
6,1304,1304,0.0010573205121942565,0.0010573205121942565,0.9988302717948644,0.005
6,1305,1305,0.0010382550386985458,0.0010382550386985458,0.9988718921374108,0.005
6,1306,1306,0.0010586549991864701,0.0010586549991864701,0.9988260884378463,0.005
6,1307,1307,0.0010532600333823061,0.0010532600333823061,0.9988377072323904,0.005
6,1308,1308,0.00105645991511776,0.00105645991511776,0.9988240427898176,0.005
6,1309,1309,0.00104625328407841,0.00104625328407841,0.9988474643217277,0.005
6,1310,1310,0.0010386798352940685,0.0010386798352940685,0.9988413977370351,0.005
6,1311,1311,0.0010164359821140346,0.0010164359821140346,0.9988727119709194,0.005
6,1312,1312,0.0010319098035977093,0.0010319098035977093,0.9988545669924377,0.005
6,1313,1313,0.0010405833033455525,0.0010405833033455525,0.9988446383107229,0.005
6,1314,1314,0.0010141919717492442,0.0010141919717492442,0.9988749958255758,0.005
6,1315,1315,0.0011023905741164397,0.0011023905741164397,0.9987457468792109,0.005
6,1316,1316,0.0010744934504403304,0.0010744934504403304,0.9988125281696827,0.005
6,1317,1317,0.0010308471332944236,0.0010308471332944236,0.9988502451939516,0.005
6,1318,1318,0.0010215091559441691,0.0010215091559441691,0.9988857081957279,0.005
6,1319,1319,0.0010253357185138912,0.0010253357185138912,0.9988584401659126,0.005
6,1320,1320,0.0010331142918876901,0.0010331142918876901,0.9988569589723146,0.005
6,1321,1321,0.0011377663166773978,0.0011377663166773978,0.9987446581914917,0.005
6,1322,1322,0.0010927496358992474,0.0010927496358992474,0.9988134576676061,0.005
6,1323,1323,0.001051245396262559,0.001051245396262559,0.9988531766072098,0.005
6,1324,1324,0.0010359028838363847,0.0010359028838363847,0.9988762042816409,0.005
6,1325,1325,0.0010585287287354684,0.0010585287287354684,0.9988538079356352,0.005
6,1326,1326,0.0010585937015512193,0.0010585937015512193,0.9988648394329747,0.005
6,1327,1327,0.0010455933429214773,0.0010455933429214773,0.9988801121488873,0.005
6,1328,1328,0.001061248932875607,0.001061248932875607,0.9988466688492871,0.005
6,1329,1329,0.001040416513239697,0.001040416513239697,0.9988603832058999,0.005
6,1330,1330,0.0010641492099096584,0.0010641492099096584,0.9988290755028789,0.005
6,1331,1331,0.0010534000729777904,0.0010534000729777904,0.9988713714808918,0.005
6,1332,1332,0.0010616418949627793,0.0010616418949627793,0.9988593125466474,0.005
6,1333,1333,0.0010579137700883223,0.0010579137700883223,0.9988586102145164,0.005
6,1334,1334,0.0010432126830019373,0.0010432126830019373,0.9988589036860198,0.005
6,1335,1335,0.0010531993656130766,0.0010531993656130766,0.9988648804220339,0.005
6,1336,1336,0.0010586898126834967,0.0010586898126834967,0.9988410244269564,0.005
6,1337,1337,0.0010514128058029537,0.0010514128058029537,0.9988638074798357,0.005
6,1338,1338,0.0010579781885808903,0.0010579781885808903,0.9988641469808982,0.005
6,1339,1339,0.001046755178827118,0.001046755178827118,0.9988753017854964,0.005
6,1340,1340,0.0010430161474245425,0.0010430161474245425,0.9988838420661025,0.005
6,1341,1341,0.0010395605435383737,0.0010395605435383737,0.998875347405245,0.005
6,1342,1342,0.0010445868365218003,0.0010445868365218003,0.9988587925696757,0.005
6,1343,1343,0.0010414882472359532,0.0010414882472359532,0.9988826595546525,0.005
6,1344,1344,0.0010389785201889855,0.0010389785201889855,0.9988703077737366,0.005
6,1345,1345,0.0010388126421228795,0.0010388126421228795,0.9988663081466792,0.005
6,1346,1346,0.0010325742512044566,0.0010325742512044566,0.9988770472573945,0.005
6,1347,1347,0.0010450795468896746,0.0010450795468896746,0.998875376298272,0.005
6,1348,1348,0.0010449603902521166,0.0010449603902521166,0.9988348833604345,0.005
6,1349,1349,0.0010501544842190656,0.0010501544842190656,0.9988639246920924,0.005
6,1350,1350,0.0010930331511561754,0.0010930331511561754,0.9987849877928117,0.005
6,1351,1351,0.001052905516949727,0.001052905516949727,0.9988499678420376,0.005
6,1352,1352,0.0010582398054050667,0.0010582398054050667,0.9988392467094249,0.005
6,1353,1353,0.001056788850979258,0.001056788850979258,0.9988397934002541,0.005
6,1354,1354,0.0010684246957103094,0.0010684246957103094,0.9988328863504938,0.005
6,1355,1355,0.0010364479005520034,0.0010364479005520034,0.9988512900297574,0.005
6,1356,1356,0.0010240143247864418,0.0010240143247864418,0.9988768921285645,0.005
6,1357,1357,0.0010640017935453828,0.0010640017935453828,0.9988232830571195,0.005
6,1358,1358,0.0010370775526975084,0.0010370775526975084,0.9988565994528145,0.005
6,1359,1359,0.001033923099534403,0.001033923099534403,0.9988666591929638,0.005
6,1360,1360,0.0010337295516376177,0.0010337295516376177,0.9988500678995313,0.005
6,1361,1361,0.001042031605456334,0.001042031605456334,0.998838511473814,0.005
6,1362,1362,0.0010620882407440225,0.0010620882407440225,0.9988168655409391,0.005
6,1363,1363,0.0010446558927353477,0.0010446558927353477,0.9988374698877104,0.005
6,1364,1364,0.0010372130443633942,0.0010372130443633942,0.9988409675854024,0.005
6,1365,1365,0.001054832257356102,0.001054832257356102,0.998817267119906,0.005
6,1366,1366,0.0010452519989300447,0.0010452519989300447,0.9988351527038478,0.005
6,1367,1367,0.0010455278485078801,0.0010455278485078801,0.9988391366551496,0.005
6,1368,1368,0.0010496219694525423,0.0010496219694525423,0.9988369131766908,0.005
6,1369,1369,0.0010613376686320463,0.0010613376686320463,0.9987990516960418,0.005
6,1370,1370,0.0010388724359163036,0.0010388724359163036,0.9988675523466755,0.005
6,1371,1371,0.0010325922827520819,0.0010325922827520819,0.9988801317815744,0.005
6,1372,1372,0.001036504250107284,0.001036504250107284,0.998870251849715,0.005
6,1373,1373,0.0010345322928359845,0.0010345322928359845,0.998885170987478,0.005
6,1374,1374,0.0010616028171193026,0.0010616028171193026,0.998846127585191,0.005
6,1375,1375,0.0010246477144991862,0.0010246477144991862,0.9988933612499418,0.005
6,1376,1376,0.0010582743265227367,0.0010582743265227367,0.9988558380356461,0.005
6,1377,1377,0.001026896702799037,0.001026896702799037,0.9988935401635172,0.005
6,1378,1378,0.001054930717699746,0.001054930717699746,0.9988549042413953,0.005
6,1379,1379,0.0010258868967346624,0.0010258868967346624,0.9988690706498404,0.005
6,1380,1380,0.001016372056287379,0.001016372056287379,0.9988854582779492,0.005
6,1381,1381,0.0010391891882092275,0.0010391891882092275,0.9988641860507113,0.005
6,1382,1382,0.0010730549933830758,0.0010730549933830758,0.9988405670247102,0.005
6,1383,1383,0.001027625882147709,0.001027625882147709,0.9988853211183558,0.005
6,1384,1384,0.001033271631010657,0.001033271631010657,0.9988731945852694,0.005
6,1385,1385,0.0010449445282712656,0.0010449445282712656,0.9988438727705602,0.005
6,1386,1386,0.0010386917225824487,0.0010386917225824487,0.9988376840154405,0.005
6,1387,1387,0.001034198114521565,0.001034198114521565,0.9988555253181282,0.005
6,1388,1388,0.001104501672055438,0.001104501672055438,0.9987605483922412,0.005
6,1389,1389,0.0010480612647685537,0.0010480612647685537,0.9988305923840597,0.005
6,1390,1390,0.00104792820974283,0.00104792820974283,0.9988314498890265,0.005
6,1391,1391,0.0010507344712716803,0.0010507344712716803,0.9988451323624852,0.005
6,1392,1392,0.0010250703960366936,0.0010250703960366936,0.998887317363332,0.005
6,1393,1393,0.0010297031720297467,0.0010297031720297467,0.9988746693824025,0.005
6,1394,1394,0.0010276433099728442,0.0010276433099728442,0.9988954021312991,0.005
6,1395,1395,0.0010281134467860764,0.0010281134467860764,0.998888174270971,0.005
6,1396,1396,0.0010479763624897023,0.0010479763624897023,0.9988650291858203,0.005
6,1397,1397,0.0010391798913227247,0.0010391798913227247,0.9988812401866836,0.005
6,1398,1398,0.0010318283441150444,0.0010318283441150444,0.9988716670919625,0.005
6,1399,1399,0.0010498615612022423,0.0010498615612022423,0.9988619658296268,0.005
6,1400,1400,0.001041439001063149,0.001041439001063149,0.9988741497545367,0.005
6,1401,1401,0.0010658575152100657,0.0010658575152100657,0.9988426699984597,0.005
6,1402,1402,0.0010443850211233276,0.0010443850211233276,0.9988648159119369,0.005
6,1403,1403,0.0010490620252959638,0.0010490620252959638,0.9988446015832597,0.005
6,1404,1404,0.0010537156853315333,0.0010537156853315333,0.9988565565283113,0.005
6,1405,1405,0.0010699612852663632,0.0010699612852663632,0.9988126075724332,0.005
6,1406,1406,0.0010468204812899098,0.0010468204812899098,0.9988453179916648,0.005
6,1407,1407,0.0010429903681429076,0.0010429903681429076,0.9988588142226347,0.005
6,1408,1408,0.0010230720307115148,0.0010230720307115148,0.9988554433165738,0.005
6,1409,1409,0.0010823013735959443,0.0010823013735959443,0.9987949570084917,0.005
6,1410,1410,0.0010546487208119215,0.0010546487208119215,0.9988417007323497,0.005
6,1411,1411,0.0010325034973721657,0.0010325034973721657,0.99886649048685,0.005
6,1412,1412,0.0010590191239707703,0.0010590191239707703,0.9988416732762341,0.005
6,1413,1413,0.0010452839267484125,0.0010452839267484125,0.9988471892563631,0.005
6,1414,1414,0.0010591021660310042,0.0010591021660310042,0.9988375084311228,0.005
6,1415,1415,0.0010322879360840941,0.0010322879360840941,0.9988839849630804,0.005
6,1416,1416,0.0010177689242899179,0.0010177689242899179,0.9989029474159101,0.005
6,1417,1417,0.0010625472174197771,0.0010625472174197771,0.9988322249983527,0.005
6,1418,1418,0.0010501599899006742,0.0010501599899006742,0.9988441072266171,0.005
6,1419,1419,0.0010480639967604555,0.0010480639967604555,0.9988569877704955,0.005
6,1420,1420,0.0010297610880584285,0.0010297610880584285,0.9988876662829418,0.005
6,1421,1421,0.00103232800270348,0.00103232800270348,0.9988814433202566,0.005
6,1422,1422,0.0009902031932912936,0.0009902031932912936,0.9989163239214548,0.005
6,1423,1423,0.0010201077269375346,0.0010201077269375346,0.9989014739810244,0.005
6,1424,1424,0.0010146623346370077,0.0010146623346370077,0.9988962101410648,0.005
6,1425,1425,0.0010748928568193382,0.0010748928568193382,0.9988409760295245,0.005
6,1426,1426,0.0010389122584611632,0.0010389122584611632,0.9988854916165991,0.005
6,1427,1427,0.0010603626903342566,0.0010603626903342566,0.9988334543498681,0.005
6,1428,1428,0.0010527792286899385,0.0010527792286899385,0.9988561513777615,0.005
6,1429,1429,0.0010398762710793308,0.0010398762710793308,0.9988667510064001,0.005
6,1430,1430,0.0010285554995743396,0.0010285554995743396,0.998873735931175,0.005
6,1431,1431,0.0010479625821139872,0.0010479625821139872,0.9988411499112431,0.005
6,1432,1432,0.0010177127272598565,0.0010177127272598565,0.9988571202601987,0.005
6,1433,1433,0.0010357136601504158,0.0010357136601504158,0.9988549830647728,0.005
6,1434,1434,0.0011277742078374087,0.0011277742078374087,0.9987368227307784,0.005
6,1435,1435,0.0010654271373617952,0.0010654271373617952,0.9988010518892588,0.005
6,1436,1436,0.0010670772454104984,0.0010670772454104984,0.9988194480393057,0.005
6,1437,1437,0.0010095172756530546,0.0010095172756530546,0.998864020733663,0.005
6,1438,1438,0.0010620044907290772,0.0010620044907290772,0.9988154154228853,0.005
6,1439,1439,0.00104836203440836,0.00104836203440836,0.9988341247801816,0.005
6,1440,1440,0.0010328715777973428,0.0010328715777973428,0.9988709914258507,0.005
6,1441,1441,0.0010351782903079442,0.0010351782903079442,0.9988623594582318,0.005
6,1442,1442,0.0010216585524007483,0.0010216585524007483,0.9988734740906167,0.005
6,1443,1443,0.0010607361176932185,0.0010607361176932185,0.998834518403998,0.005
6,1444,1444,0.0010434607930135177,0.0010434607930135177,0.9988563014499799,0.005
6,1445,1445,0.0010530545850094709,0.0010530545850094709,0.998855823756423,0.005
6,1446,1446,0.0010532164516763053,0.0010532164516763053,0.9988445462638759,0.005
6,1447,1447,0.0010268752423376604,0.0010268752423376604,0.9988863599536734,0.005
6,1448,1448,0.001053231326423162,0.001053231326423162,0.9988433440624753,0.005
6,1449,1449,0.001059932291567588,0.001059932291567588,0.998844993020968,0.005
6,1450,1450,0.0010203205672157313,0.0010203205672157313,0.9988921276177632,0.005
6,1451,1451,0.0010397757360197913,0.0010397757360197913,0.9988649018338133,0.005
6,1452,1452,0.0010137816199868501,0.0010137816199868501,0.9988970337515941,0.005
6,1453,1453,0.0010500951959967319,0.0010500951959967319,0.998855020144582,0.005
6,1454,1454,0.0010426097319155138,0.0010426097319155138,0.9988658980020162,0.005
6,1455,1455,0.0010329589459135836,0.0010329589459135836,0.9988652260165632,0.005
6,1456,1456,0.001093523162960107,0.001093523162960107,0.9988004337163122,0.005
6,1457,1457,0.001047978850310821,0.001047978850310821,0.9988571489186925,0.005
6,1458,1458,0.0010523815736085496,0.0010523815736085496,0.998844548765248,0.005
6,1459,1459,0.0010310598021565187,0.0010310598021565187,0.9988604975631683,0.005
6,1460,1460,0.0010170839631308648,0.0010170839631308648,0.9988890269572651,0.005
6,1461,1461,0.0010321425834003226,0.0010321425834003226,0.9988806733653517,0.005
6,1462,1462,0.0010522128621040451,0.0010522128621040451,0.9988424688678869,0.005
6,1463,1463,0.0010289564241038884,0.0010289564241038884,0.9988694474701585,0.005
6,1464,1464,0.0010346028760703596,0.0010346028760703596,0.9988618171909197,0.005
6,1465,1465,0.0010406696200366294,0.0010406696200366294,0.9988599510800805,0.005
6,1466,1466,0.0010203435388719284,0.0010203435388719284,0.9988881967383996,0.005
6,1467,1467,0.0010174973619406491,0.0010174973619406491,0.9988877678993359,0.005
6,1468,1468,0.001003356788876334,0.001003356788876334,0.9989141128605108,0.005
6,1469,1469,0.0010297890985942794,0.0010297890985942794,0.9988706796806619,0.005
6,1470,1470,0.001034151044537611,0.001034151044537611,0.9988390411825168,0.005
6,1471,1471,0.0010511371867499442,0.0010511371867499442,0.9988579125255663,0.005
6,1472,1472,0.0010335649851196682,0.0010335649851196682,0.9988571365916095,0.005
6,1473,1473,0.0010309920870388845,0.0010309920870388845,0.9988483683882287,0.005
6,1474,1474,0.0010491609705940775,0.0010491609705940775,0.9988178577573261,0.005
6,1475,1475,0.001028593141618297,0.001028593141618297,0.9988588957005264,0.005
6,1476,1476,0.0010236998468479007,0.0010236998468479007,0.998865233398753,0.005
6,1477,1477,0.0010217151614148635,0.0010217151614148635,0.9988803094588085,0.005
6,1478,1478,0.0010203496330676042,0.0010203496330676042,0.998888103768169,0.005
6,1479,1479,0.001022259446979179,0.001022259446979179,0.9988730621239896,0.005
6,1480,1480,0.0010516801204051675,0.0010516801204051675,0.998823044628071,0.005
6,1481,1481,0.001026224302454385,0.001026224302454385,0.9988771260573799,0.005
6,1482,1482,0.0010361046473006232,0.0010361046473006232,0.9988566267479786,0.005
6,1483,1483,0.001051273439442544,0.001051273439442544,0.9988290030343385,0.005
6,1484,1484,0.0010367637929737138,0.0010367637929737138,0.9988378640966666,0.005
6,1485,1485,0.0010559746220511269,0.0010559746220511269,0.9988275464153347,0.005
6,1486,1486,0.0010348913904098711,0.0010348913904098711,0.9988552296022225,0.005
6,1487,1487,0.0010425977089068448,0.0010425977089068448,0.9988252343751772,0.005
6,1488,1488,0.001013812545572874,0.001013812545572874,0.9988882333989645,0.005
6,1489,1489,0.0010389850721091998,0.0010389850721091998,0.998834463386213,0.005
6,1490,1490,0.0010448604777247628,0.0010448604777247628,0.9988429703422921,0.005
6,1491,1491,0.001035671196567659,0.001035671196567659,0.9988461868588285,0.005
6,1492,1492,0.0010504292472551437,0.0010504292472551437,0.9988334805685248,0.005
6,1493,1493,0.0010599321353659107,0.0010599321353659107,0.9988099935560709,0.005
6,1494,1494,0.001069077672457459,0.001069077672457459,0.9988100582762071,0.005
6,1495,1495,0.0010233125844013057,0.0010233125844013057,0.9988417845126125,0.005
6,1496,1496,0.0010546194188886292,0.0010546194188886292,0.9988311686820067,0.005
6,1497,1497,0.0010497260068307456,0.0010497260068307456,0.9988200970301442,0.005
6,1498,1498,0.0010558402347537878,0.0010558402347537878,0.9988420587594465,0.005
6,1499,1499,0.0010896951288644485,0.0010896951288644485,0.9987833300518159,0.005
6,1500,1500,0.001039990530306143,0.001039990530306143,0.998868002454006,0.005
6,1501,1501,0.0010462997765008876,0.0010462997765008876,0.9988593502077253,0.005
6,1502,1502,0.0010321128929980572,0.0010321128929980572,0.9988877930069859,0.005
6,1503,1503,0.0010262645648302106,0.0010262645648302106,0.9988733856567029,0.005
6,1504,1504,0.0010327762865381506,0.0010327762865381506,0.9988979010426882,0.005
6,1505,1505,0.0010493086333745382,0.0010493086333745382,0.9988607663549243,0.005
6,1506,1506,0.0010467350792005559,0.0010467350792005559,0.9988778021228919,0.005
6,1507,1507,0.0010291465813827652,0.0010291465813827652,0.9988842587359242,0.005
6,1508,1508,0.001085944823746401,0.001085944823746401,0.9988215872857767,0.005
6,1509,1509,0.0010417090841904376,0.0010417090841904376,0.998870830065738,0.005
6,1510,1510,0.001023496294461087,0.001023496294461087,0.9988992534723373,0.005
6,1511,1511,0.0010142779441158656,0.0010142779441158656,0.9989030744982546,0.005
6,1512,1512,0.0010351433463815676,0.0010351433463815676,0.9988727609312326,0.005
6,1513,1513,0.0010415598155925354,0.0010415598155925354,0.9988691905133951,0.005
6,1514,1514,0.0010329615309485252,0.0010329615309485252,0.9988803071563694,0.005
6,1515,1515,0.001056707499273103,0.001056707499273103,0.9988535999442527,0.005
6,1516,1516,0.0010416993201177072,0.0010416993201177072,0.9988467954652454,0.005
6,1517,1517,0.0010402795004724442,0.0010402795004724442,0.998860701498107,0.005
6,1518,1518,0.0010354366438004314,0.0010354366438004314,0.9988719068681913,0.005
6,1519,1519,0.0010579496961293502,0.0010579496961293502,0.998832142322111,0.005
6,1520,1520,0.0010204440305252027,0.0010204440305252027,0.9988800420702657,0.005
6,1521,1521,0.001030693974586926,0.001030693974586926,0.9988502523330527,0.005
6,1522,1522,0.0010444835803830532,0.0010444835803830532,0.9988576118137404,0.005
6,1523,1523,0.0010474384816841153,0.0010474384816841153,0.9988264738043945,0.005
6,1524,1524,0.0010337306804292401,0.0010337306804292401,0.9988667421287565,0.005
6,1525,1525,0.0010380664522264538,0.0010380664522264538,0.9988578215333562,0.005
6,1526,1526,0.0009954824710894628,0.0009954824710894628,0.9989036127217569,0.005
6,1527,1527,0.001025108849964832,0.001025108849964832,0.9988725940575597,0.005
6,1528,1528,0.0010194899442665796,0.0010194899442665796,0.9988631472615409,0.005
6,1529,1529,0.001072227785684362,0.001072227785684362,0.9988233949449364,0.005
6,1530,1530,0.0010217891281339676,0.0010217891281339676,0.9988815079168682,0.005
6,1531,1531,0.0009953757182152444,0.0009953757182152444,0.9989040469041338,0.005
6,1532,1532,0.0010162782760117083,0.0010162782760117083,0.9988808584496524,0.005
6,1533,1533,0.0010535789364318625,0.0010535789364318625,0.9988097474525203,0.005
6,1534,1534,0.0010812001627646672,0.0010812001627646672,0.9987747851654553,0.005
6,1535,1535,0.0010264958743393027,0.0010264958743393027,0.9988596726340074,0.005
6,1536,1536,0.001021038679684073,0.001021038679684073,0.9988733007424315,0.005
6,1537,1537,0.001031840374975326,0.001031840374975326,0.9988476265146962,0.005
6,1538,1538,0.001033400975140012,0.001033400975140012,0.9988637233593847,0.005
6,1539,1539,0.001022896818076041,0.001022896818076041,0.9988705787589301,0.005
6,1540,1540,0.0010506009786662262,0.0010506009786662262,0.9988383721795252,0.005
6,1541,1541,0.0010583006090541824,0.0010583006090541824,0.9988093456009441,0.005
6,1542,1542,0.0010627128607187519,0.0010627128607187519,0.9988113572618477,0.005
6,1543,1543,0.0010504988170676056,0.0010504988170676056,0.9988513655736905,0.005
6,1544,1544,0.0010182821622607276,0.0010182821622607276,0.9988818143059833,0.005
6,1545,1545,0.0010414711213241625,0.0010414711213241625,0.9988520116315078,0.005
6,1546,1546,0.001090002878316746,0.001090002878316746,0.9987646974861666,0.005
6,1547,1547,0.0010458818629764765,0.0010458818629764765,0.9988406681381218,0.005
6,1548,1548,0.0010135725403167184,0.0010135725403167184,0.9989020266983962,0.005
6,1549,1549,0.0010090542498866395,0.0010090542498866395,0.9989065556762844,0.005
6,1550,1550,0.0009982970579626017,0.0009982970579626017,0.9989240008971659,0.005
6,1551,1551,0.001012804031579653,0.001012804031579653,0.9988897821056836,0.005
6,1552,1552,0.0010120137130687978,0.0010120137130687978,0.9988887712748201,0.005
6,1553,1553,0.0010745401135370436,0.0010745401135370436,0.9988304512318481,0.005
6,1554,1554,0.001026443596858805,0.001026443596858805,0.9988506402911721,0.005
6,1555,1555,0.0010418695464304217,0.0010418695464304217,0.9988687674009489,0.005
6,1556,1556,0.001053153281843523,0.001053153281843523,0.9988381950765194,0.005
6,1557,1557,0.0010414940317075316,0.0010414940317075316,0.9988513007991908,0.005
6,1558,1558,0.0010352672259098517,0.0010352672259098517,0.9988555937812591,0.005
6,1559,1559,0.0010521260537168697,0.0010521260537168697,0.9988225766761116,0.005
6,1560,1560,0.001024669911879994,0.001024669911879994,0.9988627196250749,0.005
6,1561,1561,0.0010112552935234588,0.0010112552935234588,0.9988704806738224,0.005
6,1562,1562,0.0010168530192650638,0.0010168530192650638,0.9988770324133522,0.005
6,1563,1563,0.0010539578378514357,0.0010539578378514357,0.9988288904185376,0.005
6,1564,1564,0.0010244306199486053,0.0010244306199486053,0.9988631582221632,0.005
6,1565,1565,0.0010384960047276604,0.0010384960047276604,0.9988434730174442,0.005
6,1566,1566,0.001029208024876387,0.001029208024876387,0.9988683313153066,0.005
6,1567,1567,0.000994631280921039,0.000994631280921039,0.9988989363534883,0.005
6,1568,1568,0.0010384279113377448,0.0010384279113377448,0.9988695153312324,0.005
6,1569,1569,0.0010271003273908132,0.0010271003273908132,0.9988771506617963,0.005
6,1570,1570,0.0010434147568932463,0.0010434147568932463,0.9988391875119309,0.005
6,1571,1571,0.0010187989688185673,0.0010187989688185673,0.9988839626027252,0.005
6,1572,1572,0.0010249833941234254,0.0010249833941234254,0.9988776324059465,0.005
6,1573,1573,0.0010595310042925588,0.0010595310042925588,0.9988169856015925,0.005
6,1574,1574,0.0010064759029853533,0.0010064759029853533,0.998867977257472,0.005
6,1575,1575,0.0010215463598222318,0.0010215463598222318,0.9988816439485998,0.005
6,1576,1576,0.0010212864934744915,0.0010212864934744915,0.9988735682398568,0.005
6,1577,1577,0.0010265234364045207,0.0010265234364045207,0.9988703220922133,0.005
6,1578,1578,0.0010021643302279616,0.0010021643302279616,0.9988912482365155,0.005
6,1579,1579,0.001002229643677627,0.001002229643677627,0.9988851354446301,0.005
6,1580,1580,0.001025087140013441,0.001025087140013441,0.9988660380853978,0.005
6,1581,1581,0.0010133482504711146,0.0010133482504711146,0.9988702250142358,0.005
6,1582,1582,0.0010069691573827233,0.0010069691573827233,0.9988603327221187,0.005
6,1583,1583,0.0010235809944870533,0.0010235809944870533,0.9988644009124801,0.005
6,1584,1584,0.0010287162096121827,0.0010287162096121827,0.9988325759335845,0.005
6,1585,1585,0.0009939525931193251,0.0009939525931193251,0.9988920735505755,0.005
6,1586,1586,0.0010293143457500054,0.0010293143457500054,0.9988532939259819,0.005
6,1587,1587,0.0010406415029369487,0.0010406415029369487,0.9988266679400962,0.005
6,1588,1588,0.000992414661636174,0.000992414661636174,0.9988882074465514,0.005
6,1589,1589,0.001019615904686544,0.001019615904686544,0.9988731350820265,0.005
6,1590,1590,0.0010022668797917001,0.0010022668797917001,0.9988824262913503,0.005
6,1591,1591,0.0010187128951305024,0.0010187128951305024,0.9988655724442581,0.005
6,1592,1592,0.0010450575646190276,0.0010450575646190276,0.9988323553393521,0.005
6,1593,1593,0.0010299597041842534,0.0010299597041842534,0.998852219872402,0.005
6,1594,1594,0.001035939145160758,0.001035939145160758,0.9988438271749707,0.005
6,1595,1595,0.0010215485348683494,0.0010215485348683494,0.9988552783185654,0.005
6,1596,1596,0.000988034170041866,0.000988034170041866,0.9989096352813494,0.005
6,1597,1597,0.0010295052136502624,0.0010295052136502624,0.9988554108256653,0.005
6,1598,1598,0.0010725130804377057,0.0010725130804377057,0.9987968770465174,0.005
6,1599,1599,0.001043471464936725,0.001043471464936725,0.9988374242384187,0.005
6,1600,1600,0.0010126787050537588,0.0010126787050537588,0.9988591657503781,0.005
6,1601,1601,0.0010677126528717484,0.0010677126528717484,0.9987903591599785,0.005
6,1602,1602,0.001050501513640182,0.001050501513640182,0.9988198636093001,0.005
6,1603,1603,0.0010335211552785937,0.0010335211552785937,0.9988542962505581,0.005
6,1604,1604,0.0010133479838137717,0.0010133479838137717,0.9988624430458684,0.005
6,1605,1605,0.0009735084165492869,0.0009735084165492869,0.9989133243071527,0.005
6,1606,1606,0.0010053668606906597,0.0010053668606906597,0.9989112260510828,0.005
6,1607,1607,0.0010440585603465804,0.0010440585603465804,0.9988357561746894,0.005
6,1608,1608,0.0010032263942927602,0.0010032263942927602,0.9988887597929922,0.005
6,1609,1609,0.0009917065942085836,0.0009917065942085836,0.9988988694736276,0.005
6,1610,1610,0.001031538880150451,0.001031538880150451,0.9988787431585621,0.005
6,1611,1611,0.0010163970783379252,0.0010163970783379252,0.9988832065717963,0.005
6,1612,1612,0.0010527230411003685,0.0010527230411003685,0.9988272361064039,0.005
6,1613,1613,0.0010364918253406054,0.0010364918253406054,0.9988618823195899,0.005
6,1614,1614,0.0010454252975859413,0.0010454252975859413,0.9988293855041804,0.005
6,1615,1615,0.0010249607082856039,0.0010249607082856039,0.9988797790385028,0.005
6,1616,1616,0.0010254482117701604,0.0010254482117701604,0.9988865567212101,0.005
6,1617,1617,0.00100671634291283,0.00100671634291283,0.9988899053670816,0.005
6,1618,1618,0.000990682565351213,0.000990682565351213,0.9989052240112095,0.005
6,1619,1619,0.0010174991079591577,0.0010174991079591577,0.9988981662091633,0.005
6,1620,1620,0.001015433661741565,0.001015433661741565,0.9988894265260413,0.005
6,1621,1621,0.0010388398681355838,0.0010388398681355838,0.9988404436658276,0.005
6,1622,1622,0.0010019364115352025,0.0010019364115352025,0.9989163671221425,0.005
6,1623,1623,0.0010396642714634464,0.0010396642714634464,0.9988752035045401,0.005
6,1624,1624,0.0010470735700321633,0.0010470735700321633,0.9988381537203377,0.005
6,1625,1625,0.0010318768386606326,0.0010318768386606326,0.9988233551889664,0.005
6,1626,1626,0.0009761895783599574,0.0009761895783599574,0.9989011147552772,0.005
6,1627,1627,0.0009903541895272083,0.0009903541895272083,0.9989148009893926,0.005
6,1628,1628,0.0009956343801444524,0.0009956343801444524,0.9989020228070702,0.005
6,1629,1629,0.0010506585646302413,0.0010506585646302413,0.9988508087616738,0.005
6,1630,1630,0.0010796603324401566,0.0010796603324401566,0.9988073695631564,0.005
6,1631,1631,0.001026513248201233,0.001026513248201233,0.9988634807116465,0.005
6,1632,1632,0.0010738934776732601,0.0010738934776732601,0.9988013436931481,0.005
6,1633,1633,0.0010184781799490593,0.0010184781799490593,0.9988639323006726,0.005
6,1634,1634,0.0010271066852416666,0.0010271066852416666,0.998851704450078,0.005
6,1635,1635,0.0010107219796586142,0.0010107219796586142,0.9988743199886083,0.005
6,1636,1636,0.0010445963468954235,0.0010445963468954235,0.99886716077426,0.005
6,1637,1637,0.0010129841855673484,0.0010129841855673484,0.9988790421178805,0.005
6,1638,1638,0.0010275239873382147,0.0010275239873382147,0.9988592718769468,0.005
6,1639,1639,0.0010332953790547351,0.0010332953790547351,0.9988573601728451,0.005
6,1640,1640,0.0010284132999035067,0.0010284132999035067,0.998828723145104,0.005
6,1641,1641,0.0010068756602671903,0.0010068756602671903,0.9988729627880221,0.005
6,1642,1642,0.0010044392439612392,0.0010044392439612392,0.9989097369370419,0.005
6,1643,1643,0.0010015126038530231,0.0010015126038530231,0.9988952086623336,0.005
6,1644,1644,0.0010296216899851151,0.0010296216899851151,0.9988817880916689,0.005
6,1645,1645,0.0010404950244188062,0.0010404950244188062,0.9988422354693991,0.005
6,1646,1646,0.0010305127470206243,0.0010305127470206243,0.9988503817999886,0.005
6,1647,1647,0.0009995638050099775,0.0009995638050099775,0.9988773145449305,0.005
6,1648,1648,0.0010188271829400597,0.0010188271829400597,0.998877215384678,0.005
6,1649,1649,0.0010210954257089144,0.0010210954257089144,0.9988690037275254,0.005
6,1650,1650,0.0010014419824964237,0.0010014419824964237,0.9988916685945293,0.005
6,1651,1651,0.0010321995407976592,0.0010321995407976592,0.9988590140547872,0.005
6,1652,1652,0.0010136000262576917,0.0010136000262576917,0.9988880238209517,0.005
6,1653,1653,0.0009772776624732637,0.0009772776624732637,0.9989185205276415,0.005
6,1654,1654,0.0010320493576323588,0.0010320493576323588,0.9988584938601569,0.005
6,1655,1655,0.0010040511251590656,0.0010040511251590656,0.9988795513662021,0.005
6,1656,1656,0.001027158872366768,0.001027158872366768,0.9988352650801281,0.005
6,1657,1657,0.0009646485828393303,0.0009646485828393303,0.9989228105835848,0.005
6,1658,1658,0.000983620827326427,0.000983620827326427,0.9988929792607997,0.005
6,1659,1659,0.001033340225237278,0.001033340225237278,0.998814493019604,0.005
6,1660,1660,0.0010145870237997223,0.0010145870237997223,0.9988353321386367,0.005
6,1661,1661,0.001023927889271874,0.001023927889271874,0.9988564681287836,0.005
6,1662,1662,0.0010319345456291185,0.0010319345456291185,0.9988345030241326,0.005
6,1663,1663,0.0010106449387186046,0.0010106449387186046,0.9988704008953544,0.005
6,1664,1664,0.0010016370425345454,0.0010016370425345454,0.9988793588840561,0.005
6,1665,1665,0.0010148744119546438,0.0010148744119546438,0.9988904094736724,0.005
6,1666,1666,0.001013533312674335,0.001013533312674335,0.9988826842362953,0.005
6,1667,1667,0.0010542660128450999,0.0010542660128450999,0.9987976044238255,0.005
6,1668,1668,0.0010565423233159933,0.0010565423233159933,0.9987837295321319,0.005
6,1669,1669,0.0009778284833889418,0.0009778284833889418,0.9988871958568458,0.005
6,1670,1670,0.0009873137065604409,0.0009873137065604409,0.9988910343852431,0.005
6,1671,1671,0.0009780623455974413,0.0009780623455974413,0.9989125122942689,0.005
6,1672,1672,0.0010542791062459489,0.0010542791062459489,0.998805155653218,0.005
6,1673,1673,0.0010639003697041271,0.0010639003697041271,0.9987760464485123,0.005
6,1674,1674,0.001021568496251457,0.001021568496251457,0.9988640605346369,0.005
6,1675,1675,0.0010146213808168126,0.0010146213808168126,0.9988759977465543,0.005
6,1676,1676,0.0009968297330036336,0.0009968297330036336,0.9989226332062299,0.005
6,1677,1677,0.0010292332761248624,0.0010292332761248624,0.9988876431547958,0.005
6,1678,1678,0.001023934686017519,0.001023934686017519,0.9988992052230974,0.005
6,1679,1679,0.0010310637053266491,0.0010310637053266491,0.9988931167901368,0.005
6,1680,1680,0.001042979570836331,0.001042979570836331,0.9988686772481612,0.005
6,1681,1681,0.0010103533603638215,0.0010103533603638215,0.9988927402614362,0.005
6,1682,1682,0.001026549765573107,0.001026549765573107,0.9988633278340989,0.005
6,1683,1683,0.0009979861524266188,0.0009979861524266188,0.9988814870268378,0.005
6,1684,1684,0.0010410628149813406,0.0010410628149813406,0.9988643287675958,0.005
6,1685,1685,0.0010085562885781053,0.0010085562885781053,0.9989021148032801,0.005
6,1686,1686,0.0010165588771916347,0.0010165588771916347,0.9988864210323649,0.005
6,1687,1687,0.0010314705662459135,0.0010314705662459135,0.9988503888884349,0.005
6,1688,1688,0.0010473216086723013,0.0010473216086723013,0.99885563951062,0.005
6,1689,1689,0.000999735030655905,0.000999735030655905,0.9988952556786869,0.005
6,1690,1690,0.0010153289033634082,0.0010153289033634082,0.998883879539324,0.005
6,1691,1691,0.0009942941563406472,0.0009942941563406472,0.9988978154049408,0.005
6,1692,1692,0.0009985748596538758,0.0009985748596538758,0.9989079138943596,0.005
6,1693,1693,0.001030225505671868,0.001030225505671868,0.9988568872260636,0.005
6,1694,1694,0.001018636577954476,0.001018636577954476,0.9988651359734985,0.005
6,1695,1695,0.0009725561638828451,0.0009725561638828451,0.9989268337280406,0.005
6,1696,1696,0.0010756515413811452,0.0010756515413811452,0.998793168432599,0.005
6,1697,1697,0.0010372885642827455,0.0010372885642827455,0.9988503424662794,0.005
6,1698,1698,0.0009931334966823036,0.0009931334966823036,0.9988951585898981,0.005
6,1699,1699,0.0009920868688210105,0.0009920868688210105,0.9989019953901487,0.005
6,1700,1700,0.0010104505864147462,0.0010104505864147462,0.9988821835463758,0.005
6,1701,1701,0.001088870735215801,0.001088870735215801,0.9987865992213573,0.005
6,1702,1702,0.0009968624236294844,0.0009968624236294844,0.9989104081110227,0.005
6,1703,1703,0.0010190428362828552,0.0010190428362828552,0.9988854383520958,0.005
6,1704,1704,0.0009920280169702388,0.0009920280169702388,0.998908120592955,0.005
6,1705,1705,0.0010249132364311777,0.0010249132364311777,0.9988654075645217,0.005
6,1706,1706,0.0010076922945321631,0.0010076922945321631,0.9988756257265053,0.005
6,1707,1707,0.0010255222906549798,0.0010255222906549798,0.9988678159224245,0.005
6,1708,1708,0.0010221255928926265,0.0010221255928926265,0.9988374806599092,0.005
6,1709,1709,0.001008434794677925,0.001008434794677925,0.9988907126028413,0.005
6,1710,1710,0.0009601594188799801,0.0009601594188799801,0.9989202604824159,0.005
6,1711,1711,0.0010046327348874739,0.0010046327348874739,0.9988659148301063,0.005
6,1712,1712,0.0010598650038603453,0.0010598650038603453,0.9987938561751222,0.005
6,1713,1713,0.0010116279670783134,0.0010116279670783134,0.998871655853899,0.005
6,1714,1714,0.0010275375617179762,0.0010275375617179762,0.998818589592033,0.005
6,1715,1715,0.0009648220583313182,0.0009648220583313182,0.9989040636065706,0.005
6,1716,1716,0.0009687035106822951,0.0009687035106822951,0.9989060857544475,0.005
6,1717,1717,0.0009765287282422598,0.0009765287282422598,0.9988982607079383,0.005
6,1718,1718,0.0010519206804131586,0.0010519206804131586,0.9988144167306957,0.005
6,1719,1719,0.0009902933489068998,0.0009902933489068998,0.9988876406515574,0.005
6,1720,1720,0.0009823241326342492,0.0009823241326342492,0.9988997956459171,0.005
6,1721,1721,0.0010114698640894648,0.0010114698640894648,0.9988806647613779,0.005
6,1722,1722,0.0010884115350435065,0.0010884115350435065,0.9987903851798543,0.005
6,1723,1723,0.0010118409256232596,0.0010118409256232596,0.998888280003419,0.005
6,1724,1724,0.0010383755187617794,0.0010383755187617794,0.9988323389142738,0.005
6,1725,1725,0.0009945108003229807,0.0009945108003229807,0.9988677154413683,0.005
6,1726,1726,0.0010467801479208407,0.0010467801479208407,0.9988166537908064,0.005
6,1727,1727,0.0010159286326929672,0.0010159286326929672,0.9988383707530797,0.005
6,1728,1728,0.0010087881629220075,0.0010087881629220075,0.9988762974913553,0.005
6,1729,1729,0.0010124571914910318,0.0010124571914910318,0.9988524846903607,0.005
6,1730,1730,0.0009671944084791938,0.0009671944084791938,0.9989301221513192,0.005
6,1731,1731,0.0010602261212640852,0.0010602261212640852,0.9988108888608942,0.005
6,1732,1732,0.0010498901769903169,0.0010498901769903169,0.9988245288512466,0.005
6,1733,1733,0.0010192216058541748,0.0010192216058541748,0.9988675749910759,0.005
6,1734,1734,0.0010126540553152175,0.0010126540553152175,0.9988931613218432,0.005
6,1735,1735,0.001017993946525345,0.001017993946525345,0.9988742346674028,0.005
6,1736,1736,0.0009774309942621696,0.0009774309942621696,0.9989340164230551,0.005
6,1737,1737,0.0009965064601666152,0.0009965064601666152,0.9989019023127774,0.005
6,1738,1738,0.0010087285161304005,0.0010087285161304005,0.9988778213230611,0.005
6,1739,1739,0.0009613325528765283,0.0009613325528765283,0.9989354302584645,0.005
6,1740,1740,0.0010178236245908922,0.0010178236245908922,0.9988624771871691,0.005
6,1741,1741,0.0009989448144308655,0.0009989448144308655,0.9989023157437047,0.005
6,1742,1742,0.0010372253289157652,0.0010372253289157652,0.9988626695243089,0.005
6,1743,1743,0.0009498737120583312,0.0009498737120583312,0.9989354313022283,0.005
6,1744,1744,0.0010001056427730447,0.0010001056427730447,0.9988913174590298,0.005
6,1745,1745,0.0009860419849721026,0.0009860419849721026,0.9988989253436865,0.005
6,1746,1746,0.0010040860030481136,0.0010040860030481136,0.9988461366210268,0.005
6,1747,1747,0.0010052944693180932,0.0010052944693180932,0.998862751469732,0.005
6,1748,1748,0.001002585691888257,0.001002585691888257,0.9988624801918901,0.005
6,1749,1749,0.0009984759164532132,0.0009984759164532132,0.9988590729726116,0.005
6,1750,1750,0.0009740510061622188,0.0009740510061622188,0.9989137005642114,0.005
6,1751,1751,0.0009747038363248395,0.0009747038363248395,0.9988760739581731,0.005
6,1752,1752,0.0010970459231634745,0.0010970459231634745,0.9987520070182829,0.005
6,1753,1753,0.0010242256044041187,0.0010242256044041187,0.9988345699953153,0.005
6,1754,1754,0.0009839748360395183,0.0009839748360395183,0.9989049194816999,0.005
6,1755,1755,0.0010111163305463523,0.0010111163305463523,0.9988737359616325,0.005
6,1756,1756,0.0009987678295617706,0.0009987678295617706,0.9988779423959044,0.005
6,1757,1757,0.0010441552329870565,0.0010441552329870565,0.9988058564484759,0.005
6,1758,1758,0.0010045172640569277,0.0010045172640569277,0.9988595815225657,0.005
6,1759,1759,0.000997832529584648,0.000997832529584648,0.998904521905349,0.005
6,1760,1760,0.0009836211877331824,0.0009836211877331824,0.9988942514180777,0.005
6,1761,1761,0.0009844558214267352,0.0009844558214267352,0.9988941331559392,0.005
6,1762,1762,0.0010054470579570496,0.0010054470579570496,0.9988671848786111,0.005
6,1763,1763,0.0010086448261235482,0.0010086448261235482,0.9988912661997751,0.005
6,1764,1764,0.0010216478706158638,0.0010216478706158638,0.9988719653274062,0.005
6,1765,1765,0.0009791689897524448,0.0009791689897524448,0.9989099344661989,0.005
6,1766,1766,0.0009710258047971908,0.0009710258047971908,0.9989307035648556,0.005
6,1767,1767,0.0010199280316796856,0.0010199280316796856,0.9988626412621346,0.005
6,1768,1768,0.0010138995696132138,0.0010138995696132138,0.9988711473095482,0.005
6,1769,1769,0.0009452837108347178,0.0009452837108347178,0.9989414633937764,0.005
6,1770,1770,0.0009703791498829795,0.0009703791498829795,0.9988968661416932,0.005
6,1771,1771,0.0010120705797096309,0.0010120705797096309,0.9988643787612961,0.005
6,1772,1772,0.001035633332678536,0.001035633332678536,0.9988376748178835,0.005
6,1773,1773,0.0010319670043008845,0.0010319670043008845,0.9988130760043452,0.005
6,1774,1774,0.000986197862957231,0.000986197862957231,0.998880632123379,0.005
6,1775,1775,0.0010355139549244998,0.0010355139549244998,0.9988408540039873,0.005
6,1776,1776,0.0010562216391337056,0.0010562216391337056,0.9988189203715687,0.005
6,1777,1777,0.0010023392260115936,0.0010023392260115936,0.9988946171165252,0.005
6,1778,1778,0.000984573315976134,0.000984573315976134,0.9988942883127712,0.005
6,1779,1779,0.0010564381421021862,0.0010564381421021862,0.9988168518714992,0.005
6,1780,1780,0.0009919127952641039,0.0009919127952641039,0.9988882048019463,0.005
6,1781,1781,0.0009688709107746219,0.0009688709107746219,0.9989423781325263,0.005
6,1782,1782,0.00099549738864108,0.00099549738864108,0.9988844845580294,0.005
6,1783,1783,0.001013285655572843,0.001013285655572843,0.9988794122629692,0.005
6,1784,1784,0.0010061132517746553,0.0010061132517746553,0.9988864403745936,0.005
6,1785,1785,0.0009869165522360048,0.0009869165522360048,0.9989096593707247,0.005
6,1786,1786,0.0009876832638690803,0.0009876832638690803,0.9988916080109262,0.005
6,1787,1787,0.0010815144835180268,0.0010815144835180268,0.998766493230376,0.005
6,1788,1788,0.0010753872015373954,0.0010753872015373954,0.9988139776304051,0.005
6,1789,1789,0.0009846033159060508,0.0009846033159060508,0.9989066558888794,0.005
6,1790,1790,0.0009746788094267189,0.0009746788094267189,0.9989050001499221,0.005
6,1791,1791,0.0009953917512436439,0.0009953917512436439,0.9988985100735849,0.005
6,1792,1792,0.0009737714989007851,0.0009737714989007851,0.9989146150969263,0.005
6,1793,1793,0.0009816595489865786,0.0009816595489865786,0.9989075382218269,0.005
6,1794,1794,0.0009732987604479737,0.0009732987604479737,0.9989126748180744,0.005
6,1795,1795,0.0010001103023519386,0.0010001103023519386,0.9988954578728728,0.005
6,1796,1796,0.0009955114701804802,0.0009955114701804802,0.9988761671714378,0.005
6,1797,1797,0.0010119621279026103,0.0010119621279026103,0.9988618753963086,0.005
6,1798,1798,0.0009840368962346603,0.0009840368962346603,0.9988952320327852,0.005
6,1799,1799,0.000991473354074789,0.000991473354074789,0.9988798269842235,0.005
6,1800,1800,0.0010349123859045594,0.0010349123859045594,0.9988230870402728,0.005
6,1801,1801,0.0010682992050797813,0.0010682992050797813,0.9988042894952301,0.005
6,1802,1802,0.0010101735006970204,0.0010101735006970204,0.9988503701954299,0.005
6,1803,1803,0.0010267445052257185,0.0010267445052257185,0.9988343306508695,0.005
6,1804,1804,0.0010111175378170589,0.0010111175378170589,0.9988685630558845,0.005
6,1805,1805,0.001000339998495523,0.001000339998495523,0.9988987302142327,0.005
6,1806,1806,0.001007491803347652,0.001007491803347652,0.9988769686646541,0.005
6,1807,1807,0.0009714041354224112,0.0009714041354224112,0.9989367410152998,0.005
6,1808,1808,0.0010058910180376047,0.0010058910180376047,0.9988873817342545,0.005
6,1809,1809,0.0009853633246583015,0.0009853633246583015,0.9989072201662523,0.005
6,1810,1810,0.0010566632865722269,0.0010566632865722269,0.9988281710520689,0.005
6,1811,1811,0.0009800645488723492,0.0009800645488723492,0.9989059773767615,0.005
6,1812,1812,0.0009720001900031017,0.0009720001900031017,0.9989253026137845,0.005
6,1813,1813,0.0009796970755154243,0.0009796970755154243,0.9989232869364751,0.005
6,1814,1814,0.0009539374820078249,0.0009539374820078249,0.998930937511646,0.005
6,1815,1815,0.0009907511627443633,0.0009907511627443633,0.9988724395990336,0.005
6,1816,1816,0.0009713450244203159,0.0009713450244203159,0.99888936116342,0.005
6,1817,1817,0.0009961620878030765,0.0009961620878030765,0.9988625130988514,0.005
6,1818,1818,0.0009843306540893372,0.0009843306540893372,0.9989017982867477,0.005
6,1819,1819,0.0009920024271432282,0.0009920024271432282,0.9988875599323218,0.005
6,1820,1820,0.0009950795016325643,0.0009950795016325643,0.9988734389799702,0.005
6,1821,1821,0.0009889107403571996,0.0009889107403571996,0.998882007904206,0.005
6,1822,1822,0.000996722573900345,0.000996722573900345,0.9988693821414345,0.005
6,1823,1823,0.0009794593617054536,0.0009794593617054536,0.9988891222315733,0.005
6,1824,1824,0.0009758298858346048,0.0009758298858346048,0.9988917891557682,0.005
6,1825,1825,0.0010351863298229168,0.0010351863298229168,0.9988541433701338,0.005
6,1826,1826,0.0009551248265888424,0.0009551248265888424,0.9989289261171113,0.005
6,1827,1827,0.0009937089510290865,0.0009937089510290865,0.9988970319785304,0.005
6,1828,1828,0.0009807770637147374,0.0009807770637147374,0.9988916371019249,0.005
6,1829,1829,0.0010849980679346605,0.0010849980679346605,0.9987833038599356,0.005
6,1830,1830,0.0010102103957004593,0.0010102103957004593,0.9988545316536186,0.005
6,1831,1831,0.0010223323885935741,0.0010223323885935741,0.9988550699270907,0.005
6,1832,1832,0.0010351397173583164,0.0010351397173583164,0.998819784082312,0.005
6,1833,1833,0.001015526989514274,0.001015526989514274,0.998830827510028,0.005
6,1834,1834,0.00100817828367192,0.00100817828367192,0.998844957732157,0.005
6,1835,1835,0.0009329179497413698,0.0009329179497413698,0.9989379808887798,0.005
6,1836,1836,0.0010716934778879294,0.0010716934778879294,0.9987832524007645,0.005
6,1837,1837,0.0009889062614502687,0.0009889062614502687,0.9988806441641013,0.005
6,1838,1838,0.0009818291430810056,0.0009818291430810056,0.9988924412831052,0.005
6,1839,1839,0.0009792642769475336,0.0009792642769475336,0.998906093899718,0.005
6,1840,1840,0.001003223880966574,0.001003223880966574,0.9988707551065569,0.005
6,1841,1841,0.0009727541102521431,0.0009727541102521431,0.9989207751477969,0.005
6,1842,1842,0.0009832602858648276,0.0009832602858648276,0.9988992852044148,0.005
6,1843,1843,0.0009817396275606707,0.0009817396275606707,0.9989002905612275,0.005
6,1844,1844,0.0009935118166399736,0.0009935118166399736,0.9988909553238955,0.005
6,1845,1845,0.0009913624911093676,0.0009913624911093676,0.9988784154673955,0.005
6,1846,1846,0.0009194583306556858,0.0009194583306556858,0.9989714405311996,0.005
6,1847,1847,0.0010010739151314664,0.0010010739151314664,0.9988846204017428,0.005
6,1848,1848,0.000986906511826282,0.000986906511826282,0.9989044271970032,0.005
6,1849,1849,0.000975318390316946,0.000975318390316946,0.9989216754940221,0.005
6,1850,1850,0.0009821006328580018,0.0009821006328580018,0.9988825451772759,0.005
6,1851,1851,0.0009729501613499004,0.0009729501613499004,0.9989055509225798,0.005
6,1852,1852,0.0009878848018588227,0.0009878848018588227,0.9988801925207905,0.005
6,1853,1853,0.0009498814867131046,0.0009498814867131046,0.9989027960647251,0.005
6,1854,1854,0.0009544661507856655,0.0009544661507856655,0.9989264042936256,0.005
6,1855,1855,0.0009547413120955994,0.0009547413120955994,0.9989048288018126,0.005
6,1856,1856,0.0009626746218891769,0.0009626746218891769,0.9989114889631155,0.005
6,1857,1857,0.0009766969336411037,0.0009766969336411037,0.9988963985215876,0.005
6,1858,1858,0.0011304612915908284,0.0011304612915908284,0.998719105601986,0.005
6,1859,1859,0.0009746311683632558,0.0009746311683632558,0.9988867837265353,0.005
6,1860,1860,0.0010095174096448178,0.0010095174096448178,0.9988668324732822,0.005
6,1861,1861,0.0010277931400501429,0.0010277931400501429,0.9988384676763578,0.005
6,1862,1862,0.0009716324167355062,0.0009716324167355062,0.9989152585497261,0.005
6,1863,1863,0.0009376805120396602,0.0009376805120396602,0.9989433932944812,0.005
6,1864,1864,0.000983287613785909,0.000983287613785909,0.9988738244821024,0.005
6,1865,1865,0.0009935595482604433,0.0009935595482604433,0.9988748856444017,0.005
6,1866,1866,0.0009776002677742122,0.0009776002677742122,0.9988611578134866,0.005
6,1867,1867,0.000971600663796871,0.000971600663796871,0.9988952507567233,0.005
6,1868,1868,0.0009414991611376244,0.0009414991611376244,0.9989319892130091,0.005
6,1869,1869,0.001153321484394655,0.001153321484394655,0.9986661298063213,0.005
6,1870,1870,0.0009723594482840448,0.0009723594482840448,0.9989044491735637,0.005
6,1871,1871,0.000993874449758414,0.000993874449758414,0.9988926183156741,0.005
6,1872,1872,0.0009689434476356973,0.0009689434476356973,0.9989132424225571,0.005
6,1873,1873,0.0009941354095007802,0.0009941354095007802,0.9988967138914632,0.005
6,1874,1874,0.0010247279100607687,0.0010247279100607687,0.9988753586786873,0.005
6,1875,1875,0.0009720552634111613,0.0009720552634111613,0.9989410106315162,0.005
6,1876,1876,0.0009667591207698989,0.0009667591207698989,0.9989444904509097,0.005
6,1877,1877,0.0009760213017521113,0.0009760213017521113,0.9989199554666884,0.005
6,1878,1878,0.0009899307856916695,0.0009899307856916695,0.9988940050835245,0.005
6,1879,1879,0.0009478638128468498,0.0009478638128468498,0.9989332807589181,0.005
6,1880,1880,0.0011498684922493087,0.0011498684922493087,0.9986888475656961,0.005
6,1881,1881,0.0009556752587570938,0.0009556752587570938,0.9989414499516744,0.005
6,1882,1882,0.000981302666731918,0.000981302666731918,0.9989013723556266,0.005
6,1883,1883,0.0009977982808424537,0.0009977982808424537,0.9988972634433092,0.005
6,1884,1884,0.0010226503347698236,0.0010226503347698236,0.9988773474098167,0.005
6,1885,1885,0.0010382010007434338,0.0010382010007434338,0.9988672500734934,0.005
6,1886,1886,0.001077278113460427,0.001077278113460427,0.9988062507838746,0.005
6,1887,1887,0.0009621410584492263,0.0009621410584492263,0.9989270097348152,0.005
6,1888,1888,0.0010218880709329504,0.0010218880709329504,0.9988459802340904,0.005
6,1889,1889,0.0010184208257961215,0.0010184208257961215,0.998818445686727,0.005
6,1890,1890,0.0009515228440220357,0.0009515228440220357,0.9989235363901675,0.005
6,1891,1891,0.0009759303142991606,0.0009759303142991606,0.9989063735537593,0.005
6,1892,1892,0.000937706045459874,0.000937706045459874,0.9989297037064476,0.005
6,1893,1893,0.0009768366818337438,0.0009768366818337438,0.9989223346118153,0.005
6,1894,1894,0.0009409802319913396,0.0009409802319913396,0.9989307675628735,0.005
6,1895,1895,0.0009882926884796518,0.0009882926884796518,0.9988773930267484,0.005
6,1896,1896,0.0009807880099947752,0.0009807880099947752,0.9988716379865,0.005
6,1897,1897,0.000986445462871972,0.000986445462871972,0.9988870755289758,0.005
6,1898,1898,0.000977923877677306,0.000977923877677306,0.9989063655134371,0.005
6,1899,1899,0.0009371292046241896,0.0009371292046241896,0.9989487254283833,0.005
6,1900,1900,0.0009570488231496743,0.0009570488231496743,0.9989305466778419,0.005
6,1901,1901,0.001002842354982525,0.001002842354982525,0.9988445065774075,0.005
6,1902,1902,0.0009943816221979341,0.0009943816221979341,0.9988864279669412,0.005
6,1903,1903,0.000976120250097552,0.000976120250097552,0.9988786140161069,0.005
6,1904,1904,0.0009755060838229556,0.0009755060838229556,0.998896165404204,0.005
6,1905,1905,0.0009941179467588147,0.0009941179467588147,0.9988641734694386,0.005
6,1906,1906,0.0009650653464790182,0.0009650653464790182,0.9989227956933057,0.005
6,1907,1907,0.0010531216284016642,0.0010531216284016642,0.9988196026145693,0.005
6,1908,1908,0.0009741626549248572,0.0009741626549248572,0.9988951429077104,0.005
6,1909,1909,0.0009911130529314171,0.0009911130529314171,0.9988749561645415,0.005
6,1910,1910,0.0009720923831864714,0.0009720923831864714,0.9989136765666434,0.005
6,1911,1911,0.0009694540933755147,0.0009694540933755147,0.9989391946218865,0.005
6,1912,1912,0.0010023135963390562,0.0010023135963390562,0.9988793010146255,0.005
6,1913,1913,0.0009358934675726916,0.0009358934675726916,0.998950721246429,0.005
6,1914,1914,0.0009909151671188576,0.0009909151671188576,0.9989244646383537,0.005
6,1915,1915,0.0009764399449846029,0.0009764399449846029,0.9989191952873362,0.005
6,1916,1916,0.0009808051542147644,0.0009808051542147644,0.9989027680849384,0.005
6,1917,1917,0.0010300316388503427,0.0010300316388503427,0.9988449782084878,0.005
6,1918,1918,0.0009425991037062964,0.0009425991037062964,0.998932274949375,0.005
6,1919,1919,0.0009560584769966862,0.0009560584769966862,0.9989169438899335,0.005
6,1920,1920,0.0009311193466609359,0.0009311193466609359,0.998955273841343,0.005
6,1921,1921,0.0009820789060624158,0.0009820789060624158,0.9989012082019184,0.005
6,1922,1922,0.000973884167841883,0.000973884167841883,0.9989088490800802,0.005
6,1923,1923,0.0009350510292779712,0.0009350510292779712,0.9989576599578356,0.005
6,1924,1924,0.0009832912385397607,0.0009832912385397607,0.9988686326886619,0.005
6,1925,1925,0.000990350942192113,0.000990350942192113,0.9988797586320214,0.005
6,1926,1926,0.0009763124191436135,0.0009763124191436135,0.9988822317011782,0.005
6,1927,1927,0.0009818120674458398,0.0009818120674458398,0.9988815479000147,0.005
6,1928,1928,0.0009878217857894802,0.0009878217857894802,0.9988755247308168,0.005
6,1929,1929,0.0009541571289786743,0.0009541571289786743,0.9989106001537432,0.005
6,1930,1930,0.0009370646349505574,0.0009370646349505574,0.9989300040357834,0.005
6,1931,1931,0.000896203753037581,0.000896203753037581,0.9989677110478079,0.005
6,1932,1932,0.0010124746711103905,0.0010124746711103905,0.9988395650991468,0.005
6,1933,1933,0.0009669780816244833,0.0009669780816244833,0.9988904117426916,0.005
6,1934,1934,0.0009488216629109359,0.0009488216629109359,0.9989211191491973,0.005
6,1935,1935,0.001025092428015204,0.001025092428015204,0.998828650926343,0.005
6,1936,1936,0.0009793602847869686,0.0009793602847869686,0.998877872936653,0.005
6,1937,1937,0.0010115228707139202,0.0010115228707139202,0.9988545290317109,0.005
6,1938,1938,0.0009797093483334663,0.0009797093483334663,0.9988880431347417,0.005
6,1939,1939,0.001001425700540781,0.001001425700540781,0.998853878350636,0.005
6,1940,1940,0.0010029101693252761,0.0010029101693252761,0.9988395494730637,0.005
6,1941,1941,0.0010049568430538624,0.0010049568430538624,0.9988701859714495,0.005
6,1942,1942,0.0009596308363454131,0.0009596308363454131,0.9989158660828268,0.005
6,1943,1943,0.0009489633299094524,0.0009489633299094524,0.9989418248580171,0.005
6,1944,1944,0.0009638763006901929,0.0009638763006901929,0.9989206389087573,0.005
6,1945,1945,0.0009569292414054198,0.0009569292414054198,0.9989397630551327,0.005
6,1946,1946,0.0009788321875498175,0.0009788321875498175,0.9989123393683058,0.005
6,1947,1947,0.0009657315227867326,0.0009657315227867326,0.9989304446967304,0.005
6,1948,1948,0.000954023292687375,0.000954023292687375,0.9989316715589439,0.005
6,1949,1949,0.0009575751351879825,0.0009575751351879825,0.9989193552937564,0.005
6,1950,1950,0.0009092679047404117,0.0009092679047404117,0.9989578876993314,0.005
6,1951,1951,0.0009655909587200906,0.0009655909587200906,0.9989030141428689,0.005
6,1952,1952,0.0010031683242796218,0.0010031683242796218,0.9988623277019298,0.005
6,1953,1953,0.0009511483010380418,0.0009511483010380418,0.9989228282926114,0.005
6,1954,1954,0.0010317503815600326,0.0010317503815600326,0.9988301168908046,0.005
6,1955,1955,0.0009963600172052357,0.0009963600172052357,0.998866890341077,0.005
6,1956,1956,0.0010029715225424707,0.0010029715225424707,0.9988496348689118,0.005
6,1957,1957,0.0010209919616843367,0.0010209919616843367,0.9988443910599148,0.005
6,1958,1958,0.0009977457120651045,0.0009977457120651045,0.9988753218391893,0.005
6,1959,1959,0.0009598956285218208,0.0009598956285218208,0.9989133915088506,0.005
6,1960,1960,0.0008966715247991919,0.0008966715247991919,0.9989870817528965,0.005
6,1961,1961,0.0009699528498282962,0.0009699528498282962,0.9989095478900174,0.005
6,1962,1962,0.0009490866339602756,0.0009490866339602756,0.9989081537689628,0.005
6,1963,1963,0.0009122073510541306,0.0009122073510541306,0.9989610192558962,0.005
6,1964,1964,0.0009763839790444573,0.0009763839790444573,0.9988979348271154,0.005
6,1965,1965,0.0009915071589892176,0.0009915071589892176,0.9988761937170759,0.005
6,1966,1966,0.0009514438535181158,0.0009514438535181158,0.9989278708554233,0.005
6,1967,1967,0.0009414683570540704,0.0009414683570540704,0.9989549309968807,0.005
6,1968,1968,0.0009625941613188571,0.0009625941613188571,0.9989356783361742,0.005
6,1969,1969,0.0009609001200171674,0.0009609001200171674,0.9989072954853462,0.005
6,1970,1970,0.0009497069888746235,0.0009497069888746235,0.9989449364342725,0.005
6,1971,1971,0.0009334412164240479,0.0009334412164240479,0.9989677773066798,0.005
6,1972,1972,0.0009292773050805958,0.0009292773050805958,0.9989749344996821,0.005
6,1973,1973,0.0009630768855738614,0.0009630768855738614,0.9989095968624927,0.005
6,1974,1974,0.0009596458844210687,0.0009596458844210687,0.9989442040086765,0.005
6,1975,1975,0.000986329940499796,0.000986329940499796,0.9988772865450783,0.005
6,1976,1976,0.0009228079295307101,0.0009228079295307101,0.9989507998824744,0.005
6,1977,1977,0.0009057784590125863,0.0009057784590125863,0.998978995012787,0.005
6,1978,1978,0.0009752159339016476,0.0009752159339016476,0.9988971732399627,0.005
6,1979,1979,0.0009403357204582008,0.0009403357204582008,0.9989255020007606,0.005
6,1980,1980,0.0008992026083272964,0.0008992026083272964,0.9989657804185774,0.005
6,1981,1981,0.0009694263205007349,0.0009694263205007349,0.9988961699858099,0.005
6,1982,1982,0.0009385309566035061,0.0009385309566035061,0.9989010776126143,0.005
6,1983,1983,0.0009101873843173048,0.0009101873843173048,0.9989657345675317,0.005
6,1984,1984,0.0009051185252201022,0.0009051185252201022,0.9989472533650325,0.005
6,1985,1985,0.0009327882800373188,0.0009327882800373188,0.9989140218719593,0.005
6,1986,1986,0.0009434398189053061,0.0009434398189053061,0.9989020010540186,0.005
6,1987,1987,0.0009613476202377158,0.0009613476202377158,0.9988973734787827,0.005
6,1988,1988,0.0009315458238557539,0.0009315458238557539,0.9989482040509364,0.005
6,1989,1989,0.0009427966804615718,0.0009427966804615718,0.9989290125024735,0.005
6,1990,1990,0.0009490145256746185,0.0009490145256746185,0.9989006720911379,0.005
6,1991,1991,0.0009307345649798626,0.0009307345649798626,0.9989250937835333,0.005
6,1992,1992,0.0009333226943294525,0.0009333226943294525,0.9989264105809184,0.005
6,1993,1993,0.0009421951726932221,0.0009421951726932221,0.9989313858277079,0.005
6,1994,1994,0.0009177837147542889,0.0009177837147542889,0.9989579546866965,0.005
6,1995,1995,0.0009533171341521496,0.0009533171341521496,0.9989065037280205,0.005
6,1996,1996,0.0009224174607112889,0.0009224174607112889,0.9989601838504274,0.005
6,1997,1997,0.0009601867515091921,0.0009601867515091921,0.9988842067714175,0.005
6,1998,1998,0.00107343893773308,0.00107343893773308,0.9987650364067988,0.005
6,1999,1999,0.0009285187114344173,0.0009285187114344173,0.9989301418170384,0.005
6,2000,2000,0.000931744566708732,0.000931744566708732,0.9989515505423077,0.005
5,0,2001,0.1402612980406055,0.1402612980406055,0.8450501399893311,0.005
5,1,2002,0.15162436425425602,0.15162436425425602,0.8328686524952004,0.005
5,2,2003,0.1420790351966835,0.1420790351966835,0.8434815483991381,0.005
5,3,2004,0.14090382892924785,0.14090382892924785,0.844317405263846,0.005
5,4,2005,0.11345926766348433,0.11345926766348433,0.8732812641470906,0.005
5,5,2006,0.12654170675223345,0.12654170675223345,0.8597698956211204,0.005
5,6,2007,0.12604879462291457,0.12604879462291457,0.8602181552486003,0.005
5,7,2008,0.12835603919516037,0.12835603919516037,0.8581288878826377,0.005
5,8,2009,0.1410771352161062,0.1410771352161062,0.8449085966942316,0.005
5,9,2010,0.11153864083710274,0.11153864083710274,0.8755389421543395,0.005
5,10,2011,0.12450283738938443,0.12450283738938443,0.8616462107834608,0.005
5,11,2012,0.12226262297215368,0.12226262297215368,0.8641610334614483,0.005
5,12,2013,0.12061797304565758,0.12061797304565758,0.8651723727296591,0.005
5,13,2014,0.1296070201292212,0.1296070201292212,0.8565455469755682,0.005
5,14,2015,0.1060237469364328,0.1060237469364328,0.8812100101627541,0.005
5,15,2016,0.12239317327692165,0.12239317327692165,0.8639487186977196,0.005
5,16,2017,0.10414470934620132,0.10414470934620132,0.8834625171180928,0.005
5,17,2018,0.10992529384995664,0.10992529384995664,0.8770480346372134,0.005
5,18,2019,0.10403517234897314,0.10403517234897314,0.883472992178585,0.005
5,19,2020,0.10848581725284503,0.10848581725284503,0.87885872118882,0.005
5,20,2021,0.11625281631384832,0.11625281631384832,0.8702055652576437,0.005
5,21,2022,0.09368699114941138,0.09368699114941138,0.8942571794806036,0.005
5,22,2023,0.09784109924059947,0.09784109924059947,0.889936742180737,0.005
5,23,2024,0.10247527308052143,0.10247527308052143,0.8849069241000962,0.005
5,24,2025,0.0991198825030808,0.0991198825030808,0.8893190763239662,0.005
5,25,2026,0.09968955908257446,0.09968955908257446,0.8877385309878563,0.005
5,26,2027,0.09256921834960573,0.09256921834960573,0.8958690211908965,0.005
5,27,2028,0.08772665884472218,0.08772665884472218,0.9001791636962065,0.005
5,28,2029,0.10334000973405569,0.10334000973405569,0.8845061615020483,0.005
5,29,2030,0.08861776398903035,0.08861776398903035,0.899596041235589,0.005
5,30,2031,0.09485408827788855,0.09485408827788855,0.8941970577676701,0.005
5,31,2032,0.10230555903053903,0.10230555903053903,0.8851700975325234,0.005
5,32,2033,0.0907389103909137,0.0907389103909137,0.8973615908500353,0.005
5,33,2034,0.09158796704178346,0.09158796704178346,0.8969604121248557,0.005
5,34,2035,0.08337172340977245,0.08337172340977245,0.9056304087225384,0.005
5,35,2036,0.09343123613049453,0.09343123613049453,0.8950622634135115,0.005
5,36,2037,0.08748436692947364,0.08748436692947364,0.9022138890446881,0.005
5,37,2038,0.08381984741076967,0.08381984741076967,0.9055210710734403,0.005
5,38,2039,0.07745331692791148,0.07745331692791148,0.9119470607274054,0.005
5,39,2040,0.07657338556229014,0.07657338556229014,0.9130790126810294,0.005
5,40,2041,0.08056548214820887,0.08056548214820887,0.9093477785651806,0.005
5,41,2042,0.0717233292382447,0.0717233292382447,0.9185505262181741,0.005
5,42,2043,0.06842301503723877,0.06842301503723877,0.9217627492289084,0.005
5,43,2044,0.08262709022226629,0.08262709022226629,0.9068672148920163,0.005
5,44,2045,0.07865137927800891,0.07865137927800891,0.9107892388139215,0.005
5,45,2046,0.06334712066850857,0.06334712066850857,0.9269040367790309,0.005
5,46,2047,0.07040892079029598,0.07040892079029598,0.9195540891117311,0.005
5,47,2048,0.07204373454182295,0.07204373454182295,0.9174625886066059,0.005
5,48,2049,0.06031334324109061,0.06031334324109061,0.930428257648831,0.005
5,49,2050,0.06621943967441142,0.06621943967441142,0.9241940962745833,0.005
5,50,2051,0.061765311950414646,0.061765311950414646,0.9293229476035549,0.005
5,51,2052,0.06355808622446292,0.06355808622446292,0.9276341329152554,0.005
5,52,2053,0.06615425592758488,0.06615425592758488,0.9237906559285352,0.005
5,53,2054,0.06373141839134255,0.06373141839134255,0.9268956064691298,0.005
5,54,2055,0.06225677995648005,0.06225677995648005,0.9285735980236544,0.005
5,55,2056,0.06256234695899582,0.06256234695899582,0.9286472380112046,0.005
5,56,2057,0.06274208627086937,0.06274208627086937,0.9277799705036258,0.005
5,57,2058,0.058993393067907796,0.058993393067907796,0.9326981584923193,0.005
5,58,2059,0.06389726774161819,0.06389726774161819,0.9266199475454383,0.005
5,59,2060,0.05873799615264043,0.05873799615264043,0.9331675328848873,0.005
5,60,2061,0.055982351015127156,0.055982351015127156,0.9354883523515728,0.005
5,61,2062,0.053129348870272125,0.053129348870272125,0.9381455486742173,0.005
5,62,2063,0.05069818345200644,0.05069818345200644,0.9412356680644811,0.005
5,63,2064,0.0566245266651743,0.0566245266651743,0.934498028044879,0.005
5,64,2065,0.04570368082849885,0.04570368082849885,0.9463543710842267,0.005
5,65,2066,0.05248283806244532,0.05248283806244532,0.9387139713137813,0.005
5,66,2067,0.05738413896348673,0.05738413896348673,0.9344068159112003,0.005
5,67,2068,0.042141622417507484,0.042141622417507484,0.9508384876933078,0.005
5,68,2069,0.046914883645518546,0.046914883645518546,0.9448488747378664,0.005
5,69,2070,0.046149095749994345,0.046149095749994345,0.9462243385793904,0.005
5,70,2071,0.05272927705559147,0.05272927705559147,0.9391288341375797,0.005
5,71,2072,0.04479746901265433,0.04479746901265433,0.9472529313103453,0.005
5,72,2073,0.03836845923550864,0.03836845923550864,0.9548227777211331,0.005
5,73,2074,0.04888280203148464,0.04888280203148464,0.9434410184206067,0.005
5,74,2075,0.051781047600771,0.051781047600771,0.9400651932898264,0.005
5,75,2076,0.04047235943491309,0.04047235943491309,0.9525130092768996,0.005
5,76,2077,0.043669831127479214,0.043669831127479214,0.9488675690644176,0.005
5,77,2078,0.03495014850633083,0.03495014850633083,0.958307561967161,0.005
5,78,2079,0.042468335123957736,0.042468335123957736,0.9498900156603345,0.005
5,79,2080,0.0472297421879178,0.0472297421879178,0.9454335682792766,0.005
5,80,2081,0.0375449812972772,0.0375449812972772,0.9555675333370973,0.005
5,81,2082,0.04594078429668475,0.04594078429668475,0.9466889301726844,0.005
5,82,2083,0.037413745627400144,0.037413745627400144,0.9562028142289141,0.005
5,83,2084,0.036724795060105606,0.036724795060105606,0.9566275973086286,0.005
5,84,2085,0.03437107526767216,0.03437107526767216,0.9593268173739343,0.005
5,85,2086,0.03067186934552514,0.03067186934552514,0.9633720187025003,0.005
5,86,2087,0.0344145954560646,0.0344145954560646,0.9591843391780426,0.005
5,87,2088,0.03621371942772472,0.03621371942772472,0.9568390144026934,0.005
5,88,2089,0.035011404962770054,0.035011404962770054,0.9582688400427575,0.005
5,89,2090,0.03247504517128864,0.03247504517128864,0.9610008579251573,0.005
5,90,2091,0.04036983006883145,0.04036983006883145,0.952497107018315,0.005
5,91,2092,0.03333905719045768,0.03333905719045768,0.9599919174916839,0.005
5,92,2093,0.027905991720991813,0.027905991720991813,0.9660943137549879,0.005
5,93,2094,0.03163196007535943,0.03163196007535943,0.962562649787178,0.005
5,94,2095,0.0287996641571594,0.0287996641571594,0.9651558421555269,0.005
5,95,2096,0.027095577909663895,0.027095577909663895,0.9679767713396077,0.005
5,96,2097,0.02316375014189795,0.02316375014189795,0.971829048654104,0.005
5,97,2098,0.02666469721147184,0.02666469721147184,0.9674964035367097,0.005
5,98,2099,0.028417700043509877,0.028417700043509877,0.9660903468528655,0.005
5,99,2100,0.029475106419031883,0.029475106419031883,0.9645985065470674,0.005
5,100,2101,0.027579104503804755,0.027579104503804755,0.9668992904510466,0.005
5,101,2102,0.023460712879333923,0.023460712879333923,0.9718871886219724,0.005
5,102,2103,0.024451636841334067,0.024451636841334067,0.9703460994121983,0.005
5,103,2104,0.02123990755122241,0.02123990755122241,0.9744530716354123,0.005
5,104,2105,0.023511229661493056,0.023511229661493056,0.9716870438877024,0.005
5,105,2106,0.023372267852976275,0.023372267852976275,0.9716058897364097,0.005
5,106,2107,0.023984076956891524,0.023984076956891524,0.9713529580928597,0.005
5,107,2108,0.022656600419449245,0.022656600419449245,0.9726148396369125,0.005
5,108,2109,0.02025893459636733,0.02025893459636733,0.9758749153504717,0.005
5,109,2110,0.02238974484574996,0.02238974484574996,0.9733216463638916,0.005
5,110,2111,0.022782039415920725,0.022782039415920725,0.9726745741329295,0.005
5,111,2112,0.022326815746967148,0.022326815746967148,0.9728967982909353,0.005
5,112,2113,0.022257208257716463,0.022257208257716463,0.9732303618021508,0.005
5,113,2114,0.01787847039284165,0.01787847039284165,0.9786849510680885,0.005
5,114,2115,0.021139877460745186,0.021139877460745186,0.974607813026749,0.005
5,115,2116,0.016938442025334798,0.016938442025334798,0.9796571094560678,0.005
5,116,2117,0.02145154084029549,0.02145154084029549,0.9742809074644138,0.005
5,117,2118,0.01823509762869017,0.01823509762869017,0.9777673103641384,0.005
5,118,2119,0.0173960771756416,0.0173960771756416,0.979445132727614,0.005
5,119,2120,0.018875035182480356,0.018875035182480356,0.9773891883869289,0.005
5,120,2121,0.017853597138265377,0.017853597138265377,0.978535918899466,0.005
5,121,2122,0.016253044137869058,0.016253044137869058,0.980545637223552,0.005
5,122,2123,0.020566625871552943,0.020566625871552943,0.9754384844226512,0.005
5,123,2124,0.01919103034172652,0.01919103034172652,0.9767196663272724,0.005
5,124,2125,0.017439231985965264,0.017439231985965264,0.9793943028217977,0.005
5,125,2126,0.017158359905728032,0.017158359905728032,0.9797390144552931,0.005
5,126,2127,0.01629090049295438,0.01629090049295438,0.9808890339509148,0.005
5,127,2128,0.015466931980933532,0.015466931980933532,0.9816243050457232,0.005
5,128,2129,0.018197681793111164,0.018197681793111164,0.9779538046158025,0.005
5,129,2130,0.017930406301902506,0.017930406301902506,0.9785221346621126,0.005
5,130,2131,0.015752283096354562,0.015752283096354562,0.9814588507687503,0.005
5,131,2132,0.018268336780243744,0.018268336780243744,0.9782569874461744,0.005
5,132,2133,0.01592443767649192,0.01592443767649192,0.9810841880053868,0.005
5,133,2134,0.015813624006532506,0.015813624006532506,0.9812262237082205,0.005
5,134,2135,0.01611293953194621,0.01611293953194621,0.9812439281579022,0.005
5,135,2136,0.01577319695939989,0.01577319695939989,0.9813813889861503,0.005
5,136,2137,0.0152324387168736,0.0152324387168736,0.9819355995573815,0.005
5,137,2138,0.015624543890681911,0.015624543890681911,0.9818613242589219,0.005
5,138,2139,0.015414512260104537,0.015414512260104537,0.9820375651700143,0.005
5,139,2140,0.015751633256194504,0.015751633256194504,0.9818291960181557,0.005
5,140,2141,0.015594036969859277,0.015594036969859277,0.9817134499869723,0.005
5,141,2142,0.014960706127530362,0.014960706127530362,0.9822123925920955,0.005
5,142,2143,0.014859496706000128,0.014859496706000128,0.9824792852817935,0.005
5,143,2144,0.014944579556922173,0.014944579556922173,0.982636185962941,0.005
5,144,2145,0.014980960968859054,0.014980960968859054,0.9823126210066295,0.005
5,145,2146,0.014880751982984306,0.014880751982984306,0.9828525900851451,0.005
5,146,2147,0.014647253480734427,0.014647253480734427,0.9829841529875795,0.005
5,147,2148,0.01604306717203539,0.01604306717203539,0.9812521546897611,0.005
5,148,2149,0.015722985072867936,0.015722985072867936,0.9816051443614021,0.005
5,149,2150,0.01488833566937656,0.01488833566937656,0.9828001846423086,0.005
5,150,2151,0.01643751741503649,0.01643751741503649,0.9809612549987246,0.005
5,151,2152,0.014546910934815796,0.014546910934815796,0.9829897362327309,0.005
5,152,2153,0.01466618104358389,0.01466618104358389,0.9829724031639336,0.005
5,153,2154,0.0142722752430799,0.0142722752430799,0.9834518506968982,0.005
5,154,2155,0.01392190028051388,0.01392190028051388,0.9838372316766105,0.005
5,155,2156,0.014106655769122806,0.014106655769122806,0.9833508296918947,0.005
5,156,2157,0.013857132492258917,0.013857132492258917,0.9838054577310777,0.005
5,157,2158,0.013820714431821472,0.013820714431821472,0.9842101989744286,0.005
5,158,2159,0.014663478237456118,0.014663478237456118,0.9830280664161223,0.005
5,159,2160,0.01445650295230464,0.01445650295230464,0.9831698840480627,0.005
5,160,2161,0.014327724243740153,0.014327724243740153,0.9834654119832201,0.005
5,161,2162,0.014011711332244808,0.014011711332244808,0.9837289578745975,0.005
5,162,2163,0.014167528443709127,0.014167528443709127,0.9835508133862058,0.005
5,163,2164,0.014634514347031908,0.014634514347031908,0.9830759470037538,0.005
5,164,2165,0.013626829302613436,0.013626829302613436,0.9844402374831042,0.005
5,165,2166,0.014907860006653112,0.014907860006653112,0.9828243166781544,0.005
5,166,2167,0.014557537667053042,0.014557537667053042,0.9833414139222197,0.005
5,167,2168,0.014016132190937955,0.014016132190937955,0.9835913731651268,0.005
5,168,2169,0.013596472574740288,0.013596472574740288,0.9842046785713773,0.005
5,169,2170,0.013357748247532546,0.013357748247532546,0.9843948636032678,0.005
5,170,2171,0.013270326646746222,0.013270326646746222,0.9845595130625471,0.005
5,171,2172,0.014212353881549691,0.014212353881549691,0.9836862802842996,0.005
5,172,2173,0.01363682204625959,0.01363682204625959,0.9843476432434547,0.005
5,173,2174,0.013502282768249295,0.013502282768249295,0.9847051187118588,0.005
5,174,2175,0.013966997577803918,0.013966997577803918,0.984021579225149,0.005
5,175,2176,0.01380475963185453,0.01380475963185453,0.9840613191080022,0.005
5,176,2177,0.013972315009534012,0.013972315009534012,0.9839599096510385,0.005
5,177,2178,0.013373110303607782,0.013373110303607782,0.9846876968894093,0.005
5,178,2179,0.013412758154696985,0.013412758154696985,0.9844297224820395,0.005
5,179,2180,0.013283778143213161,0.013283778143213161,0.9847757275823471,0.005
5,180,2181,0.013559535496320694,0.013559535496320694,0.9844577061349303,0.005
5,181,2182,0.013422998723103452,0.013422998723103452,0.9844038170645083,0.005
5,182,2183,0.013762175171139056,0.013762175171139056,0.9840601891177619,0.005
5,183,2184,0.014086781188426661,0.014086781188426661,0.9837774842139141,0.005
5,184,2185,0.013466691166452802,0.013466691166452802,0.9844217165062908,0.005
5,185,2186,0.013463897492158405,0.013463897492158405,0.9847981004164871,0.005
5,186,2187,0.013299416337071532,0.013299416337071532,0.9845871945838108,0.005
5,187,2188,0.013332332885310546,0.013332332885310546,0.9846459308587181,0.005
5,188,2189,0.013114994201400783,0.013114994201400783,0.9850061446255117,0.005
5,189,2190,0.014067740157179934,0.014067740157179934,0.9839632585065925,0.005
5,190,2191,0.0131428089995095,0.0131428089995095,0.9846273902100755,0.005
5,191,2192,0.013288693505053548,0.013288693505053548,0.984765598331707,0.005
5,192,2193,0.013659156859448233,0.013659156859448233,0.9842330486191996,0.005
5,193,2194,0.01391615807182682,0.01391615807182682,0.9840043840384857,0.005
5,194,2195,0.013457527959953702,0.013457527959953702,0.9845918534850632,0.005
5,195,2196,0.013859151130583112,0.013859151130583112,0.984129885064832,0.005
5,196,2197,0.013278056272428293,0.013278056272428293,0.9846791850276898,0.005
5,197,2198,0.01354516879856513,0.01354516879856513,0.9845156591727988,0.005
5,198,2199,0.013136983874058246,0.013136983874058246,0.9849176403169554,0.005
5,199,2200,0.013611887894523379,0.013611887894523379,0.984410864848227,0.005
5,200,2201,0.013319541325330383,0.013319541325330383,0.9846123576879462,0.005
5,201,2202,0.013731784306436293,0.013731784306436293,0.9843130299779258,0.005
5,202,2203,0.013547786201991745,0.013547786201991745,0.9843111212250333,0.005
5,203,2204,0.013249187349246854,0.013249187349246854,0.9848318145870933,0.005
5,204,2205,0.013468330603216996,0.013468330603216996,0.9843238005802701,0.005
5,205,2206,0.01315081421984434,0.01315081421984434,0.9848951954901379,0.005
5,206,2207,0.013483148432959377,0.013483148432959377,0.9844465616916085,0.005
5,207,2208,0.012747124100942763,0.012747124100942763,0.9853162405432845,0.005
5,208,2209,0.016127730182179032,0.016127730182179032,0.9815574950568031,0.005
5,209,2210,0.013264904324452764,0.013264904324452764,0.9846773027079248,0.005
5,210,2211,0.012602244966037245,0.012602244966037245,0.9853193565507227,0.005
5,211,2212,0.012604409121048467,0.012604409121048467,0.9851961613720104,0.005
5,212,2213,0.01320116872483208,0.01320116872483208,0.9847012313904098,0.005
5,213,2214,0.012881803170659786,0.012881803170659786,0.985121547462967,0.005
5,214,2215,0.014049425023879639,0.014049425023879639,0.9838967387237161,0.005
5,215,2216,0.013152954146954941,0.013152954146954941,0.9849721526588743,0.005
5,216,2217,0.01260982933071254,0.01260982933071254,0.9853929151255886,0.005
5,217,2218,0.012360340629095325,0.012360340629095325,0.9857225984383838,0.005
5,218,2219,0.01342917886577602,0.01342917886577602,0.9845337179806306,0.005
5,219,2220,0.012888605122459589,0.012888605122459589,0.9851178961820737,0.005
5,220,2221,0.012810465960778854,0.012810465960778854,0.9852979136960881,0.005
5,221,2222,0.012952200145212452,0.012952200145212452,0.9852778118957224,0.005
5,222,2223,0.01352249249172579,0.01352249249172579,0.9845625690778415,0.005
5,223,2224,0.012215747663361035,0.012215747663361035,0.9859302223810054,0.005
5,224,2225,0.01314966983986965,0.01314966983986965,0.9847991612155297,0.005
5,225,2226,0.013267673659094583,0.013267673659094583,0.984699984371628,0.005
5,226,2227,0.012371288367341533,0.012371288367341533,0.9856409661345603,0.005
5,227,2228,0.012464946736353951,0.012464946736353951,0.9856368843463017,0.005
5,228,2229,0.013348794599240286,0.013348794599240286,0.9845090411914368,0.005
5,229,2230,0.013074446924006462,0.013074446924006462,0.9848441467603822,0.005
5,230,2231,0.012736385691831904,0.012736385691831904,0.9853234065696923,0.005
5,231,2232,0.013652370225647999,0.013652370225647999,0.9842617053058703,0.005
5,232,2233,0.013937026863092106,0.013937026863092106,0.9837294410014366,0.005
5,233,2234,0.013549803915832544,0.013549803915832544,0.9844459727890975,0.005
5,234,2235,0.013435951698846219,0.013435951698846219,0.9844835540724463,0.005
5,235,2236,0.01304531370187215,0.01304531370187215,0.9848192236694866,0.005
5,236,2237,0.012200880683332551,0.012200880683332551,0.9857814702429644,0.005
5,237,2238,0.012932457131437123,0.012932457131437123,0.9850042608288697,0.005
5,238,2239,0.01249436373025397,0.01249436373025397,0.9855475075518837,0.005
5,239,2240,0.012169444820132503,0.012169444820132503,0.9857315739472916,0.005
5,240,2241,0.012394091324055622,0.012394091324055622,0.98580138316386,0.005
5,241,2242,0.01345232788608703,0.01345232788608703,0.9843503602109465,0.005
5,242,2243,0.011450084683642125,0.011450084683642125,0.9867037554212396,0.005
5,243,2244,0.012398455980309486,0.012398455980309486,0.9856071019753032,0.005
5,244,2245,0.012258899965678808,0.012258899965678808,0.9859087744801733,0.005
5,245,2246,0.013570386203794079,0.013570386203794079,0.9844300847475261,0.005
5,246,2247,0.011739903954476362,0.011739903954476362,0.9863800336678425,0.005
5,247,2248,0.011953207995331503,0.011953207995331503,0.98626078258447,0.005
5,248,2249,0.012556151215038927,0.012556151215038927,0.9853826723615748,0.005
5,249,2250,0.012085759400628062,0.012085759400628062,0.9859785562508775,0.005
5,250,2251,0.013738753090314868,0.013738753090314868,0.9840820553468632,0.005
5,251,2252,0.013158067085959221,0.013158067085959221,0.9849715545560445,0.005
5,252,2253,0.012376518288847147,0.012376518288847147,0.9856401937658149,0.005
5,253,2254,0.012979603688901244,0.012979603688901244,0.9851260438143739,0.005
5,254,2255,0.01153842401113614,0.01153842401113614,0.9866250583471656,0.005
5,255,2256,0.012647861234219515,0.012647861234219515,0.9853052291239225,0.005
5,256,2257,0.01202603610165405,0.01202603610165405,0.9859198591677747,0.005
5,257,2258,0.012043866250500872,0.012043866250500872,0.9860791504558154,0.005
5,258,2259,0.012457418685140168,0.012457418685140168,0.9855231744378044,0.005
5,259,2260,0.012312996285772163,0.012312996285772163,0.9856255275477146,0.005
5,260,2261,0.012660856900888088,0.012660856900888088,0.9854079710122274,0.005
5,261,2262,0.013006120162869991,0.013006120162869991,0.985020706429423,0.005
5,262,2263,0.01101941022515976,0.01101941022515976,0.9871744559869476,0.005
5,263,2264,0.011610816008651643,0.011610816008651643,0.9865365436984861,0.005
5,264,2265,0.013619641100448067,0.013619641100448067,0.9843436252051999,0.005
5,265,2266,0.01209194945210056,0.01209194945210056,0.985734719297243,0.005
5,266,2267,0.012405935250437608,0.012405935250437608,0.9854795239497571,0.005
5,267,2268,0.010832569478626371,0.010832569478626371,0.9871715046536189,0.005
5,268,2269,0.011762774201144214,0.011762774201144214,0.9861724145798122,0.005
5,269,2270,0.011261351518330024,0.011261351518330024,0.986733308923485,0.005
5,270,2271,0.012305786909564891,0.012305786909564891,0.9854443421980043,0.005
5,271,2272,0.011495334761916918,0.011495334761916918,0.9865915362274741,0.005
5,272,2273,0.011277780987090482,0.011277780987090482,0.9868019893887097,0.005
5,273,2274,0.011526883491367247,0.011526883491367247,0.9865591168989292,0.005
5,274,2275,0.011235714349585974,0.011235714349585974,0.9867877275860427,0.005
5,275,2276,0.0113167111185327,0.0113167111185327,0.9867206104731019,0.005
5,276,2277,0.010999665101574196,0.010999665101574196,0.9870103006424729,0.005
5,277,2278,0.010557728999392214,0.010557728999392214,0.987744628836966,0.005
5,278,2279,0.010476322054970334,0.010476322054970334,0.9875185404742152,0.005
5,279,2280,0.011184672796524596,0.011184672796524596,0.9867431746242399,0.005
5,280,2281,0.011811583100922764,0.011811583100922764,0.9863199581754971,0.005
5,281,2282,0.009799383372353138,0.009799383372353138,0.9884428537231854,0.005
5,282,2283,0.012150685814172153,0.012150685814172153,0.985779504519706,0.005
5,283,2284,0.011096684144007217,0.011096684144007217,0.9869340858911556,0.005
5,284,2285,0.011424637431571079,0.011424637431571079,0.9864955150648559,0.005
5,285,2286,0.011826900833654806,0.011826900833654806,0.9861984037816074,0.005
5,286,2287,0.010669440529852074,0.010669440529852074,0.9874013179524754,0.005
5,287,2288,0.013660029344810327,0.013660029344810327,0.9843056340522912,0.005
5,288,2289,0.010986284948102346,0.010986284948102346,0.9870633098888874,0.005
5,289,2290,0.011602766340818586,0.011602766340818586,0.9862692528259228,0.005
5,290,2291,0.011907759929952456,0.011907759929952456,0.9861323166219038,0.005
5,291,2292,0.011032792741441547,0.011032792741441547,0.9869838989605102,0.005
5,292,2293,0.010434668601462969,0.010434668601462969,0.9875807232626074,0.005
5,293,2294,0.01027527892263867,0.01027527892263867,0.9878766445948536,0.005
5,294,2295,0.012929119408034755,0.012929119408034755,0.9848759260857651,0.005
5,295,2296,0.010550604569124548,0.010550604569124548,0.9875004319019011,0.005
5,296,2297,0.011210766230246142,0.011210766230246142,0.9868422287816113,0.005
5,297,2298,0.011677004563201443,0.011677004563201443,0.9862127852501861,0.005
5,298,2299,0.012620189591278214,0.012620189591278214,0.9851010835671662,0.005
5,299,2300,0.009820373027263124,0.009820373027263124,0.9884448108786983,0.005
5,300,2301,0.014563761738450434,0.014563761738450434,0.9831067009551636,0.005
5,301,2302,0.009799532548895108,0.009799532548895108,0.988161248322728,0.005
5,302,2303,0.011470242159557293,0.011470242159557293,0.9864447678502825,0.005
5,303,2304,0.00971983793150976,0.00971983793150976,0.9884242471587066,0.005
5,304,2305,0.010306689221559412,0.010306689221559412,0.9878375098080983,0.005
5,305,2306,0.010074049274695508,0.010074049274695508,0.9880134312743265,0.005
5,306,2307,0.009627372161914876,0.009627372161914876,0.9885916454449255,0.005
5,307,2308,0.010368955913932706,0.010368955913932706,0.9878205795038861,0.005
5,308,2309,0.010277826262900773,0.010277826262900773,0.9878026896573462,0.005
5,309,2310,0.012170244623093168,0.012170244623093168,0.985761888208039,0.005
5,310,2311,0.010125441438608804,0.010125441438608804,0.9879594537682873,0.005
5,311,2312,0.011792019386898295,0.011792019386898295,0.9861284343162082,0.005
5,312,2313,0.009510368453117745,0.009510368453117745,0.9886009197645257,0.005
5,313,2314,0.009954673554861387,0.009954673554861387,0.9881065369412249,0.005
5,314,2315,0.010714878424792636,0.010714878424792636,0.9871664807569976,0.005
5,315,2316,0.01101920430789069,0.01101920430789069,0.9867994763609256,0.005
5,316,2317,0.011288520595797404,0.011288520595797404,0.9865929899362033,0.005
5,317,2318,0.009980438502308842,0.009980438502308842,0.9880674218896061,0.005
5,318,2319,0.011295246193059232,0.011295246193059232,0.98644297124436,0.005
5,319,2320,0.0102622734814276,0.0102622734814276,0.9874641264210321,0.005
5,320,2321,0.008658497401091052,0.008658497401091052,0.9896215951666906,0.005
5,321,2322,0.009393046497386762,0.009393046497386762,0.9886970197941072,0.005
5,322,2323,0.009619389624221129,0.009619389624221129,0.9886331051569007,0.005
5,323,2324,0.0096945844582903,0.0096945844582903,0.9883645489427864,0.005
5,324,2325,0.009074251040852202,0.009074251040852202,0.989165432651169,0.005
5,325,2326,0.009170150116736022,0.009170150116736022,0.9890476634933719,0.005
5,326,2327,0.009150558550559459,0.009150558550559459,0.9888719117855843,0.005
5,327,2328,0.010718093457448884,0.010718093457448884,0.9874133991363467,0.005
5,328,2329,0.009323843952384902,0.009323843952384902,0.9888614573238041,0.005
5,329,2330,0.009308867366532938,0.009308867366532938,0.9886509857132937,0.005
5,330,2331,0.008816979079894958,0.008816979079894958,0.9893728044908622,0.005
5,331,2332,0.009763936286625578,0.009763936286625578,0.9882667764006395,0.005
5,332,2333,0.008901394203087012,0.008901394203087012,0.9891792827305774,0.005
5,333,2334,0.008804642517203202,0.008804642517203202,0.9893667057365544,0.005
5,334,2335,0.009254020773264962,0.009254020773264962,0.9888883378146879,0.005
5,335,2336,0.009896619266182826,0.009896619266182826,0.9882658557885625,0.005
5,336,2337,0.00810871232157746,0.00810871232157746,0.9900809317655589,0.005
5,337,2338,0.008377496972438723,0.008377496972438723,0.9897210378950452,0.005
5,338,2339,0.00842146817627239,0.00842146817627239,0.9898362851529826,0.005
5,339,2340,0.009099910370792108,0.009099910370792108,0.9889701012084141,0.005
5,340,2341,0.009437805982966252,0.009437805982966252,0.9885874091922126,0.005
5,341,2342,0.008282524729961698,0.008282524729961698,0.9898157361376316,0.005
5,342,2343,0.00833710053131533,0.00833710053131533,0.9898676384097719,0.005
5,343,2344,0.009724188900314743,0.009724188900314743,0.9883852338535432,0.005
5,344,2345,0.007069941961897266,0.007069941961897266,0.9911662995100391,0.005
5,345,2346,0.008396077562863664,0.008396077562863664,0.9897752261458133,0.005
5,346,2347,0.009093517134767859,0.009093517134767859,0.9890317197205892,0.005
5,347,2348,0.007766802100333375,0.007766802100333375,0.9905004537292825,0.005
5,348,2349,0.009244417405316133,0.009244417405316133,0.9888420655181818,0.005
5,349,2350,0.007637388161686983,0.007637388161686983,0.9905768613249252,0.005
5,350,2351,0.0077473237401893755,0.0077473237401893755,0.9904088554142415,0.005
5,351,2352,0.006882992987886347,0.006882992987886347,0.9912844648888021,0.005
5,352,2353,0.008505781168163633,0.008505781168163633,0.9895667529096401,0.005
5,353,2354,0.010820160579953069,0.010820160579953069,0.9871878517345387,0.005
5,354,2355,0.008290135274285591,0.008290135274285591,0.9898526309254343,0.005
5,355,2356,0.007457330000064034,0.007457330000064034,0.9906826482807585,0.005
5,356,2357,0.009998222556971395,0.009998222556971395,0.9880077442391256,0.005
5,357,2358,0.007872791862956245,0.007872791862956245,0.9903953505598125,0.005
5,358,2359,0.006872591431938225,0.006872591431938225,0.9915213103029179,0.005
5,359,2360,0.007049946735214362,0.007049946735214362,0.9912055156079471,0.005
5,360,2361,0.007822548936861594,0.007822548936861594,0.9901618912380864,0.005
5,361,2362,0.006502570353554832,0.006502570353554832,0.9918960731067004,0.005
5,362,2363,0.007853916143554908,0.007853916143554908,0.9901323924059933,0.005
5,363,2364,0.007844696129137988,0.007844696129137988,0.9902599263602481,0.005
5,364,2365,0.00697173220578164,0.00697173220578164,0.9911917332893314,0.005
5,365,2366,0.010690470248307606,0.010690470248307606,0.9874357392470761,0.005
5,366,2367,0.007533860726737719,0.007533860726737719,0.9905533360129823,0.005
5,367,2368,0.006812411390416698,0.006812411390416698,0.9913593078200462,0.005
5,368,2369,0.006251509165104792,0.006251509165104792,0.9920039538983467,0.005
5,369,2370,0.005422386319275956,0.005422386319275956,0.9929472970199693,0.005
5,370,2371,0.008541077207613854,0.008541077207613854,0.9893100907197548,0.005
5,371,2372,0.007294107569978583,0.007294107569978583,0.9908856629767714,0.005
5,372,2373,0.009412250991657324,0.009412250991657324,0.9884260106993454,0.005
5,373,2374,0.006201942835103464,0.006201942835103464,0.9920574464363149,0.005
5,374,2375,0.006616458822107974,0.006616458822107974,0.9915523201852017,0.005
5,375,2376,0.00802293151780097,0.00802293151780097,0.9901722027892398,0.005
5,376,2377,0.005205294011382751,0.005205294011382751,0.9931652957414013,0.005
5,377,2378,0.005805416533372421,0.005805416533372421,0.992535570040947,0.005
5,378,2379,0.0077012055171289,0.0077012055171289,0.9903941458627397,0.005
5,379,2380,0.006982309399978384,0.006982309399978384,0.9910664043459154,0.005
5,380,2381,0.00683841984038386,0.00683841984038386,0.9913006186019628,0.005
5,381,2382,0.008402100756733547,0.008402100756733547,0.9895500050616266,0.005
5,382,2383,0.005495355219581059,0.005495355219581059,0.992833218617719,0.005
5,383,2384,0.005539881702915758,0.005539881702915758,0.992662871086323,0.005
5,384,2385,0.00508661885486249,0.00508661885486249,0.9932299207302954,0.005
5,385,2386,0.006423745464980269,0.006423745464980269,0.9916982548805263,0.005
5,386,2387,0.006367475225086691,0.006367475225086691,0.99182934066251,0.005
5,387,2388,0.008199792081471717,0.008199792081471717,0.9896931992649621,0.005
5,388,2389,0.005321864582608415,0.005321864582608415,0.9929747761932102,0.005
5,389,2390,0.005109432196009862,0.005109432196009862,0.9931325415331927,0.005
5,390,2391,0.004436322233898345,0.004436322233898345,0.9940395378446975,0.005
5,391,2392,0.004461909873033748,0.004461909873033748,0.9939782631738159,0.005
5,392,2393,0.0052261756353249355,0.0052261756353249355,0.9931003158371591,0.005
5,393,2394,0.005360318755805741,0.005360318755805741,0.9929814268557153,0.005
5,394,2395,0.0049929288802071994,0.0049929288802071994,0.9932964590191227,0.005
5,395,2396,0.004694429056833966,0.004694429056833966,0.9936240873528659,0.005
5,396,2397,0.005071212986813864,0.005071212986813864,0.9932249013355205,0.005
5,397,2398,0.004307636615955067,0.004307636615955067,0.9940675097640712,0.005
5,398,2399,0.005066699656044907,0.005066699656044907,0.9932279812511031,0.005
5,399,2400,0.004201445625058449,0.004201445625058449,0.9942226968339679,0.005
5,400,2401,0.004649110625254958,0.004649110625254958,0.9937965671326349,0.005
5,401,2402,0.004532125654094196,0.004532125654094196,0.9937461065159249,0.005
5,402,2403,0.004457519910657792,0.004457519910657792,0.9937954667020017,0.005
5,403,2404,0.005444820104602551,0.005444820104602551,0.9928339721194225,0.005
5,404,2405,0.006050327492157238,0.006050327492157238,0.9920031368195716,0.005
5,405,2406,0.00452801267115581,0.00452801267115581,0.9937114635244801,0.005
5,406,2407,0.0037238541855613475,0.0037238541855613475,0.9947237464510427,0.005
5,407,2408,0.006313886891456741,0.006313886891456741,0.9917601380124096,0.005
5,408,2409,0.005060376242211466,0.005060376242211466,0.9931956569100054,0.005
5,409,2410,0.004630321647968331,0.004630321647968331,0.993739372508109,0.005
5,410,2411,0.00373939766243702,0.00373939766243702,0.9946378444559534,0.005
5,411,2412,0.004288879331169924,0.004288879331169924,0.9939681758476265,0.005
5,412,2413,0.004366313962339085,0.004366313962339085,0.9940010524130225,0.005
5,413,2414,0.004400517738404073,0.004400517738404073,0.9937564315899606,0.005
5,414,2415,0.00360479196195325,0.00360479196195325,0.9947306002642461,0.005
5,415,2416,0.004618843765691322,0.004618843765691322,0.9935253763855044,0.005
5,416,2417,0.004474587103517289,0.004474587103517289,0.9937288252336989,0.005
5,417,2418,0.0028548571508154076,0.0028548571508154076,0.995743781132525,0.005
5,418,2419,0.005993136046633202,0.005993136046633202,0.9921621950099847,0.005
5,419,2420,0.003926139093035475,0.003926139093035475,0.9943638269550397,0.005
5,420,2421,0.0036384492273204318,0.0036384492273204318,0.994662658634704,0.005
5,421,2422,0.004864794746806551,0.004864794746806551,0.9930346775228067,0.005
5,422,2423,0.0031629344050861496,0.0031629344050861496,0.9953729176918676,0.005
5,423,2424,0.002939714446355649,0.002939714446355649,0.9955486478119631,0.005
5,424,2425,0.004091477382532451,0.004091477382532451,0.9940831172394571,0.005
5,425,2426,0.0032233148386709054,0.0032233148386709054,0.9951894782865861,0.005
5,426,2427,0.0027599108258967065,0.0027599108258967065,0.9955053939974562,0.005
5,427,2428,0.003010241909473521,0.003010241909473521,0.9955109054410257,0.005
5,428,2429,0.002306635002586858,0.002306635002586858,0.9963569555170385,0.005
5,429,2430,0.0035549648865475336,0.0035549648865475336,0.9946566279133738,0.005
5,430,2431,0.0025419368639099183,0.0025419368639099183,0.9959497888998973,0.005
5,431,2432,0.0026103442911488417,0.0026103442911488417,0.9958692063526762,0.005
5,432,2433,0.0032773172788329906,0.0032773172788329906,0.9951444291802122,0.005
5,433,2434,0.003423631880970377,0.003423631880970377,0.9948963500255428,0.005
5,434,2435,0.0023909092584459496,0.0023909092584459496,0.9961414222142987,0.005
5,435,2436,0.0038066956581176634,0.0038066956581176634,0.9946022177799938,0.005
5,436,2437,0.004141926244328356,0.004141926244328356,0.9938739680280672,0.005
5,437,2438,0.0027239310701066624,0.0027239310701066624,0.9958251401130572,0.005
5,438,2439,0.0022141476516436887,0.0022141476516436887,0.9963201201946148,0.005
5,439,2440,0.0035034682395038166,0.0035034682395038166,0.994664952260381,0.005
5,440,2441,0.002056581561138188,0.002056581561138188,0.9964290690828767,0.005
5,441,2442,0.0032711437872646543,0.0032711437872646543,0.9951158487877849,0.005
5,442,2443,0.0022057388800350063,0.0022057388800350063,0.9962108969005975,0.005
5,443,2444,0.0026794763931175525,0.0026794763931175525,0.9955842257972928,0.005
5,444,2445,0.0022517461470616096,0.0022517461470616096,0.9961981715976949,0.005
5,445,2446,0.0029017700803006296,0.0029017700803006296,0.9952154633190403,0.005
5,446,2447,0.0035782202310290123,0.0035782202310290123,0.994438248774164,0.005
5,447,2448,0.0035687349863600757,0.0035687349863600757,0.9948753805241093,0.005
5,448,2449,0.0030810007150276998,0.0030810007150276998,0.9950460534376595,0.005
5,449,2450,0.0015656851859010845,0.0015656851859010845,0.9969371300105697,0.005
5,450,2451,0.0029395223191523876,0.0029395223191523876,0.9953719392664283,0.005
5,451,2452,0.002152309200063982,0.002152309200063982,0.9963486754966897,0.005
5,452,2453,0.0017992542410365086,0.0017992542410365086,0.9967293736435723,0.005
5,453,2454,0.001767145733644323,0.001767145733644323,0.996769553898186,0.005
5,454,2455,0.0025545671672671222,0.0025545671672671222,0.9958983023779624,0.005
5,455,2456,0.0016256003447015787,0.0016256003447015787,0.9968603080535974,0.005
5,456,2457,0.0021414614323175575,0.0021414614323175575,0.9963598627800088,0.005
5,457,2458,0.001843576708494583,0.001843576708494583,0.9965604901114429,0.005
5,458,2459,0.002577552608719451,0.002577552608719451,0.9956627328975172,0.005
5,459,2460,0.002542498224563347,0.002542498224563347,0.9957410599956524,0.005
5,460,2461,0.0021865256396139945,0.0021865256396139945,0.9961384964806305,0.005
5,461,2462,0.0021772706309226065,0.0021772706309226065,0.99619424586082,0.005
5,462,2463,0.003959875304875483,0.003959875304875483,0.9942650333916448,0.005
5,463,2464,0.002473998154578199,0.002473998154578199,0.9958269482701064,0.005
5,464,2465,0.0016577150891628335,0.0016577150891628335,0.9968155669814802,0.005
5,465,2466,0.0021882699098838966,0.0021882699098838966,0.9959776333759578,0.005
5,466,2467,0.0021529763405789405,0.0021529763405789405,0.996057398691756,0.005
5,467,2468,0.0017124818055823622,0.0017124818055823622,0.9967204079854419,0.005
5,468,2469,0.0022284438860963353,0.0022284438860963353,0.9961517071281153,0.005
5,469,2470,0.001607360411830865,0.001607360411830865,0.9968850072956442,0.005
5,470,2471,0.002087766447852599,0.002087766447852599,0.9963145446313653,0.005
5,471,2472,0.0015627535768257983,0.0015627535768257983,0.9969554930455965,0.005
5,472,2473,0.0010562085031521917,0.0010562085031521917,0.9976756074823785,0.005
5,473,2474,0.001450261267893005,0.001450261267893005,0.9969568075381413,0.005
5,474,2475,0.0024330177763430896,0.0024330177763430896,0.9959337011471558,0.005
5,475,2476,0.001982808477537488,0.001982808477537488,0.9964758269663974,0.005
5,476,2477,0.0016626433869333158,0.0016626433869333158,0.9966177058941597,0.005
5,477,2478,0.0010520379603041587,0.0010520379603041587,0.9974954373798639,0.005
5,478,2479,0.001484408729404434,0.001484408729404434,0.9969105349836294,0.005
5,479,2480,0.0011240712098546724,0.0011240712098546724,0.997288391569007,0.005
5,480,2481,0.0009981451059838408,0.0009981451059838408,0.9974720874608229,0.005
5,481,2482,0.0011557325200828605,0.0011557325200828605,0.9973424120809469,0.005
5,482,2483,0.001303314766312136,0.001303314766312136,0.997071695418502,0.005
5,483,2484,0.0012424429012981152,0.0012424429012981152,0.9973499098558208,0.005
5,484,2485,0.0013323560588889027,0.0013323560588889027,0.9970971305587382,0.005
5,485,2486,0.0013126932275865932,0.0013126932275865932,0.9972149129310829,0.005
5,486,2487,0.0014713685801542732,0.0014713685801542732,0.9968065971722007,0.005
5,487,2488,0.0010074534899563838,0.0010074534899563838,0.9974903974884632,0.005
5,488,2489,0.0014487387201891644,0.0014487387201891644,0.9968180177090835,0.005
5,489,2490,0.0012402768296751166,0.0012402768296751166,0.9972035084517406,0.005
5,490,2491,0.0012694098092268823,0.0012694098092268823,0.99718031189383,0.005
5,491,2492,0.0012162837608040754,0.0012162837608040754,0.9972189992441007,0.005
5,492,2493,0.0011872467589561266,0.0011872467589561266,0.9971447487147956,0.005
5,493,2494,0.0011450908846011455,0.0011450908846011455,0.9973247562220559,0.005
5,494,2495,0.001126330523641258,0.001126330523641258,0.9972053019508426,0.005
5,495,2496,0.001219578243111784,0.001219578243111784,0.99731342241402,0.005
5,496,2497,0.0014697475466491417,0.0014697475466491417,0.9967816575640392,0.005
5,497,2498,0.0010872985209139107,0.0010872985209139107,0.9973393145652197,0.005
5,498,2499,0.0014994226093080908,0.0014994226093080908,0.9968489479687915,0.005
5,499,2500,0.0008837523099912258,0.0008837523099912258,0.9976384801527726,0.005
5,500,2501,0.0011553234147407654,0.0011553234147407654,0.9973271757455902,0.005
5,501,2502,0.0009763866066992912,0.0009763866066992912,0.9975816783097311,0.005
5,502,2503,0.0010394362552903357,0.0010394362552903357,0.9972957118476458,0.005
5,503,2504,0.0010018625424354699,0.0010018625424354699,0.9975074555456406,0.005
5,504,2505,0.001094848462938225,0.001094848462938225,0.9972546648331387,0.005
5,505,2506,0.001055723045607978,0.001055723045607978,0.9974629222455135,0.005
5,506,2507,0.0008504195171515194,0.0008504195171515194,0.9977402405757643,0.005
5,507,2508,0.0011945305860890142,0.0011945305860890142,0.99711427379931,0.005
5,508,2509,0.000694423973994679,0.000694423973994679,0.9979739635223589,0.005
5,509,2510,0.0008501328651260331,0.0008501328651260331,0.9977405681809014,0.005
5,510,2511,0.001089450459482879,0.001089450459482879,0.9972803977144228,0.005
5,511,2512,0.0007846732378920573,0.0007846732378920573,0.9976017270707987,0.005
5,512,2513,0.001367046789694818,0.001367046789694818,0.9968987967369666,0.005
5,513,2514,0.0010413659302854561,0.0010413659302854561,0.9973420162883566,0.005
5,514,2515,0.0012083313466058564,0.0012083313466058564,0.9971292541116485,0.005
5,515,2516,0.0010430496489017603,0.0010430496489017603,0.9973279782870352,0.005
5,516,2517,0.0007783226182664883,0.0007783226182664883,0.9977491066760799,0.005
5,517,2518,0.0007758028122821193,0.0007758028122821193,0.9977562053482467,0.005
5,518,2519,0.0007928655596828794,0.0007928655596828794,0.9976680818348301,0.005
5,519,2520,0.0019277708870241651,0.0019277708870241651,0.9961082983484106,0.005
5,520,2521,0.0014040526209796846,0.0014040526209796846,0.9968879024916314,0.005
5,521,2522,0.0008593680109219559,0.0008593680109219559,0.9975502817883845,0.005
5,522,2523,0.000761746044497672,0.000761746044497672,0.9977212101673614,0.005
5,523,2524,0.000760872808939339,0.000760872808939339,0.9977411028068948,0.005
5,524,2525,0.0008056626437099512,0.0008056626437099512,0.9975990959569252,0.005
5,525,2526,0.0008397528960409473,0.0008397528960409473,0.9975398434264935,0.005
5,526,2527,0.0007732248205535332,0.0007732248205535332,0.997728315785795,0.005
5,527,2528,0.000606201692525089,0.000606201692525089,0.9978971163087172,0.005
5,528,2529,0.0006431879858476352,0.0006431879858476352,0.9978908113360299,0.005
5,529,2530,0.0008542994903730284,0.0008542994903730284,0.9974080894533651,0.005
5,530,2531,0.0007596468266426594,0.0007596468266426594,0.997670026921699,0.005
5,531,2532,0.0009234650718448955,0.0009234650718448955,0.9973965032005822,0.005
5,532,2533,0.0007257370425569798,0.0007257370425569798,0.9977694302883502,0.005
5,533,2534,0.0008142935273737084,0.0008142935273737084,0.9976624740984581,0.005
5,534,2535,0.0009116161670781165,0.0009116161670781165,0.9974098780336036,0.005
5,535,2536,0.0007708337359921846,0.0007708337359921846,0.9977172901702347,0.005
5,536,2537,0.0007872585668836085,0.0007872585668836085,0.9976103927583094,0.005
5,537,2538,0.0006689470267546628,0.0006689470267546628,0.9979221914233571,0.005
5,538,2539,0.0009028235567607613,0.0009028235567607613,0.9974748851692145,0.005
5,539,2540,0.0006431867489154841,0.0006431867489154841,0.9978035772235317,0.005
5,540,2541,0.0007677688026667429,0.0007677688026667429,0.9978172180817343,0.005
5,541,2542,0.0006231602465547537,0.0006231602465547537,0.9978739981786537,0.005
5,542,2543,0.0004674229280175902,0.0004674229280175902,0.9980982444101296,0.005
5,543,2544,0.0006925278306783823,0.0006925278306783823,0.9978335575334043,0.005
5,544,2545,0.0007171426588808204,0.0007171426588808204,0.9977740206193394,0.005
5,545,2546,0.0008289713822621958,0.0008289713822621958,0.9975799979211494,0.005
5,546,2547,0.0008360591762569481,0.0008360591762569481,0.9975556653597717,0.005
5,547,2548,0.0007289488407950962,0.0007289488407950962,0.9977938997217487,0.005
5,548,2549,0.0006906217200471376,0.0006906217200471376,0.9977470904038043,0.005
5,549,2550,0.000870723229810333,0.000870723229810333,0.9975515569238543,0.005
5,550,2551,0.0004372008015234419,0.0004372008015234419,0.9981583690987634,0.005
5,551,2552,0.000832297485293645,0.000832297485293645,0.9974995501069934,0.005
5,552,2553,0.0006192183798074946,0.0006192183798074946,0.9979046641133115,0.005
5,553,2554,0.0007058307296311627,0.0007058307296311627,0.9977657580080977,0.005
5,554,2555,0.000680977202765819,0.000680977202765819,0.9977920864001492,0.005
5,555,2556,0.0009838910598538098,0.0009838910598538098,0.9972640176560287,0.005
5,556,2557,0.0007669360812641458,0.0007669360812641458,0.9976767940581522,0.005
5,557,2558,0.0005284629314201561,0.0005284629314201561,0.9980344325183699,0.005
5,558,2559,0.0005863716844049993,0.0005863716844049993,0.9977249800540041,0.005
5,559,2560,0.0011383690944968285,0.0011383690944968285,0.9972966779293453,0.005
5,560,2561,0.0005681240112055909,0.0005681240112055909,0.9978519848974511,0.005
5,561,2562,0.0008659371115052772,0.0008659371115052772,0.9975633027550436,0.005
5,562,2563,0.0003980125675763491,0.0003980125675763491,0.998182618762446,0.005
5,563,2564,0.0004947451815957037,0.0004947451815957037,0.9980696809942787,0.005
5,564,2565,0.0006656918571092375,0.0006656918571092375,0.9978090122735401,0.005
5,565,2566,0.000589005153263782,0.000589005153263782,0.9978819368446475,0.005
5,566,2567,0.0006242959397666736,0.0006242959397666736,0.9978269084365442,0.005
5,567,2568,0.0007638779058294143,0.0007638779058294143,0.9976258562842611,0.005
5,568,2569,0.0007713727727025889,0.0007713727727025889,0.997624500168064,0.005
5,569,2570,0.000519060402008108,0.000519060402008108,0.9979838208669648,0.005
5,570,2571,0.0006334337509149246,0.0006334337509149246,0.997861624337301,0.005
5,571,2572,0.0004949910019655778,0.0004949910019655778,0.9980438645047335,0.005
5,572,2573,0.0004599359681343629,0.0004599359681343629,0.9980706427867321,0.005
5,573,2574,0.0005583189792505272,0.0005583189792505272,0.9978791954267596,0.005
5,574,2575,0.0004275194395806747,0.0004275194395806747,0.9982057856915075,0.005
5,575,2576,0.0004291961921814547,0.0004291961921814547,0.9981454288972058,0.005
5,576,2577,0.0005654674126640824,0.0005654674126640824,0.997815458944731,0.005
5,577,2578,0.00045653041997116843,0.00045653041997116843,0.9981436356961276,0.005
5,578,2579,0.0006123025574611573,0.0006123025574611573,0.9978922394979782,0.005
5,579,2580,0.0005201567064887269,0.0005201567064887269,0.9981952411654907,0.005
5,580,2581,0.0005087267583828125,0.0005087267583828125,0.9979796469419093,0.005
5,581,2582,0.0005935315733353753,0.0005935315733353753,0.9980409260823893,0.005
5,582,2583,0.00046802586609528745,0.00046802586609528745,0.9980295547114174,0.005
5,583,2584,0.0004505983352677645,0.0004505983352677645,0.9981753559649102,0.005
5,584,2585,0.000467200366859496,0.000467200366859496,0.9980511363142909,0.005
5,585,2586,0.00046583088698161416,0.00046583088698161416,0.9981189409034827,0.005
5,586,2587,0.000333962193965317,0.000333962193965317,0.9983099412783323,0.005
5,587,2588,0.000431783389916236,0.000431783389916236,0.9981877796299552,0.005
5,588,2589,0.00033197114040256937,0.00033197114040256937,0.9982358230894236,0.005
5,589,2590,0.0004169985653850073,0.0004169985653850073,0.9981728222933766,0.005
5,590,2591,0.0006148706402636928,0.0006148706402636928,0.9978274963735699,0.005
5,591,2592,0.0005445460429946203,0.0005445460429946203,0.9979286548396297,0.005
5,592,2593,0.00045354373980862066,0.00045354373980862066,0.998104807464495,0.005
5,593,2594,0.0005818868739682171,0.0005818868739682171,0.99781763155015,0.005
5,594,2595,0.0006546609746672838,0.0006546609746672838,0.9977856462334327,0.005
5,595,2596,0.0005623147440763011,0.0005623147440763011,0.9979895660295152,0.005
5,596,2597,0.0005230872987274759,0.0005230872987274759,0.9979031452363701,0.005
5,597,2598,0.0004008776513505941,0.0004008776513505941,0.9981606407856879,0.005
5,598,2599,0.0004154518187755163,0.0004154518187755163,0.9981293413984587,0.005
5,599,2600,0.0003933454083372334,0.0003933454083372334,0.998183886283151,0.005
5,600,2601,0.0003959526648065803,0.0003959526648065803,0.9981526484973856,0.005
5,601,2602,0.0005497041064511632,0.0005497041064511632,0.9978330084846523,0.005
5,602,2603,0.0004283537231746615,0.0004283537231746615,0.9981301535161811,0.005
5,603,2604,0.0005120541289660718,0.0005120541289660718,0.9980296496029758,0.005
5,604,2605,0.00035884526372379605,0.00035884526372379605,0.9982715214332007,0.005
5,605,2606,0.0005031106130930574,0.0005031106130930574,0.9978803928755479,0.005
5,606,2607,0.0003204207230980416,0.0003204207230980416,0.9982595611835432,0.005
5,607,2608,0.0004254889435686804,0.0004254889435686804,0.9981665747055766,0.005
5,608,2609,0.00040412429304562906,0.00040412429304562906,0.9980963991404984,0.005
5,609,2610,0.00042197403986850014,0.00042197403986850014,0.9981063163217414,0.005
5,610,2611,0.00039690424366266465,0.00039690424366266465,0.9981033610085747,0.005
5,611,2612,0.0004109730891450891,0.0004109730891450891,0.9981245079746561,0.005
5,612,2613,0.0005477836616072929,0.0005477836616072929,0.9979851900356833,0.005
5,613,2614,0.0003289136214483224,0.0003289136214483224,0.9982610670277182,0.005
5,614,2615,0.00044811064554258536,0.00044811064554258536,0.9981405946511809,0.005
5,615,2616,0.0003652404852011382,0.0003652404852011382,0.9982201856365299,0.005
5,616,2617,0.0004044004792255962,0.0004044004792255962,0.99819600838896,0.005
5,617,2618,0.00039536807670708773,0.00039536807670708773,0.9982337657419652,0.005
5,618,2619,0.0004488735859177051,0.0004488735859177051,0.9980967742994444,0.005
5,619,2620,0.000443255279087581,0.000443255279087581,0.9980178939602735,0.005
5,620,2621,0.0006633387328475159,0.0006633387328475159,0.9976167618982522,0.005
5,621,2622,0.00042492876763855936,0.00042492876763855936,0.9980461744100813,0.005
5,622,2623,0.0003920544411814187,0.0003920544411814187,0.9981954231848591,0.005
5,623,2624,0.0004071008177094804,0.0004071008177094804,0.9980770603076832,0.005
5,624,2625,0.0003563704174634674,0.0003563704174634674,0.9981544615665408,0.005
5,625,2626,0.00039123489697005743,0.00039123489697005743,0.9981497613325409,0.005
5,626,2627,0.000364929618237122,0.000364929618237122,0.9981459472445277,0.005
5,627,2628,0.00036334492950633956,0.00036334492950633956,0.9982678324187538,0.005
5,628,2629,0.00031938335694700837,0.00031938335694700837,0.9983589623264801,0.005
5,629,2630,0.00043756913088004894,0.00043756913088004894,0.998104120889615,0.005
5,630,2631,0.00047081371398029036,0.00047081371398029036,0.9980723914054072,0.005
5,631,2632,0.0005392234477608559,0.0005392234477608559,0.9979845350082378,0.005
5,632,2633,0.0003714503118287571,0.0003714503118287571,0.9982395472800105,0.005
5,633,2634,0.0004142462978375017,0.0004142462978375017,0.9979954541035856,0.005
5,634,2635,0.00031586804781541744,0.00031586804781541744,0.9984540051680565,0.005
5,635,2636,0.000399008279276214,0.000399008279276214,0.998066507817928,0.005
5,636,2637,0.00036802724603354764,0.00036802724603354764,0.9982760879165533,0.005
5,637,2638,0.00033681883173227736,0.00033681883173227736,0.9982181712907132,0.005
5,638,2639,0.0003107244035130974,0.0003107244035130974,0.998285395633504,0.005
5,639,2640,0.0007024490778771087,0.0007024490778771087,0.9976326490558856,0.005
5,640,2641,0.000383882063980594,0.000383882063980594,0.9982177865450363,0.005
5,641,2642,0.00041755073798870117,0.00041755073798870117,0.9980031495870298,0.005
5,642,2643,0.0004451324616076513,0.0004451324616076513,0.9979407202701843,0.005
5,643,2644,0.00035709349211837,0.00035709349211837,0.9981260919718243,0.005
5,644,2645,0.00038082976890674525,0.00038082976890674525,0.9980308362789485,0.005
5,645,2646,0.0003049162163530939,0.0003049162163530939,0.9982885295073252,0.005
5,646,2647,0.0003715897238044008,0.0003715897238044008,0.9982420053335754,0.005
5,647,2648,0.0003045463070279886,0.0003045463070279886,0.9983862125709421,0.005
5,648,2649,0.0004257961993464343,0.0004257961993464343,0.9980525588885604,0.005
5,649,2650,0.00041435421106881035,0.00041435421106881035,0.9979914407113808,0.005
5,650,2651,0.0003380209540543344,0.0003380209540543344,0.9982016831227634,0.005
5,651,2652,0.0006430296476727126,0.0006430296476727126,0.9978622469878725,0.005
5,652,2653,0.00038097744159166667,0.00038097744159166667,0.9981636416027363,0.005
5,653,2654,0.0003144270885100364,0.0003144270885100364,0.9983851699768108,0.005
5,654,2655,0.00045376798280436837,0.00045376798280436837,0.9979970042196501,0.005
5,655,2656,0.00039759014575691865,0.00039759014575691865,0.9980954324228846,0.005
5,656,2657,0.0003732219137739313,0.0003732219137739313,0.998266228348516,0.005
5,657,2658,0.00032171093611109924,0.00032171093611109924,0.9983317055978934,0.005
5,658,2659,0.00027460921327660426,0.00027460921327660426,0.9983753370166771,0.005
5,659,2660,0.00037306635078998893,0.00037306635078998893,0.9982901715850439,0.005
5,660,2661,0.00031049511332380763,0.00031049511332380763,0.9982982085576012,0.005
5,661,2662,0.0006462862663885227,0.0006462862663885227,0.9978597915865641,0.005
5,662,2663,0.0005256686003385214,0.0005256686003385214,0.9979461260195331,0.005
5,663,2664,0.00038184353169992024,0.00038184353169992024,0.9981515138410207,0.005
5,664,2665,0.00034708880841972435,0.00034708880841972435,0.9982315882166619,0.005
5,665,2666,0.0002835497410210097,0.0002835497410210097,0.9983509947317099,0.005
5,666,2667,0.00028913766622391644,0.00028913766622391644,0.9983192637531862,0.005
5,667,2668,0.00036818991814339345,0.00036818991814339345,0.9981360899679527,0.005
5,668,2669,0.0004141376240253691,0.0004141376240253691,0.9980273235728608,0.005
5,669,2670,0.0003779371609389948,0.0003779371609389948,0.9983057950952018,0.005
5,670,2671,0.0003264207174732603,0.0003264207174732603,0.998245533243255,0.005
5,671,2672,0.00033097276374911995,0.00033097276374911995,0.9982303028942002,0.005
5,672,2673,0.00030636750967901307,0.00030636750967901307,0.9983011945311654,0.005
5,673,2674,0.00025786707774695054,0.00025786707774695054,0.9983645742125875,0.005
5,674,2675,0.00037427925572814047,0.00037427925572814047,0.9981482258230013,0.005
5,675,2676,0.00032164006834834114,0.00032164006834834114,0.9982362211411314,0.005
5,676,2677,0.0002795613748260461,0.0002795613748260461,0.9984573541636168,0.005
5,677,2678,0.00029420557846448483,0.00029420557846448483,0.9983493748791967,0.005
5,678,2679,0.00041082203032320687,0.00041082203032320687,0.9981232129860149,0.005
5,679,2680,0.00035787735649270183,0.00035787735649270183,0.9981458428874358,0.005
5,680,2681,0.00048222748055926415,0.00048222748055926415,0.9979484716870218,0.005
5,681,2682,0.00031097710116514743,0.00031097710116514743,0.9982793703857166,0.005
5,682,2683,0.0002813126086445039,0.0002813126086445039,0.9983431818200541,0.005
5,683,2684,0.0003217681647470072,0.0003217681647470072,0.9983424757584184,0.005
5,684,2685,0.0004007576829808757,0.0004007576829808757,0.9982404868500926,0.005
5,685,2686,0.00025689125726079733,0.00025689125726079733,0.9984571041478929,0.005
5,686,2687,0.00029823178674517783,0.00029823178674517783,0.998299702851377,0.005
5,687,2688,0.0002587266477296968,0.0002587266477296968,0.9983613809763825,0.005
5,688,2689,0.00026225909618141866,0.00026225909618141866,0.9983447276293406,0.005
5,689,2690,0.0002772251842255091,0.0002772251842255091,0.9982934746658255,0.005
5,690,2691,0.00026517893817453624,0.00026517893817453624,0.9984592964490847,0.005
5,691,2692,0.0002653833510557002,0.0002653833510557002,0.9984120273809463,0.005
5,692,2693,0.00023109001044137155,0.00023109001044137155,0.9983517610746251,0.005
5,693,2694,0.00027173562671215624,0.00027173562671215624,0.9983069063006581,0.005
5,694,2695,0.00026177592341234177,0.00026177592341234177,0.9983139763375446,0.005
5,695,2696,0.000204599078573916,0.000204599078573916,0.9983868946178623,0.005
5,696,2697,0.0002834703464663147,0.0002834703464663147,0.9982809962586638,0.005
5,697,2698,0.0002471497099481257,0.0002471497099481257,0.9983816230180341,0.005
5,698,2699,0.00038602803139165085,0.00038602803139165085,0.9981639202793602,0.005
5,699,2700,0.00038040560744337143,0.00038040560744337143,0.9980676967969107,0.005
5,700,2701,0.00028304676073417695,0.00028304676073417695,0.9982293189282675,0.005
5,701,2702,0.0002772310451033866,0.0002772310451033866,0.9982874194021224,0.005
5,702,2703,0.00029283375241182294,0.00029283375241182294,0.9981628714613897,0.005
5,703,2704,0.0002598069480718723,0.0002598069480718723,0.9983238100873085,0.005
5,704,2705,0.00022493118190007212,0.00022493118190007212,0.9983708248431733,0.005
5,705,2706,0.00035946854977899516,0.00035946854977899516,0.9981835050918116,0.005
5,706,2707,0.00026367690794957264,0.00026367690794957264,0.9983044059005431,0.005
5,707,2708,0.0003310390749714587,0.0003310390749714587,0.9982231445196295,0.005
5,708,2709,0.0003017707415646553,0.0003017707415646553,0.9982800634773427,0.005
5,709,2710,0.0006939622024346925,0.0006939622024346925,0.9975781605295304,0.005
5,710,2711,0.0002987490707503571,0.0002987490707503571,0.9982749494653285,0.005
5,711,2712,0.000287025816321107,0.000287025816321107,0.9981970377591682,0.005
5,712,2713,0.0002556387605066235,0.0002556387605066235,0.9984550197001741,0.005
5,713,2714,0.0004457046613910698,0.0004457046613910698,0.9980775392842755,0.005
5,714,2715,0.00025031071104250516,0.00025031071104250516,0.9983925297856655,0.005
5,715,2716,0.00027726126956777565,0.00027726126956777565,0.9983007229618865,0.005
5,716,2717,0.0003033175914601682,0.0003033175914601682,0.9982830606326538,0.005
5,717,2718,0.0002608929934522841,0.0002608929934522841,0.9984381653351226,0.005
5,718,2719,0.0002910234822119029,0.0002910234822119029,0.9983945822865026,0.005
5,719,2720,0.00025731735636148163,0.00025731735636148163,0.9984359532762942,0.005
5,720,2721,0.00023984463619792782,0.00023984463619792782,0.9984198286646184,0.005
5,721,2722,0.00026514552095241895,0.00026514552095241895,0.9985004232772811,0.005
5,722,2723,0.00026446086879414524,0.00026446086879414524,0.998318758417314,0.005
5,723,2724,0.00026837644739758916,0.00026837644739758916,0.9984657154063625,0.005
5,724,2725,0.00020504327145876911,0.00020504327145876911,0.9985044405087186,0.005
5,725,2726,0.0002644842310681317,0.0002644842310681317,0.9984572227672806,0.005
5,726,2727,0.0002427522166721341,0.0002427522166721341,0.9984371966865971,0.005
5,727,2728,0.00022516999811249107,0.00022516999811249107,0.9985033102344496,0.005
5,728,2729,0.00028294614009890975,0.00028294614009890975,0.9983693390381876,0.005
5,729,2730,0.0002786375266228891,0.0002786375266228891,0.9981231089078191,0.005
5,730,2731,0.00023814683300361743,0.00023814683300361743,0.9983690901805243,0.005
5,731,2732,0.00022561425003447157,0.00022561425003447157,0.9984141460833051,0.005
5,732,2733,0.00029338848331050935,0.00029338848331050935,0.9981772218995193,0.005
5,733,2734,0.0002235448560024922,0.0002235448560024922,0.9983260277058584,0.005
5,734,2735,0.00024357954236815194,0.00024357954236815194,0.9983917817911793,0.005
5,735,2736,0.0002846917037619711,0.0002846917037619711,0.9981537580158265,0.005
5,736,2737,0.00027002558337563265,0.00027002558337563265,0.9983647414311487,0.005
5,737,2738,0.0003035488906893757,0.0003035488906893757,0.9983374127480704,0.005
5,738,2739,0.00028942122797946386,0.00028942122797946386,0.9983262726079951,0.005
5,739,2740,0.0002843637241582631,0.0002843637241582631,0.9982930298211077,0.005
5,740,2741,0.00026990231407883264,0.00026990231407883264,0.9983305109975649,0.005
5,741,2742,0.00022585887092036795,0.00022585887092036795,0.9984017711569323,0.005
5,742,2743,0.00051474855815281,0.00051474855815281,0.9980225128424238,0.005
5,743,2744,0.0002739502625971723,0.0002739502625971723,0.9983391861017157,0.005
5,744,2745,0.00024167778756978845,0.00024167778756978845,0.9984332083152071,0.005
5,745,2746,0.00022751064940588648,0.00022751064940588648,0.9984793572494255,0.005
5,746,2747,0.0002070673363109088,0.0002070673363109088,0.9984430835534838,0.005
5,747,2748,0.00023891248210696102,0.00023891248210696102,0.998384601959548,0.005
5,748,2749,0.00024950788784674496,0.00024950788784674496,0.9984341615726968,0.005
5,749,2750,0.0007739317245035415,0.0007739317245035415,0.9976484155563251,0.005
5,750,2751,0.0002490967483435513,0.0002490967483435513,0.9983627463916733,0.005
5,751,2752,0.0002442064920063381,0.0002442064920063381,0.9983688474117186,0.005
5,752,2753,0.0002230015008665376,0.0002230015008665376,0.9984546352017389,0.005
5,753,2754,0.0004728427169781202,0.0004728427169781202,0.9980042975755511,0.005
5,754,2755,0.00022477845177995448,0.00022477845177995448,0.9984642207120739,0.005
5,755,2756,0.00024385449046686382,0.00024385449046686382,0.9983588424026992,0.005
5,756,2757,0.00031621934108785,0.00031621934108785,0.99827299310189,0.005
5,757,2758,0.0002610561226456665,0.0002610561226456665,0.9983247348926373,0.005
5,758,2759,0.000296802477587248,0.000296802477587248,0.998337501083566,0.005
5,759,2760,0.00025715019418855124,0.00025715019418855124,0.9982017101145819,0.005
5,760,2761,0.00030858501358458577,0.00030858501358458577,0.9981641076960364,0.005
5,761,2762,0.0002518975143231594,0.0002518975143231594,0.9983426831784273,0.005
5,762,2763,0.00021086680001394797,0.00021086680001394797,0.9983494605841651,0.005
5,763,2764,0.0002378388783962049,0.0002378388783962049,0.9983878824312425,0.005
5,764,2765,0.00021287210224689822,0.00021287210224689822,0.9984333039199128,0.005
5,765,2766,0.0002367927613622367,0.0002367927613622367,0.9984386238407333,0.005
5,766,2767,0.00022956318919970187,0.00022956318919970187,0.9983471544111646,0.005
5,767,2768,0.00023989648669742956,0.00023989648669742956,0.9983350632836108,0.005
5,768,2769,0.00022300241925774512,0.00022300241925774512,0.9984443920611074,0.005
5,769,2770,0.00026877314671129636,0.00026877314671129636,0.9982326277105357,0.005
5,770,2771,0.00027704187092901565,0.00027704187092901565,0.9982725024145952,0.005
5,771,2772,0.00022772573942999804,0.00022772573942999804,0.9983966475369229,0.005
5,772,2773,0.00021136486473772532,0.00021136486473772532,0.998455056771889,0.005
5,773,2774,0.0002716824638427684,0.0002716824638427684,0.9982868400775635,0.005
5,774,2775,0.002931130412816964,0.002931130412816964,0.9952821895825679,0.005
5,775,2776,0.0002539862308694707,0.0002539862308694707,0.9984267709101562,0.005
5,776,2777,0.00032351870118831115,0.00032351870118831115,0.998332993452267,0.005
5,777,2778,0.00027338623227399775,0.00027338623227399775,0.9984852890700728,0.005
5,778,2779,0.0003189534343154488,0.0003189534343154488,0.9983621599676586,0.005
5,779,2780,0.000252977644954483,0.000252977644954483,0.9984827223542787,0.005
5,780,2781,0.0003283743701254727,0.0003283743701254727,0.99843758382849,0.005
5,781,2782,0.00033056295990284814,0.00033056295990284814,0.9983180035178044,0.005
5,782,2783,0.00029222142293012674,0.00029222142293012674,0.9984535674255914,0.005
5,783,2784,0.00030625693828884915,0.00030625693828884915,0.998473143990852,0.005
5,784,2785,0.0003431880991718961,0.0003431880991718961,0.9983121640157177,0.005
5,785,2786,0.00033510289371646237,0.00033510289371646237,0.9982515761664754,0.005
5,786,2787,0.0004359586371667912,0.0004359586371667912,0.9982919928342843,0.005
5,787,2788,0.0003212413358812549,0.0003212413358812549,0.9982960816451867,0.005
5,788,2789,0.0003268389474526967,0.0003268389474526967,0.998421198910806,0.005
5,789,2790,0.0003695555728547384,0.0003695555728547384,0.9981636968072799,0.005
5,790,2791,0.00040248206638847763,0.00040248206638847763,0.9982522839271013,0.005
5,791,2792,0.0003209791310616472,0.0003209791310616472,0.998348475739687,0.005
5,792,2793,0.0002843125599480867,0.0002843125599480867,0.9984202490591514,0.005
5,793,2794,0.0002814785355230476,0.0002814785355230476,0.998419102789233,0.005
5,794,2795,0.0002735283158583346,0.0002735283158583346,0.9983208778331559,0.005
5,795,2796,0.00024674964505642103,0.00024674964505642103,0.9984578135119672,0.005
5,796,2797,0.00029608119780269004,0.00029608119780269004,0.9983470661160344,0.005
5,797,2798,0.00029463515497593076,0.00029463515497593076,0.9982969413017793,0.005
5,798,2799,0.0002913856331202636,0.0002913856331202636,0.9983597618610475,0.005
5,799,2800,0.00027740445569745197,0.00027740445569745197,0.998404058232986,0.005
5,800,2801,0.0002863117236912937,0.0002863117236912937,0.9983682739368611,0.005
5,801,2802,0.00027939236325540297,0.00027939236325540297,0.9983126524201529,0.005
5,802,2803,0.0002721094844149985,0.0002721094844149985,0.9985227565574886,0.005
5,803,2804,0.00025839478116219673,0.00025839478116219673,0.9984376467138091,0.005
5,804,2805,0.00024104461809958843,0.00024104461809958843,0.9984390586167055,0.005
5,805,2806,0.00025740366120932114,0.00025740366120932114,0.9984877308117516,0.005
5,806,2807,0.000346994210263929,0.000346994210263929,0.9981866378905361,0.005
5,807,2808,0.0002751063025336287,0.0002751063025336287,0.9984499827131434,0.005
5,808,2809,0.0002672917052985946,0.0002672917052985946,0.9984735434387767,0.005
5,809,2810,0.0002444963397415634,0.0002444963397415634,0.9984577795028085,0.005
5,810,2811,0.0002991664099371261,0.0002991664099371261,0.9984150812660568,0.005
5,811,2812,0.00026126907710850465,0.00026126907710850465,0.9985011198415971,0.005
5,812,2813,0.00032554122858962644,0.00032554122858962644,0.9983217297662225,0.005
5,813,2814,0.0002585540838667244,0.0002585540838667244,0.99848823815384,0.005
5,814,2815,0.00027203671419839814,0.00027203671419839814,0.9984492402315042,0.005
5,815,2816,0.00026109812139317066,0.00026109812139317066,0.9984521074374212,0.005
5,816,2817,0.00023985057483502436,0.00023985057483502436,0.9984942742621031,0.005
5,817,2818,0.00029337030851436243,0.00029337030851436243,0.9983830524938565,0.005
5,818,2819,0.00025244837967807745,0.00025244837967807745,0.9984116231182387,0.005
5,819,2820,0.000259424260446991,0.000259424260446991,0.9984504189822165,0.005
5,820,2821,0.0002478815983943994,0.0002478815983943994,0.9985280726804037,0.005
5,821,2822,0.0002507297260783614,0.0002507297260783614,0.9983842212355057,0.005
5,822,2823,0.00023884844410227647,0.00023884844410227647,0.9984706862510803,0.005
5,823,2824,0.00024972261512591355,0.00024972261512591355,0.9984481038043809,0.005
5,824,2825,0.00021563252598578832,0.00021563252598578832,0.9984524534677051,0.005
5,825,2826,0.0002724941161884609,0.0002724941161884609,0.9982890308816634,0.005
5,826,2827,0.00022448591595708556,0.00022448591595708556,0.9984129865172705,0.005
5,827,2828,0.00023940090173559246,0.00023940090173559246,0.998496637989933,0.005
5,828,2829,0.0002411119631200065,0.0002411119631200065,0.9984081328243604,0.005
5,829,2830,0.00021690722124088625,0.00021690722124088625,0.9984745675153427,0.005
5,830,2831,0.00025650747925709316,0.00025650747925709316,0.9983821680899353,0.005
5,831,2832,0.0002305147971208499,0.0002305147971208499,0.998461477666349,0.005
5,832,2833,0.000252860759479554,0.000252860759479554,0.9984601405026341,0.005
5,833,2834,0.0002600650429642193,0.0002600650429642193,0.9985550681234487,0.005
5,834,2835,0.00027365418474678777,0.00027365418474678777,0.9984479363337448,0.005
5,835,2836,0.00023239243517242044,0.00023239243517242044,0.9984924101234954,0.005
5,836,2837,0.00023664595477291273,0.00023664595477291273,0.9984307129205352,0.005
5,837,2838,0.0002118949769966938,0.0002118949769966938,0.9985238194481263,0.005
5,838,2839,0.0002199276889216517,0.0002199276889216517,0.9984015315896344,0.005
5,839,2840,0.00021379638476391237,0.00021379638476391237,0.9983930371247142,0.005
5,840,2841,0.00021285226163277328,0.00021285226163277328,0.9985153093998222,0.005
5,841,2842,0.00023423206697226195,0.00023423206697226195,0.9984238795032265,0.005
5,842,2843,0.00023463064010962987,0.00023463064010962987,0.9984604921767259,0.005
5,843,2844,0.0002490552068458474,0.0002490552068458474,0.9983941457287624,0.005
5,844,2845,0.0005074163991068736,0.0005074163991068736,0.9980067515245136,0.005
5,845,2846,0.0002948530213003642,0.0002948530213003642,0.9982388563539082,0.005
5,846,2847,0.00024349397228089377,0.00024349397228089377,0.9983873588484665,0.005
5,847,2848,0.00027278422173475093,0.00027278422173475093,0.9983402327506334,0.005
5,848,2849,0.0002446116768721862,0.0002446116768721862,0.998478621955406,0.005
5,849,2850,0.00022190874825393726,0.00022190874825393726,0.9985122733401164,0.005
5,850,2851,0.00022256477770133065,0.00022256477770133065,0.9983696186054418,0.005
5,851,2852,0.00024991534264469763,0.00024991534264469763,0.9984282032369982,0.005
5,852,2853,0.00022816913889955325,0.00022816913889955325,0.9984810861547835,0.005
5,853,2854,0.0002588092953301646,0.0002588092953301646,0.9984099329969585,0.005
5,854,2855,0.0002174543914419502,0.0002174543914419502,0.9985425888357145,0.005
5,855,2856,0.00022621602541380458,0.00022621602541380458,0.9984970843307274,0.005
5,856,2857,0.00021407262301183726,0.00021407262301183726,0.9984764741965053,0.005
5,857,2858,0.00021435007264637652,0.00021435007264637652,0.9985512561721726,0.005
5,858,2859,0.0002341351898069022,0.0002341351898069022,0.9984441920818431,0.005
5,859,2860,0.0002435922950037983,0.0002435922950037983,0.9984521100969777,0.005
5,860,2861,0.00020385089907106415,0.00020385089907106415,0.9986137503476614,0.005
5,861,2862,0.00021974185436601679,0.00021974185436601679,0.9984875173240587,0.005
5,862,2863,0.0002296313455346133,0.0002296313455346133,0.9985255533395859,0.005
5,863,2864,0.00035320979054015986,0.00035320979054015986,0.9983452692373678,0.005
5,864,2865,0.00025536421453332015,0.00025536421453332015,0.9984659589858169,0.005
5,865,2866,0.00021577935452543942,0.00021577935452543942,0.9984428132125744,0.005
5,866,2867,0.00023864030667877122,0.00023864030667877122,0.9985102145411074,0.005
5,867,2868,0.00022835630741927182,0.00022835630741927182,0.9983855224371193,0.005
5,868,2869,0.0002239577441717622,0.0002239577441717622,0.9984402278668276,0.005
5,869,2870,0.0002611835389154249,0.0002611835389154249,0.9983660424589402,0.005
5,870,2871,0.0002316444720352029,0.0002316444720352029,0.99843397692775,0.005
5,871,2872,0.00022315039657437862,0.00022315039657437862,0.9983794840754494,0.005
5,872,2873,0.000197980305108475,0.000197980305108475,0.998382215701382,0.005
5,873,2874,0.00022711272237982527,0.00022711272237982527,0.9984706404310343,0.005
5,874,2875,0.0002523589467729315,0.0002523589467729315,0.9984681844765112,0.005
5,875,2876,0.00022773918599331864,0.00022773918599331864,0.9983380696073805,0.005
5,876,2877,0.0002223165417935813,0.0002223165417935813,0.9984295925132072,0.005
5,877,2878,0.00022560782395269485,0.00022560782395269485,0.9984204268877294,0.005
5,878,2879,0.000183657381843102,0.000183657381843102,0.9984597675138995,0.005
5,879,2880,0.00022234404192879255,0.00022234404192879255,0.9983545291199593,0.005
5,880,2881,0.00023354457846003207,0.00023354457846003207,0.9984563004536565,0.005
5,881,2882,0.00022222427815001718,0.00022222427815001718,0.9984713684354811,0.005
5,882,2883,0.0002057791472638271,0.0002057791472638271,0.9984956235049981,0.005
5,883,2884,0.00024353939347476205,0.00024353939347476205,0.9984915180787058,0.005
5,884,2885,0.0002613580098606694,0.0002613580098606694,0.9982577236628429,0.005
5,885,2886,0.00020007950183377086,0.00020007950183377086,0.9984676955334861,0.005
5,886,2887,0.00022562257645509896,0.00022562257645509896,0.9984374207273435,0.005
5,887,2888,0.0002703586714245776,0.0002703586714245776,0.9984519663866017,0.005
5,888,2889,0.0002047772155332317,0.0002047772155332317,0.9984242702641135,0.005
5,889,2890,0.00027821435231357273,0.00027821435231357273,0.9982832909420897,0.005
5,890,2891,0.0001983916809516395,0.0001983916809516395,0.9985079217411047,0.005
5,891,2892,0.00018184282699846953,0.00018184282699846953,0.9985162647403206,0.005
5,892,2893,0.00019841565242161518,0.00019841565242161518,0.9985168452011728,0.005
5,893,2894,0.00019265147896203817,0.00019265147896203817,0.9984722001912839,0.005
5,894,2895,0.0002020485450943177,0.0002020485450943177,0.9984541662225107,0.005
5,895,2896,0.0002237668563412332,0.0002237668563412332,0.9985014149905601,0.005
5,896,2897,0.00022087211620792745,0.00022087211620792745,0.9983319392771653,0.005
5,897,2898,0.00020887394496190483,0.00020887394496190483,0.998451183645661,0.005
5,898,2899,0.00019929577321551982,0.00019929577321551982,0.9983772489015715,0.005
5,899,2900,0.000200164732835213,0.000200164732835213,0.9982662267176584,0.005
5,900,2901,0.0001894968934145147,0.0001894968934145147,0.9984017345151828,0.005
5,901,2902,0.00021661781010884118,0.00021661781010884118,0.998446171563883,0.005
5,902,2903,0.00019256923371263612,0.00019256923371263612,0.9984061600709982,0.005
5,903,2904,0.0002057601568459422,0.0002057601568459422,0.998432015828561,0.005
5,904,2905,0.00020004498613113045,0.00020004498613113045,0.9984519112329734,0.005
5,905,2906,0.00020334976579392984,0.00020334976579392984,0.9984361096865786,0.005
5,906,2907,0.00018777351070072722,0.00018777351070072722,0.9984307507123656,0.005
5,907,2908,0.00023665626994809563,0.00023665626994809563,0.9983695543260376,0.005
5,908,2909,0.0002438170014539687,0.0002438170014539687,0.9983074100395698,0.005
5,909,2910,0.0002426253882177132,0.0002426253882177132,0.9984572209107474,0.005
5,910,2911,0.00020038939995532635,0.00020038939995532635,0.9983580993613196,0.005
5,911,2912,0.00022481413136178575,0.00022481413136178575,0.9984031069636707,0.005
5,912,2913,0.0002013371274250564,0.0002013371274250564,0.9984975226839986,0.005
5,913,2914,0.0002209087012787869,0.0002209087012787869,0.9984633869288819,0.005
5,914,2915,0.0001798504313734939,0.0001798504313734939,0.9984901402594988,0.005
5,915,2916,0.0002063522617656244,0.0002063522617656244,0.9984985931444723,0.005
5,916,2917,0.0002071428966235389,0.0002071428966235389,0.9985014363426766,0.005
5,917,2918,0.00022367533288468746,0.00022367533288468746,0.9984673614366631,0.005
5,918,2919,0.00018752354197402175,0.00018752354197402175,0.9984766375326436,0.005
5,919,2920,0.000189454157827208,0.000189454157827208,0.9984697722017544,0.005
5,920,2921,0.00021520000326607835,0.00021520000326607835,0.9985157360335056,0.005
5,921,2922,0.00021796121628446684,0.00021796121628446684,0.9983292526371573,0.005
5,922,2923,0.00019266521529842095,0.00019266521529842095,0.9984699226257162,0.005
5,923,2924,0.00019040988745969156,0.00019040988745969156,0.998470109735207,0.005
5,924,2925,0.00019551535404277787,0.00019551535404277787,0.9984880616368191,0.005
5,925,2926,0.00020123837770076093,0.00020123837770076093,0.9984360031808105,0.005
5,926,2927,0.0001833661006130838,0.0001833661006130838,0.9985155104534755,0.005
5,927,2928,0.00018917791562414352,0.00018917791562414352,0.9985259849041607,0.005
5,928,2929,0.0001737451215764474,0.0001737451215764474,0.9984521694755273,0.005
5,929,2930,0.00021095704355429955,0.00021095704355429955,0.9984212741748041,0.005
5,930,2931,0.00021941694529097112,0.00021941694529097112,0.9984843058355714,0.005
5,931,2932,0.00019412650993205882,0.00019412650993205882,0.998434123312551,0.005
5,932,2933,0.0002158648490171422,0.0002158648490171422,0.9984422799084056,0.005
5,933,2934,0.00020036663219275886,0.00020036663219275886,0.9985754629659591,0.005
5,934,2935,0.00019907217509610998,0.00019907217509610998,0.9984430942558796,0.005
5,935,2936,0.00017794502512303965,0.00017794502512303965,0.998505942536832,0.005
5,936,2937,0.00020502180531212889,0.00020502180531212889,0.9984448287094456,0.005
5,937,2938,0.00019883128556070551,0.00019883128556070551,0.9984178349323648,0.005
5,938,2939,0.0002098365031651739,0.0002098365031651739,0.9984321065809425,0.005
5,939,2940,0.00020662782222450216,0.00020662782222450216,0.9983103335903838,0.005
5,940,2941,0.00017557906848809644,0.00017557906848809644,0.9985505483853376,0.005
5,941,2942,0.00019960897971648908,0.00019960897971648908,0.9985394096694618,0.005
5,942,2943,0.00019806760484341934,0.00019806760484341934,0.9984287500544755,0.005
5,943,2944,0.00017328816636562715,0.00017328816636562715,0.9984775025683059,0.005
5,944,2945,0.00019301689054759596,0.00019301689054759596,0.9985270050734754,0.005
5,945,2946,0.00019661283958150255,0.00019661283958150255,0.9985335881406314,0.005
5,946,2947,0.00014817622313484158,0.00014817622313484158,0.9984476218812628,0.005
5,947,2948,0.00017963431828366128,0.00017963431828366128,0.9984811802600696,0.005
5,948,2949,0.00019258892251545868,0.00019258892251545868,0.9983640423964822,0.005
5,949,2950,0.00016599791999548862,0.00016599791999548862,0.9984407199872968,0.005
5,950,2951,0.00016084041432561368,0.00016084041432561368,0.9985645289681805,0.005
5,951,2952,0.00019252110128861966,0.00019252110128861966,0.9983780212033803,0.005
5,952,2953,0.00016455466142236254,0.00016455466142236254,0.9984255136567461,0.005
5,953,2954,0.00017727674615037768,0.00017727674615037768,0.9984793525719016,0.005
5,954,2955,0.0001980319210754078,0.0001980319210754078,0.9984866131029967,0.005
5,955,2956,0.0001642433035409341,0.0001642433035409341,0.998497720474397,0.005
5,956,2957,0.00019239014403544808,0.00019239014403544808,0.9984303748630697,0.005
5,957,2958,0.0001776889996233533,0.0001776889996233533,0.9984331762984358,0.005
5,958,2959,0.00018487657431246585,0.00018487657431246585,0.9984901617325723,0.005
5,959,2960,0.0001863189901126283,0.0001863189901126283,0.9984174826499054,0.005
5,960,2961,0.00017929827241248476,0.00017929827241248476,0.9983929321424323,0.005
5,961,2962,0.00018223601458266402,0.00018223601458266402,0.9984266295546296,0.005
5,962,2963,0.0001978130974952941,0.0001978130974952941,0.9982606631961841,0.005
5,963,2964,0.0002059847279319183,0.0002059847279319183,0.9983252160951134,0.005
5,964,2965,0.00019915529872855276,0.00019915529872855276,0.9984269194599616,0.005
5,965,2966,0.00018553009241149663,0.00018553009241149663,0.9984359677179826,0.005
5,966,2967,0.00018783696059640253,0.00018783696059640253,0.9984636524282396,0.005
5,967,2968,0.0001566988573092776,0.0001566988573092776,0.9984065960775618,0.005
5,968,2969,0.00021003626814031893,0.00021003626814031893,0.9983988745667314,0.005
5,969,2970,0.0001613755231206193,0.0001613755231206193,0.9984932187099614,0.005
5,970,2971,0.00017274597427485385,0.00017274597427485385,0.9984435651746948,0.005
5,971,2972,0.0003387643670281237,0.0003387643670281237,0.9980262159588907,0.005
5,972,2973,0.00018206457030291,0.00018206457030291,0.9984597840386537,0.005
5,973,2974,0.00021593684774049885,0.00021593684774049885,0.9984601447162048,0.005
5,974,2975,0.00019937803799358164,0.00019937803799358164,0.9984317182386555,0.005
5,975,2976,0.00018770886007774104,0.00018770886007774104,0.9984072901804317,0.005
5,976,2977,0.00017060991608180086,0.00017060991608180086,0.9984444829430317,0.005
5,977,2978,0.0001603773694437105,0.0001603773694437105,0.9984589241185994,0.005
5,978,2979,0.000174618540577276,0.000174618540577276,0.9984966738705746,0.005
5,979,2980,0.00016543892642342572,0.00016543892642342572,0.9985080244631774,0.005
5,980,2981,0.00019148224124657887,0.00019148224124657887,0.9985424996447572,0.005
5,981,2982,0.00021212580670669224,0.00021212580670669224,0.9985008758153326,0.005
5,982,2983,0.00018888711823403681,0.00018888711823403681,0.9984775756167353,0.005
5,983,2984,0.00019566805048127023,0.00019566805048127023,0.998535471407617,0.005
5,984,2985,0.000166680729705031,0.000166680729705031,0.998481079511203,0.005
5,985,2986,0.00018383625098880032,0.00018383625098880032,0.9984421943101552,0.005
5,986,2987,0.00017419899498447022,0.00017419899498447022,0.9984616949482629,0.005
5,987,2988,0.00017902921646572255,0.00017902921646572255,0.9983633412173437,0.005
5,988,2989,0.00017542752388740478,0.00017542752388740478,0.9984889486140895,0.005
5,989,2990,0.00020822153799420764,0.00020822153799420764,0.9984401653420876,0.005
5,990,2991,0.00017214154036642948,0.00017214154036642948,0.998466491737159,0.005
5,991,2992,0.00019110756062280855,0.00019110756062280855,0.9983561365273153,0.005
5,992,2993,0.00017682569537334823,0.00017682569537334823,0.9984520249555497,0.005
5,993,2994,0.0002023147810698711,0.0002023147810698711,0.9984923886871553,0.005
5,994,2995,0.00018243986504706377,0.00018243986504706377,0.9985433461101748,0.005
5,995,2996,0.00017557735017464493,0.00017557735017464493,0.9984726282302981,0.005
5,996,2997,0.0001778631099174388,0.0001778631099174388,0.9984259936357543,0.005
5,997,2998,0.0001855182662411281,0.0001855182662411281,0.9984511962234971,0.005
5,998,2999,0.00015491350906594149,0.00015491350906594149,0.9984984888844661,0.005
5,999,3000,0.00018091644351747257,0.00018091644351747257,0.9984555693112088,0.005
5,1000,3001,0.0001928754543512534,0.0001928754543512534,0.9985193346184843,0.005
5,1001,3002,0.00021925123254153746,0.00021925123254153746,0.9984170267951564,0.005
5,1002,3003,0.00020166852104264274,0.00020166852104264274,0.9985544462921572,0.005
5,1003,3004,0.00018149567879971907,0.00018149567879971907,0.9984894639751741,0.005
5,1004,3005,0.00016616997714468675,0.00016616997714468675,0.9984986822746466,0.005
5,1005,3006,0.00016668309426684402,0.00016668309426684402,0.9985405368626004,0.005
5,1006,3007,0.00017299713301309195,0.00017299713301309195,0.9985295076233773,0.005
5,1007,3008,0.0001839057991932314,0.0001839057991932314,0.9985101144066095,0.005
5,1008,3009,0.0002006689016150276,0.0002006689016150276,0.9983819281733928,0.005
5,1009,3010,0.00019640627456929627,0.00019640627456929627,0.9984906693066542,0.005
5,1010,3011,0.00014453206780066453,0.00014453206780066453,0.9984687341938155,0.005
5,1011,3012,0.00016806468415867082,0.00016806468415867082,0.9984625367069334,0.005
5,1012,3013,0.00020705826679890185,0.00020705826679890185,0.9983689379991924,0.005
5,1013,3014,0.00019809757741425017,0.00019809757741425017,0.998540967600088,0.005
5,1014,3015,0.0002008502051789396,0.0002008502051789396,0.9984485179465213,0.005
5,1015,3016,0.0001772970473552782,0.0001772970473552782,0.9984524016656581,0.005
5,1016,3017,0.0001923663674871068,0.0001923663674871068,0.9984548720888663,0.005
5,1017,3018,0.00038425044153649887,0.00038425044153649887,0.99815654486684,0.005
5,1018,3019,0.00018143153395899114,0.00018143153395899114,0.9984243402166669,0.005
5,1019,3020,0.00022133525772159436,0.00022133525772159436,0.9983792861893152,0.005
5,1020,3021,0.00015032915565993177,0.00015032915565993177,0.9984952978994509,0.005
5,1021,3022,0.00020389920974052124,0.00020389920974052124,0.998483653840124,0.005
5,1022,3023,0.0001757484954733102,0.0001757484954733102,0.9985276162757197,0.005
5,1023,3024,0.00016557996451271872,0.00016557996451271872,0.9985206573473352,0.005
5,1024,3025,0.00016351128964987806,0.00016351128964987806,0.9985876350553521,0.005
5,1025,3026,0.00017742988677448059,0.00017742988677448059,0.9985267091981174,0.005
5,1026,3027,0.0001776888048076164,0.0001776888048076164,0.9985025805307917,0.005
5,1027,3028,0.00020237057463778907,0.00020237057463778907,0.9984042734143247,0.005
5,1028,3029,0.0001592817348800679,0.0001592817348800679,0.9984825010299745,0.005
5,1029,3030,0.00018741881133755743,0.00018741881133755743,0.9985028822581146,0.005
5,1030,3031,0.00017512154755946587,0.00017512154755946587,0.9984856140410856,0.005
5,1031,3032,0.00017569092560068667,0.00017569092560068667,0.9985196447708659,0.005
5,1032,3033,0.00016127889198915056,0.00016127889198915056,0.9985411162139058,0.005
5,1033,3034,0.00015739080543680228,0.00015739080543680228,0.9985261938896643,0.005
5,1034,3035,0.0001678142262836535,0.0001678142262836535,0.9985306525404969,0.005
5,1035,3036,0.00015310885580197995,0.00015310885580197995,0.9985545661008044,0.005
5,1036,3037,0.00015905810677076194,0.00015905810677076194,0.9985381628720505,0.005
5,1037,3038,0.00016822413206907027,0.00016822413206907027,0.9984717117193247,0.005
5,1038,3039,0.00017929150194677,0.00017929150194677,0.9984410079021251,0.005
5,1039,3040,0.0001938804706559849,0.0001938804706559849,0.9983952485806876,0.005
5,1040,3041,0.00016718693839318677,0.00016718693839318677,0.9985006948357208,0.005
5,1041,3042,0.00018798665264152303,0.00018798665264152303,0.9985072406091582,0.005
5,1042,3043,0.00017674552173282842,0.00017674552173282842,0.9984405356801977,0.005
5,1043,3044,0.00016021236955298225,0.00016021236955298225,0.9984778256665734,0.005
5,1044,3045,0.0001863023541485409,0.0001863023541485409,0.9984764282904158,0.005
5,1045,3046,0.00016186186674939764,0.00016186186674939764,0.9984212731799195,0.005
5,1046,3047,0.00024886863996550156,0.00024886863996550156,0.9981330343326154,0.005
5,1047,3048,0.00017330605866980653,0.00017330605866980653,0.9984762436052307,0.005
5,1048,3049,0.00017322163815137738,0.00017322163815137738,0.9984275106432304,0.005
5,1049,3050,0.00016717242262063837,0.00016717242262063837,0.9984904754571017,0.005
5,1050,3051,0.00015080888521147416,0.00015080888521147416,0.9984763669642733,0.005
5,1051,3052,0.00017192791205004388,0.00017192791205004388,0.9984262262505976,0.005
5,1052,3053,0.00018781740087557173,0.00018781740087557173,0.9984524445217955,0.005
5,1053,3054,0.0001615515002057599,0.0001615515002057599,0.9984637306684694,0.005
5,1054,3055,0.0001560373520352254,0.0001560373520352254,0.998494951633159,0.005
5,1055,3056,0.00017379555695799188,0.00017379555695799188,0.9984438688989314,0.005
5,1056,3057,0.0001686493096648556,0.0001686493096648556,0.9985261928438397,0.005
5,1057,3058,0.00016982708852530173,0.00016982708852530173,0.9984480206451894,0.005
5,1058,3059,0.00018240687002049394,0.00018240687002049394,0.998552962701303,0.005
5,1059,3060,0.0001805627169333457,0.0001805627169333457,0.9985270802710999,0.005
5,1060,3061,0.00014941381146441946,0.00014941381146441946,0.9984966323252966,0.005
5,1061,3062,0.00015658550606654776,0.00015658550606654776,0.9984551052989553,0.005
5,1062,3063,0.00023810830476798885,0.00023810830476798885,0.9983489301495929,0.005
5,1063,3064,0.00017222368810602354,0.00017222368810602354,0.9983542114484947,0.005
5,1064,3065,0.00018093288537363695,0.00018093288537363695,0.9984617885228334,0.005
5,1065,3066,0.0001948264544960443,0.0001948264544960443,0.9985315492437602,0.005
5,1066,3067,0.00017138398983750357,0.00017138398983750357,0.9984110352166563,0.005
5,1067,3068,0.00015401714646767317,0.00015401714646767317,0.9985632979853271,0.005
5,1068,3069,0.00022209001481607652,0.00022209001481607652,0.9983353975979201,0.005
5,1069,3070,0.00017196020856708128,0.00017196020856708128,0.9985025215210943,0.005
5,1070,3071,0.00016457756267363678,0.00016457756267363678,0.9985511036454642,0.005
5,1071,3072,0.00017381510856004037,0.00017381510856004037,0.9985730208404248,0.005
5,1072,3073,0.0001728364255848702,0.0001728364255848702,0.9984962311274483,0.005
5,1073,3074,0.00018917125144172207,0.00018917125144172207,0.9984697254604877,0.005
5,1074,3075,0.00015533144295075017,0.00015533144295075017,0.9984757239106992,0.005
5,1075,3076,0.00015248525991476083,0.00015248525991476083,0.9985329238555235,0.005
5,1076,3077,0.00015357069963563676,0.00015357069963563676,0.9984943052240317,0.005
5,1077,3078,0.0001738094782109445,0.0001738094782109445,0.9984397759545717,0.005
5,1078,3079,0.00018946673041833728,0.00018946673041833728,0.998442151993769,0.005
5,1079,3080,0.00016592706745175546,0.00016592706745175546,0.9985207426526787,0.005
5,1080,3081,0.0001715198493693726,0.0001715198493693726,0.9985628261808274,0.005
5,1081,3082,0.00018106317775024803,0.00018106317775024803,0.9984383574472202,0.005
5,1082,3083,0.00016444802209372166,0.00016444802209372166,0.9985389100178739,0.005
5,1083,3084,0.00015271963898628505,0.00015271963898628505,0.9985040705201553,0.005
5,1084,3085,0.00016250455328754133,0.00016250455328754133,0.9985365238697148,0.005
5,1085,3086,0.00015547771142919052,0.00015547771142919052,0.9985193537300217,0.005
5,1086,3087,0.00017206972158629317,0.00017206972158629317,0.9985146403128998,0.005
5,1087,3088,0.00014888753419110446,0.00014888753419110446,0.9985046129704183,0.005
5,1088,3089,0.00015624500920982998,0.00015624500920982998,0.9984825391758587,0.005
5,1089,3090,0.00016113024340154604,0.00016113024340154604,0.998530063244056,0.005
5,1090,3091,0.00019019287742252255,0.00019019287742252255,0.9983965300920391,0.005
5,1091,3092,0.0001854086931002086,0.0001854086931002086,0.9984727669822927,0.005
5,1092,3093,0.00017391043132657937,0.00017391043132657937,0.9985178280901117,0.005
5,1093,3094,0.0001819968875763145,0.0001819968875763145,0.9983983750729517,0.005
5,1094,3095,0.00014181059326988209,0.00014181059326988209,0.998507494975004,0.005
5,1095,3096,0.00016502414865268933,0.00016502414865268933,0.9984136001064677,0.005
5,1096,3097,0.00014895611319217018,0.00014895611319217018,0.9985186801391767,0.005
5,1097,3098,0.00016261804019038206,0.00016261804019038206,0.9984249416824998,0.005
5,1098,3099,0.00015988001200585968,0.00015988001200585968,0.9985354465946916,0.005
5,1099,3100,0.00017215499218041884,0.00017215499218041884,0.998504369289398,0.005
5,1100,3101,0.00017288981767776712,0.00017288981767776712,0.9984403923921186,0.005
5,1101,3102,0.0001515803077166722,0.0001515803077166722,0.9985582105608733,0.005
5,1102,3103,0.00016263250947985973,0.00016263250947985973,0.9984589413048213,0.005
5,1103,3104,0.00017515754220173707,0.00017515754220173707,0.9984935604139894,0.005
5,1104,3105,0.00016093021307724497,0.00016093021307724497,0.9984015083183743,0.005
5,1105,3106,0.00022836505718032752,0.00022836505718032752,0.9983100915335243,0.005
5,1106,3107,0.00015438929852928718,0.00015438929852928718,0.9984549463104544,0.005
5,1107,3108,0.0001300800029579363,0.0001300800029579363,0.9984761463420956,0.005
5,1108,3109,0.000162024705965077,0.000162024705965077,0.9985294935266682,0.005
5,1109,3110,0.0001502566506167602,0.0001502566506167602,0.9984865158310222,0.005
5,1110,3111,0.00015944705374420942,0.00015944705374420942,0.9984500287151974,0.005
5,1111,3112,0.0001530164323111172,0.0001530164323111172,0.9985570760861152,0.005
5,1112,3113,0.00018111913664498822,0.00018111913664498822,0.9984766907301581,0.005
5,1113,3114,0.00020404424792184182,0.00020404424792184182,0.9983669465817894,0.005
5,1114,3115,0.00017605969872955485,0.00017605969872955485,0.9984715212539516,0.005
5,1115,3116,0.0001464469210667918,0.0001464469210667918,0.9985216887991573,0.005
5,1116,3117,0.0001632778397113355,0.0001632778397113355,0.9984606969630521,0.005
5,1117,3118,0.00015617380070450214,0.00015617380070450214,0.9985110296825402,0.005
5,1118,3119,0.00018567746406494503,0.00018567746406494503,0.9984050374281073,0.005
5,1119,3120,0.00015947672998281037,0.00015947672998281037,0.9984841453414814,0.005
5,1120,3121,0.0001552479593509548,0.0001552479593509548,0.9985035067253141,0.005
5,1121,3122,0.00014311343394587175,0.00014311343394587175,0.9985362161553183,0.005
5,1122,3123,0.00014764788620116987,0.00014764788620116987,0.9985142493851396,0.005
5,1123,3124,0.00022112340983315826,0.00022112340983315826,0.9984191266184158,0.005
5,1124,3125,0.00014383197749395337,0.00014383197749395337,0.998524105437581,0.005
5,1125,3126,0.00018246631919651037,0.00018246631919651037,0.9984581828372521,0.005
5,1126,3127,0.00015015396935569303,0.00015015396935569303,0.998461208743821,0.005
5,1127,3128,0.00016122564649580508,0.00016122564649580508,0.9985365437130451,0.005
5,1128,3129,0.00019662195407083363,0.00019662195407083363,0.9983953188589474,0.005
5,1129,3130,0.0001734045446220178,0.0001734045446220178,0.9984474907412787,0.005
5,1130,3131,0.00014966956498976394,0.00014966956498976394,0.9983839694197054,0.005
5,1131,3132,0.0001432197789187395,0.0001432197789187395,0.9985359044634201,0.005
5,1132,3133,0.0001596517151378274,0.0001596517151378274,0.9985308325010063,0.005
5,1133,3134,0.00019810541553647476,0.00019810541553647476,0.998415898354019,0.005
5,1134,3135,0.00015869898455323053,0.00015869898455323053,0.9983972793342702,0.005
5,1135,3136,0.0001790755531520716,0.0001790755531520716,0.9985955226647665,0.005
5,1136,3137,0.0001576787963398407,0.0001576787963398407,0.9984484736523435,0.005
5,1137,3138,0.0001568811729397035,0.0001568811729397035,0.9984661940394326,0.005
5,1138,3139,0.00015400636367636999,0.00015400636367636999,0.9983948186357975,0.005
5,1139,3140,0.00015187081000563984,0.00015187081000563984,0.9985334118298934,0.005
5,1140,3141,0.00014610541939104717,0.00014610541939104717,0.9985698049723042,0.005
5,1141,3142,0.00017258083157896897,0.00017258083157896897,0.9985138389665574,0.005
5,1142,3143,0.0001796223872591385,0.0001796223872591385,0.9984851375730994,0.005
5,1143,3144,0.00014884712233734665,0.00014884712233734665,0.9985732324719356,0.005
5,1144,3145,0.00015365329733827316,0.00015365329733827316,0.9984250510055496,0.005
5,1145,3146,0.00014628094412239668,0.00014628094412239668,0.9984486283351078,0.005
5,1146,3147,0.00015174255108047597,0.00015174255108047597,0.9984730577672678,0.005
5,1147,3148,0.0001553641221719637,0.0001553641221719637,0.9985426810519752,0.005
5,1148,3149,0.00018896359690414588,0.00018896359690414588,0.9984794266920431,0.005
5,1149,3150,0.00016574264665170313,0.00016574264665170313,0.9984238164466103,0.005
5,1150,3151,0.00014003572727408042,0.00014003572727408042,0.9984663297641816,0.005
5,1151,3152,0.00013682816513357343,0.00013682816513357343,0.9985345658183086,0.005
5,1152,3153,0.00020016607468379633,0.00020016607468379633,0.9985093166465074,0.005
5,1153,3154,0.000170700713757288,0.000170700713757288,0.9984977989702155,0.005
5,1154,3155,0.00015732262690007826,0.00015732262690007826,0.998448800028366,0.005
5,1155,3156,0.0001592917730574528,0.0001592917730574528,0.9983763137041819,0.005
5,1156,3157,0.00015365125892677134,0.00015365125892677134,0.9984688613696068,0.005
5,1157,3158,0.00018262725130298584,0.00018262725130298584,0.9983484012635673,0.005
5,1158,3159,0.0001668222798436081,0.0001668222798436081,0.998434459061443,0.005
5,1159,3160,0.00015677064396820708,0.00015677064396820708,0.9984853212732229,0.005
5,1160,3161,0.00022993858188577798,0.00022993858188577798,0.9983593998626297,0.005
5,1161,3162,0.00017438523796951545,0.00017438523796951545,0.9984180902578701,0.005
5,1162,3163,0.00014412269582674388,0.00014412269582674388,0.9984662122427934,0.005
5,1163,3164,0.00013680297936469744,0.00013680297936469744,0.9985172135862781,0.005
5,1164,3165,0.00014685128011246996,0.00014685128011246996,0.9985271234716137,0.005
5,1165,3166,0.00013328720735938826,0.00013328720735938826,0.9985623112810449,0.005
5,1166,3167,0.0001865605171799034,0.0001865605171799034,0.9985005548897739,0.005
5,1167,3168,0.00015374838683053672,0.00015374838683053672,0.9985224060883384,0.005
5,1168,3169,0.00015058444000536907,0.00015058444000536907,0.9986240217616087,0.005
5,1169,3170,0.00017977120690581438,0.00017977120690581438,0.9985364963088501,0.005
5,1170,3171,0.000140077969333251,0.000140077969333251,0.9984521746621273,0.005
5,1171,3172,0.0001704780851467924,0.0001704780851467924,0.9985285731674697,0.005
5,1172,3173,0.00017336404277895512,0.00017336404277895512,0.9985116936287852,0.005
5,1173,3174,0.00016983026008133618,0.00016983026008133618,0.998547777937663,0.005
5,1174,3175,0.00018371412049059566,0.00018371412049059566,0.9985051233020662,0.005
5,1175,3176,0.0001429966308602615,0.0001429966308602615,0.9984825004049994,0.005
5,1176,3177,0.0001548724769436893,0.0001548724769436893,0.9984107296180592,0.005
5,1177,3178,0.00017638771225397142,0.00017638771225397142,0.9984251869213344,0.005
5,1178,3179,0.00014882494705111384,0.00014882494705111384,0.9985256193058449,0.005
5,1179,3180,0.00014888794411044182,0.00014888794411044182,0.998465240899976,0.005
5,1180,3181,0.0001441383069761859,0.0001441383069761859,0.9984472849053752,0.005
5,1181,3182,0.00014864097131530365,0.00014864097131530365,0.9985231811181162,0.005
5,1182,3183,0.00015108749699439762,0.00015108749699439762,0.9985092247011229,0.005
5,1183,3184,0.00016575875541014363,0.00016575875541014363,0.9984751434396627,0.005
5,1184,3185,0.00016603747070937814,0.00016603747070937814,0.9984325878804432,0.005
5,1185,3186,0.0001815632329837158,0.0001815632329837158,0.9984692157886643,0.005
5,1186,3187,0.00015113722222848236,0.00015113722222848236,0.9985769839801478,0.005
5,1187,3188,0.00015371358343524766,0.00015371358343524766,0.9985233035672313,0.005
5,1188,3189,0.00015564485642876046,0.00015564485642876046,0.9985098765468018,0.005
5,1189,3190,0.00014432355461007962,0.00014432355461007962,0.9985139060182617,0.005
5,1190,3191,0.0001617923991035053,0.0001617923991035053,0.9985128037281997,0.005
5,1191,3192,0.00014912928641441228,0.00014912928641441228,0.9984692920670066,0.005
5,1192,3193,0.00012859783197702312,0.00012859783197702312,0.9985068374092242,0.005
5,1193,3194,0.00014499216928604564,0.00014499216928604564,0.9984884694327577,0.005
5,1194,3195,0.00015499510095524306,0.00015499510095524306,0.9984470041809309,0.005
5,1195,3196,0.0001442551167110284,0.0001442551167110284,0.9985811603086677,0.005
5,1196,3197,0.0001509590668771377,0.0001509590668771377,0.9984869061682745,0.005
5,1197,3198,0.00015682865104725053,0.00015682865104725053,0.9984930045224186,0.005
5,1198,3199,0.0001657018690567491,0.0001657018690567491,0.9984269341629283,0.005
5,1199,3200,0.0001612858510703563,0.0001612858510703563,0.9984554997754144,0.005
5,1200,3201,0.0001302342441563198,0.0001302342441563198,0.998480741957422,0.005
5,1201,3202,0.00018045414521426163,0.00018045414521426163,0.9983035659063155,0.005
5,1202,3203,0.00014756107646956562,0.00014756107646956562,0.9985017380767223,0.005
5,1203,3204,0.0001471139191282045,0.0001471139191282045,0.9984466062793145,0.005
5,1204,3205,0.00016660991595834006,0.00016660991595834006,0.9984361954692573,0.005
5,1205,3206,0.00015837322344706473,0.00015837322344706473,0.9983663358722584,0.005
5,1206,3207,0.00014318155795208344,0.00014318155795208344,0.9985327144446212,0.005
5,1207,3208,0.00014289867700910896,0.00014289867700910896,0.9985331402090634,0.005
5,1208,3209,0.00014708683417767544,0.00014708683417767544,0.9984547485640706,0.005
5,1209,3210,0.00017266536502162256,0.00017266536502162256,0.9985036203725569,0.005
5,1210,3211,0.0001401083351072463,0.0001401083351072463,0.9985419509557553,0.005
5,1211,3212,0.00021948064813691825,0.00021948064813691825,0.9983491531773766,0.005
5,1212,3213,0.00014872532885727209,0.00014872532885727209,0.998554998602744,0.005
5,1213,3214,0.00015883398701546647,0.00015883398701546647,0.9985430301733296,0.005
5,1214,3215,0.00013307236217516508,0.00013307236217516508,0.9985248336339934,0.005
5,1215,3216,0.0001503658932400631,0.0001503658932400631,0.9984589208659543,0.005
5,1216,3217,0.00014172796225566775,0.00014172796225566775,0.9984665514356006,0.005
5,1217,3218,0.00014911707688219255,0.00014911707688219255,0.9985743074885637,0.005
5,1218,3219,0.00013051037982423578,0.00013051037982423578,0.998471870787464,0.005
5,1219,3220,0.00015511191129436108,0.00015511191129436108,0.9984799821187655,0.005
5,1220,3221,0.00017870633507424016,0.00017870633507424016,0.9984442919076685,0.005
5,1221,3222,0.00015501321781474564,0.00015501321781474564,0.998416462783002,0.005
5,1222,3223,0.00019919708746917619,0.00019919708746917619,0.998349143404333,0.005
5,1223,3224,0.00015095468549613633,0.00015095468549613633,0.9984600829613097,0.005
5,1224,3225,0.00014785590123973956,0.00014785590123973956,0.9984818224723153,0.005
5,1225,3226,0.0001913875392186115,0.0001913875392186115,0.9983924743483853,0.005
5,1226,3227,0.00016044045341342183,0.00016044045341342183,0.9984397146930382,0.005
5,1227,3228,0.00017549646546184293,0.00017549646546184293,0.9984525945539916,0.005
5,1228,3229,0.0001611016122420017,0.0001611016122420017,0.9984524119334809,0.005
5,1229,3230,0.0001403840810098411,0.0001403840810098411,0.9984711205653064,0.005
5,1230,3231,0.00016099212639699936,0.00016099212639699936,0.9985275600527864,0.005
5,1231,3232,0.00016450929396168878,0.00016450929396168878,0.9985185134852443,0.005
5,1232,3233,0.00013701566917704856,0.00013701566917704856,0.9985395066595709,0.005
5,1233,3234,0.0001548902950368503,0.0001548902950368503,0.9985491924506207,0.005
5,1234,3235,0.00013985714008078908,0.00013985714008078908,0.9985638335413874,0.005
5,1235,3236,0.00013633015490559287,0.00013633015490559287,0.9984760112085699,0.005
5,1236,3237,0.0001390060439381846,0.0001390060439381846,0.9985768283774836,0.005
5,1237,3238,0.00013956091747520881,0.00013956091747520881,0.9985457441071478,0.005
5,1238,3239,0.00014732385498850034,0.00014732385498850034,0.9984887226049421,0.005
5,1239,3240,0.00014677406409192351,0.00014677406409192351,0.9984908418876364,0.005
5,1240,3241,0.0001525871050656835,0.0001525871050656835,0.9985214228285335,0.005
5,1241,3242,0.00014715587196102443,0.00014715587196102443,0.9984632252421265,0.005
5,1242,3243,0.00013071592813096667,0.00013071592813096667,0.9985465310643867,0.005
5,1243,3244,0.00014925494342208354,0.00014925494342208354,0.9985011253591,0.005
5,1244,3245,0.00014862014026565063,0.00014862014026565063,0.9984760176291075,0.005
5,1245,3246,0.00015685686434814718,0.00015685686434814718,0.9984957219677613,0.005
5,1246,3247,0.0001272231393650647,0.0001272231393650647,0.998528713546382,0.005
5,1247,3248,0.00016890209469827336,0.00016890209469827336,0.9984505391697174,0.005
5,1248,3249,0.00013833112552158689,0.00013833112552158689,0.9984226983234503,0.005
5,1249,3250,0.00013684491140603217,0.00013684491140603217,0.9983876786946316,0.005
5,1250,3251,0.0001323888233886783,0.0001323888233886783,0.9984478757375103,0.005
5,1251,3252,0.00023816112972003148,0.00023816112972003148,0.9983203742677482,0.005
5,1252,3253,0.0001283589506380034,0.0001283589506380034,0.9984859480321557,0.005
5,1253,3254,0.00013947926967352697,0.00013947926967352697,0.9984869985581958,0.005
5,1254,3255,0.0001464535471663886,0.0001464535471663886,0.9985002033884114,0.005
5,1255,3256,0.00013967400965888557,0.00013967400965888557,0.9985306749696972,0.005
5,1256,3257,0.00012443908062747202,0.00012443908062747202,0.9984845844990891,0.005
5,1257,3258,0.0001402767188303622,0.0001402767188303622,0.9985866996542169,0.005
5,1258,3259,0.00015728713172018184,0.00015728713172018184,0.9984548846817405,0.005
5,1259,3260,0.00015476227113420674,0.00015476227113420674,0.9985752235404718,0.005
5,1260,3261,0.0001659887250572245,0.0001659887250572245,0.9984386055596272,0.005
5,1261,3262,0.00013594940909206544,0.00013594940909206544,0.9985051550510046,0.005
5,1262,3263,0.00014483573693261254,0.00014483573693261254,0.9985161242121571,0.005
5,1263,3264,0.00012804781281201773,0.00012804781281201773,0.9985235357605576,0.005
5,1264,3265,0.00014158108461868491,0.00014158108461868491,0.9985499894381198,0.005
5,1265,3266,0.0001192467357607252,0.0001192467357607252,0.9985262998273573,0.005
5,1266,3267,0.00020851668467562813,0.00020851668467562813,0.99836215710767,0.005
5,1267,3268,0.00013259191979132833,0.00013259191979132833,0.998475435752787,0.005
5,1268,3269,0.00014260482550575328,0.00014260482550575328,0.9984895681983692,0.005
5,1269,3270,0.00013411806490383206,0.00013411806490383206,0.9985578870100883,0.005
5,1270,3271,0.00014456469082609335,0.00014456469082609335,0.9985227777828477,0.005
5,1271,3272,0.00016122116077114224,0.00016122116077114224,0.9984084938671502,0.005
5,1272,3273,0.00016798181981332426,0.00016798181981332426,0.9984169340749999,0.005
5,1273,3274,0.00013361175448298624,0.00013361175448298624,0.998544298718407,0.005
5,1274,3275,0.0001404076655587272,0.0001404076655587272,0.998455187662361,0.005
5,1275,3276,0.0001343085485401674,0.0001343085485401674,0.998503530556906,0.005
5,1276,3277,0.0001565926407700846,0.0001565926407700846,0.998522144298588,0.005
5,1277,3278,0.0001350063170051852,0.0001350063170051852,0.998425723981281,0.005
5,1278,3279,0.00013564251448501042,0.00013564251448501042,0.9985496255169936,0.005
5,1279,3280,0.00014894331368286217,0.00014894331368286217,0.9984248764473778,0.005
5,1280,3281,0.00013087011407328375,0.00013087011407328375,0.9983916273648845,0.005
5,1281,3282,0.0001517756626787914,0.0001517756626787914,0.9983978861865083,0.005
5,1282,3283,0.00013375581042055496,0.00013375581042055496,0.9985010047151262,0.005
5,1283,3284,0.00014673124510928615,0.00014673124510928615,0.9984584529847204,0.005
5,1284,3285,0.00015876578347778114,0.00015876578347778114,0.9983930973348625,0.005
5,1285,3286,0.00013837505816318484,0.00013837505816318484,0.9985259939150841,0.005
5,1286,3287,0.00013563935747050947,0.00013563935747050947,0.9985118238905605,0.005
5,1287,3288,0.00013800347916850808,0.00013800347916850808,0.9985334484995699,0.005
5,1288,3289,0.0001760094928687839,0.0001760094928687839,0.9983535960378948,0.005
5,1289,3290,0.0001373953997172306,0.0001373953997172306,0.9984451528478311,0.005
5,1290,3291,0.00014297896550385825,0.00014297896550385825,0.998559212146278,0.005
5,1291,3292,0.00013464700786792406,0.00013464700786792406,0.998531486678093,0.005
5,1292,3293,0.00014731619620004464,0.00014731619620004464,0.9985576785363723,0.005
5,1293,3294,0.0001404129815507571,0.0001404129815507571,0.9986046186916377,0.005
5,1294,3295,0.00013356151616768062,0.00013356151616768062,0.9984798487533972,0.005
5,1295,3296,0.00015434816403924525,0.00015434816403924525,0.9985712656189725,0.005
5,1296,3297,0.00013933834651994826,0.00013933834651994826,0.998535000335681,0.005
5,1297,3298,0.00013431616010433522,0.00013431616010433522,0.9985478878352119,0.005
5,1298,3299,0.00013692206048895427,0.00013692206048895427,0.9985265403796301,0.005
5,1299,3300,0.00012523614283917905,0.00012523614283917905,0.9985219413426403,0.005
5,1300,3301,0.00016130250059011032,0.00016130250059011032,0.9983996841925917,0.005
5,1301,3302,0.00013344423362467107,0.00013344423362467107,0.998486891549061,0.005
5,1302,3303,0.0001629096503676575,0.0001629096503676575,0.998514830242649,0.005
5,1303,3304,0.00015212024611586662,0.00015212024611586662,0.9983787751976853,0.005
5,1304,3305,0.0001283460291387739,0.0001283460291387739,0.9984596964702837,0.005
5,1305,3306,0.00013221062752731829,0.00013221062752731829,0.998491535933871,0.005
5,1306,3307,0.00014431937701127386,0.00014431937701127386,0.9984021273031769,0.005
5,1307,3308,0.00014244668316098607,0.00014244668316098607,0.9983806851154802,0.005
5,1308,3309,0.00014888645769374432,0.00014888645769374432,0.9983789838431872,0.005
5,1309,3310,0.000151921157463637,0.000151921157463637,0.9984834099825206,0.005
5,1310,3311,0.00013334286517393211,0.00013334286517393211,0.9984975123078134,0.005
5,1311,3312,0.0001660585707527873,0.0001660585707527873,0.9985395817371542,0.005
5,1312,3313,0.00015666894008535713,0.00015666894008535713,0.9984880079452549,0.005
5,1313,3314,0.00013679598544643956,0.00013679598544643956,0.998515295754741,0.005
5,1314,3315,0.00013747169389033312,0.00013747169389033312,0.998487493682958,0.005
5,1315,3316,0.00011641218059529779,0.00011641218059529779,0.9985358108678775,0.005
5,1316,3317,0.00013683725534033964,0.00013683725534033964,0.9985211648958113,0.005
5,1317,3318,0.00012962426780712246,0.00012962426780712246,0.9985412262412438,0.005
5,1318,3319,0.00017367890186727463,0.00017367890186727463,0.9983737744500963,0.005
5,1319,3320,0.00012630471009117183,0.00012630471009117183,0.9985208367326538,0.005
5,1320,3321,0.0001339616904493779,0.0001339616904493779,0.9984391815349151,0.005
5,1321,3322,0.0001306928720007783,0.0001306928720007783,0.9985410201655327,0.005
5,1322,3323,0.00013926897438809263,0.00013926897438809263,0.9984796477796525,0.005
5,1323,3324,0.00015951583106739496,0.00015951583106739496,0.9984517320992505,0.005
5,1324,3325,0.00013216111105739836,0.00013216111105739836,0.9985016708064594,0.005
5,1325,3326,0.00013398978781813955,0.00013398978781813955,0.9985048855358395,0.005
5,1326,3327,0.00012984813278455465,0.00012984813278455465,0.9985023502253275,0.005
5,1327,3328,0.0001562014444070159,0.0001562014444070159,0.9984639949558187,0.005
5,1328,3329,0.0001389480725722392,0.0001389480725722392,0.9984916681612463,0.005
5,1329,3330,0.0001241320236343302,0.0001241320236343302,0.9984992872776967,0.005
5,1330,3331,0.00012372306940249933,0.00012372306940249933,0.9985648209101439,0.005
5,1331,3332,0.00012649692983849437,0.00012649692983849437,0.9985049985983321,0.005
5,1332,3333,0.00014919777595587158,0.00014919777595587158,0.9984383840458398,0.005
5,1333,3334,0.00011550428628007592,0.00011550428628007592,0.9985108538687953,0.005
5,1334,3335,0.000170486508304305,0.000170486508304305,0.9983490545140925,0.005
5,1335,3336,0.00013229575343117085,0.00013229575343117085,0.9984134341809644,0.005
5,1336,3337,0.00014345372546722634,0.00014345372546722634,0.9984359290131887,0.005
5,1337,3338,0.00024605650065958825,0.00024605650065958825,0.9981673207418055,0.005
5,1338,3339,0.00013519357894721586,0.00013519357894721586,0.9984322171807916,0.005
5,1339,3340,0.00010904690428775287,0.00010904690428775287,0.9984283156091941,0.005
5,1340,3341,0.00012919075491248154,0.00012919075491248154,0.9984230359512777,0.005
5,1341,3342,0.00014900596193417106,0.00014900596193417106,0.9984743238881424,0.005
5,1342,3343,0.00013099163906913345,0.00013099163906913345,0.9985210000233572,0.005
5,1343,3344,0.0001427326012966401,0.0001427326012966401,0.9983874658766312,0.005
5,1344,3345,0.00014876634306135617,0.00014876634306135617,0.9984907255338773,0.005
5,1345,3346,0.00012288018792354973,0.00012288018792354973,0.9984515359555878,0.005
5,1346,3347,0.00011658980274757869,0.00011658980274757869,0.9985048085753206,0.005
5,1347,3348,0.00012859579122096343,0.00012859579122096343,0.9985046391702687,0.005
5,1348,3349,0.00016113172696941125,0.00016113172696941125,0.9984153331295026,0.005
5,1349,3350,0.0001270552288843807,0.0001270552288843807,0.9984488138448513,0.005
5,1350,3351,0.00013505997489586584,0.00013505997489586584,0.9985942084344046,0.005
5,1351,3352,0.00011599307184489315,0.00011599307184489315,0.9985318320154773,0.005
5,1352,3353,0.00014267885229145793,0.00014267885229145793,0.998449431082965,0.005
5,1353,3354,0.0001278467976967679,0.0001278467976967679,0.9984878987140173,0.005
5,1354,3355,0.0001316577712877809,0.0001316577712877809,0.9984243876744059,0.005
5,1355,3356,0.0001254606588487295,0.0001254606588487295,0.9985045474573665,0.005
5,1356,3357,0.00013028526236653069,0.00013028526236653069,0.9985010729168636,0.005
5,1357,3358,0.00011624383830521556,0.00011624383830521556,0.9984312203205872,0.005
5,1358,3359,0.00013418584178657934,0.00013418584178657934,0.9985587684277795,0.005
5,1359,3360,0.00015653858802174624,0.00015653858802174624,0.9984460389450688,0.005
5,1360,3361,0.00012613547792200144,0.00012613547792200144,0.9984699005411218,0.005
5,1361,3362,0.00014958941910981347,0.00014958941910981347,0.9984478395733314,0.005
5,1362,3363,0.0001293765365026567,0.0001293765365026567,0.9984284686176702,0.005
5,1363,3364,0.0001221474895365049,0.0001221474895365049,0.9984444265004041,0.005
5,1364,3365,0.0001160940330091964,0.0001160940330091964,0.9984492082591966,0.005
5,1365,3366,0.00012695396676540071,0.00012695396676540071,0.9984262495409165,0.005
5,1366,3367,0.00012282567789304033,0.00012282567789304033,0.9985343386022629,0.005
5,1367,3368,0.00015290836528271347,0.00015290836528271347,0.9984244532319052,0.005
5,1368,3369,0.00014233323210571802,0.00014233323210571802,0.9983208598563317,0.005
5,1369,3370,0.00011254558046262076,0.00011254558046262076,0.9985400008578336,0.005
5,1370,3371,0.00011196429203497616,0.00011196429203497616,0.9984229063189869,0.005
5,1371,3372,0.00013776736602023166,0.00013776736602023166,0.9984355118566364,0.005
5,1372,3373,0.00012287524353011837,0.00012287524353011837,0.9984669832605111,0.005
5,1373,3374,9.589767557175887e-05,9.589767557175887e-05,0.998395817472407,0.005
5,1374,3375,0.000142985281954795,0.000142985281954795,0.9984422802780217,0.005
5,1375,3376,0.0001325281637053788,0.0001325281637053788,0.9985294880653743,0.005
5,1376,3377,0.00010244267011386699,0.00010244267011386699,0.9983728330254441,0.005
5,1377,3378,0.00011340890312065977,0.00011340890312065977,0.9985375317658284,0.005
5,1378,3379,0.00011185738670459022,0.00011185738670459022,0.9985107911973125,0.005
5,1379,3380,0.00012393069819195747,0.00012393069819195747,0.9985767141808796,0.005
5,1380,3381,9.987647270809808e-05,9.987647270809808e-05,0.9983795574097365,0.005
5,1381,3382,0.0001236167332571325,0.0001236167332571325,0.9984029236820472,0.005
5,1382,3383,0.00015033500344893371,0.00015033500344893371,0.9983923825330479,0.005
5,1383,3384,0.00010298302332758413,0.00010298302332758413,0.9984104037008612,0.005
5,1384,3385,0.00015160978888406284,0.00015160978888406284,0.998469971481985,0.005
5,1385,3386,0.00012208305048331814,0.00012208305048331814,0.9983693439419066,0.005
5,1386,3387,0.00010013672180097076,0.00010013672180097076,0.9983674828900705,0.005
5,1387,3388,0.0001249854231002967,0.0001249854231002967,0.9983361764460912,0.005
5,1388,3389,0.00012045937214553826,0.00012045937214553826,0.9985088272442725,0.005
5,1389,3390,0.0001415474774705072,0.0001415474774705072,0.9985175756790272,0.005
5,1390,3391,0.00011819827451372,0.00011819827451372,0.9983266599605737,0.005
5,1391,3392,0.0001345289187480159,0.0001345289187480159,0.9984813384529037,0.005
5,1392,3393,0.00012247816498840548,0.00012247816498840548,0.9983744461516266,0.005
5,1393,3394,0.00011285370354082613,0.00011285370354082613,0.9985439862577121,0.005
5,1394,3395,0.00010319089713567321,0.00010319089713567321,0.9985155868451236,0.005
5,1395,3396,0.00012098150025559919,0.00012098150025559919,0.9984631086145411,0.005
5,1396,3397,0.00012195208169008986,0.00012195208169008986,0.9983574969827849,0.005
5,1397,3398,0.00012665549396637555,0.00012665549396637555,0.9983532071455071,0.005
5,1398,3399,0.00012337861494538972,0.00012337861494538972,0.9984354316471306,0.005
5,1399,3400,0.00014632230976910463,0.00014632230976910463,0.9985269657843249,0.005
5,1400,3401,0.00019142939786998992,0.00019142939786998992,0.9983368278068884,0.005
5,1401,3402,0.00012099285047205477,0.00012099285047205477,0.9984265863137891,0.005
5,1402,3403,0.00010881519925971639,0.00010881519925971639,0.9983941808002328,0.005
5,1403,3404,0.00011099522169613296,0.00011099522169613296,0.9984376909575771,0.005
5,1404,3405,0.0003344683233100699,0.0003344683233100699,0.9979879267443997,0.005
5,1405,3406,0.00013748568121900727,0.00013748568121900727,0.9985422078369011,0.005
5,1406,3407,0.00010617701518960798,0.00010617701518960798,0.9984561631411231,0.005
5,1407,3408,0.00013705652021434034,0.00013705652021434034,0.9984002472848926,0.005
5,1408,3409,0.00013735007514643959,0.00013735007514643959,0.9983678734277733,0.005
5,1409,3410,9.460323363165157e-05,9.460323363165157e-05,0.9984746245308436,0.005
5,1410,3411,0.00010258878635254764,0.00010258878635254764,0.998379038474687,0.005
5,1411,3412,0.00014422902359272126,0.00014422902359272126,0.9984273411234766,0.005
5,1412,3413,0.0001134903374144658,0.0001134903374144658,0.9984452308406973,0.005
5,1413,3414,0.0001325681573031523,0.0001325681573031523,0.9983229724092378,0.005
5,1414,3415,0.00010904621084062538,0.00010904621084062538,0.9986028281899093,0.005
5,1415,3416,0.00013130613524449332,0.00013130613524449332,0.9983988784010006,0.005
5,1416,3417,0.00014429383115255657,0.00014429383115255657,0.9982987377145743,0.005
5,1417,3418,0.00012008658197574018,0.00012008658197574018,0.9984829097079173,0.005
5,1418,3419,0.00010998677054870565,0.00010998677054870565,0.99835408849124,0.005
5,1419,3420,0.00011586689955842222,0.00011586689955842222,0.9984851527264548,0.005
5,1420,3421,0.0001258348821039068,0.0001258348821039068,0.9985015305630985,0.005
5,1421,3422,0.00011291329753171153,0.00011291329753171153,0.9985740498903292,0.005
5,1422,3423,0.00016969776063739062,0.00016969776063739062,0.9983976954566315,0.005
5,1423,3424,9.798351289679318e-05,9.798351289679318e-05,0.9984272853747079,0.005
5,1424,3425,0.0001379700778457549,0.0001379700778457549,0.9984329241643056,0.005
5,1425,3426,0.00010719550731815299,0.00010719550731815299,0.998531125257535,0.005
5,1426,3427,0.00012003980333062158,0.00012003980333062158,0.9984935080249514,0.005
5,1427,3428,0.00011508107777964295,0.00011508107777964295,0.9984904242686268,0.005
5,1428,3429,0.00011338093627824676,0.00011338093627824676,0.998543063396816,0.005
5,1429,3430,0.00034773662461043295,0.00034773662461043295,0.9980890466333551,0.005
5,1430,3431,0.00012230457863707022,0.00012230457863707022,0.9986030222941289,0.005
5,1431,3432,9.636953671796845e-05,9.636953671796845e-05,0.9985155153164792,0.005
5,1432,3433,0.00013348348602014283,0.00013348348602014283,0.9983747078995945,0.005
5,1433,3434,0.00010484268952939191,0.00010484268952939191,0.9985359946024316,0.005
5,1434,3435,0.00012258544448142783,0.00012258544448142783,0.9984472430571699,0.005
5,1435,3436,0.0002113647531856089,0.0002113647531856089,0.998219402173105,0.005
5,1436,3437,0.0001257099544770479,0.0001257099544770479,0.9984025051844776,0.005
5,1437,3438,0.00015253267040928,0.00015253267040928,0.9983810606630487,0.005
5,1438,3439,0.00012282374175724977,0.00012282374175724977,0.9983053112509255,0.005
5,1439,3440,0.00012808241716891878,0.00012808241716891878,0.9983799988515525,0.005
5,1440,3441,0.00019096574386194836,0.00019096574386194836,0.9983088537157088,0.005
5,1441,3442,0.0001580115179565833,0.0001580115179565833,0.9983596722671195,0.005
5,1442,3443,0.00011928093890239744,0.00011928093890239744,0.9984675045782077,0.005
5,1443,3444,0.00011932574538843666,0.00011932574538843666,0.9984837227442263,0.005
5,1444,3445,0.00012395269946111176,0.00012395269946111176,0.9985319687165444,0.005
5,1445,3446,0.00011300063525612747,0.00011300063525612747,0.9984960672328534,0.005
5,1446,3447,0.0001197002679687531,0.0001197002679687531,0.9983604345221453,0.005
5,1447,3448,0.0001354088991619773,0.0001354088991619773,0.998512228308121,0.005
5,1448,3449,0.00013288043125972315,0.00013288043125972315,0.9985364862855981,0.005
5,1449,3450,0.0001509624916424912,0.0001509624916424912,0.9984623681626789,0.005
5,1450,3451,0.00010419855376203824,0.00010419855376203824,0.9985253692154132,0.005
5,1451,3452,0.000149145053507318,0.000149145053507318,0.9984537387305628,0.005
5,1452,3453,0.00013273097127997958,0.00013273097127997958,0.9985394945286773,0.005
5,1453,3454,0.00013087060197958467,0.00013087060197958467,0.9984549329753644,0.005
5,1454,3455,0.00012559596725013165,0.00012559596725013165,0.9984465257598739,0.005
5,1455,3456,0.00015408583937608024,0.00015408583937608024,0.9984612039802764,0.005
5,1456,3457,0.0001287272150087515,0.0001287272150087515,0.9984719442935966,0.005
5,1457,3458,0.00013847448362483083,0.00013847448362483083,0.9983654871722389,0.005
5,1458,3459,0.00014136745207608326,0.00014136745207608326,0.9984666174559828,0.005
5,1459,3460,0.00015242117699672985,0.00015242117699672985,0.9983228773915388,0.005
5,1460,3461,0.00010605346773762459,0.00010605346773762459,0.9984225655626564,0.005
5,1461,3462,0.00011110927132437444,0.00011110927132437444,0.9985282647233679,0.005
5,1462,3463,0.00015208412363478695,0.00015208412363478695,0.998370718161949,0.005
5,1463,3464,0.00011769131505964925,0.00011769131505964925,0.9985096747450731,0.005
5,1464,3465,0.00011077107636487172,0.00011077107636487172,0.9985097597370965,0.005
5,1465,3466,0.00012750624356783536,0.00012750624356783536,0.9983982259551432,0.005
5,1466,3467,0.00012371308938397108,0.00012371308938397108,0.9985608650186109,0.005
5,1467,3468,0.00012108674233753503,0.00012108674233753503,0.998359729808973,0.005
5,1468,3469,0.00013489369895748005,0.00013489369895748005,0.9982886985051682,0.005
5,1469,3470,0.00012337340181953096,0.00012337340181953096,0.99836242537794,0.005
5,1470,3471,0.00011625290991396309,0.00011625290991396309,0.998325023635569,0.005
5,1471,3472,0.00011629842928751133,0.00011629842928751133,0.9985049095797277,0.005
5,1472,3473,0.00014463316566439065,0.00014463316566439065,0.9984592248294459,0.005
5,1473,3474,0.00011210234297749367,0.00011210234297749367,0.9983910331364387,0.005
5,1474,3475,0.00014845365547309084,0.00014845365547309084,0.9984432712986333,0.005
5,1475,3476,0.00011785034098726665,0.00011785034098726665,0.9984758297308374,0.005
5,1476,3477,0.00010530235278442657,0.00010530235278442657,0.9983657212825183,0.005
5,1477,3478,0.0001130043052905505,0.0001130043052905505,0.9983552469695446,0.005
5,1478,3479,0.00011344759341229028,0.00011344759341229028,0.9984263578111122,0.005
5,1479,3480,0.0001402707956251148,0.0001402707956251148,0.9983832790502638,0.005
5,1480,3481,0.00012984169952175883,0.00012984169952175883,0.9983890268568907,0.005
5,1481,3482,0.00014942580336935738,0.00014942580336935738,0.9985753526687136,0.005
5,1482,3483,0.00011641154742666692,0.00011641154742666692,0.9983657338090763,0.005
5,1483,3484,0.00014393016162170925,0.00014393016162170925,0.9985050849882814,0.005
5,1484,3485,0.00011961260131592489,0.00011961260131592489,0.9985321923983645,0.005
5,1485,3486,0.0001544264000417839,0.0001544264000417839,0.9983505146132248,0.005
5,1486,3487,0.00012922835783378827,0.00012922835783378827,0.9985542463308692,0.005
5,1487,3488,0.00011619307441469107,0.00011619307441469107,0.998528872949978,0.005
5,1488,3489,0.00013762342763143473,0.00013762342763143473,0.9984501667833829,0.005
5,1489,3490,0.00011384142216059545,0.00011384142216059545,0.9984775741457137,0.005
5,1490,3491,0.0001455616931873549,0.0001455616931873549,0.9982707261464681,0.005
5,1491,3492,0.00011456279223061251,0.00011456279223061251,0.9984573988919864,0.005
5,1492,3493,0.00010820166075275916,0.00010820166075275916,0.9984354870053851,0.005
5,1493,3494,0.00012816586487063964,0.00012816586487063964,0.9985560839455122,0.005
5,1494,3495,0.000108767040288138,0.000108767040288138,0.998517938478784,0.005
5,1495,3496,0.00013426696149210882,0.00013426696149210882,0.9984422134088317,0.005
5,1496,3497,0.00013320111547927228,0.00013320111547927228,0.9983852592124153,0.005
5,1497,3498,0.00010766738137133359,0.00010766738137133359,0.998521523185257,0.005
5,1498,3499,0.00012014148912016797,0.00012014148912016797,0.9984545024823254,0.005
5,1499,3500,0.00012997678847966542,0.00012997678847966542,0.9983605076179124,0.005
5,1500,3501,0.00014657165234105652,0.00014657165234105652,0.9983100199600482,0.005
5,1501,3502,0.00010655245898864019,0.00010655245898864019,0.9984571556699506,0.005
5,1502,3503,0.00012498796992648664,0.00012498796992648664,0.9983914159789343,0.005
5,1503,3504,0.0001233116177517557,0.0001233116177517557,0.9983760655180097,0.005
5,1504,3505,0.0001419952172864225,0.0001419952172864225,0.9983524551161173,0.005
5,1505,3506,0.00011847537137070763,0.00011847537137070763,0.9984378098238397,0.005
5,1506,3507,0.00015691236531841012,0.00015691236531841012,0.9983581004835822,0.005
5,1507,3508,0.0001275677954850152,0.0001275677954850152,0.9984870633477139,0.005
5,1508,3509,0.00012861908025529444,0.00012861908025529444,0.9985528936166466,0.005
5,1509,3510,0.00013736328578386691,0.00013736328578386691,0.9984906001459353,0.005
5,1510,3511,8.753436612644273e-05,8.753436612644273e-05,0.9984953592438784,0.005
5,1511,3512,0.00010470591620494796,0.00010470591620494796,0.9984978638676621,0.005
5,1512,3513,0.00011080597412001738,0.00011080597412001738,0.9985721411860894,0.005
5,1513,3514,9.629216178428269e-05,9.629216178428269e-05,0.9984191004933916,0.005
5,1514,3515,0.00013214924823486628,0.00013214924823486628,0.9984692762827779,0.005
5,1515,3516,0.0001415962372713664,0.0001415962372713664,0.9983082900992984,0.005
5,1516,3517,9.426807943674342e-05,9.426807943674342e-05,0.9984431780107622,0.005
5,1517,3518,0.00012094414623496253,0.00012094414623496253,0.9984522622098158,0.005
5,1518,3519,9.293893780684459e-05,9.293893780684459e-05,0.9984777769073124,0.005
5,1519,3520,0.00012653191769057992,0.00012653191769057992,0.9985479158342454,0.005
5,1520,3521,0.00011255411765846992,0.00011255411765846992,0.9983699092217471,0.005
5,1521,3522,0.00010022380713200718,0.00010022380713200718,0.9984694998928412,0.005
5,1522,3523,0.00014023528327354096,0.00014023528327354096,0.9983982913680993,0.005
5,1523,3524,0.00014524793623663546,0.00014524793623663546,0.9982704168159355,0.005
5,1524,3525,0.00012800864496341103,0.00012800864496341103,0.9983705221997653,0.005
5,1525,3526,0.00011859439625822477,0.00011859439625822477,0.9983973014629824,0.005
5,1526,3527,0.00017614355603112086,0.00017614355603112086,0.9982406573632063,0.005
5,1527,3528,0.00014782899043790597,0.00014782899043790597,0.9983363339296739,0.005
5,1528,3529,0.00012934601624200236,0.00012934601624200236,0.9984182165384009,0.005
5,1529,3530,0.00011430876717347327,0.00011430876717347327,0.9985830679492125,0.005
5,1530,3531,0.00011409759034379352,0.00011409759034379352,0.9985130044333983,0.005
5,1531,3532,0.00011787120131990569,0.00011787120131990569,0.9985439523740784,0.005
5,1532,3533,0.00012049576457328515,0.00012049576457328515,0.9985367689596413,0.005
5,1533,3534,0.00015703292920607792,0.00015703292920607792,0.9984656190320166,0.005
5,1534,3535,0.00012252310366203222,0.00012252310366203222,0.9984699087722319,0.005
5,1535,3536,0.00013250132095916965,0.00013250132095916965,0.9984952729274558,0.005
5,1536,3537,0.00012032529365256785,0.00012032529365256785,0.9985194071519294,0.005
5,1537,3538,0.00012505549848153996,0.00012505549848153996,0.9985156773465944,0.005
5,1538,3539,0.00013689736046971658,0.00013689736046971658,0.998510073532047,0.005
5,1539,3540,0.00012110845729483177,0.00012110845729483177,0.9984590203642995,0.005
5,1540,3541,0.00011569091535984067,0.00011569091535984067,0.9984931566668871,0.005
5,1541,3542,0.00011519944517492055,0.00011519944517492055,0.9984634955339087,0.005
5,1542,3543,0.00012278449483409503,0.00012278449483409503,0.9985428564722559,0.005
5,1543,3544,0.0001258771319687957,0.0001258771319687957,0.9984672524539205,0.005
5,1544,3545,0.0001306919443542176,0.0001306919443542176,0.998347507400384,0.005
5,1545,3546,0.00014952495670228272,0.00014952495670228272,0.9984657904356559,0.005
5,1546,3547,0.0001179387806765464,0.0001179387806765464,0.9984597127530244,0.005
5,1547,3548,0.0001112972796642342,0.0001112972796642342,0.9985452124399843,0.005
5,1548,3549,0.00012617931848797782,0.00012617931848797782,0.9983500635049012,0.005
5,1549,3550,0.00011990607202542303,0.00011990607202542303,0.9983536440552602,0.005
5,1550,3551,0.00014261941465248617,0.00014261941465248617,0.998347918012289,0.005
5,1551,3552,0.00012660203185163032,0.00012660203185163032,0.9984471882612928,0.005
5,1552,3553,0.00012461662194979017,0.00012461662194979017,0.9982691145336083,0.005
5,1553,3554,0.0001964206720649764,0.0001964206720649764,0.9982078468138545,0.005
5,1554,3555,0.00012374550379528726,0.00012374550379528726,0.9984835568036932,0.005
5,1555,3556,0.0001076097971971024,0.0001076097971971024,0.9983660907286305,0.005
5,1556,3557,0.0001300384525286391,0.0001300384525286391,0.9985474915293883,0.005
5,1557,3558,0.00011602299539754225,0.00011602299539754225,0.9983852044383236,0.005
5,1558,3559,0.00014630620891142087,0.00014630620891142087,0.9984012165230041,0.005
5,1559,3560,0.00013193645951083523,0.00013193645951083523,0.998494046334646,0.005
5,1560,3561,0.00011785061004336963,0.00011785061004336963,0.9985384064535402,0.005
5,1561,3562,0.00010856517177644909,0.00010856517177644909,0.998433603579887,0.005
5,1562,3563,0.000134045308949875,0.000134045308949875,0.9983713915751538,0.005
5,1563,3564,0.00013746193710596823,0.00013746193710596823,0.9984541729016198,0.005
5,1564,3565,0.00011539726915435146,0.00011539726915435146,0.9984585330061894,0.005
5,1565,3566,9.90743472148259e-05,9.90743472148259e-05,0.9985306391057681,0.005
5,1566,3567,0.00013061282100966797,0.00013061282100966797,0.9984431764000745,0.005
5,1567,3568,0.00014776114169536616,0.00014776114169536616,0.9983852677800144,0.005
5,1568,3569,0.00011402308619676505,0.00011402308619676505,0.9984643078391663,0.005
5,1569,3570,0.00011870115708516484,0.00011870115708516484,0.998597794124469,0.005
5,1570,3571,0.00010506902911048055,0.00010506902911048055,0.998350741291645,0.005
5,1571,3572,9.660707727817685e-05,9.660707727817685e-05,0.9984513313514849,0.005
5,1572,3573,0.00012662184704167025,0.00012662184704167025,0.9985267459252369,0.005
5,1573,3574,0.00010904043809682241,0.00010904043809682241,0.9984214040537372,0.005
5,1574,3575,0.00010269733096353374,0.00010269733096353374,0.9984263562339594,0.005
5,1575,3576,0.00011319704825985211,0.00011319704825985211,0.9983947403294325,0.005
5,1576,3577,0.00016406560954174918,0.00016406560954174918,0.9982994068956592,0.005
5,1577,3578,0.00016171086155013724,0.00016171086155013724,0.9982971950688684,0.005
5,1578,3579,0.00011508856825851012,0.00011508856825851012,0.9983737829208235,0.005
5,1579,3580,0.00010590031569613579,0.00010590031569613579,0.9984224515334649,0.005
5,1580,3581,0.00010646118037857533,0.00010646118037857533,0.9984343720013549,0.005
5,1581,3582,0.00011463698745635576,0.00011463698745635576,0.9984852366213974,0.005
5,1582,3583,0.00020591309658731904,0.00020591309658731904,0.9983441308799363,0.005
5,1583,3584,0.00014529489377505754,0.00014529489377505754,0.9983590942474098,0.005
5,1584,3585,0.00012935256430031349,0.00012935256430031349,0.9986479815217305,0.005
5,1585,3586,0.00012626135482588841,0.00012626135482588841,0.9984554110073564,0.005
5,1586,3587,0.0001067345302834799,0.0001067345302834799,0.9985816713804285,0.005
5,1587,3588,0.00011261852587107989,0.00011261852587107989,0.9985651482169495,0.005
5,1588,3589,0.00011719661437677219,0.00011719661437677219,0.9984846747190185,0.005
5,1589,3590,0.00011495550998159466,0.00011495550998159466,0.9985148784424899,0.005
5,1590,3591,0.00012635497586577116,0.00012635497586577116,0.9984495847777196,0.005
5,1591,3592,0.00012624393730050753,0.00012624393730050753,0.9985950054762603,0.005
5,1592,3593,0.0001520195836618743,0.0001520195836618743,0.9985027263828968,0.005
5,1593,3594,0.0001267694273767628,0.0001267694273767628,0.998422793692,0.005
5,1594,3595,0.00010509707366362808,0.00010509707366362808,0.998486128517043,0.005
5,1595,3596,0.00014102505453947645,0.00014102505453947645,0.998303300497207,0.005
5,1596,3597,0.00011790506951086965,0.00011790506951086965,0.998410933048353,0.005
5,1597,3598,0.0001008945419193219,0.0001008945419193219,0.9984252395819803,0.005
5,1598,3599,0.00011131616474180263,0.00011131616474180263,0.9985121677480133,0.005
5,1599,3600,0.00010895138698451935,0.00010895138698451935,0.9983968392349657,0.005
5,1600,3601,0.00011181955661153098,0.00011181955661153098,0.9985224230874141,0.005
5,1601,3602,0.00012527438679318383,0.00012527438679318383,0.9983851435276746,0.005
5,1602,3603,0.0001074841680494032,0.0001074841680494032,0.998473983053508,0.005
5,1603,3604,9.40719056145689e-05,9.40719056145689e-05,0.9984064193426381,0.005
5,1604,3605,0.00013052735963306917,0.00013052735963306917,0.9983178863915084,0.005
5,1605,3606,9.99085193199467e-05,9.99085193199467e-05,0.9985228275625003,0.005
5,1606,3607,0.00011780304975666955,0.00011780304975666955,0.998296097688855,0.005
5,1607,3608,0.00013498369144841814,0.00013498369144841814,0.9985391468695726,0.005
5,1608,3609,0.00015602637764458138,0.00015602637764458138,0.9982723347557709,0.005
5,1609,3610,0.00011048239903384548,0.00011048239903384548,0.9985075750972152,0.005
5,1610,3611,0.00013047485225829437,0.00013047485225829437,0.9984290393329371,0.005
5,1611,3612,0.00010624599514759247,0.00010624599514759247,0.9985273062052741,0.005
5,1612,3613,9.830454350493123e-05,9.830454350493123e-05,0.9984081232575306,0.005
5,1613,3614,0.00012075040526346781,0.00012075040526346781,0.9985023540389961,0.005
5,1614,3615,0.00014392072567347538,0.00014392072567347538,0.9983573557084856,0.005
5,1615,3616,0.00012964703843371562,0.00012964703843371562,0.9985495778779966,0.005
5,1616,3617,0.00011069574475042753,0.00011069574475042753,0.9985682651967859,0.005
5,1617,3618,0.0001375346009554035,0.0001375346009554035,0.9984341164687671,0.005
5,1618,3619,0.00013803876822527484,0.00013803876822527484,0.9985208607593908,0.005
5,1619,3620,0.00014884226084790897,0.00014884226084790897,0.9983415094315184,0.005
5,1620,3621,9.632356650294937e-05,9.632356650294937e-05,0.9985022292199234,0.005
5,1621,3622,0.0001122347397299772,0.0001122347397299772,0.9984639111456782,0.005
5,1622,3623,0.00015372379194789288,0.00015372379194789288,0.9984222800890287,0.005
5,1623,3624,0.00011095526633079888,0.00011095526633079888,0.9984843289525476,0.005
5,1624,3625,0.00010476441768791034,0.00010476441768791034,0.9985388366261899,0.005
5,1625,3626,0.00011287058472719935,0.00011287058472719935,0.9984702536909505,0.005
5,1626,3627,9.939616356118175e-05,9.939616356118175e-05,0.9985019324435532,0.005
5,1627,3628,0.00012247159014593944,0.00012247159014593944,0.9984440265935766,0.005
5,1628,3629,0.0002865987707675022,0.0002865987707675022,0.9980576200924345,0.005
5,1629,3630,0.00012544087431318077,0.00012544087431318077,0.998507771169572,0.005
5,1630,3631,0.00011502246886034517,0.00011502246886034517,0.9985281961894653,0.005
5,1631,3632,0.00010691973055175552,0.00010691973055175552,0.9984643139650318,0.005
5,1632,3633,0.000146610038702395,0.000146610038702395,0.9983224367357977,0.005
5,1633,3634,0.00012467210792848292,0.00012467210792848292,0.9985529112049212,0.005
5,1634,3635,0.00010694354354090385,0.00010694354354090385,0.9984677531653843,0.005
5,1635,3636,0.00011710830933348571,0.00011710830933348571,0.9985824470343185,0.005
5,1636,3637,0.00015366311983345483,0.00015366311983345483,0.9984084834366761,0.005
5,1637,3638,0.00010865528034195272,0.00010865528034195272,0.9984711177481058,0.005
5,1638,3639,0.00010899958315544134,0.00010899958315544134,0.9985863197772091,0.005
5,1639,3640,0.00010861452100368263,0.00010861452100368263,0.9984834768545734,0.005
5,1640,3641,0.00011458914378488229,0.00011458914378488229,0.998411797952047,0.005
5,1641,3642,0.00010168280400646325,0.00010168280400646325,0.9985259371007862,0.005
5,1642,3643,0.0001187031132100369,0.0001187031132100369,0.9984535983038124,0.005
5,1643,3644,0.00015569050248054328,0.00015569050248054328,0.9984917733422496,0.005
5,1644,3645,0.00011013666323841599,0.00011013666323841599,0.99847433711922,0.005
5,1645,3646,0.00011653708580465994,0.00011653708580465994,0.9985075440171295,0.005
5,1646,3647,0.0001675845088730299,0.0001675845088730299,0.9982628607576404,0.005
5,1647,3648,0.00011056870273030262,0.00011056870273030262,0.9983838776288082,0.005
5,1648,3649,0.00010302710465409203,0.00010302710465409203,0.9983731288400017,0.005
5,1649,3650,0.0001677398405415298,0.0001677398405415298,0.9983052115110368,0.005
5,1650,3651,9.380608539020785e-05,9.380608539020785e-05,0.9984003658479386,0.005
5,1651,3652,0.00010384331533119462,0.00010384331533119462,0.9984167654466084,0.005
5,1652,3653,0.00010298471384101782,0.00010298471384101782,0.998428272714945,0.005
5,1653,3654,0.00012854499627019787,0.00012854499627019787,0.9984403970178232,0.005
5,1654,3655,0.00011281876547923454,0.00011281876547923454,0.9985163666589429,0.005
5,1655,3656,0.00013329264255793728,0.00013329264255793728,0.9985418714933912,0.005
5,1656,3657,0.00010741214412432698,0.00010741214412432698,0.9984539415670884,0.005
5,1657,3658,0.00010713860571710866,0.00010713860571710866,0.9985026355635974,0.005
5,1658,3659,0.00012007787220010834,0.00012007787220010834,0.9984044810483382,0.005
5,1659,3660,0.00011441533223752519,0.00011441533223752519,0.9985882490759254,0.005
5,1660,3661,0.00017625416874423536,0.00017625416874423536,0.9982402891600112,0.005
5,1661,3662,0.00011342010329068786,0.00011342010329068786,0.9984741548364826,0.005
5,1662,3663,0.000117585225982475,0.000117585225982475,0.9984024404276716,0.005
5,1663,3664,0.00011840861048657893,0.00011840861048657893,0.9984125264021653,0.005
5,1664,3665,0.00012281950473660763,0.00012281950473660763,0.9983308763653926,0.005
5,1665,3666,0.0001415843111661441,0.0001415843111661441,0.9983308297276011,0.005
5,1666,3667,0.00010166209385926162,0.00010166209385926162,0.9985170464716084,0.005
5,1667,3668,0.0001344866982484183,0.0001344866982484183,0.9983420188754667,0.005
5,1668,3669,9.245936681386181e-05,9.245936681386181e-05,0.9984269621812913,0.005
5,1669,3670,0.00012907293963354105,0.00012907293963354105,0.9985422358774523,0.005
5,1670,3671,9.622762955475484e-05,9.622762955475484e-05,0.9984628630508189,0.005
5,1671,3672,0.0001212449355399503,0.0001212449355399503,0.9984029899756103,0.005
5,1672,3673,0.00012932795154029452,0.00012932795154029452,0.9985525497573919,0.005
5,1673,3674,0.00013452399889050004,0.00013452399889050004,0.9984148996677701,0.005
5,1674,3675,0.00011507678630918728,0.00011507678630918728,0.9984928747525421,0.005
5,1675,3676,0.00010823575361931349,0.00010823575361931349,0.998455259013192,0.005
5,1676,3677,0.00011401943292825068,0.00011401943292825068,0.9983661015752332,0.005
5,1677,3678,0.00010401593704007062,0.00010401593704007062,0.9984879956790276,0.005
5,1678,3679,0.00010207867288704931,0.00010207867288704931,0.998470276934356,0.005
5,1679,3680,0.00010590647896953187,0.00010590647896953187,0.998444624054181,0.005
5,1680,3681,0.00012055075713292563,0.00012055075713292563,0.99845303963353,0.005
5,1681,3682,0.0001235441434505391,0.0001235441434505391,0.998417797408058,0.005
5,1682,3683,0.00010031343041533747,0.00010031343041533747,0.9984540843452214,0.005
5,1683,3684,0.00010605813874594916,0.00010605813874594916,0.9983919582573956,0.005
5,1684,3685,0.00013185074492490955,0.00013185074492490955,0.9983956852482063,0.005
5,1685,3686,0.00011620966508983367,0.00011620966508983367,0.998486371714521,0.005
5,1686,3687,0.00012446891902450296,0.00012446891902450296,0.9982884118261528,0.005
5,1687,3688,0.00010288190175554046,0.00010288190175554046,0.998346312862428,0.005
5,1688,3689,0.00012849500465085707,0.00012849500465085707,0.9983738365561402,0.005
5,1689,3690,9.699231828841026e-05,9.699231828841026e-05,0.998466411672612,0.005
5,1690,3691,0.0001080156525524223,0.0001080156525524223,0.9984293956543716,0.005
5,1691,3692,0.00010999280370257991,0.00010999280370257991,0.9985347990635525,0.005
5,1692,3693,0.00010895972880387684,0.00010895972880387684,0.9985434953931273,0.005
5,1693,3694,0.00010793053790524532,0.00010793053790524532,0.998446219560285,0.005
5,1694,3695,0.00011263327754106433,0.00011263327754106433,0.998568342399101,0.005
5,1695,3696,0.00013179038416807567,0.00013179038416807567,0.9985970200430864,0.005
5,1696,3697,9.823972260190604e-05,9.823972260190604e-05,0.9984189296690423,0.005
5,1697,3698,9.835938833856806e-05,9.835938833856806e-05,0.9984987716676051,0.005
5,1698,3699,9.695590893508355e-05,9.695590893508355e-05,0.9984720422675255,0.005
5,1699,3700,0.00010842949407405489,0.00010842949407405489,0.9984428678392376,0.005
5,1700,3701,0.00010953081122122899,0.00010953081122122899,0.998400706827868,0.005
5,1701,3702,0.00012298870204816237,0.00012298870204816237,0.9982491345763942,0.005
5,1702,3703,8.560327821317327e-05,8.560327821317327e-05,0.9984966153453491,0.005
5,1703,3704,0.00011456048695965615,0.00011456048695965615,0.9984534810736301,0.005
5,1704,3705,0.0001354902168944261,0.0001354902168944261,0.9982719022235704,0.005
5,1705,3706,0.00011575263418661774,0.00011575263418661774,0.9984544387043455,0.005
5,1706,3707,0.00010078176125277284,0.00010078176125277284,0.9983761163931104,0.005
5,1707,3708,0.0001329461381871777,0.0001329461381871777,0.9982865601500639,0.005
5,1708,3709,0.000138984522586324,0.000138984522586324,0.9982681693690131,0.005
5,1709,3710,0.00011177746615076756,0.00011177746615076756,0.9984321482232696,0.005
5,1710,3711,0.00015254598336932325,0.00015254598336932325,0.9983333393336965,0.005
5,1711,3712,0.00012533326815962977,0.00012533326815962977,0.9984604505316086,0.005
5,1712,3713,0.00011831501600688688,0.00011831501600688688,0.9984448471338508,0.005
5,1713,3714,0.00014184201120592046,0.00014184201120592046,0.998500011656692,0.005
5,1714,3715,0.00011269212605173994,0.00011269212605173994,0.9985969270785642,0.005
5,1715,3716,0.00012839542052665243,0.00012839542052665243,0.9984984281224559,0.005
5,1716,3717,0.00012032249412557096,0.00012032249412557096,0.9985912104492302,0.005
5,1717,3718,0.00013357444576209354,0.00013357444576209354,0.9985531693279893,0.005
5,1718,3719,0.00013544048033010904,0.00013544048033010904,0.9985131912076446,0.005
5,1719,3720,0.00013793904614513465,0.00013793904614513465,0.9984950340144589,0.005
5,1720,3721,0.00011069973532784827,0.00011069973532784827,0.9985287392433955,0.005
5,1721,3722,0.00011912605916145069,0.00011912605916145069,0.9984894539380563,0.005
5,1722,3723,0.00013497469007543118,0.00013497469007543118,0.9984199581906211,0.005
5,1723,3724,9.874786049468231e-05,9.874786049468231e-05,0.9984415675419988,0.005
5,1724,3725,0.00010836099080268503,0.00010836099080268503,0.9985109706060339,0.005
5,1725,3726,0.00011495147777728534,0.00011495147777728534,0.9985136039130074,0.005
5,1726,3727,0.00011553070564059741,0.00011553070564059741,0.9984021497256073,0.005
5,1727,3728,0.00012643999445454914,0.00012643999445454914,0.998524168451284,0.005
5,1728,3729,0.0001077318388443138,0.0001077318388443138,0.9984677266084455,0.005
5,1729,3730,0.0001163455014392345,0.0001163455014392345,0.9982298020231233,0.005
5,1730,3731,0.00010779429111984929,0.00010779429111984929,0.9983733827943859,0.005
5,1731,3732,0.00010077797561459656,0.00010077797561459656,0.9984230435881916,0.005
5,1732,3733,8.691857585305552e-05,8.691857585305552e-05,0.9984094040881676,0.005
5,1733,3734,0.00012541798119962368,0.00012541798119962368,0.9984716574948487,0.005
5,1734,3735,0.00010067885873503602,0.00010067885873503602,0.9985285086665816,0.005
5,1735,3736,0.0001057686690188464,0.0001057686690188464,0.9984856256380136,0.005
5,1736,3737,0.00010473891855960037,0.00010473891855960037,0.9982597735015661,0.005
5,1737,3738,0.00011921118465379798,0.00011921118465379798,0.9984063990045725,0.005
5,1738,3739,8.868935891580332e-05,8.868935891580332e-05,0.9983340754364658,0.005
5,1739,3740,0.00012917845180482,0.00012917845180482,0.9983987052588129,0.005
5,1740,3741,0.00012024407834026363,0.00012024407834026363,0.9983203440803384,0.005
5,1741,3742,0.00011710154770068427,0.00011710154770068427,0.9984261280853054,0.005
5,1742,3743,0.00012704072265086632,0.00012704072265086632,0.9984069183036242,0.005
5,1743,3744,0.00013996846359041638,0.00013996846359041638,0.9983513398515059,0.005
5,1744,3745,9.621855226744302e-05,9.621855226744302e-05,0.9983786939758688,0.005
5,1745,3746,0.00025604682409304024,0.00025604682409304024,0.9981933132971379,0.005
5,1746,3747,0.00016614320098469194,0.00016614320098469194,0.9982413283519475,0.005
5,1747,3748,0.00011453975736379186,0.00011453975736379186,0.9984066952619085,0.005
5,1748,3749,0.00013640724397284145,0.00013640724397284145,0.9984921169638221,0.005
5,1749,3750,0.00012233502728504654,0.00012233502728504654,0.9985409764092794,0.005
5,1750,3751,9.259139166369446e-05,9.259139166369446e-05,0.9985396057704948,0.005
5,1751,3752,0.00010902010839030862,0.00010902010839030862,0.9984975470611555,0.005
5,1752,3753,0.000129392425343855,0.000129392425343855,0.9985106031843993,0.005
5,1753,3754,0.00014171523446359968,0.00014171523446359968,0.9985876590683921,0.005
5,1754,3755,0.00010989235242223174,0.00010989235242223174,0.9985467692548855,0.005
5,1755,3756,0.00010854212431789301,0.00010854212431789301,0.9984797753543101,0.005
5,1756,3757,0.00010956503776865302,0.00010956503776865302,0.9984517030097309,0.005
5,1757,3758,0.0001165387660973205,0.0001165387660973205,0.99847815304195,0.005
5,1758,3759,0.00010626116414111375,0.00010626116414111375,0.9985448564759818,0.005
5,1759,3760,0.0001280007793386795,0.0001280007793386795,0.9984251284319828,0.005
5,1760,3761,0.0001356610803979741,0.0001356610803979741,0.9983740316895092,0.005
5,1761,3762,0.00011699094139294265,0.00011699094139294265,0.9984021615133749,0.005
5,1762,3763,0.00011457344537282421,0.00011457344537282421,0.9985068417577183,0.005
5,1763,3764,0.00011814677294357922,0.00011814677294357922,0.9983287368852376,0.005
5,1764,3765,0.00011779199459539759,0.00011779199459539759,0.99839614758676,0.005
5,1765,3766,0.00015006060802940423,0.00015006060802940423,0.9982883729373032,0.005
5,1766,3767,8.58841324490478e-05,8.58841324490478e-05,0.9985386318825511,0.005
5,1767,3768,0.00010237904868654945,0.00010237904868654945,0.9985317306505406,0.005
5,1768,3769,0.000179477279169582,0.000179477279169582,0.9982004676951227,0.005
5,1769,3770,0.0001228276207766965,0.0001228276207766965,0.9982846578854806,0.005
5,1770,3771,0.000112883418266021,0.000112883418266021,0.9984140346871763,0.005
5,1771,3772,8.817393559470311e-05,8.817393559470311e-05,0.9984248491175931,0.005
5,1772,3773,9.985218140590835e-05,9.985218140590835e-05,0.9985008604762854,0.005
5,1773,3774,9.610725644426111e-05,9.610725644426111e-05,0.9984656466888076,0.005
5,1774,3775,0.00010777749666923354,0.00010777749666923354,0.9983852919006226,0.005
5,1775,3776,0.00010603724662640922,0.00010603724662640922,0.9984412755100114,0.005
5,1776,3777,0.00012284732220983584,0.00012284732220983584,0.9984214125736606,0.005
5,1777,3778,0.00011374262694461956,0.00011374262694461956,0.9983528648782438,0.005
5,1778,3779,0.0001040997129395238,0.0001040997129395238,0.9985265002566159,0.005
5,1779,3780,0.0001106428607214871,0.0001106428607214871,0.9984797823343449,0.005
5,1780,3781,0.00012787939527103334,0.00012787939527103334,0.9983861680027425,0.005
5,1781,3782,9.474714764679649e-05,9.474714764679649e-05,0.9984578131843588,0.005
5,1782,3783,0.000136967984073425,0.000136967984073425,0.9983426969406627,0.005
5,1783,3784,0.0001099663306501164,0.0001099663306501164,0.9984824393692207,0.005
5,1784,3785,9.933648539594775e-05,9.933648539594775e-05,0.9985416599963636,0.005
5,1785,3786,0.00011834401745174252,0.00011834401745174252,0.9984776032755396,0.005
5,1786,3787,0.0001259665509758612,0.0001259665509758612,0.9984211595747075,0.005
5,1787,3788,0.0001019614852907147,0.0001019614852907147,0.9983955019373022,0.005
5,1788,3789,0.00010417236228319916,0.00010417236228319916,0.9984835626931702,0.005
5,1789,3790,0.00011942985469820088,0.00011942985469820088,0.9983866620198869,0.005
5,1790,3791,0.00014075716413122663,0.00014075716413122663,0.9983992345358431,0.005
5,1791,3792,9.32397886261982e-05,9.32397886261982e-05,0.9984574364159055,0.005
5,1792,3793,0.0001413441162702256,0.0001413441162702256,0.9983337299356727,0.005
5,1793,3794,0.00010034182029745376,0.00010034182029745376,0.9984146528999085,0.005
5,1794,3795,0.00010749747039839442,0.00010749747039839442,0.9983799373213946,0.005
5,1795,3796,0.00020993798639754927,0.00020993798639754927,0.9982010159180882,0.005
5,1796,3797,0.0001112681516459846,0.0001112681516459846,0.9984398143864892,0.005
5,1797,3798,9.257075933143622e-05,9.257075933143622e-05,0.9983833253746398,0.005
5,1798,3799,0.00016918982263564253,0.00016918982263564253,0.9983394719073219,0.005
5,1799,3800,0.00013906311310957653,0.00013906311310957653,0.9984516323066813,0.005
5,1800,3801,0.00010524806096452011,0.00010524806096452011,0.9984392982991603,0.005
5,1801,3802,0.00014505260666656806,0.00014505260666656806,0.9983889883549846,0.005
5,1802,3803,0.0001518313557354467,0.0001518313557354467,0.9984105283283844,0.005
5,1803,3804,0.00014093774630068444,0.00014093774630068444,0.9984945380930724,0.005
5,1804,3805,0.00011137805755840114,0.00011137805755840114,0.998457644976884,0.005
5,1805,3806,0.0001128249848586682,0.0001128249848586682,0.9985611269996609,0.005
5,1806,3807,9.971655079369924e-05,9.971655079369924e-05,0.9985065827691632,0.005
5,1807,3808,0.00012519539063692185,0.00012519539063692185,0.9985485551726019,0.005
5,1808,3809,0.00010795223889469518,0.00010795223889469518,0.9986082040368253,0.005
5,1809,3810,0.0001236267682247694,0.0001236267682247694,0.9985221923028078,0.005
5,1810,3811,0.00013741658069397867,0.00013741658069397867,0.9985333241976733,0.005
5,1811,3812,0.00010686052815363278,0.00010686052815363278,0.9984546987942675,0.005
5,1812,3813,9.941997962306214e-05,9.941997962306214e-05,0.9984843757792428,0.005
5,1813,3814,0.00011482547288999668,0.00011482547288999668,0.9985594006710478,0.005
5,1814,3815,0.00012965948527217662,0.00012965948527217662,0.9984185952551922,0.005
5,1815,3816,0.00015457036158805337,0.00015457036158805337,0.9983331539968473,0.005
5,1816,3817,0.00012294127067655092,0.00012294127067655092,0.9983024401260344,0.005
5,1817,3818,0.00012950632470502208,0.00012950632470502208,0.9984643700691755,0.005
5,1818,3819,0.00011075183460048987,0.00011075183460048987,0.9983785886009726,0.005
5,1819,3820,9.092532651535978e-05,9.092532651535978e-05,0.9985392577639283,0.005
5,1820,3821,0.0002459884049486161,0.0002459884049486161,0.9981436116422221,0.005
5,1821,3822,0.00010502864103372867,0.00010502864103372867,0.9985710216122593,0.005
5,1822,3823,0.00010261167201566556,0.00010261167201566556,0.9984465217366986,0.005
5,1823,3824,9.04663309412912e-05,9.04663309412912e-05,0.9984989192386169,0.005
5,1824,3825,0.00010203267630168545,0.00010203267630168545,0.9984991254391884,0.005
5,1825,3826,0.00011764965867936184,0.00011764965867936184,0.998479182432338,0.005
5,1826,3827,0.0001181523983029831,0.0001181523983029831,0.9985561548736994,0.005
5,1827,3828,9.309199248062171e-05,9.309199248062171e-05,0.9984350425905614,0.005
5,1828,3829,0.00011277645990514396,0.00011277645990514396,0.9983939448781749,0.005
5,1829,3830,0.00012449877042958082,0.00012449877042958082,0.9985131758977008,0.005
5,1830,3831,0.00011543198509038622,0.00011543198509038622,0.9984624512694807,0.005
5,1831,3832,0.000146282033097197,0.000146282033097197,0.9983621188925718,0.005
5,1832,3833,9.300626323311743e-05,9.300626323311743e-05,0.9984556661240075,0.005
5,1833,3834,0.0001278156007305764,0.0001278156007305764,0.9984048185781765,0.005
5,1834,3835,0.00012880630000950522,0.00012880630000950522,0.9984870726178495,0.005
5,1835,3836,0.00010341789893911213,0.00010341789893911213,0.9984794014098387,0.005
5,1836,3837,0.00013526110520482024,0.00013526110520482024,0.9984569388057015,0.005
5,1837,3838,0.00013548801044828141,0.00013548801044828141,0.9983176825832114,0.005
5,1838,3839,0.0001308809996117788,0.0001308809996117788,0.9983198757592154,0.005
5,1839,3840,0.00011884118561648283,0.00011884118561648283,0.9983647424332778,0.005
5,1840,3841,0.00011203518171146287,0.00011203518171146287,0.99838380587662,0.005
5,1841,3842,0.00013734032397530682,0.00013734032397530682,0.9984592053690562,0.005
5,1842,3843,0.0001278746821832799,0.0001278746821832799,0.9983169482519608,0.005
5,1843,3844,0.00013302456308044054,0.00013302456308044054,0.998430807362539,0.005
5,1844,3845,0.0001213818197861316,0.0001213818197861316,0.998380781112785,0.005
5,1845,3846,9.414483177491606e-05,9.414483177491606e-05,0.9984784403141669,0.005
5,1846,3847,9.86993572473338e-05,9.86993572473338e-05,0.9983818396196752,0.005
5,1847,3848,0.00012144707225103968,0.00012144707225103968,0.9984595653118293,0.005
5,1848,3849,0.0001758600176184344,0.0001758600176184344,0.998363111042738,0.005
5,1849,3850,0.00010248085273151353,0.00010248085273151353,0.9985363574885171,0.005
5,1850,3851,0.00019167601311960937,0.00019167601311960937,0.9983463112143007,0.005
5,1851,3852,0.00011520995254168831,0.00011520995254168831,0.9984415314090542,0.005
5,1852,3853,0.00010751342548009579,0.00010751342548009579,0.9984502446578183,0.005
5,1853,3854,0.00010727535724624148,0.00010727535724624148,0.998499172289006,0.005
5,1854,3855,0.00013074545420382666,0.00013074545420382666,0.9985064505721235,0.005
5,1855,3856,0.00016219792917383178,0.00016219792917383178,0.9983684186316653,0.005
5,1856,3857,0.00010333559881856025,0.00010333559881856025,0.9983998828511805,0.005
5,1857,3858,0.00012759859592856415,0.00012759859592856415,0.9986019363221488,0.005
5,1858,3859,0.00013914706976528413,0.00013914706976528413,0.9984337463978038,0.005
5,1859,3860,0.0001121098459319947,0.0001121098459319947,0.9984089217650137,0.005
5,1860,3861,0.00013734972208273577,0.00013734972208273577,0.9983467777052868,0.005
5,1861,3862,0.00014575020909047832,0.00014575020909047832,0.9985424869521247,0.005
5,1862,3863,0.00011553734198025079,0.00011553734198025079,0.998444368469212,0.005
5,1863,3864,0.00016732065240328107,0.00016732065240328107,0.9983359934270042,0.005
5,1864,3865,0.00012898794992519894,0.00012898794992519894,0.9984058085334641,0.005
5,1865,3866,9.643652223330303e-05,9.643652223330303e-05,0.998514335566507,0.005
5,1866,3867,8.852246365522176e-05,8.852246365522176e-05,0.9986013968420263,0.005
5,1867,3868,9.924176471136082e-05,9.924176471136082e-05,0.9985388900799673,0.005
5,1868,3869,0.000143229590055991,0.000143229590055991,0.9984052370386189,0.005
5,1869,3870,0.00014632196702983326,0.00014632196702983326,0.9985447960531978,0.005
5,1870,3871,0.000159557659825228,0.000159557659825228,0.9984852714942992,0.005
5,1871,3872,0.00012088168851963289,0.00012088168851963289,0.9985222995250089,0.005
5,1872,3873,0.00011496900082258788,0.00011496900082258788,0.9985811553494743,0.005
5,1873,3874,0.00012530731589567524,0.00012530731589567524,0.9985400113521669,0.005
5,1874,3875,0.00013108128543325658,0.00013108128543325658,0.9984117799574742,0.005
5,1875,3876,0.00011308207533886283,0.00011308207533886283,0.9985076814834167,0.005
5,1876,3877,9.745925878239859e-05,9.745925878239859e-05,0.9985590823498243,0.005
5,1877,3878,0.00012642480489170383,0.00012642480489170383,0.9983187687117326,0.005
5,1878,3879,0.00011121829479882495,0.00011121829479882495,0.9984155901271912,0.005
5,1879,3880,0.00010066505929749447,0.00010066505929749447,0.9984799137588775,0.005
5,1880,3881,0.00015420987576473478,0.00015420987576473478,0.998202750063481,0.005
5,1881,3882,9.86954378972127e-05,9.86954378972127e-05,0.9984677475087108,0.005
5,1882,3883,0.00010803271692271245,0.00010803271692271245,0.9983690123241461,0.005
5,1883,3884,0.000116159509004512,0.000116159509004512,0.9984533893991643,0.005
5,1884,3885,0.0001754132542727427,0.0001754132542727427,0.9982647223186544,0.005
5,1885,3886,0.00010728226479234549,0.00010728226479234549,0.9984627540188382,0.005
5,1886,3887,0.00011784529530232458,0.00011784529530232458,0.9983820285947379,0.005
5,1887,3888,0.0001054787359962761,0.0001054787359962761,0.9983845422655883,0.005
5,1888,3889,0.00013339592042726944,0.00013339592042726944,0.9984011655767147,0.005
5,1889,3890,0.00011367594523297498,0.00011367594523297498,0.9984821977378492,0.005
5,1890,3891,0.0003807593098653295,0.0003807593098653295,0.998067955034417,0.005
5,1891,3892,0.00010826917282523053,0.00010826917282523053,0.9985427134795796,0.005
5,1892,3893,0.00012194238458313134,0.00012194238458313134,0.9985461034705072,0.005
5,1893,3894,0.00013816883317318565,0.00013816883317318565,0.998636236657174,0.005
5,1894,3895,0.00013611607998151754,0.00013611607998151754,0.9985507617594122,0.005
5,1895,3896,0.00013086557125632892,0.00013086557125632892,0.9986336666568663,0.005
5,1896,3897,0.00013322253962793853,0.00013322253962793853,0.9984988087909373,0.005
5,1897,3898,0.00014658800963693541,0.00014658800963693541,0.9984155089090256,0.005
5,1898,3899,0.00012467623297259922,0.00012467623297259922,0.9984582246623661,0.005
5,1899,3900,0.0001312949284309428,0.0001312949284309428,0.9985587605673552,0.005
5,1900,3901,0.000105164093250818,0.000105164093250818,0.998498514062751,0.005
5,1901,3902,0.00015681731588634395,0.00015681731588634395,0.9985119656836542,0.005
5,1902,3903,0.00011224711868347171,0.00011224711868347171,0.9984485556668633,0.005
5,1903,3904,0.00013040523750787125,0.00013040523750787125,0.9985064807306258,0.005
5,1904,3905,0.00023440828858371847,0.00023440828858371847,0.9981988519079799,0.005
5,1905,3906,0.0001104775006495251,0.0001104775006495251,0.9985888168880889,0.005
5,1906,3907,0.00011970672166673911,0.00011970672166673911,0.9984163218121569,0.005
5,1907,3908,0.00014974299924462532,0.00014974299924462532,0.9984018476765388,0.005
5,1908,3909,0.00010199480106746095,0.00010199480106746095,0.9984229853809328,0.005
5,1909,3910,0.00011153443821170007,0.00011153443821170007,0.9985360468201363,0.005
5,1910,3911,0.00010400149200612052,0.00010400149200612052,0.9983583333468774,0.005
5,1911,3912,0.00011925275938212244,0.00011925275938212244,0.9983817171570031,0.005
5,1912,3913,0.00011340095020068275,0.00011340095020068275,0.9984979063395782,0.005
5,1913,3914,0.00014574395251002126,0.00014574395251002126,0.9983902900282697,0.005
5,1914,3915,0.00012971353484278692,0.00012971353484278692,0.9983528047631369,0.005
5,1915,3916,0.00010637014565923587,0.00010637014565923587,0.9985294000553071,0.005
5,1916,3917,0.00012219942617192392,0.00012219942617192392,0.9985095727061548,0.005
5,1917,3918,0.0001487342196891528,0.0001487342196891528,0.9983903250944205,0.005
5,1918,3919,9.059209729624374e-05,9.059209729624374e-05,0.9984811827068719,0.005
5,1919,3920,0.00010904862829129501,0.00010904862829129501,0.9984495712623083,0.005
5,1920,3921,0.00011389339652362663,0.00011389339652362663,0.9985514428586554,0.005
5,1921,3922,0.0001468085795025187,0.0001468085795025187,0.9985045429347662,0.005
5,1922,3923,0.00012217341693491424,0.00012217341693491424,0.9984264605539204,0.005
5,1923,3924,9.516070728203818e-05,9.516070728203818e-05,0.9984241718864655,0.005
5,1924,3925,0.000111600098699437,0.000111600098699437,0.9983658125370579,0.005
5,1925,3926,0.00012209618691796486,0.00012209618691796486,0.9984231314039508,0.005
5,1926,3927,0.00010201147027899871,0.00010201147027899871,0.9984633788889867,0.005
5,1927,3928,0.00011241725562221805,0.00011241725562221805,0.9983995242805174,0.005
5,1928,3929,0.00013625651226014448,0.00013625651226014448,0.9981823801177298,0.005
5,1929,3930,0.00013466894384687956,0.00013466894384687956,0.9983308531783991,0.005
5,1930,3931,9.712942585157424e-05,9.712942585157424e-05,0.9983930008444117,0.005
5,1931,3932,0.00011073253720809139,0.00011073253720809139,0.9984110212315679,0.005
5,1932,3933,0.000124695212242244,0.000124695212242244,0.9984192955651688,0.005
5,1933,3934,8.966778513853191e-05,8.966778513853191e-05,0.998488211142028,0.005
5,1934,3935,0.00011250266414208454,0.00011250266414208454,0.9984402103523086,0.005
5,1935,3936,0.0001243518356080331,0.0001243518356080331,0.998538798934603,0.005
5,1936,3937,9.963987428085019e-05,9.963987428085019e-05,0.9984921331068747,0.005
5,1937,3938,0.00012915781491050217,0.00012915781491050217,0.9985623795619762,0.005
5,1938,3939,0.00011155331766327659,0.00011155331766327659,0.9984681004128332,0.005
5,1939,3940,0.00011354218620444946,0.00011354218620444946,0.9984999744320489,0.005
5,1940,3941,0.00013115461706272093,0.00013115461706272093,0.9985777756888935,0.005
5,1941,3942,0.00010354522565129809,0.00010354522565129809,0.9984315009146438,0.005
5,1942,3943,0.0001013073037046275,0.0001013073037046275,0.998516795794103,0.005
5,1943,3944,0.00013760864373338566,0.00013760864373338566,0.9982398507122173,0.005
5,1944,3945,0.00013073946724738274,0.00013073946724738274,0.998326184731481,0.005
5,1945,3946,0.00010744374690138892,0.00010744374690138892,0.9984427816324828,0.005
5,1946,3947,0.00011156188476880602,0.00011156188476880602,0.9985282659316757,0.005
5,1947,3948,9.30585892327307e-05,9.30585892327307e-05,0.9984509005661487,0.005
5,1948,3949,0.00011819065621986315,0.00011819065621986315,0.9983876259426514,0.005
5,1949,3950,0.00012678483331023948,0.00012678483331023948,0.998407256444632,0.005
5,1950,3951,0.00010210475234498806,0.00010210475234498806,0.9985012325146438,0.005
5,1951,3952,0.00011977039045682147,0.00011977039045682147,0.9983644549055378,0.005
5,1952,3953,0.00012070843770072283,0.00012070843770072283,0.9983774439484399,0.005
5,1953,3954,0.00011614685273787063,0.00011614685273787063,0.9984115585876405,0.005
5,1954,3955,8.599685181580608e-05,8.599685181580608e-05,0.9984805015370428,0.005
5,1955,3956,0.00017710544927503457,0.00017710544927503457,0.9982879358329272,0.005
5,1956,3957,0.00011178544049354923,0.00011178544049354923,0.9984328210417869,0.005
5,1957,3958,0.00010315436475551332,0.00010315436475551332,0.998489925096008,0.005
5,1958,3959,0.00012930002859262935,0.00012930002859262935,0.9985528783865121,0.005
5,1959,3960,0.00013339899497036734,0.00013339899497036734,0.9986229965828749,0.005
5,1960,3961,0.0001145233366958398,0.0001145233366958398,0.9984567982242947,0.005
5,1961,3962,0.00011116953139314378,0.00011116953139314378,0.9985515022523014,0.005
5,1962,3963,0.00010838898762413618,0.00010838898762413618,0.9984419555984327,0.005
5,1963,3964,0.00011296794779275921,0.00011296794779275921,0.9984282765946486,0.005
5,1964,3965,0.00010052710868369453,0.00010052710868369453,0.9983524324195269,0.005
5,1965,3966,0.0001247829292507574,0.0001247829292507574,0.998434854909933,0.005
5,1966,3967,0.00013351928902197716,0.00013351928902197716,0.9983489682319793,0.005
5,1967,3968,9.101528443762441e-05,9.101528443762441e-05,0.9984649169704084,0.005
5,1968,3969,0.00010137845243483599,0.00010137845243483599,0.9984931193257364,0.005
5,1969,3970,0.0001053059261072986,0.0001053059261072986,0.9984141781812603,0.005
5,1970,3971,0.00013050541738476417,0.00013050541738476417,0.9983281901564824,0.005
5,1971,3972,0.00010600044963901878,0.00010600044963901878,0.9983745073713636,0.005
5,1972,3973,0.00013003039152659213,0.00013003039152659213,0.9983754367028495,0.005
5,1973,3974,9.470804985356907e-05,9.470804985356907e-05,0.9984042813875426,0.005
5,1974,3975,9.679782077642307e-05,9.679782077642307e-05,0.9984129773232079,0.005
5,1975,3976,0.00010218152028193317,0.00010218152028193317,0.998509764269764,0.005
5,1976,3977,9.742819932814784e-05,9.742819932814784e-05,0.9985345234190074,0.005
5,1977,3978,0.0001246209836465806,0.0001246209836465806,0.9984439757694491,0.005
5,1978,3979,0.00012167928279278927,0.00012167928279278927,0.9984248639123046,0.005
5,1979,3980,0.00011072372238879024,0.00011072372238879024,0.998495899775306,0.005
5,1980,3981,0.0001018800132059139,0.0001018800132059139,0.9986082415809624,0.005
5,1981,3982,0.00011592994500651875,0.00011592994500651875,0.9984274551767344,0.005
5,1982,3983,0.00012400744996747813,0.00012400744996747813,0.9984711110664437,0.005
5,1983,3984,0.00012311855662743622,0.00012311855662743622,0.998330372929998,0.005
5,1984,3985,0.00012740445738053553,0.00012740445738053553,0.9983830435096538,0.005
5,1985,3986,0.0001186267789557305,0.0001186267789557305,0.99833921936932,0.005
5,1986,3987,9.635216013601734e-05,9.635216013601734e-05,0.9984045003596376,0.005
5,1987,3988,0.00011099005691657558,0.00011099005691657558,0.9983701854901027,0.005
5,1988,3989,0.00013462917558722975,0.00013462917558722975,0.9984181850248158,0.005
5,1989,3990,0.00012097383592514332,0.00012097383592514332,0.9983593711207464,0.005
5,1990,3991,0.00013001339147398095,0.00013001339147398095,0.9983517374966765,0.005
5,1991,3992,0.00010309599635654031,0.00010309599635654031,0.9985062876156019,0.005
5,1992,3993,0.00015084409677647016,0.00015084409677647016,0.9984072727678038,0.005
5,1993,3994,0.00012049474088019041,0.00012049474088019041,0.9984722467748398,0.005
5,1994,3995,0.00011102063422506636,0.00011102063422506636,0.998558057252552,0.005
5,1995,3996,0.00011271242517767676,0.00011271242517767676,0.9984810059617585,0.005
5,1996,3997,9.538994599950335e-05,9.538994599950335e-05,0.9984039723349448,0.005
5,1997,3998,0.00015636036790426687,0.00015636036790426687,0.9982697906462685,0.005
5,1998,3999,0.00015381747359345834,0.00015381747359345834,0.9983164281104588,0.005
5,1999,4000,0.00010576485387265189,0.00010576485387265189,0.9984714426140816,0.005
5,2000,4001,0.00011690576560908993,0.00011690576560908993,0.998556414458068,0.005
4,0,4002,0.19963683509073704,0.19963683509073704,0.7735499626246665,0.005
4,1,4003,0.20434495574295033,0.20434495574295033,0.768459627502436,0.005
4,2,4004,0.19463745012822004,0.19463745012822004,0.7783682305826328,0.005
4,3,4005,0.17436541421141,0.17436541421141,0.7999751811805681,0.005
4,4,4006,0.20252219867640717,0.20252219867640717,0.7703065155859784,0.005
4,5,4007,0.17318031540633158,0.17318031540633158,0.8015996460658951,0.005
4,6,4008,0.17896865202710546,0.17896865202710546,0.7953324284713643,0.005
4,7,4009,0.19536180646099083,0.19536180646099083,0.7777801048985457,0.005
4,8,4010,0.16743803850991373,0.16743803850991373,0.8066459311930441,0.005
4,9,4011,0.1756510506615146,0.1756510506615146,0.7986866174101287,0.005
4,10,4012,0.16161591595392705,0.16161591595392705,0.8143077137765324,0.005
4,11,4013,0.17494304364226448,0.17494304364226448,0.7993568707458854,0.005
4,12,4014,0.17131215590681742,0.17131215590681742,0.803036340086921,0.005
4,13,4015,0.17704849932495553,0.17704849932495553,0.79770418207974,0.005
4,14,4016,0.18416390127517446,0.18416390127517446,0.7905748264841994,0.005
4,15,4017,0.1675617248293898,0.1675617248293898,0.8080857296397381,0.005
4,16,4018,0.16295718721823121,0.16295718721823121,0.812339821567982,0.005
4,17,4019,0.17865213305936428,0.17865213305936428,0.7961172320403376,0.005
4,18,4020,0.1772067994593824,0.1772067994593824,0.798702509515089,0.005
4,19,4021,0.16535358704592118,0.16535358704592118,0.810372790572121,0.005
4,20,4022,0.16391354889292348,0.16391354889292348,0.811143875757321,0.005
4,21,4023,0.1513962191569338,0.1513962191569338,0.8258102413498007,0.005
4,22,4024,0.17176334761092862,0.17176334761092862,0.8038617151067112,0.005
4,23,4025,0.161863052219063,0.161863052219063,0.8133907033209024,0.005
4,24,4026,0.15049171484769341,0.15049171484769341,0.8258846855353804,0.005
4,25,4027,0.1477377443415366,0.1477377443415366,0.8292883460479454,0.005
4,26,4028,0.15346909643543713,0.15346909643543713,0.8234225814628447,0.005
4,27,4029,0.15516313872287094,0.15516313872287094,0.8208538755911424,0.005
4,28,4030,0.1423619062648821,0.1423619062648821,0.8355995412672786,0.005
4,29,4031,0.14530032363414455,0.14530032363414455,0.8310691453918422,0.005
4,30,4032,0.16632121907940003,0.16632121907940003,0.809701881001663,0.005
4,31,4033,0.15664711232547485,0.15664711232547485,0.8201101365396146,0.005
4,32,4034,0.1462047219539933,0.1462047219539933,0.8300542966642454,0.005
4,33,4035,0.15619918664475801,0.15619918664475801,0.8210835954589318,0.005
4,34,4036,0.15383119701587766,0.15383119701587766,0.8234715276088981,0.005
4,35,4037,0.16071546140422005,0.16071546140422005,0.8152642681386397,0.005
4,36,4038,0.1458424090466875,0.1458424090466875,0.829088298133853,0.005
4,37,4039,0.14837612074132234,0.14837612074132234,0.8280530025498042,0.005
4,38,4040,0.13659626987028595,0.13659626987028595,0.840000156207598,0.005
4,39,4041,0.14167555007048796,0.14167555007048796,0.8343994977966551,0.005
4,40,4042,0.13956467100678843,0.13956467100678843,0.8368125164281561,0.005
4,41,4043,0.1284843931168753,0.1284843931168753,0.8489793774251716,0.005
4,42,4044,0.134526637669947,0.134526637669947,0.8430692432661628,0.005
4,43,4045,0.1370375647650738,0.1370375647650738,0.8391302777715206,0.005
4,44,4046,0.1638463323126593,0.1638463323126593,0.8126887745852722,0.005
4,45,4047,0.1577692978079431,0.1577692978079431,0.8179354429273002,0.005
4,46,4048,0.14503856585581437,0.14503856585581437,0.8324343694724791,0.005
4,47,4049,0.1244676172760272,0.1244676172760272,0.8525296115406545,0.005
4,48,4050,0.14845012415428827,0.14845012415428827,0.8275119636257784,0.005
4,49,4051,0.12541582975931864,0.12541582975931864,0.8527328076179118,0.005
4,50,4052,0.13502975592316202,0.13502975592316202,0.8412223921828434,0.005
4,51,4053,0.1280031626327815,0.1280031626327815,0.8489264711630004,0.005
4,52,4054,0.12093399481189054,0.12093399481189054,0.8561190961825662,0.005
4,53,4055,0.13928425429573005,0.13928425429573005,0.8369868431968673,0.005
4,54,4056,0.14750515148785842,0.14750515148785842,0.828951537970383,0.005
4,55,4057,0.12414680283049057,0.12414680283049057,0.8538823565808882,0.005
4,56,4058,0.13669884091218126,0.13669884091218126,0.8397318344561334,0.005
4,57,4059,0.12061316862020707,0.12061316862020707,0.8570705875047994,0.005
4,58,4060,0.1338693186361461,0.1338693186361461,0.8433530469554084,0.005
4,59,4061,0.12675355874716535,0.12675355874716535,0.8499469667575045,0.005
4,60,4062,0.14087281827311882,0.14087281827311882,0.8348643886420826,0.005
4,61,4063,0.11366813017887491,0.11366813017887491,0.8647106364728938,0.005
4,62,4064,0.12943835707854562,0.12943835707854562,0.8494270273877595,0.005
4,63,4065,0.1220892196324225,0.1220892196324225,0.8545223361586257,0.005
4,64,4066,0.13446567752550756,0.13446567752550756,0.842201465716415,0.005
4,65,4067,0.13359920961445707,0.13359920961445707,0.8420591796722509,0.005
4,66,4068,0.13168157649639395,0.13168157649639395,0.8441303086863496,0.005
4,67,4069,0.1345720027520081,0.1345720027520081,0.8421828343935935,0.005
4,68,4070,0.12824331370038067,0.12824331370038067,0.8480859549727575,0.005
4,69,4071,0.13446073422914534,0.13446073422914534,0.8427585099494367,0.005
4,70,4072,0.12812663200535612,0.12812663200535612,0.848875540112582,0.005
4,71,4073,0.1300174822853534,0.1300174822853534,0.8471842047369683,0.005
4,72,4074,0.10741414246509282,0.10741414246509282,0.8717379276520606,0.005
4,73,4075,0.11418016908320976,0.11418016908320976,0.8637467832136209,0.005
4,74,4076,0.13632589671422674,0.13632589671422674,0.8384353723159784,0.005
4,75,4077,0.11140450939393137,0.11140450939393137,0.8656094529957805,0.005
4,76,4078,0.10235071671419055,0.10235071671419055,0.8753317635662144,0.005
4,77,4079,0.12298162347794467,0.12298162347794467,0.8536099286985335,0.005
4,78,4080,0.12068005876562314,0.12068005876562314,0.856432629282614,0.005
4,79,4081,0.13417402619642987,0.13417402619642987,0.8420065436204827,0.005
4,80,4082,0.1026395846943996,0.1026395846943996,0.8757217251968378,0.005
4,81,4083,0.11986139696145372,0.11986139696145372,0.8573125088308327,0.005
4,82,4084,0.11677394860118014,0.11677394860118014,0.8610437831331305,0.005
4,83,4085,0.10881849224761772,0.10881849224761772,0.8690746172340238,0.005
4,84,4086,0.11994156034055709,0.11994156034055709,0.8566002842877537,0.005
4,85,4087,0.10727408859997233,0.10727408859997233,0.871242152921658,0.005
4,86,4088,0.11380584726595196,0.11380584726595196,0.8637975189629404,0.005
4,87,4089,0.10125482555966374,0.10125482555966374,0.8777821011685701,0.005
4,88,4090,0.10973505115529772,0.10973505115529772,0.867529313087483,0.005
4,89,4091,0.10405834253632062,0.10405834253632062,0.8731077855480278,0.005
4,90,4092,0.11030282777458922,0.11030282777458922,0.8660634202363541,0.005
4,91,4093,0.11357731983365288,0.11357731983365288,0.8639380390779822,0.005
4,92,4094,0.1145237249964542,0.1145237249964542,0.8611392830375121,0.005
4,93,4095,0.11870395234070108,0.11870395234070108,0.858294038242214,0.005
4,94,4096,0.11151691149822879,0.11151691149822879,0.8652976056687925,0.005
4,95,4097,0.09469059383365774,0.09469059383365774,0.8834116221236137,0.005
4,96,4098,0.10196399599268459,0.10196399599268459,0.875665056480451,0.005
4,97,4099,0.11740736490374012,0.11740736490374012,0.8581740925393011,0.005
4,98,4100,0.09875643079603066,0.09875643079603066,0.8803118430643861,0.005
4,99,4101,0.10839240077600117,0.10839240077600117,0.8690459539637154,0.005
4,100,4102,0.09795650759408228,0.09795650759408228,0.8816300853042229,0.005
4,101,4103,0.09799009562906735,0.09799009562906735,0.8804350915923767,0.005
4,102,4104,0.09081230921806342,0.09081230921806342,0.8889032471391904,0.005
4,103,4105,0.0895231986390076,0.0895231986390076,0.8893938175116277,0.005
4,104,4106,0.0966772174297417,0.0966772174297417,0.8818660562637406,0.005
4,105,4107,0.09807014418999763,0.09807014418999763,0.8800865335182749,0.005
4,106,4108,0.08630629377549688,0.08630629377549688,0.8931604807312612,0.005
4,107,4109,0.08810330848643744,0.08810330848643744,0.8913929429076886,0.005
4,108,4110,0.09389758410418556,0.09389758410418556,0.8848530868266032,0.005
4,109,4111,0.08892824099429908,0.08892824099429908,0.8905793739756628,0.005
4,110,4112,0.09527501253157435,0.09527501253157435,0.8832121296624189,0.005
4,111,4113,0.08130933184405995,0.08130933184405995,0.8997946366443725,0.005
4,112,4114,0.0978723651173879,0.0978723651173879,0.8803717772392615,0.005
4,113,4115,0.08731060204785399,0.08731060204785399,0.891607393793028,0.005
4,114,4116,0.0962299915258864,0.0962299915258864,0.8848442509762939,0.005
4,115,4117,0.0855543850648847,0.0855543850648847,0.8951113574734962,0.005
4,116,4118,0.07872663049285483,0.07872663049285483,0.9013721932008117,0.005
4,117,4119,0.0883379580147308,0.0883379580147308,0.8903865793209521,0.005
4,118,4120,0.07706322695027568,0.07706322695027568,0.9040920141678708,0.005
4,119,4121,0.09408021194598382,0.09408021194598382,0.8844680698506665,0.005
4,120,4122,0.08306122903140514,0.08306122903140514,0.8976375859146134,0.005
4,121,4123,0.09327949350998373,0.09327949350998373,0.8873407370688321,0.005
4,122,4124,0.09169682242669251,0.09169682242669251,0.8886028114955434,0.005
4,123,4125,0.08358822976737615,0.08358822976737615,0.8952872042731095,0.005
4,124,4126,0.08859531241561593,0.08859531241561593,0.8930621727426274,0.005
4,125,4127,0.08679129092872398,0.08679129092872398,0.8937060435381927,0.005
4,126,4128,0.09723859138988483,0.09723859138988483,0.8801268709629251,0.005
4,127,4129,0.0807004954824076,0.0807004954824076,0.8996349937290441,0.005
4,128,4130,0.07841455497257721,0.07841455497257721,0.9042837535021585,0.005
4,129,4131,0.07950481031077808,0.07950481031077808,0.9001948224967097,0.005
4,130,4132,0.08229543387710753,0.08229543387710753,0.8989857299348014,0.005
4,131,4133,0.08370055175453359,0.08370055175453359,0.8963202646041412,0.005
4,132,4134,0.08240410666195672,0.08240410666195672,0.8977483508794376,0.005
4,133,4135,0.07201625857399568,0.07201625857399568,0.9105789651042855,0.005
4,134,4136,0.0773361033018654,0.0773361033018654,0.9054304649481141,0.005
4,135,4137,0.0725740575783474,0.0725740575783474,0.9090476681814254,0.005
4,136,4138,0.08061483689239134,0.08061483689239134,0.9006674211462742,0.005
4,137,4139,0.07119294020512662,0.07119294020512662,0.9117063578382572,0.005
4,138,4140,0.07364687096375186,0.07364687096375186,0.9085051755074663,0.005
4,139,4141,0.07447446470418961,0.07447446470418961,0.9080191208641285,0.005
4,140,4142,0.06774351526652794,0.06774351526652794,0.9147246369957511,0.005
4,141,4143,0.06909216980378066,0.06909216980378066,0.9142593644862816,0.005
4,142,4144,0.06667344003334179,0.06667344003334179,0.9169805931345127,0.005
4,143,4145,0.07113475526685012,0.07113475526685012,0.912084066535033,0.005
4,144,4146,0.06762766686746624,0.06762766686746624,0.9157081443200005,0.005
4,145,4147,0.06576792940268852,0.06576792940268852,0.9169020713471472,0.005
4,146,4148,0.07070909548565565,0.07070909548565565,0.9129889825427727,0.005
4,147,4149,0.07072529238033444,0.07072529238033444,0.9132947726515297,0.005
4,148,4150,0.07407277108630078,0.07407277108630078,0.9090733331800348,0.005
4,149,4151,0.0743728998711603,0.0743728998711603,0.9091389860315183,0.005
4,150,4152,0.07043609438722688,0.07043609438722688,0.9138431166386589,0.005
4,151,4153,0.0745970082968849,0.0745970082968849,0.9089792532576659,0.005
4,152,4154,0.0702383448509756,0.0702383448509756,0.9130690700049298,0.005
4,153,4155,0.06795778353021562,0.06795778353021562,0.9158499452213436,0.005
4,154,4156,0.05890111641421529,0.05890111641421529,0.9261894921929532,0.005
4,155,4157,0.06846141709290125,0.06846141709290125,0.9171995255137314,0.005
4,156,4158,0.06884603360230808,0.06884603360230808,0.9157485546819444,0.005
4,157,4159,0.06627220172172837,0.06627220172172837,0.9189012418060313,0.005
4,158,4160,0.06736348693629697,0.06736348693629697,0.9162860330091348,0.005
4,159,4161,0.0592127569169144,0.0592127569169144,0.925841638017523,0.005
4,160,4162,0.06949696167970584,0.06949696167970584,0.9147581783852841,0.005
4,161,4163,0.07236332112087926,0.07236332112087926,0.9127725521752659,0.005
4,162,4164,0.06638007048872789,0.06638007048872789,0.9187200378676172,0.005
4,163,4165,0.06811234777891145,0.06811234777891145,0.9148396286931879,0.005
4,164,4166,0.07082605732223851,0.07082605732223851,0.913935773776989,0.005
4,165,4167,0.06867106072762069,0.06867106072762069,0.9162919639169479,0.005
4,166,4168,0.06109452814196718,0.06109452814196718,0.9241997849610118,0.005
4,167,4169,0.06220671078717675,0.06220671078717675,0.9229349491043384,0.005
4,168,4170,0.06760506702768532,0.06760506702768532,0.9166519676175747,0.005
4,169,4171,0.058366788769719694,0.058366788769719694,0.9272468674102213,0.005
4,170,4172,0.0635719539571661,0.0635719539571661,0.9214545197748729,0.005
4,171,4173,0.061530343183478144,0.061530343183478144,0.9241723220837871,0.005
4,172,4174,0.05825497422653409,0.05825497422653409,0.9298781930087204,0.005
4,173,4175,0.0676229868852868,0.0676229868852868,0.9174961141903849,0.005
4,174,4176,0.05930011431313945,0.05930011431313945,0.9262061879370096,0.005
4,175,4177,0.05914364643698486,0.05914364643698486,0.9265507495385417,0.005
4,176,4178,0.05893496846299518,0.05893496846299518,0.9265556391139466,0.005
4,177,4179,0.06414115804976421,0.06414115804976421,0.9205101241227734,0.005
4,178,4180,0.061471359666728495,0.061471359666728495,0.9233937822360717,0.005
4,179,4181,0.06130694733967554,0.06130694733967554,0.9264142633806002,0.005
4,180,4182,0.06273964127147094,0.06273964127147094,0.9227299625928794,0.005
4,181,4183,0.06297910521562507,0.06297910521562507,0.922728205779014,0.005
4,182,4184,0.06273306699498256,0.06273306699498256,0.9227871214760751,0.005
4,183,4185,0.049778779111699895,0.049778779111699895,0.9373530297068329,0.005
4,184,4186,0.056709711760301706,0.056709711760301706,0.9293627623621193,0.005
4,185,4187,0.05780268377293941,0.05780268377293941,0.9278568857060553,0.005
4,186,4188,0.060375768427914894,0.060375768427914894,0.9251124535167914,0.005
4,187,4189,0.06146436624614069,0.06146436624614069,0.9237393924304461,0.005
4,188,4190,0.05479636384141094,0.05479636384141094,0.9321159184634983,0.005
4,189,4191,0.05751924877906968,0.05751924877906968,0.929396716059548,0.005
4,190,4192,0.050991896603325614,0.050991896603325614,0.9351864706431278,0.005
4,191,4193,0.050127652492059444,0.050127652492059444,0.936683571249372,0.005
4,192,4194,0.0571410680407863,0.0571410680407863,0.9286132195220691,0.005
4,193,4195,0.05794477739754023,0.05794477739754023,0.9285115618999297,0.005
4,194,4196,0.05658547352698884,0.05658547352698884,0.9298521801892007,0.005
4,195,4197,0.049069163142585887,0.049069163142585887,0.9384045894088261,0.005
4,196,4198,0.052548327356920006,0.052548327356920006,0.9336191177759041,0.005
4,197,4199,0.05281296660629449,0.05281296660629449,0.9314014238858589,0.005
4,198,4200,0.057306656017236196,0.057306656017236196,0.9283419624573375,0.005
4,199,4201,0.05488183011407757,0.05488183011407757,0.9317280354503703,0.005
4,200,4202,0.0562474525007056,0.0562474525007056,0.929224861104811,0.005
4,201,4203,0.05591056325178416,0.05591056325178416,0.9312369080328144,0.005
4,202,4204,0.052475041253700686,0.052475041253700686,0.9331059208711593,0.005
4,203,4205,0.04876830720322842,0.04876830720322842,0.9367665011496589,0.005
4,204,4206,0.05016066250486238,0.05016066250486238,0.9369336749730954,0.005
4,205,4207,0.05004288239933627,0.05004288239933627,0.9350527609354744,0.005
4,206,4208,0.04575585516266895,0.04575585516266895,0.9412803155306881,0.005
4,207,4209,0.045097581440345216,0.045097581440345216,0.9417610894796402,0.005
4,208,4210,0.04277959567957347,0.04277959567957347,0.9445095998809561,0.005
4,209,4211,0.04742432470792747,0.04742432470792747,0.9379137162402865,0.005
4,210,4212,0.04860503003612019,0.04860503003612019,0.936924012560295,0.005
4,211,4213,0.042903588898992776,0.042903588898992776,0.9436860186085607,0.005
4,212,4214,0.04525212260076859,0.04525212260076859,0.9401332283733095,0.005
4,213,4215,0.047213913039132034,0.047213913039132034,0.9380888634777781,0.005
4,214,4216,0.042414968206128764,0.042414968206128764,0.9433137106236653,0.005
4,215,4217,0.04711593620052876,0.04711593620052876,0.9377612978882386,0.005
4,216,4218,0.03767210615299833,0.03767210615299833,0.9482916944069716,0.005
4,217,4219,0.03413496576316868,0.03413496576316868,0.9520249880735087,0.005
4,218,4220,0.03951799359295059,0.03951799359295059,0.9475034966984557,0.005
4,219,4221,0.042119588113372894,0.042119588113372894,0.944005375497171,0.005
4,220,4222,0.03788992148061116,0.03788992148061116,0.9482491410980581,0.005
4,221,4223,0.03734424912939066,0.03734424912939066,0.9488939972802649,0.005
4,222,4224,0.047359110438763924,0.047359110438763924,0.9375892803125261,0.005
4,223,4225,0.03950196273922156,0.03950196273922156,0.9463547345068428,0.005
4,224,4226,0.03624272340767254,0.03624272340767254,0.9500499467502455,0.005
4,225,4227,0.0356803283610658,0.0356803283610658,0.9513257993504973,0.005
4,226,4228,0.03559514290625315,0.03559514290625315,0.9497907698755513,0.005
4,227,4229,0.034038507868234646,0.034038507868234646,0.9527942427348036,0.005
4,228,4230,0.034307568134177034,0.034307568134177034,0.95316792976151,0.005
4,229,4231,0.03398716393723655,0.03398716393723655,0.9515976200326918,0.005
4,230,4232,0.0314867143530099,0.0314867143530099,0.955985138662677,0.005
4,231,4233,0.03782987552404714,0.03782987552404714,0.9480335322901569,0.005
4,232,4234,0.03471367562873917,0.03471367562873917,0.9519552185304769,0.005
4,233,4235,0.03154331751411252,0.03154331751411252,0.9550399402085253,0.005
4,234,4236,0.030744769622828124,0.030744769622828124,0.955012345727993,0.005
4,235,4237,0.028351149436781124,0.028351149436781124,0.9574128339397796,0.005
4,236,4238,0.031725011401434154,0.031725011401434154,0.9534007815179412,0.005
4,237,4239,0.027088274717767202,0.027088274717767202,0.9577914095213703,0.005
4,238,4240,0.027518164167438956,0.027518164167438956,0.9571186712161869,0.005
4,239,4241,0.026968497327858314,0.026968497327858314,0.9582765692619946,0.005
4,240,4242,0.024532172308622258,0.024532172308622258,0.9609570633835883,0.005
4,241,4243,0.021637905246017365,0.021637905246017365,0.966209683699525,0.005
4,242,4244,0.024153517093806753,0.024153517093806753,0.9619211039675415,0.005
4,243,4245,0.0237005110643555,0.0237005110643555,0.9635870619966712,0.005
4,244,4246,0.020961727234698774,0.020961727234698774,0.9650792804714382,0.005
4,245,4247,0.019964397252422092,0.019964397252422092,0.9659492408619632,0.005
4,246,4248,0.02151910013343883,0.02151910013343883,0.9630851301582068,0.005
4,247,4249,0.019744906687407967,0.019744906687407967,0.9659346050240878,0.005
4,248,4250,0.016779525831768477,0.016779525831768477,0.9700243328339093,0.005
4,249,4251,0.018954564781282573,0.018954564781282573,0.9676756884481733,0.005
4,250,4252,0.016487657859218015,0.016487657859218015,0.970670199059241,0.005
4,251,4253,0.021606821709412277,0.021606821709412277,0.9636265944967704,0.005
4,252,4254,0.015179458534806557,0.015179458534806557,0.9730621955946458,0.005
4,253,4255,0.028096026755610688,0.028096026755610688,0.956481891129246,0.005
4,254,4256,0.015477879370037508,0.015477879370037508,0.97188832140108,0.005
4,255,4257,0.017347750057290737,0.017347750057290737,0.9699136350255223,0.005
4,256,4258,0.019468948701926017,0.019468948701926017,0.9670777204189541,0.005
4,257,4259,0.015186905082170882,0.015186905082170882,0.9727832927296237,0.005
4,258,4260,0.017200178769943692,0.017200178769943692,0.9692858150343182,0.005
4,259,4261,0.012960004489937331,0.012960004489937331,0.9752128478581268,0.005
4,260,4262,0.016216574112237522,0.016216574112237522,0.9716768241039638,0.005
4,261,4263,0.013076910176610834,0.013076910176610834,0.9739778545986599,0.005
4,262,4264,0.015706154321834066,0.015706154321834066,0.972097352845627,0.005
4,263,4265,0.015274101455992088,0.015274101455992088,0.9709532413095957,0.005
4,264,4266,0.013921974661227769,0.013921974661227769,0.972942294542967,0.005
4,265,4267,0.011956120773408869,0.011956120773408869,0.9753686866412831,0.005
4,266,4268,0.0126278415814559,0.0126278415814559,0.974965534881153,0.005
4,267,4269,0.011643971111970401,0.011643971111970401,0.9756677223326115,0.005
4,268,4270,0.011816719608870777,0.011816719608870777,0.9760778362027878,0.005
4,269,4271,0.01152251351330699,0.01152251351330699,0.9760663321791777,0.005
4,270,4272,0.012001205144900773,0.012001205144900773,0.9765079981688494,0.005
4,271,4273,0.010082055478590899,0.010082055478590899,0.9785261201558193,0.005
4,272,4274,0.007882503444076545,0.007882503444076545,0.9816773397560116,0.005
4,273,4275,0.008927364735961868,0.008927364735961868,0.9794028828611303,0.005
4,274,4276,0.01027833985623617,0.01027833985623617,0.977481180649266,0.005
4,275,4277,0.010726347926648228,0.010726347926648228,0.9776901665219722,0.005
4,276,4278,0.009922362739331156,0.009922362739331156,0.9780920365136702,0.005
4,277,4279,0.009703489422116445,0.009703489422116445,0.977903693624751,0.005
4,278,4280,0.009005828773219522,0.009005828773219522,0.9796968235102641,0.005
4,279,4281,0.010777696140355612,0.010777696140355612,0.9771303551477223,0.005
4,280,4282,0.008267698490639902,0.008267698490639902,0.9800757798099916,0.005
4,281,4283,0.005847757547333781,0.005847757547333781,0.9835947779571592,0.005
4,282,4284,0.011174748140596536,0.011174748140596536,0.9769628060582677,0.005
4,283,4285,0.006483967429825146,0.006483967429825146,0.9830796837553394,0.005
4,284,4286,0.006055890996538454,0.006055890996538454,0.9833219755814939,0.005
4,285,4287,0.006502277970336725,0.006502277970336725,0.9827148278186691,0.005
4,286,4288,0.009884138369931381,0.009884138369931381,0.9787177513611167,0.005
4,287,4289,0.006555937675754078,0.006555937675754078,0.9827105797811463,0.005
4,288,4290,0.00854090334760936,0.00854090334760936,0.9806138305831166,0.005
4,289,4291,0.007204038698432979,0.007204038698432979,0.98286918527565,0.005
4,290,4292,0.007996579134416587,0.007996579134416587,0.9813068466959204,0.005
4,291,4293,0.006132631804058883,0.006132631804058883,0.9832638523195157,0.005
4,292,4294,0.003913071436756787,0.003913071436756787,0.9873772814174616,0.005
4,293,4295,0.005621303467957688,0.005621303467957688,0.98392784812513,0.005
4,294,4296,0.004916217021751263,0.004916217021751263,0.9854311538971684,0.005
4,295,4297,0.0058129849619288475,0.0058129849619288475,0.9837499044482371,0.005
4,296,4298,0.004923382944426876,0.004923382944426876,0.9848381805381696,0.005
4,297,4299,0.004707485133141566,0.004707485133141566,0.9858222987800186,0.005
4,298,4300,0.006025950951225118,0.006025950951225118,0.9834663416097327,0.005
4,299,4301,0.004255538530124543,0.004255538530124543,0.9869440038391842,0.005
4,300,4302,0.006206539960497229,0.006206539960497229,0.9838105771636809,0.005
4,301,4303,0.006593282879040293,0.006593282879040293,0.9824261943899217,0.005
4,302,4304,0.004148448425946237,0.004148448425946237,0.9867710906784746,0.005
4,303,4305,0.003993686775582027,0.003993686775582027,0.9866706224834021,0.005
4,304,4306,0.003566056679816295,0.003566056679816295,0.9877349063922953,0.005
4,305,4307,0.00437215821285991,0.00437215821285991,0.9862061211187795,0.005
4,306,4308,0.006037449351464781,0.006037449351464781,0.983575716532796,0.005
4,307,4309,0.003703307498603824,0.003703307498603824,0.9872930271947339,0.005
4,308,4310,0.003928274980331758,0.003928274980331758,0.987132070771929,0.005
4,309,4311,0.002885660911725714,0.002885660911725714,0.9887977972986984,0.005
4,310,4312,0.004067142626713003,0.004067142626713003,0.9867581067611406,0.005
4,311,4313,0.003474686355449761,0.003474686355449761,0.9877481324167091,0.005
4,312,4314,0.006036365306371673,0.006036365306371673,0.9842648063190907,0.005
4,313,4315,0.003036176918024446,0.003036176918024446,0.9882571605473537,0.005
4,314,4316,0.0025180111217110992,0.0025180111217110992,0.9890169117094968,0.005
4,315,4317,0.004340167546922791,0.004340167546922791,0.9868227520481576,0.005
4,316,4318,0.003182068325143346,0.003182068325143346,0.9881373203010233,0.005
4,317,4319,0.002750390831071794,0.002750390831071794,0.9887333033237052,0.005
4,318,4320,0.006148071423687728,0.006148071423687728,0.9844242803377394,0.005
4,319,4321,0.003925188884500971,0.003925188884500971,0.987155064322205,0.005
4,320,4322,0.0031926208233140152,0.0031926208233140152,0.9887356431902754,0.005
4,321,4323,0.002547685277140239,0.002547685277140239,0.9898652100651669,0.005
4,322,4324,0.003269200081204829,0.003269200081204829,0.9883523883986182,0.005
4,323,4325,0.0024222228237220757,0.0024222228237220757,0.9894850073235346,0.005
4,324,4326,0.001990109397668265,0.001990109397668265,0.9905321045572796,0.005
4,325,4327,0.0031503560575081536,0.0031503560575081536,0.9886881001043943,0.005
4,326,4328,0.002788706644697979,0.002788706644697979,0.9891825901436045,0.005
4,327,4329,0.002562349264398375,0.002562349264398375,0.9891575745303756,0.005
4,328,4330,0.002463749374273773,0.002463749374273773,0.9896997290395854,0.005
4,329,4331,0.0021292932163758946,0.0021292932163758946,0.9906168243821092,0.005
4,330,4332,0.0024403338812665158,0.0024403338812665158,0.989950970281528,0.005
4,331,4333,0.002190190939287532,0.002190190939287532,0.9904952763826801,0.005
4,332,4334,0.0034225037304807956,0.0034225037304807956,0.9893678286717711,0.005
4,333,4335,0.004420168561743964,0.004420168561743964,0.9866224543226054,0.005
4,334,4336,0.0018128013997809665,0.0018128013997809665,0.9911037809419817,0.005
4,335,4337,0.0019557725930169434,0.0019557725930169434,0.9910824076583351,0.005
4,336,4338,0.0023982482194487087,0.0023982482194487087,0.9894884564087512,0.005
4,337,4339,0.002527628947778782,0.002527628947778782,0.9895424362740375,0.005
4,338,4340,0.0026310807885181323,0.0026310807885181323,0.9895778263565723,0.005
4,339,4341,0.0023269305015143392,0.0023269305015143392,0.9896602006223865,0.005
4,340,4342,0.0032704752525464452,0.0032704752525464452,0.9893207044729425,0.005
4,341,4343,0.0018013333994668346,0.0018013333994668346,0.9914133806371088,0.005
4,342,4344,0.0021222725718405416,0.0021222725718405416,0.9901846245855257,0.005
4,343,4345,0.0016406397792867633,0.0016406397792867633,0.9912507229784598,0.005
4,344,4346,0.0015518285655149633,0.0015518285655149633,0.9921535863143786,0.005
4,345,4347,0.0016705350214456917,0.0016705350214456917,0.9911425711660513,0.005
4,346,4348,0.001345826823392079,0.001345826823392079,0.9923868058593255,0.005
4,347,4349,0.0019338021644097546,0.0019338021644097546,0.9907179492188422,0.005
4,348,4350,0.003841427391919152,0.003841427391919152,0.9876957212133756,0.005
4,349,4351,0.001637885763130249,0.001637885763130249,0.9913988989674759,0.005
4,350,4352,0.0018728261260678248,0.0018728261260678248,0.9912184755527855,0.005
4,351,4353,0.002326468708016765,0.002326468708016765,0.9901330374151416,0.005
4,352,4354,0.0016885966476421455,0.0016885966476421455,0.9916563028289564,0.005
4,353,4355,0.0017269599603060928,0.0017269599603060928,0.9908603101606815,0.005
4,354,4356,0.003041057432892127,0.003041057432892127,0.9887191911101151,0.005
4,355,4357,0.0013579393244286164,0.0013579393244286164,0.9919823638718459,0.005
4,356,4358,0.0010654145283764483,0.0010654145283764483,0.9929108788617989,0.005
4,357,4359,0.0014526100003241814,0.0014526100003241814,0.9918315967772638,0.005
4,358,4360,0.002842725468371442,0.002842725468371442,0.9888709510430159,0.005
4,359,4361,0.001751743150033821,0.001751743150033821,0.9906402669402127,0.005
4,360,4362,0.0015239653452581324,0.0015239653452581324,0.9912347485484138,0.005
4,361,4363,0.0014543978426644212,0.0014543978426644212,0.9916551926586701,0.005
4,362,4364,0.0015458818939961196,0.0015458818939961196,0.9917296497095569,0.005
4,363,4365,0.001212532867588767,0.001212532867588767,0.9925449276074211,0.005
4,364,4366,0.002511519143147538,0.002511519143147538,0.9899605925823192,0.005
4,365,4367,0.0022543364134959554,0.0022543364134959554,0.9911298921722436,0.005
4,366,4368,0.0014473680075948914,0.0014473680075948914,0.9915665566858548,0.005
4,367,4369,0.001009256913175235,0.001009256913175235,0.9927914871007208,0.005
4,368,4370,0.0011007789056938335,0.0011007789056938335,0.9924257623552549,0.005
4,369,4371,0.0016756885334465476,0.0016756885334465476,0.9912371183920743,0.005
4,370,4372,0.0024425577264931084,0.0024425577264931084,0.990257511499479,0.005
4,371,4373,0.0019943204535291157,0.0019943204535291157,0.99062538164477,0.005
4,372,4374,0.003466530890444651,0.003466530890444651,0.9897353307415381,0.005
4,373,4375,0.0021591262271038135,0.0021591262271038135,0.9902152791687601,0.005
4,374,4376,0.0014890797372685226,0.0014890797372685226,0.9916754224980778,0.005
4,375,4377,0.0014557672252954866,0.0014557672252954866,0.9918631032139229,0.005
4,376,4378,0.0020666924901207727,0.0020666924901207727,0.9911301665632233,0.005
4,377,4379,0.0017746068596707321,0.0017746068596707321,0.9912417527067312,0.005
4,378,4380,0.001210136977947438,0.001210136977947438,0.9922180633150888,0.005
4,379,4381,0.0011807452675558629,0.0011807452675558629,0.9926131748733308,0.005
4,380,4382,0.0011129292549878645,0.0011129292549878645,0.9927408187133594,0.005
4,381,4383,0.0015930912830595723,0.0015930912830595723,0.9917644460946354,0.005
4,382,4384,0.0009361405014427693,0.0009361405014427693,0.9927129096312586,0.005
4,383,4385,0.0014895165947357812,0.0014895165947357812,0.9915818052658506,0.005
4,384,4386,0.0009817565273744777,0.0009817565273744777,0.9934927584540966,0.005
4,385,4387,0.000924605031762763,0.000924605031762763,0.9932700209718944,0.005
4,386,4388,0.001356943201759494,0.001356943201759494,0.9920786568405228,0.005
4,387,4389,0.0009096482471498192,0.0009096482471498192,0.9932446111502276,0.005
4,388,4390,0.0015529223044545603,0.0015529223044545603,0.9913689093616987,0.005
4,389,4391,0.0009448040423281523,0.0009448040423281523,0.993141491018749,0.005
4,390,4392,0.001655377474047749,0.001655377474047749,0.991578125138246,0.005
4,391,4393,0.0018569572058691843,0.0018569572058691843,0.9906190090821327,0.005
4,392,4394,0.0020607189928424207,0.0020607189928424207,0.9903500636271011,0.005
4,393,4395,0.0011451670158578666,0.0011451670158578666,0.992167768274609,0.005
4,394,4396,0.001520044510381412,0.001520044510381412,0.9913006100496446,0.005
4,395,4397,0.0009323732864315593,0.0009323732864315593,0.9928284803854913,0.005
4,396,4398,0.0012909649632611598,0.0012909649632611598,0.9926009728768932,0.005
4,397,4399,0.0010142781019324588,0.0010142781019324588,0.9928543881305265,0.005
4,398,4400,0.0012525723561288091,0.0012525723561288091,0.9925150497840338,0.005
4,399,4401,0.001103436543567049,0.001103436543567049,0.9923235791167249,0.005
4,400,4402,0.001336140363272118,0.001336140363272118,0.9920776804261274,0.005
4,401,4403,0.001029468094531727,0.001029468094531727,0.9926447444254118,0.005
4,402,4404,0.0010097594745517636,0.0010097594745517636,0.9932910827914272,0.005
4,403,4405,0.0008598313079255071,0.0008598313079255071,0.9928080022457391,0.005
4,404,4406,0.0013091743888753082,0.0013091743888753082,0.9916054861619178,0.005
4,405,4407,0.0010270311318429915,0.0010270311318429915,0.9923860654094097,0.005
4,406,4408,0.0008842635105744933,0.0008842635105744933,0.9931327389646603,0.005
4,407,4409,0.0008662283305698893,0.0008662283305698893,0.993209640366363,0.005
4,408,4410,0.0009463417681772746,0.0009463417681772746,0.9934694503230654,0.005
4,409,4411,0.0007715634305653174,0.0007715634305653174,0.9936381507257876,0.005
4,410,4412,0.0010212654593092308,0.0010212654593092308,0.9928958545165757,0.005
4,411,4413,0.0008484557278038486,0.0008484557278038486,0.9936038120944697,0.005
4,412,4414,0.0008335630946309403,0.0008335630946309403,0.9938615277397951,0.005
4,413,4415,0.0011111126347291601,0.0011111126347291601,0.9924605673079981,0.005
4,414,4416,0.0013029372769683837,0.0013029372769683837,0.9918644981491754,0.005
4,415,4417,0.0010051307517912433,0.0010051307517912433,0.9928645099408627,0.005
4,416,4418,0.0009100215747935936,0.0009100215747935936,0.9928979894665332,0.005
4,417,4419,0.0011416886317124964,0.0011416886317124964,0.9927916554032904,0.005
4,418,4420,0.0009454162191867355,0.0009454162191867355,0.9934594327047811,0.005
4,419,4421,0.0011697369372552036,0.0011697369372552036,0.9921342316576577,0.005
4,420,4422,0.0010143525309582225,0.0010143525309582225,0.9932795645297365,0.005
4,421,4423,0.0010056790794687998,0.0010056790794687998,0.9923521778978126,0.005
4,422,4424,0.0007505592449360122,0.0007505592449360122,0.9935463403045806,0.005
4,423,4425,0.0010661593512959033,0.0010661593512959033,0.9928069294503492,0.005
4,424,4426,0.0009356644336524679,0.0009356644336524679,0.9931311083617057,0.005
4,425,4427,0.001090296148174711,0.001090296148174711,0.9927294660155095,0.005
4,426,4428,0.000887547884929335,0.000887547884929335,0.9929817090975982,0.005
4,427,4429,0.0009446344772430259,0.0009446344772430259,0.9924661112305152,0.005
4,428,4430,0.0011408722903371326,0.0011408722903371326,0.9926687893442563,0.005
4,429,4431,0.0008600890488073831,0.0008600890488073831,0.9928465423332772,0.005
4,430,4432,0.001023102031260934,0.001023102031260934,0.9932755337331662,0.005
4,431,4433,0.0008285726880567878,0.0008285726880567878,0.9936085297303462,0.005
4,432,4434,0.0009256646198754626,0.0009256646198754626,0.9930221714921286,0.005
4,433,4435,0.0011853543444862724,0.0011853543444862724,0.9922365845075481,0.005
4,434,4436,0.0010490725131608804,0.0010490725131608804,0.9925006549277045,0.005
4,435,4437,0.0007594382654415354,0.0007594382654415354,0.993452544286391,0.005
4,436,4438,0.0008232317739273486,0.0008232317739273486,0.993366358765385,0.005
4,437,4439,0.0009314787732707573,0.0009314787732707573,0.9928738524402528,0.005
4,438,4440,0.0022764177113746955,0.0022764177113746955,0.9915235187897227,0.005
4,439,4441,0.0010014838565464079,0.0010014838565464079,0.9926278385001744,0.005
4,440,4442,0.0008630626071098103,0.0008630626071098103,0.9929177712171737,0.005
4,441,4443,0.0007210668668073939,0.0007210668668073939,0.9935638700848595,0.005
4,442,4444,0.0008556637978111148,0.0008556637978111148,0.9932748779646665,0.005
4,443,4445,0.0009069646415467692,0.0009069646415467692,0.9928878670807463,0.005
4,444,4446,0.0008296725207880085,0.0008296725207880085,0.9936751788229542,0.005
4,445,4447,0.0007419508207601978,0.0007419508207601978,0.9932582406529592,0.005
4,446,4448,0.0008758050026721609,0.0008758050026721609,0.9933920538696274,0.005
4,447,4449,0.0010337454758709752,0.0010337454758709752,0.9927064887946591,0.005
4,448,4450,0.0011191276440568898,0.0011191276440568898,0.9920659006810868,0.005
4,449,4451,0.001007248653149284,0.001007248653149284,0.9932980613433209,0.005
4,450,4452,0.0008220871332265301,0.0008220871332265301,0.9935533354655763,0.005
4,451,4453,0.0008676412166809855,0.0008676412166809855,0.9929190718456751,0.005
4,452,4454,0.0007407193699353264,0.0007407193699353264,0.993605475923579,0.005
4,453,4455,0.0006910533959931121,0.0006910533959931121,0.9938074872184726,0.005
4,454,4456,0.0010006675545121968,0.0010006675545121968,0.9928858039291385,0.005
4,455,4457,0.0009749509211107999,0.0009749509211107999,0.9929399324434479,0.005
4,456,4458,0.0009697805168420437,0.0009697805168420437,0.9934197541948465,0.005
4,457,4459,0.0009300751038656385,0.0009300751038656385,0.9924691429205803,0.005
4,458,4460,0.0007508003334138836,0.0007508003334138836,0.9937160906401958,0.005
4,459,4461,0.0007795175897004226,0.0007795175897004226,0.9934363834027785,0.005
4,460,4462,0.0009272790327932467,0.0009272790327932467,0.9935041986157299,0.005
4,461,4463,0.0007499545806588848,0.0007499545806588848,0.9938233678275156,0.005
4,462,4464,0.0009115270585853475,0.0009115270585853475,0.9927320600979842,0.005
4,463,4465,0.001255394693301427,0.001255394693301427,0.992160188059431,0.005
4,464,4466,0.00075280773583702,0.00075280773583702,0.9933863865242278,0.005
4,465,4467,0.0006877450188767088,0.0006877450188767088,0.993735777320402,0.005
4,466,4468,0.0009856444653927852,0.0009856444653927852,0.9930578779105651,0.005
4,467,4469,0.0008491672376211446,0.0008491672376211446,0.9938080327214514,0.005
4,468,4470,0.0011065793983710216,0.0011065793983710216,0.9925677272424653,0.005
4,469,4471,0.000807319649168381,0.000807319649168381,0.9933759921652185,0.005
4,470,4472,0.0008841235472730014,0.0008841235472730014,0.9934419058631567,0.005
4,471,4473,0.0009659658802684213,0.0009659658802684213,0.9927031746713051,0.005
4,472,4474,0.0008290794417713099,0.0008290794417713099,0.9934806461928182,0.005
4,473,4475,0.0008707231719277786,0.0008707231719277786,0.9929494376170215,0.005
4,474,4476,0.001217977614214123,0.001217977614214123,0.9926835154890027,0.005
4,475,4477,0.0008463761842775019,0.0008463761842775019,0.9927911783099208,0.005
4,476,4478,0.0007978515646623163,0.0007978515646623163,0.9931352247714756,0.005
4,477,4479,0.0007554928572077191,0.0007554928572077191,0.9935134247874687,0.005
4,478,4480,0.0017022184850874309,0.0017022184850874309,0.9922757492155503,0.005
4,479,4481,0.0009747869066071513,0.0009747869066071513,0.9933224968048435,0.005
4,480,4482,0.0008535750625964911,0.0008535750625964911,0.9927552316665658,0.005
4,481,4483,0.0016907645854834018,0.0016907645854834018,0.9922155584107949,0.005
4,482,4484,0.0007715289006996729,0.0007715289006996729,0.9929285203171297,0.005
4,483,4485,0.000848537280352053,0.000848537280352053,0.9933514523846824,0.005
4,484,4486,0.0007781636476668851,0.0007781636476668851,0.9938473524977094,0.005
4,485,4487,0.0007442270794031924,0.0007442270794031924,0.9933250788987411,0.005
4,486,4488,0.0006550013151992773,0.0006550013151992773,0.9935089209782367,0.005
4,487,4489,0.0006925946747485356,0.0006925946747485356,0.9935310157022007,0.005
4,488,4490,0.0010692091366662714,0.0010692091366662714,0.9925089955412052,0.005
4,489,4491,0.0007552744865505767,0.0007552744865505767,0.9936388140998408,0.005
4,490,4492,0.0007992690884941389,0.0007992690884941389,0.9931429102246283,0.005
4,491,4493,0.0008400287251916394,0.0008400287251916394,0.9930175781386976,0.005
4,492,4494,0.0006899331725454694,0.0006899331725454694,0.9934670315950381,0.005
4,493,4495,0.000550074902377835,0.000550074902377835,0.9932733777233517,0.005
4,494,4496,0.0007168340628829907,0.0007168340628829907,0.9928942623742008,0.005
4,495,4497,0.000611477871558641,0.000611477871558641,0.993855642972195,0.005
4,496,4498,0.0007723339897862448,0.0007723339897862448,0.9929818717333238,0.005
4,497,4499,0.0006279742420051226,0.0006279742420051226,0.9935473240081721,0.005
4,498,4500,0.0006934324757242883,0.0006934324757242883,0.9934250648949158,0.005
4,499,4501,0.000637312248005596,0.000637312248005596,0.9931536794239179,0.005
4,500,4502,0.0006174303665820325,0.0006174303665820325,0.9934574159696189,0.005
4,501,4503,0.0017069276581792594,0.0017069276581792594,0.9911548114982686,0.005
4,502,4504,0.0007940676408582259,0.0007940676408582259,0.9936124235996521,0.005
4,503,4505,0.0006930975910449811,0.0006930975910449811,0.9940968132612756,0.005
4,504,4506,0.0006610777977051796,0.0006610777977051796,0.9934846522807308,0.005
4,505,4507,0.0006889089099425805,0.0006889089099425805,0.9933782578910149,0.005
4,506,4508,0.0007358812677005378,0.0007358812677005378,0.9931334198034906,0.005
4,507,4509,0.0008301460567202534,0.0008301460567202534,0.993695861698583,0.005
4,508,4510,0.0010579566555507015,0.0010579566555507015,0.9928833727938107,0.005
4,509,4511,0.0016205813547780946,0.0016205813547780946,0.9921125562335149,0.005
4,510,4512,0.000708551389113934,0.000708551389113934,0.9936160251768253,0.005
4,511,4513,0.0007431351604700443,0.0007431351604700443,0.9930202389254668,0.005
4,512,4514,0.000972582376550939,0.000972582376550939,0.9924494545764821,0.005
4,513,4515,0.001114472582639602,0.001114472582639602,0.9924864510429012,0.005
4,514,4516,0.0008152725647973945,0.0008152725647973945,0.993266612442385,0.005
4,515,4517,0.0008033059013677413,0.0008033059013677413,0.993467578470363,0.005
4,516,4518,0.0008250591407425667,0.0008250591407425667,0.993153375052925,0.005
4,517,4519,0.0008071307215391887,0.0008071307215391887,0.9937123004856927,0.005
4,518,4520,0.0006574091294054829,0.0006574091294054829,0.9935264175113747,0.005
4,519,4521,0.0006506374189281018,0.0006506374189281018,0.9937990168602082,0.005
4,520,4522,0.0007478108344849021,0.0007478108344849021,0.9938079144086082,0.005
4,521,4523,0.0006965216454248147,0.0006965216454248147,0.993417693025123,0.005
4,522,4524,0.0006718560821946207,0.0006718560821946207,0.9936325733282855,0.005
4,523,4525,0.0007678244050131622,0.0007678244050131622,0.9934689517891772,0.005
4,524,4526,0.0014556736323042743,0.0014556736323042743,0.9920277596611868,0.005
4,525,4527,0.0006475987852349817,0.0006475987852349817,0.9940677454594158,0.005
4,526,4528,0.0006984795665456324,0.0006984795665456324,0.9937610631442673,0.005
4,527,4529,0.0007004210262244138,0.0007004210262244138,0.9941681313109129,0.005
4,528,4530,0.0006738692926329604,0.0006738692926329604,0.9936872637479385,0.005
4,529,4531,0.0008116758299810612,0.0008116758299810612,0.9923991809135049,0.005
4,530,4532,0.001887039541251414,0.001887039541251414,0.9921672367142277,0.005
4,531,4533,0.0006843722416931364,0.0006843722416931364,0.99380938877142,0.005
4,532,4534,0.0007253859928668383,0.0007253859928668383,0.9936615598926493,0.005
4,533,4535,0.0006928119201032113,0.0006928119201032113,0.9935829217709565,0.005
4,534,4536,0.00074510316224362,0.00074510316224362,0.9934622792472696,0.005
4,535,4537,0.0006707786416687967,0.0006707786416687967,0.99398059563207,0.005
4,536,4538,0.000778803698497399,0.000778803698497399,0.993953666406301,0.005
4,537,4539,0.0009804315088345673,0.0009804315088345673,0.9930770193613455,0.005
4,538,4540,0.0007640392567310417,0.0007640392567310417,0.9934614956072243,0.005
4,539,4541,0.0006266244295483192,0.0006266244295483192,0.994042783612806,0.005
4,540,4542,0.0008067525213759975,0.0008067525213759975,0.9932125393600604,0.005
4,541,4543,0.00072947686650086,0.00072947686650086,0.9937561246361973,0.005
4,542,4544,0.0006288668972141509,0.0006288668972141509,0.9934229798109587,0.005
4,543,4545,0.0007312020985492407,0.0007312020985492407,0.9934599046790012,0.005
4,544,4546,0.0006640647800232392,0.0006640647800232392,0.9931026455814917,0.005
4,545,4547,0.0006754973797422881,0.0006754973797422881,0.9931842745178722,0.005
4,546,4548,0.0007208463849741253,0.0007208463849741253,0.9932414307694635,0.005
4,547,4549,0.0007534640709075068,0.0007534640709075068,0.9934404225576339,0.005
4,548,4550,0.0007326319012783845,0.0007326319012783845,0.9936220160539945,0.005
4,549,4551,0.0006658721400444668,0.0006658721400444668,0.9941005940157044,0.005
4,550,4552,0.0007227060479651815,0.0007227060479651815,0.9935420813989965,0.005
4,551,4553,0.0007238970211197882,0.0007238970211197882,0.9933560040292465,0.005
4,552,4554,0.0006741099379348881,0.0006741099379348881,0.9937845663276365,0.005
4,553,4555,0.0006858716397533627,0.0006858716397533627,0.9939210731421283,0.005
4,554,4556,0.0009539324292925555,0.0009539324292925555,0.9930445315549548,0.005
4,555,4557,0.0007066742714634078,0.0007066742714634078,0.9935185099139974,0.005
4,556,4558,0.0005783735325428918,0.0005783735325428918,0.9937267950105183,0.005
4,557,4559,0.0006456057591802023,0.0006456057591802023,0.993948797487994,0.005
4,558,4560,0.0006325738918529888,0.0006325738918529888,0.9935710874209254,0.005
4,559,4561,0.0006194681901485399,0.0006194681901485399,0.9940823900209377,0.005
4,560,4562,0.0017633384474077896,0.0017633384474077896,0.9912607041925638,0.005
4,561,4563,0.0006468086760775772,0.0006468086760775772,0.9938912807027708,0.005
4,562,4564,0.000692150488873573,0.000692150488873573,0.9934108310899116,0.005
4,563,4565,0.0007840890489688834,0.0007840890489688834,0.9933643112561779,0.005
4,564,4566,0.0006870899445384337,0.0006870899445384337,0.9941322778973926,0.005
4,565,4567,0.0008392229708990096,0.0008392229708990096,0.9936105276114945,0.005
4,566,4568,0.0008413514970677416,0.0008413514970677416,0.9932381191392279,0.005
4,567,4569,0.0006983158934588607,0.0006983158934588607,0.9937305321565378,0.005
4,568,4570,0.0006504964490298393,0.0006504964490298393,0.9936904930775323,0.005
4,569,4571,0.0006677262944425866,0.0006677262944425866,0.994108788937032,0.005
4,570,4572,0.0006828642827053266,0.0006828642827053266,0.9939034516772554,0.005
4,571,4573,0.0007351431199420734,0.0007351431199420734,0.9935370620275964,0.005
4,572,4574,0.000630330410322163,0.000630330410322163,0.9938556857194765,0.005
4,573,4575,0.0007034667508031922,0.0007034667508031922,0.9940750764318153,0.005
4,574,4576,0.0007283289645187873,0.0007283289645187873,0.9934759287496036,0.005
4,575,4577,0.0006938619421631399,0.0006938619421631399,0.9936353642210453,0.005
4,576,4578,0.0007323994235763688,0.0007323994235763688,0.9937279680249216,0.005
4,577,4579,0.0006279614088106123,0.0006279614088106123,0.9939806959413946,0.005
4,578,4580,0.000657339484437557,0.000657339484437557,0.9939310078814019,0.005
4,579,4581,0.0007000386459248542,0.0007000386459248542,0.9938863517016043,0.005
4,580,4582,0.0007320495187309029,0.0007320495187309029,0.9933738683483724,0.005
4,581,4583,0.0008101270033676155,0.0008101270033676155,0.9932331923490504,0.005
4,582,4584,0.0011670925371651776,0.0011670925371651776,0.9929479976694667,0.005
4,583,4585,0.0006793145543263024,0.0006793145543263024,0.9941475330091338,0.005
4,584,4586,0.0006806322305247658,0.0006806322305247658,0.993679783100791,0.005
4,585,4587,0.0007750415971541836,0.0007750415971541836,0.993335886647282,0.005
4,586,4588,0.0005937091509496962,0.0005937091509496962,0.9937821768917722,0.005
4,587,4589,0.0006188323539582563,0.0006188323539582563,0.9941348879398527,0.005
4,588,4590,0.0006207738979194922,0.0006207738979194922,0.9938276079035318,0.005
4,589,4591,0.0006224609093663969,0.0006224609093663969,0.9935074823707972,0.005
4,590,4592,0.0006162565017055244,0.0006162565017055244,0.9938482179319484,0.005
4,591,4593,0.0007235816841889287,0.0007235816841889287,0.9931631071848428,0.005
4,592,4594,0.0007188507361430075,0.0007188507361430075,0.994095116542139,0.005
4,593,4595,0.0006595405476398431,0.0006595405476398431,0.9937011477343549,0.005
4,594,4596,0.0007388664550038105,0.0007388664550038105,0.9928675931633781,0.005
4,595,4597,0.000719572725992057,0.000719572725992057,0.9936042778868646,0.005
4,596,4598,0.000663994353234173,0.000663994353234173,0.9939427235519146,0.005
4,597,4599,0.000688232921501375,0.000688232921501375,0.9931652613904884,0.005
4,598,4600,0.0008281129868024806,0.0008281129868024806,0.9932801008494216,0.005
4,599,4601,0.0007524146657639575,0.0007524146657639575,0.9939756136248984,0.005
4,600,4602,0.0007705825437479374,0.0007705825437479374,0.9934110511732103,0.005
4,601,4603,0.0007676421764427765,0.0007676421764427765,0.9928900467722246,0.005
4,602,4604,0.0006356662472917474,0.0006356662472917474,0.9938185695783603,0.005
4,603,4605,0.0007824596850103526,0.0007824596850103526,0.9929041618470682,0.005
4,604,4606,0.000630218052778897,0.000630218052778897,0.9936043851561301,0.005
4,605,4607,0.0006324079236454817,0.0006324079236454817,0.9935256451871097,0.005
4,606,4608,0.0006658662487097755,0.0006658662487097755,0.9932553645050793,0.005
4,607,4609,0.0007078371240385161,0.0007078371240385161,0.9935116597029537,0.005
4,608,4610,0.0006223888449340697,0.0006223888449340697,0.9938658718780243,0.005
4,609,4611,0.0006875520868108043,0.0006875520868108043,0.9934908700734109,0.005
4,610,4612,0.0008042679022017918,0.0008042679022017918,0.9929897163421997,0.005
4,611,4613,0.000594264460880052,0.000594264460880052,0.9935744674460132,0.005
4,612,4614,0.000781076210121503,0.000781076210121503,0.9930983444821996,0.005
4,613,4615,0.0006985211853228579,0.0006985211853228579,0.9939616640913348,0.005
4,614,4616,0.0006556125498059384,0.0006556125498059384,0.9936356866803937,0.005
4,615,4617,0.0006564476116131301,0.0006564476116131301,0.9941916364777652,0.005
4,616,4618,0.0007391210117703561,0.0007391210117703561,0.9938402429597158,0.005
4,617,4619,0.0006046710543305977,0.0006046710543305977,0.9939333451144223,0.005
4,618,4620,0.0006549563543595294,0.0006549563543595294,0.9936857524002919,0.005
4,619,4621,0.000691726552323284,0.000691726552323284,0.9934375451963819,0.005
4,620,4622,0.0006472567911312343,0.0006472567911312343,0.9937758588759593,0.005
4,621,4623,0.0006432167856953986,0.0006432167856953986,0.9934841800964483,0.005
4,622,4624,0.0007050766666927233,0.0007050766666927233,0.9932290471903223,0.005
4,623,4625,0.0006383085391575617,0.0006383085391575617,0.9938174383256878,0.005
4,624,4626,0.0006746017629456025,0.0006746017629456025,0.9936759217750399,0.005
4,625,4627,0.0006549858091087757,0.0006549858091087757,0.9938481807823739,0.005
4,626,4628,0.0007379032775297768,0.0007379032775297768,0.9932030120600681,0.005
4,627,4629,0.000595448496148191,0.000595448496148191,0.9936395561148662,0.005
4,628,4630,0.0005390130583606601,0.0005390130583606601,0.9935214418468139,0.005
4,629,4631,0.0006158498766256515,0.0006158498766256515,0.993826890337929,0.005
4,630,4632,0.0006503076163457788,0.0006503076163457788,0.9940558651341092,0.005
4,631,4633,0.0006030353184388182,0.0006030353184388182,0.9938406334949956,0.005
4,632,4634,0.0006681300893740427,0.0006681300893740427,0.9936140922696778,0.005
4,633,4635,0.0007352852557769529,0.0007352852557769529,0.9934680110014739,0.005
4,634,4636,0.0005536461687015405,0.0005536461687015405,0.9936901985637877,0.005
4,635,4637,0.000634539659978306,0.000634539659978306,0.9935824943224807,0.005
4,636,4638,0.0014018021440211914,0.0014018021440211914,0.9923592593109403,0.005
4,637,4639,0.0006610667826892945,0.0006610667826892945,0.9934070237125624,0.005
4,638,4640,0.0006693198277847335,0.0006693198277847335,0.9935988221792408,0.005
4,639,4641,0.0007170758914551234,0.0007170758914551234,0.9930141696216664,0.005
4,640,4642,0.0006876028487290376,0.0006876028487290376,0.9932103272392974,0.005
4,641,4643,0.0006784067114439141,0.0006784067114439141,0.9937523972112108,0.005
4,642,4644,0.0006714712582887494,0.0006714712582887494,0.9937866616967942,0.005
4,643,4645,0.0011655864054036756,0.0011655864054036756,0.9921588688400987,0.005
4,644,4646,0.0007099115973312931,0.0007099115973312931,0.9937472430151175,0.005
4,645,4647,0.0009902474742290634,0.0009902474742290634,0.9932841504249229,0.005
4,646,4648,0.0007156729468390166,0.0007156729468390166,0.9943400517984876,0.005
4,647,4649,0.0007440723415762973,0.0007440723415762973,0.9931936627885778,0.005
4,648,4650,0.000604988486765311,0.000604988486765311,0.9938045697540162,0.005
4,649,4651,0.0006493374201804892,0.0006493374201804892,0.9939980313347726,0.005
4,650,4652,0.0006448508960627797,0.0006448508960627797,0.9938397543029016,0.005
4,651,4653,0.000608409829648382,0.000608409829648382,0.9935808113728246,0.005
4,652,4654,0.000685750271531449,0.000685750271531449,0.993746701714744,0.005
4,653,4655,0.0006439918200564221,0.0006439918200564221,0.9939206475515158,0.005
4,654,4656,0.0007296051493938327,0.0007296051493938327,0.9936484106400669,0.005
4,655,4657,0.0006206921327596871,0.0006206921327596871,0.993873815319475,0.005
4,656,4658,0.0008557595621605141,0.0008557595621605141,0.9933446591003376,0.005
4,657,4659,0.0006438672545630852,0.0006438672545630852,0.9939169418948357,0.005
4,658,4660,0.0009103635557961497,0.0009103635557961497,0.9933083266192864,0.005
4,659,4661,0.0005751884257128581,0.0005751884257128581,0.9937480315664292,0.005
4,660,4662,0.000625241304510491,0.000625241304510491,0.9937155331614697,0.005
4,661,4663,0.0006369233217939684,0.0006369233217939684,0.9934222580948594,0.005
4,662,4664,0.0006135069670735083,0.0006135069670735083,0.993604123305665,0.005
4,663,4665,0.0005799356517903808,0.0005799356517903808,0.9938619556551574,0.005
4,664,4666,0.000631662613829761,0.000631662613829761,0.9937726470854651,0.005
4,665,4667,0.0006802720128069928,0.0006802720128069928,0.9936421573119885,0.005
4,666,4668,0.0007852925538299827,0.0007852925538299827,0.9928543912476475,0.005
4,667,4669,0.0006332520282658483,0.0006332520282658483,0.9938169370656023,0.005
4,668,4670,0.000558512563851168,0.000558512563851168,0.9934319275539191,0.005
4,669,4671,0.0006209089172335004,0.0006209089172335004,0.9934742568438834,0.005
4,670,4672,0.0006172649953284626,0.0006172649953284626,0.9938601742452058,0.005
4,671,4673,0.0006757516344123259,0.0006757516344123259,0.9934981830934285,0.005
4,672,4674,0.0007367364902080963,0.0007367364902080963,0.9936447908017603,0.005
4,673,4675,0.0006097599710675494,0.0006097599710675494,0.9938063273212966,0.005
4,674,4676,0.0007898080540738772,0.0007898080540738772,0.9931395978025749,0.005
4,675,4677,0.0006336128290593179,0.0006336128290593179,0.9938043109797957,0.005
4,676,4678,0.0007991453196697063,0.0007991453196697063,0.993265939849036,0.005
4,677,4679,0.0006422079370233114,0.0006422079370233114,0.9937742687990373,0.005
4,678,4680,0.0005873382882336021,0.0005873382882336021,0.9935396554714931,0.005
4,679,4681,0.0006296029448567108,0.0006296029448567108,0.9937497041014749,0.005
4,680,4682,0.0006258683154442791,0.0006258683154442791,0.9937602149946813,0.005
4,681,4683,0.0010282315198502023,0.0010282315198502023,0.9926064317269371,0.005
4,682,4684,0.0007515470107187594,0.0007515470107187594,0.9941056827354514,0.005
4,683,4685,0.0005794908806699684,0.0005794908806699684,0.9938544972416227,0.005
4,684,4686,0.000648186025590004,0.000648186025590004,0.994133643753806,0.005
4,685,4687,0.0006623682780735507,0.0006623682780735507,0.9935745406087727,0.005
4,686,4688,0.0006890049748425043,0.0006890049748425043,0.9937969186995268,0.005
4,687,4689,0.0006436173324610728,0.0006436173324610728,0.994014336932296,0.005
4,688,4690,0.000672071599222277,0.000672071599222277,0.9938853571408047,0.005
4,689,4691,0.0006405303143703822,0.0006405303143703822,0.9935000702036796,0.005
4,690,4692,0.0005791545453446645,0.0005791545453446645,0.9941352924856823,0.005
4,691,4693,0.0007355843556409269,0.0007355843556409269,0.9940332299111065,0.005
4,692,4694,0.000617257623330626,0.000617257623330626,0.9939084702246958,0.005
4,693,4695,0.0006543138706950492,0.0006543138706950492,0.9931140804521223,0.005
4,694,4696,0.0006864005323607126,0.0006864005323607126,0.9941381222883015,0.005
4,695,4697,0.0006813698818037784,0.0006813698818037784,0.9934413100132268,0.005
4,696,4698,0.0007582476602599785,0.0007582476602599785,0.9926949851772132,0.005
4,697,4699,0.000659928520107611,0.000659928520107611,0.9939392468934745,0.005
4,698,4700,0.000572245146297482,0.000572245146297482,0.993414075065376,0.005
4,699,4701,0.0006569016689304441,0.0006569016689304441,0.9935664665334848,0.005
4,700,4702,0.0007492019426159259,0.0007492019426159259,0.9938472230226569,0.005
4,701,4703,0.0008117673129950975,0.0008117673129950975,0.9926684334402605,0.005
4,702,4704,0.0006726670496103105,0.0006726670496103105,0.9933622982989501,0.005
4,703,4705,0.0006498861703650582,0.0006498861703650582,0.9935006333748939,0.005
4,704,4706,0.0007086009868526645,0.0007086009868526645,0.994002474907602,0.005
4,705,4707,0.0006118175324659858,0.0006118175324659858,0.9933550116261409,0.005
4,706,4708,0.0007888211779760434,0.0007888211779760434,0.9930660887448866,0.005
4,707,4709,0.0006206224091937617,0.0006206224091937617,0.993614087389927,0.005
4,708,4710,0.0006617956803973968,0.0006617956803973968,0.9937278378626551,0.005
4,709,4711,0.0009403563058123398,0.0009403563058123398,0.9930295482773869,0.005
4,710,4712,0.0006423974030839108,0.0006423974030839108,0.9938783456250545,0.005
4,711,4713,0.0006178418022051812,0.0006178418022051812,0.9939235798331109,0.005
4,712,4714,0.0006245355513022666,0.0006245355513022666,0.993578875131062,0.005
4,713,4715,0.000621987154010838,0.000621987154010838,0.9935654899737082,0.005
4,714,4716,0.000688099044078636,0.000688099044078636,0.9939382736018021,0.005
4,715,4717,0.0006658809613526817,0.0006658809613526817,0.9932994980135657,0.005
4,716,4718,0.0006839250180196477,0.0006839250180196477,0.9942685754662209,0.005
4,717,4719,0.0006901622913164551,0.0006901622913164551,0.9937625547639856,0.005
4,718,4720,0.0005820875238667334,0.0005820875238667334,0.9938878445165118,0.005
4,719,4721,0.0006178573971536794,0.0006178573971536794,0.9937898783575461,0.005
4,720,4722,0.0006276752039912127,0.0006276752039912127,0.9934515967378759,0.005
4,721,4723,0.0006298469272555929,0.0006298469272555929,0.9936558574041862,0.005
4,722,4724,0.0006207847821144109,0.0006207847821144109,0.9936182898972915,0.005
4,723,4725,0.0006551102078968296,0.0006551102078968296,0.9937422216905056,0.005
4,724,4726,0.0006262233957339613,0.0006262233957339613,0.9934255169874818,0.005
4,725,4727,0.0006183353944293857,0.0006183353944293857,0.9938495390473476,0.005
4,726,4728,0.0006859523790372802,0.0006859523790372802,0.9935142805894782,0.005
4,727,4729,0.0006266199348236479,0.0006266199348236479,0.993601494059132,0.005
4,728,4730,0.0006146341582390347,0.0006146341582390347,0.9940015197777535,0.005
4,729,4731,0.0005300938642980768,0.0005300938642980768,0.9940308430456135,0.005
4,730,4732,0.0006778734715028778,0.0006778734715028778,0.9937128503609435,0.005
4,731,4733,0.0006179157161178172,0.0006179157161178172,0.9939948139826308,0.005
4,732,4734,0.0005911470398532548,0.0005911470398532548,0.9936383434355612,0.005
4,733,4735,0.000669003669309919,0.000669003669309919,0.993254452533751,0.005
4,734,4736,0.0007771794696418987,0.0007771794696418987,0.9937235670896022,0.005
4,735,4737,0.0006124788167749173,0.0006124788167749173,0.9939177645393792,0.005
4,736,4738,0.000717782657634104,0.000717782657634104,0.9934884852288915,0.005
4,737,4739,0.0006192919600738245,0.0006192919600738245,0.9932028977633596,0.005
4,738,4740,0.0005609687254124262,0.0005609687254124262,0.9937976660373665,0.005
4,739,4741,0.0006638518127010596,0.0006638518127010596,0.9939190641463175,0.005
4,740,4742,0.0006329495082513337,0.0006329495082513337,0.9941044616293017,0.005
4,741,4743,0.0006308574156435553,0.0006308574156435553,0.9938017948134541,0.005
4,742,4744,0.0005592714603716276,0.0005592714603716276,0.9935625403259234,0.005
4,743,4745,0.0008292517107869291,0.0008292517107869291,0.9931343008205408,0.005
4,744,4746,0.00061770405521389,0.00061770405521389,0.9935990854654458,0.005
4,745,4747,0.0006301840756302447,0.0006301840756302447,0.9935713326609272,0.005
4,746,4748,0.0006577831658370392,0.0006577831658370392,0.993917039195545,0.005
4,747,4749,0.0006145655968957086,0.0006145655968957086,0.9936289836932178,0.005
4,748,4750,0.0005752323954407391,0.0005752323954407391,0.9936880200975974,0.005
4,749,4751,0.0005633483259320027,0.0005633483259320027,0.9933805878669201,0.005
4,750,4752,0.0006127440962938246,0.0006127440962938246,0.9939391684954648,0.005
4,751,4753,0.0005927758350408785,0.0005927758350408785,0.9938711081390844,0.005
4,752,4754,0.0006172527168972819,0.0006172527168972819,0.9935058375471938,0.005
4,753,4755,0.0005824444321438193,0.0005824444321438193,0.9935694191697676,0.005
4,754,4756,0.0005800952356469014,0.0005800952356469014,0.9939759610138348,0.005
4,755,4757,0.0006078138883135898,0.0006078138883135898,0.9941695281641191,0.005
4,756,4758,0.0005867438896459932,0.0005867438896459932,0.9934227123666253,0.005
4,757,4759,0.0005963426614543454,0.0005963426614543454,0.9936993078662029,0.005
4,758,4760,0.0005830604408696783,0.0005830604408696783,0.9934619477413712,0.005
4,759,4761,0.0005787193209275021,0.0005787193209275021,0.9935765183355761,0.005
4,760,4762,0.0006668241007673926,0.0006668241007673926,0.9930987915634324,0.005
4,761,4763,0.0006595185988646989,0.0006595185988646989,0.993243514055235,0.005
4,762,4764,0.0006170299921670808,0.0006170299921670808,0.9937917375490491,0.005
4,763,4765,0.0007010409159554365,0.0007010409159554365,0.9934332781579254,0.005
4,764,4766,0.0008180422127514465,0.0008180422127514465,0.9929623097469789,0.005
4,765,4767,0.0005951153642952812,0.0005951153642952812,0.9936987278403495,0.005
4,766,4768,0.0006151924356928228,0.0006151924356928228,0.9934928855986497,0.005
4,767,4769,0.0005181401787862705,0.0005181401787862705,0.9936109480782923,0.005
4,768,4770,0.000635544781522368,0.000635544781522368,0.9934234487305789,0.005
4,769,4771,0.0005940949056133483,0.0005940949056133483,0.9937081599685315,0.005
4,770,4772,0.0006037073963994521,0.0006037073963994521,0.9939345423239011,0.005
4,771,4773,0.000610695039825847,0.000610695039825847,0.9937300490309469,0.005
4,772,4774,0.0006030168899611566,0.0006030168899611566,0.9940112069675432,0.005
4,773,4775,0.0006901937730077691,0.0006901937730077691,0.9938751245024731,0.005
4,774,4776,0.00048396400652210407,0.00048396400652210407,0.9938568496639434,0.005
4,775,4777,0.0006514705723129865,0.0006514705723129865,0.9937118880407322,0.005
4,776,4778,0.0006875784691759079,0.0006875784691759079,0.993209602480464,0.005
4,777,4779,0.0006238571546292349,0.0006238571546292349,0.993947183851833,0.005
4,778,4780,0.0005620523330049133,0.0005620523330049133,0.9938538280832114,0.005
4,779,4781,0.0006227010725941007,0.0006227010725941007,0.9941095004033301,0.005
4,780,4782,0.0006502951305046945,0.0006502951305046945,0.9933567532528922,0.005
4,781,4783,0.0006111997610508102,0.0006111997610508102,0.9935651895917929,0.005
4,782,4784,0.0005387362444467103,0.0005387362444467103,0.9937896502410167,0.005
4,783,4785,0.0006213528339532482,0.0006213528339532482,0.993404690050585,0.005
4,784,4786,0.0005945255435489738,0.0005945255435489738,0.9937236185529906,0.005
4,785,4787,0.0006924200795808699,0.0006924200795808699,0.993542332142017,0.005
4,786,4788,0.0006315522678882546,0.0006315522678882546,0.9938566568262852,0.005
4,787,4789,0.000610215421139283,0.000610215421139283,0.9934332517474986,0.005
4,788,4790,0.0005957419803769648,0.0005957419803769648,0.9938695541788013,0.005
4,789,4791,0.0006781455016636406,0.0006781455016636406,0.9933993697851253,0.005
4,790,4792,0.0005638769538016718,0.0005638769538016718,0.9936170849580922,0.005
4,791,4793,0.0005691610995385932,0.0005691610995385932,0.9938984907681174,0.005
4,792,4794,0.0006762042477945595,0.0006762042477945595,0.9938048271445078,0.005
4,793,4795,0.0007262884642395883,0.0007262884642395883,0.9932043449140864,0.005
4,794,4796,0.0006049675200056847,0.0006049675200056847,0.9940719957396763,0.005
4,795,4797,0.0006162726869472512,0.0006162726869472512,0.9933690173063131,0.005
4,796,4798,0.0005818103273910547,0.0005818103273910547,0.9938598265385147,0.005
4,797,4799,0.0005892798547076517,0.0005892798547076517,0.9937226252746667,0.005
4,798,4800,0.0006165406689816443,0.0006165406689816443,0.9937370109333824,0.005
4,799,4801,0.000789677940906557,0.000789677940906557,0.9929658210351986,0.005
4,800,4802,0.0009738069934782678,0.0009738069934782678,0.9931436449419886,0.005
4,801,4803,0.0006100215421927347,0.0006100215421927347,0.9936868965194136,0.005
4,802,4804,0.0006750809479728837,0.0006750809479728837,0.9932129742580045,0.005
4,803,4805,0.0005974354355652845,0.0005974354355652845,0.9937197646858927,0.005
4,804,4806,0.0007553630639270093,0.0007553630639270093,0.9938233660300847,0.005
4,805,4807,0.0010256731018202926,0.0010256731018202926,0.9931152998186216,0.005
4,806,4808,0.0006431437497807746,0.0006431437497807746,0.9936310753941816,0.005
4,807,4809,0.000790420079214732,0.000790420079214732,0.9933214752965903,0.005
4,808,4810,0.0006072053872353189,0.0006072053872353189,0.9937813762233549,0.005
4,809,4811,0.0007039725813902287,0.0007039725813902287,0.993664637775432,0.005
4,810,4812,0.0006443598142025209,0.0006443598142025209,0.9938078551204316,0.005
4,811,4813,0.0009214063122560368,0.0009214063122560368,0.9929186858361533,0.005
4,812,4814,0.0007340028550019296,0.0007340028550019296,0.9931857362272251,0.005
4,813,4815,0.0006339355576577145,0.0006339355576577145,0.9933951020652835,0.005
4,814,4816,0.0005704686602338294,0.0005704686602338294,0.9935752027484731,0.005
4,815,4817,0.0005615147812737964,0.0005615147812737964,0.9938633084104906,0.005
4,816,4818,0.0005933044353695805,0.0005933044353695805,0.9938780371807767,0.005
4,817,4819,0.0006868560920782685,0.0006868560920782685,0.9939932151725313,0.005
4,818,4820,0.0022116432932280765,0.0022116432932280765,0.9914710752961156,0.005
4,819,4821,0.000639855931380582,0.000639855931380582,0.9934415098568184,0.005
4,820,4822,0.0006682170565974554,0.0006682170565974554,0.9934593563924857,0.005
4,821,4823,0.0006617445490403506,0.0006617445490403506,0.9937185363786234,0.005
4,822,4824,0.0005583784452073116,0.0005583784452073116,0.9942113352811895,0.005
4,823,4825,0.0006421386165050636,0.0006421386165050636,0.9940318293057848,0.005
4,824,4826,0.0006373154522894286,0.0006373154522894286,0.9938519508507245,0.005
4,825,4827,0.0006214650314803349,0.0006214650314803349,0.9938072078083368,0.005
4,826,4828,0.0006153737938023041,0.0006153737938023041,0.9936941182190853,0.005
4,827,4829,0.000711861581742248,0.000711861581742248,0.9934326979808282,0.005
4,828,4830,0.0006070316444107148,0.0006070316444107148,0.9937078386391582,0.005
4,829,4831,0.0006495189998685224,0.0006495189998685224,0.9934079969290468,0.005
4,830,4832,0.000639821263766136,0.000639821263766136,0.9937612381569285,0.005
4,831,4833,0.0007165652542777191,0.0007165652542777191,0.9934412299912045,0.005
4,832,4834,0.0006860660571230005,0.0006860660571230005,0.9941679408737583,0.005
4,833,4835,0.0005615750300996536,0.0005615750300996536,0.9940125820445675,0.005
4,834,4836,0.0006141810990372887,0.0006141810990372887,0.993983838771559,0.005
4,835,4837,0.0005880580816298086,0.0005880580816298086,0.9936845815155699,0.005
4,836,4838,0.0006255757835257492,0.0006255757835257492,0.9937943592797576,0.005
4,837,4839,0.0006437238873224903,0.0006437238873224903,0.993273171981563,0.005
4,838,4840,0.0006116794927522284,0.0006116794927522284,0.9935556591415238,0.005
4,839,4841,0.0005919169746752551,0.0005919169746752551,0.9933076201524819,0.005
4,840,4842,0.0005960174689996634,0.0005960174689996634,0.9941116869211638,0.005
4,841,4843,0.0007264303000441086,0.0007264303000441086,0.9931804422101469,0.005
4,842,4844,0.0006518139318088733,0.0006518139318088733,0.9936826994412146,0.005
4,843,4845,0.0006163210982966616,0.0006163210982966616,0.9937721741268601,0.005
4,844,4846,0.0007713992518019353,0.0007713992518019353,0.9933630010823474,0.005
4,845,4847,0.000688364386313246,0.000688364386313246,0.9941284895167628,0.005
4,846,4848,0.0005945088947520671,0.0005945088947520671,0.9936975345434039,0.005
4,847,4849,0.0006765760853972469,0.0006765760853972469,0.9940560777224267,0.005
4,848,4850,0.0006316443086449697,0.0006316443086449697,0.9936101074167504,0.005
4,849,4851,0.0005740851478486841,0.0005740851478486841,0.9938017107739885,0.005
4,850,4852,0.0007040712591717679,0.0007040712591717679,0.993577529515186,0.005
4,851,4853,0.0006286061183654911,0.0006286061183654911,0.9936787957513549,0.005
4,852,4854,0.0006581119781679201,0.0006581119781679201,0.9937637410307307,0.005
4,853,4855,0.000673103299483847,0.000673103299483847,0.9938767593926924,0.005
4,854,4856,0.0005741689165050523,0.0005741689165050523,0.9937270789367889,0.005
4,855,4857,0.0006362386702736544,0.0006362386702736544,0.9937325689649694,0.005
4,856,4858,0.0006580505453917263,0.0006580505453917263,0.9935289489167896,0.005
4,857,4859,0.0006101635133688998,0.0006101635133688998,0.9935446988754161,0.005
4,858,4860,0.0006343507295767648,0.0006343507295767648,0.9937600755989295,0.005
4,859,4861,0.0006316059719267997,0.0006316059719267997,0.9937410699975303,0.005
4,860,4862,0.0005729109848501123,0.0005729109848501123,0.9937498849921047,0.005
4,861,4863,0.000612981568521156,0.000612981568521156,0.9934667212185758,0.005
4,862,4864,0.000636884176378657,0.000636884176378657,0.993799697729763,0.005
4,863,4865,0.0006672184351781929,0.0006672184351781929,0.9934032991959244,0.005
4,864,4866,0.0006078777757461495,0.0006078777757461495,0.9933961855332039,0.005
4,865,4867,0.0007393926575015875,0.0007393926575015875,0.9934587054669904,0.005
4,866,4868,0.000823282850850694,0.000823282850850694,0.9930874732197285,0.005
4,867,4869,0.0005920091210812206,0.0005920091210812206,0.9938926749083494,0.005
4,868,4870,0.0006254152875382846,0.0006254152875382846,0.9937733407100893,0.005
4,869,4871,0.0006764654078145683,0.0006764654078145683,0.9934313637901665,0.005
4,870,4872,0.0006256281159507238,0.0006256281159507238,0.9933757279452388,0.005
4,871,4873,0.0006195120332984883,0.0006195120332984883,0.99396846393917,0.005
4,872,4874,0.0006200831841674737,0.0006200831841674737,0.9937877413443758,0.005
4,873,4875,0.0007662459030337154,0.0007662459030337154,0.9935694547103393,0.005
4,874,4876,0.0005933450638849402,0.0005933450638849402,0.9935944745987838,0.005
4,875,4877,0.0006401576452197421,0.0006401576452197421,0.994020263718294,0.005
4,876,4878,0.0005665497433122102,0.0005665497433122102,0.9937233809370372,0.005
4,877,4879,0.0006475875318736079,0.0006475875318736079,0.9935934680728552,0.005
4,878,4880,0.0006217891004160548,0.0006217891004160548,0.9938570882117136,0.005
4,879,4881,0.0006888286598354488,0.0006888286598354488,0.9932844271121681,0.005
4,880,4882,0.0006782300223291593,0.0006782300223291593,0.993535279777493,0.005
4,881,4883,0.0006411442092860831,0.0006411442092860831,0.99405744698565,0.005
4,882,4884,0.0006443488394258368,0.0006443488394258368,0.9934402573650567,0.005
4,883,4885,0.0006303628921646342,0.0006303628921646342,0.9939166413500785,0.005
4,884,4886,0.00061719023246683,0.00061719023246683,0.9938463047865801,0.005
4,885,4887,0.0007074833319788709,0.0007074833319788709,0.9931951964877618,0.005
4,886,4888,0.0006384541482444294,0.0006384541482444294,0.9935577384150462,0.005
4,887,4889,0.0006304813955246346,0.0006304813955246346,0.9937376754423409,0.005
4,888,4890,0.0006562896314539291,0.0006562896314539291,0.9936111870899335,0.005
4,889,4891,0.0006140292230718903,0.0006140292230718903,0.9933267311264854,0.005
4,890,4892,0.0005847343793143289,0.0005847343793143289,0.9935564888414251,0.005
4,891,4893,0.0010717925518620264,0.0010717925518620264,0.9930265148380466,0.005
4,892,4894,0.0005889220964312991,0.0005889220964312991,0.9940452560063048,0.005
4,893,4895,0.0006059195801759942,0.0006059195801759942,0.993792648224999,0.005
4,894,4896,0.0005716776258477529,0.0005716776258477529,0.9939395404786739,0.005
4,895,4897,0.0005878963872131515,0.0005878963872131515,0.9936512909674701,0.005
4,896,4898,0.0006429417750874644,0.0006429417750874644,0.993677727680408,0.005
4,897,4899,0.0006494477851689384,0.0006494477851689384,0.9934569214563693,0.005
4,898,4900,0.0005400451052848265,0.0005400451052848265,0.9937157446804588,0.005
4,899,4901,0.0006010322572376103,0.0006010322572376103,0.9937972931552198,0.005
4,900,4902,0.0008997980277942364,0.0008997980277942364,0.9931487523388615,0.005
4,901,4903,0.0005944373593740715,0.0005944373593740715,0.9936884266464926,0.005
4,902,4904,0.0006136143627168367,0.0006136143627168367,0.9940784699107764,0.005
4,903,4905,0.0005568789508766425,0.0005568789508766425,0.9936701826705023,0.005
4,904,4906,0.0006456254599966915,0.0006456254599966915,0.9936680926082186,0.005
4,905,4907,0.0005679002475189743,0.0005679002475189743,0.9940809291226753,0.005
4,906,4908,0.0006361735494075915,0.0006361735494075915,0.9940744767176425,0.005
4,907,4909,0.0006225279841299669,0.0006225279841299669,0.9938130983499011,0.005
4,908,4910,0.0005825584712779897,0.0005825584712779897,0.9934432083195102,0.005
4,909,4911,0.0006220381729654012,0.0006220381729654012,0.9935560981614153,0.005
4,910,4912,0.0006467226354875033,0.0006467226354875033,0.9942887191118233,0.005
4,911,4913,0.0006190295953921422,0.0006190295953921422,0.9932442191203206,0.005
4,912,4914,0.0006356879661787429,0.0006356879661787429,0.9934962640275142,0.005
4,913,4915,0.0006446385719633163,0.0006446385719633163,0.9935593869656619,0.005
4,914,4916,0.0007886720395685965,0.0007886720395685965,0.9935270159063964,0.005
4,915,4917,0.000597876211008691,0.000597876211008691,0.9938643096175543,0.005
4,916,4918,0.0006635289200792949,0.0006635289200792949,0.993950877225198,0.005
4,917,4919,0.0006273450242286315,0.0006273450242286315,0.9939184919205298,0.005
4,918,4920,0.0006175618236457948,0.0006175618236457948,0.9934629400887074,0.005
4,919,4921,0.0005817943714125895,0.0005817943714125895,0.9939299818631204,0.005
4,920,4922,0.0006510345659129779,0.0006510345659129779,0.9933152376166251,0.005
4,921,4923,0.0006192194742984135,0.0006192194742984135,0.9936301504509849,0.005
4,922,4924,0.000671572472178048,0.000671572472178048,0.9938877112463456,0.005
4,923,4925,0.0006108752889780011,0.0006108752889780011,0.9935800344147538,0.005
4,924,4926,0.0006468011044298516,0.0006468011044298516,0.9940637366642572,0.005
4,925,4927,0.0006303884411030169,0.0006303884411030169,0.9933579617045031,0.005
4,926,4928,0.0006205371256907833,0.0006205371256907833,0.9941858645826226,0.005
4,927,4929,0.0008175958895687175,0.0008175958895687175,0.9929785954732432,0.005
4,928,4930,0.0006605220879908213,0.0006605220879908213,0.9933854077814915,0.005
4,929,4931,0.000556415870625795,0.000556415870625795,0.9935191482712943,0.005
4,930,4932,0.000601066833251479,0.000601066833251479,0.9937219679760316,0.005
4,931,4933,0.0006011326456974986,0.0006011326456974986,0.993834880992246,0.005
4,932,4934,0.0006844632415443452,0.0006844632415443452,0.9937495014766737,0.005
4,933,4935,0.0007069586052257805,0.0007069586052257805,0.9932878165948169,0.005
4,934,4936,0.0005895806630871227,0.0005895806630871227,0.9936416941448599,0.005
4,935,4937,0.0007167423815324569,0.0007167423815324569,0.9934620684055375,0.005
4,936,4938,0.0006071155893120928,0.0006071155893120928,0.9939897979564348,0.005
4,937,4939,0.0008486876501802476,0.0008486876501802476,0.9932619674581782,0.005
4,938,4940,0.000611197451876826,0.000611197451876826,0.993807176961415,0.005
4,939,4941,0.0005570914493931445,0.0005570914493931445,0.9938922368296416,0.005
4,940,4942,0.0007009391747409544,0.0007009391747409544,0.9936057774765569,0.005
4,941,4943,0.000657699331298981,0.000657699331298981,0.9937840588642292,0.005
4,942,4944,0.0005954015039504722,0.0005954015039504722,0.9938956693488745,0.005
4,943,4945,0.0005582192733308356,0.0005582192733308356,0.9938942063378196,0.005
4,944,4946,0.0006952428277742563,0.0006952428277742563,0.9937537710299461,0.005
4,945,4947,0.0007001895523836976,0.0007001895523836976,0.9937089979503921,0.005
4,946,4948,0.0006769646852662536,0.0006769646852662536,0.993736372631678,0.005
4,947,4949,0.0005877944451257211,0.0005877944451257211,0.993876978116687,0.005
4,948,4950,0.0006244481007508229,0.0006244481007508229,0.9940157131338307,0.005
4,949,4951,0.0006750190673618039,0.0006750190673618039,0.9934805084202785,0.005
4,950,4952,0.0005875116869246233,0.0005875116869246233,0.9933598727593578,0.005
4,951,4953,0.0007236137236979699,0.0007236137236979699,0.9941396053661189,0.005
4,952,4954,0.0006212059534489456,0.0006212059534489456,0.993549253836233,0.005
4,953,4955,0.000599890484023573,0.000599890484023573,0.9936188379608183,0.005
4,954,4956,0.0006057506515782462,0.0006057506515782462,0.993716344351179,0.005
4,955,4957,0.0006364158635493401,0.0006364158635493401,0.9940024401192418,0.005
4,956,4958,0.0005701912656409492,0.0005701912656409492,0.9934740026899332,0.005
4,957,4959,0.0006269381285690379,0.0006269381285690379,0.9934155865239995,0.005
4,958,4960,0.0005852388481445425,0.0005852388481445425,0.9936209426023714,0.005
4,959,4961,0.0006346322685081495,0.0006346322685081495,0.9934715688377159,0.005
4,960,4962,0.0006369558820900601,0.0006369558820900601,0.9939516027598537,0.005
4,961,4963,0.0006718353059483894,0.0006718353059483894,0.9934606176513633,0.005
4,962,4964,0.0006584285504213883,0.0006584285504213883,0.9930408935063297,0.005
4,963,4965,0.0006784087857095579,0.0006784087857095579,0.9934356900725081,0.005
4,964,4966,0.0006157170225298314,0.0006157170225298314,0.9935675738341614,0.005
4,965,4967,0.0005885166250730134,0.0005885166250730134,0.9937941017968753,0.005
4,966,4968,0.0005512883759825815,0.0005512883759825815,0.9937895085244298,0.005
4,967,4969,0.0005835313880292137,0.0005835313880292137,0.993553681082316,0.005
4,968,4970,0.0006386764076442197,0.0006386764076442197,0.9937571040675436,0.005
4,969,4971,0.0006285251473012899,0.0006285251473012899,0.9932966353875174,0.005
4,970,4972,0.0006201572925479415,0.0006201572925479415,0.9936652284912636,0.005
4,971,4973,0.0006765841187731425,0.0006765841187731425,0.9938137994564,0.005
4,972,4974,0.0005906026685853383,0.0005906026685853383,0.9936575949517509,0.005
4,973,4975,0.0006118120217986045,0.0006118120217986045,0.9935425034755845,0.005
4,974,4976,0.0006001338801803813,0.0006001338801803813,0.9941565555159594,0.005
4,975,4977,0.0006425618064524441,0.0006425618064524441,0.9933340123174902,0.005
4,976,4978,0.0006111783496028011,0.0006111783496028011,0.9933048951686,0.005
4,977,4979,0.0005582298842136857,0.0005582298842136857,0.9936585120701035,0.005
4,978,4980,0.0005613482353206312,0.0005613482353206312,0.9936138733444209,0.005
4,979,4981,0.0006073944103759687,0.0006073944103759687,0.9937331629889585,0.005
4,980,4982,0.0005906431535961576,0.0005906431535961576,0.9936014703275676,0.005
4,981,4983,0.0006494682374750527,0.0006494682374750527,0.9932446167456731,0.005
4,982,4984,0.0006093212037635243,0.0006093212037635243,0.993624340743596,0.005
4,983,4985,0.0005588415087403165,0.0005588415087403165,0.9937672837623843,0.005
4,984,4986,0.0005690789996588164,0.0005690789996588164,0.9939147866476672,0.005
4,985,4987,0.0005962606535965554,0.0005962606535965554,0.9938576539427485,0.005
4,986,4988,0.0006183750970451818,0.0006183750970451818,0.9936260011238432,0.005
4,987,4989,0.0006185519543908625,0.0006185519543908625,0.9941357812360206,0.005
4,988,4990,0.0006045890548372257,0.0006045890548372257,0.9936276826603869,0.005
4,989,4991,0.0005864318711322957,0.0005864318711322957,0.9935283029616547,0.005
4,990,4992,0.0006606542507798952,0.0006606542507798952,0.9933673627532215,0.005
4,991,4993,0.0005856488607176313,0.0005856488607176313,0.9937404464377056,0.005
4,992,4994,0.0006643356039498971,0.0006643356039498971,0.9934279049549678,0.005
4,993,4995,0.000620635896291003,0.000620635896291003,0.9934163522219482,0.005
4,994,4996,0.0005897897933054542,0.0005897897933054542,0.9937400022709765,0.005
4,995,4997,0.0006653855859992596,0.0006653855859992596,0.9936991047464535,0.005
4,996,4998,0.0006446800556910394,0.0006446800556910394,0.9940898968072441,0.005
4,997,4999,0.0006497418683288248,0.0006497418683288248,0.9932719145412242,0.005
4,998,5000,0.0006331668457402506,0.0006331668457402506,0.9940141033923873,0.005
4,999,5001,0.000621297878419712,0.000621297878419712,0.993920817496593,0.005
4,1000,5002,0.0006024340721021381,0.0006024340721021381,0.9935043138953885,0.005
4,1001,5003,0.0006174598064267945,0.0006174598064267945,0.993871429907694,0.005
4,1002,5004,0.0005512817253313074,0.0005512817253313074,0.9939020997466291,0.005
4,1003,5005,0.0005627927780435971,0.0005627927780435971,0.993480329156179,0.005
4,1004,5006,0.0006378999589937373,0.0006378999589937373,0.9935522449527638,0.005
4,1005,5007,0.0005873318094179291,0.0005873318094179291,0.9937773823999868,0.005
4,1006,5008,0.0005815804842955696,0.0005815804842955696,0.9936154959032364,0.005
4,1007,5009,0.0006053081786511228,0.0006053081786511228,0.9938392087139143,0.005
4,1008,5010,0.0006912112784329494,0.0006912112784329494,0.9933177262349898,0.005
4,1009,5011,0.0005616499382167173,0.0005616499382167173,0.993758424414623,0.005
4,1010,5012,0.0007001024582085403,0.0007001024582085403,0.9932928760992588,0.005
4,1011,5013,0.0005809539466451342,0.0005809539466451342,0.9936690106008017,0.005
4,1012,5014,0.0006940013550300061,0.0006940013550300061,0.9933008222617719,0.005
4,1013,5015,0.000607169428287202,0.000607169428287202,0.9939014265308972,0.005
4,1014,5016,0.0006999161811325981,0.0006999161811325981,0.993565647188215,0.005
4,1015,5017,0.000654750455106048,0.000654750455106048,0.9936478114415215,0.005
4,1016,5018,0.0005709480626382978,0.0005709480626382978,0.9936209747203979,0.005
4,1017,5019,0.0005570741831732152,0.0005570741831732152,0.9936159707818671,0.005
4,1018,5020,0.0006301435983506109,0.0006301435983506109,0.9941404847954226,0.005
4,1019,5021,0.0006227818725837109,0.0006227818725837109,0.9938236938427614,0.005
4,1020,5022,0.0006552018086778987,0.0006552018086778987,0.9936407585776168,0.005
4,1021,5023,0.0005684657392127934,0.0005684657392127934,0.9936251469856998,0.005
4,1022,5024,0.0005632620734459282,0.0005632620734459282,0.9937711586778926,0.005
4,1023,5025,0.0006057923744052962,0.0006057923744052962,0.9938458629836955,0.005
4,1024,5026,0.000678365827872458,0.000678365827872458,0.9933301404031891,0.005
4,1025,5027,0.0006623637395034865,0.0006623637395034865,0.9930632335554576,0.005
4,1026,5028,0.00070063162360127,0.00070063162360127,0.9936109318662177,0.005
4,1027,5029,0.0005858418726420089,0.0005858418726420089,0.993806861112052,0.005
4,1028,5030,0.0005852823414011221,0.0005852823414011221,0.9936062243314991,0.005
4,1029,5031,0.0006032462029825691,0.0006032462029825691,0.9935869126588627,0.005
4,1030,5032,0.0008278911987736404,0.0008278911987736404,0.993085586037502,0.005
4,1031,5033,0.0006346541071588574,0.0006346541071588574,0.9939755265390122,0.005
4,1032,5034,0.0006168243051198285,0.0006168243051198285,0.9937098917526715,0.005
4,1033,5035,0.0005819274736834456,0.0005819274736834456,0.9933948351002077,0.005
4,1034,5036,0.0006471351352290821,0.0006471351352290821,0.9936455214823706,0.005
4,1035,5037,0.0005442488434844628,0.0005442488434844628,0.9936719252704436,0.005
4,1036,5038,0.0007997286311334606,0.0007997286311334606,0.9935125967444157,0.005
4,1037,5039,0.000642540114140494,0.000642540114140494,0.993635778240015,0.005
4,1038,5040,0.0006840948708672979,0.0006840948708672979,0.9938308839542533,0.005
4,1039,5041,0.0006046682565284833,0.0006046682565284833,0.9935810468203563,0.005
4,1040,5042,0.0006332471852525646,0.0006332471852525646,0.993926719961279,0.005
4,1041,5043,0.0006178026959337158,0.0006178026959337158,0.9935006879062683,0.005
4,1042,5044,0.000685396578079852,0.000685396578079852,0.9935823638790133,0.005
4,1043,5045,0.0007138670315535566,0.0007138670315535566,0.9932903837143399,0.005
4,1044,5046,0.0006075343911932951,0.0006075343911932951,0.9933939785461415,0.005
4,1045,5047,0.0005719606117795306,0.0005719606117795306,0.9937403720797604,0.005
4,1046,5048,0.0006723037610525052,0.0006723037610525052,0.993476234649974,0.005
4,1047,5049,0.0006525180902599792,0.0006525180902599792,0.994053501598823,0.005
4,1048,5050,0.0006171256409970183,0.0006171256409970183,0.9938338310752277,0.005
4,1049,5051,0.000753246279943125,0.000753246279943125,0.9936940391093808,0.005
4,1050,5052,0.0006328986815046934,0.0006328986815046934,0.9936232280001077,0.005
4,1051,5053,0.0006562751158321067,0.0006562751158321067,0.9933906504252926,0.005
4,1052,5054,0.0006333766097209736,0.0006333766097209736,0.9937585609006254,0.005
4,1053,5055,0.000622928769507981,0.000622928769507981,0.9939110375284702,0.005
4,1054,5056,0.0007691646465422463,0.0007691646465422463,0.9932046997179569,0.005
4,1055,5057,0.0005896960460927058,0.0005896960460927058,0.9940267741125698,0.005
4,1056,5058,0.0005767095930219479,0.0005767095930219479,0.9935991116507535,0.005
4,1057,5059,0.0005473743918395348,0.0005473743918395348,0.9935928967211407,0.005
4,1058,5060,0.0006212633120670164,0.0006212633120670164,0.9936718137911947,0.005
4,1059,5061,0.0006268264123988464,0.0006268264123988464,0.9937578200076065,0.005
4,1060,5062,0.0006886597392601946,0.0006886597392601946,0.9932196336679175,0.005
4,1061,5063,0.0006386845300523892,0.0006386845300523892,0.9935202527207081,0.005
4,1062,5064,0.0006218509174251807,0.0006218509174251807,0.9933570674024321,0.005
4,1063,5065,0.0005891969040199374,0.0005891969040199374,0.9937996989760738,0.005
4,1064,5066,0.0007094485407811357,0.0007094485407811357,0.9936269213908131,0.005
4,1065,5067,0.0005557362680555233,0.0005557362680555233,0.9940181734678462,0.005
4,1066,5068,0.0006340929936277529,0.0006340929936277529,0.9936462124941725,0.005
4,1067,5069,0.0007101883191829217,0.0007101883191829217,0.9932286248279169,0.005
4,1068,5070,0.0005686131092739966,0.0005686131092739966,0.9934442867958296,0.005
4,1069,5071,0.0006069929133702102,0.0006069929133702102,0.9939551635504071,0.005
4,1070,5072,0.0005734117862973343,0.0005734117862973343,0.9936673258944244,0.005
4,1071,5073,0.0006353830727926246,0.0006353830727926246,0.9935308198116098,0.005
4,1072,5074,0.0005812935269043284,0.0005812935269043284,0.993643400251888,0.005
4,1073,5075,0.0018868212128333019,0.0018868212128333019,0.9920318276244376,0.005
4,1074,5076,0.0007649444481151125,0.0007649444481151125,0.993320604641243,0.005
4,1075,5077,0.0005679845744142775,0.0005679845744142775,0.993761237782894,0.005
4,1076,5078,0.0005873556017710314,0.0005873556017710314,0.9936657126938871,0.005
4,1077,5079,0.0006058510431885555,0.0006058510431885555,0.9938780725044318,0.005
4,1078,5080,0.0006300110102219692,0.0006300110102219692,0.9936806840479796,0.005
4,1079,5081,0.0006129643335076729,0.0006129643335076729,0.9937592114584354,0.005
4,1080,5082,0.0005986400615676435,0.0005986400615676435,0.9934682579786787,0.005
4,1081,5083,0.0006735035970392056,0.0006735035970392056,0.9938403216487148,0.005
4,1082,5084,0.0007346053674475316,0.0007346053674475316,0.9932586049245696,0.005
4,1083,5085,0.0006434486932622974,0.0006434486932622974,0.9937168758766012,0.005
4,1084,5086,0.0005994085351971967,0.0005994085351971967,0.9938214929101551,0.005
4,1085,5087,0.0006319524163963519,0.0006319524163963519,0.9934783866157341,0.005
4,1086,5088,0.0006283550976647512,0.0006283550976647512,0.9937964815385869,0.005
4,1087,5089,0.0005568613960997726,0.0005568613960997726,0.9939628487497698,0.005
4,1088,5090,0.001162584830128325,0.001162584830128325,0.9927983907940285,0.005
4,1089,5091,0.0007275898633285772,0.0007275898633285772,0.9933999609366766,0.005
4,1090,5092,0.0006717203464204158,0.0006717203464204158,0.9939251094746511,0.005
4,1091,5093,0.0007171999987854472,0.0007171999987854472,0.9933995045084916,0.005
4,1092,5094,0.000584230615093343,0.000584230615093343,0.9936937229958757,0.005
4,1093,5095,0.0005659297825595943,0.0005659297825595943,0.993745042549841,0.005
4,1094,5096,0.0006338912618659664,0.0006338912618659664,0.9941395776877311,0.005
4,1095,5097,0.000690400585854607,0.000690400585854607,0.993996672525222,0.005
4,1096,5098,0.0006244337423700697,0.0006244337423700697,0.9938201329558761,0.005
4,1097,5099,0.0007012500177301206,0.0007012500177301206,0.9935887687645959,0.005
4,1098,5100,0.0005883679177614664,0.0005883679177614664,0.9938810724984335,0.005
4,1099,5101,0.0006295302180725326,0.0006295302180725326,0.9939204258499708,0.005
4,1100,5102,0.0005944729076969024,0.0005944729076969024,0.9938692095704863,0.005
4,1101,5103,0.0006219071354250028,0.0006219071354250028,0.9939500074197033,0.005
4,1102,5104,0.0006795470837534257,0.0006795470837534257,0.9934159414424407,0.005
4,1103,5105,0.000587533419292674,0.000587533419292674,0.9938289452667932,0.005
4,1104,5106,0.0006372976830844445,0.0006372976830844445,0.9936888572505479,0.005
4,1105,5107,0.0006196978079194638,0.0006196978079194638,0.9939952885658317,0.005
4,1106,5108,0.0006019259077572948,0.0006019259077572948,0.9936578160100195,0.005
4,1107,5109,0.0005153546937377185,0.0005153546937377185,0.9933887804376491,0.005
4,1108,5110,0.0005831912304762111,0.0005831912304762111,0.9937839788749323,0.005
4,1109,5111,0.0006667819709528923,0.0006667819709528923,0.9934394585652466,0.005
4,1110,5112,0.0008673429514480303,0.0008673429514480303,0.9935418655402312,0.005
4,1111,5113,0.000627562525550065,0.000627562525550065,0.9937338808628194,0.005
4,1112,5114,0.0005912465563371528,0.0005912465563371528,0.9938298243345363,0.005
4,1113,5115,0.0006519826190595878,0.0006519826190595878,0.9933275686437137,0.005
4,1114,5116,0.0005609425592144879,0.0005609425592144879,0.9939592078039255,0.005
4,1115,5117,0.0005966288264016928,0.0005966288264016928,0.9936940099299849,0.005
4,1116,5118,0.0006918239035067163,0.0006918239035067163,0.9939424870388622,0.005
4,1117,5119,0.000693339180670579,0.000693339180670579,0.9936048365822874,0.005
4,1118,5120,0.000654706216226686,0.000654706216226686,0.993886122415229,0.005
4,1119,5121,0.0006418202414118612,0.0006418202414118612,0.9940464875602971,0.005
4,1120,5122,0.0005845305442102155,0.0005845305442102155,0.9939493804358014,0.005
4,1121,5123,0.000641486945411246,0.000641486945411246,0.9935781346511664,0.005
4,1122,5124,0.0005781459592351224,0.0005781459592351224,0.9937863393764936,0.005
4,1123,5125,0.0005675380149014653,0.0005675380149014653,0.9936316334655924,0.005
4,1124,5126,0.0005854817747864205,0.0005854817747864205,0.9937439404672666,0.005
4,1125,5127,0.0005775702178851238,0.0005775702178851238,0.9937530865172587,0.005
4,1126,5128,0.0005760837127044816,0.0005760837127044816,0.9938668807667335,0.005
4,1127,5129,0.0005805570681714178,0.0005805570681714178,0.9936408753422273,0.005
4,1128,5130,0.0006200376062335878,0.0006200376062335878,0.9936976581459703,0.005
4,1129,5131,0.0005912551803394716,0.0005912551803394716,0.9936444316725822,0.005
4,1130,5132,0.0005037002671999491,0.0005037002671999491,0.9935032121707941,0.005
4,1131,5133,0.0005960093319645932,0.0005960093319645932,0.993568762334681,0.005
4,1132,5134,0.0006838255969228168,0.0006838255969228168,0.9934866360472192,0.005
4,1133,5135,0.0006319608246584307,0.0006319608246584307,0.9932963448909463,0.005
4,1134,5136,0.0006215676301893757,0.0006215676301893757,0.9937165244330489,0.005
4,1135,5137,0.0006226283441630686,0.0006226283441630686,0.9931454157567038,0.005
4,1136,5138,0.0006979902388216708,0.0006979902388216708,0.9936113220021482,0.005
4,1137,5139,0.0005918936546347741,0.0005918936546347741,0.993921986090462,0.005
4,1138,5140,0.0005733581002693177,0.0005733581002693177,0.9936693668219809,0.005
4,1139,5141,0.0005889569209165302,0.0005889569209165302,0.99344945253304,0.005
4,1140,5142,0.0006963904742839644,0.0006963904742839644,0.9934696382678143,0.005
4,1141,5143,0.0005874221104089893,0.0005874221104089893,0.9934816851824916,0.005
4,1142,5144,0.0006266926055286603,0.0006266926055286603,0.9937372462074812,0.005
4,1143,5145,0.0006845366254515949,0.0006845366254515949,0.993508381869913,0.005
4,1144,5146,0.0005599655915960211,0.0005599655915960211,0.9935571262059963,0.005
4,1145,5147,0.0005655396651850697,0.0005655396651850697,0.9937159631962655,0.005
4,1146,5148,0.0006343394044646578,0.0006343394044646578,0.9934212409678279,0.005
4,1147,5149,0.0006497777990850783,0.0006497777990850783,0.9937464739917887,0.005
4,1148,5150,0.0006265556527735793,0.0006265556527735793,0.9933041573014773,0.005
4,1149,5151,0.0006757468770723252,0.0006757468770723252,0.9938673974456884,0.005
4,1150,5152,0.0005418741125948601,0.0005418741125948601,0.9937445591030337,0.005
4,1151,5153,0.0005935533196394682,0.0005935533196394682,0.9939218645030018,0.005
4,1152,5154,0.0006487611358690416,0.0006487611358690416,0.993613429748353,0.005
4,1153,5155,0.0006344336686963881,0.0006344336686963881,0.9938578132689809,0.005
4,1154,5156,0.0006051587756401033,0.0006051587756401033,0.9937812519961172,0.005
4,1155,5157,0.0007986968245348137,0.0007986968245348137,0.9931312341066943,0.005
4,1156,5158,0.0005871063667615762,0.0005871063667615762,0.9936693176525057,0.005
4,1157,5159,0.0006084630646559563,0.0006084630646559563,0.9938515591535291,0.005
4,1158,5160,0.0006397437282171603,0.0006397437282171603,0.9938436908215518,0.005
4,1159,5161,0.0006642123871873041,0.0006642123871873041,0.9935385571405881,0.005
4,1160,5162,0.0006118465632541669,0.0006118465632541669,0.9937650381562045,0.005
4,1161,5163,0.0006370972583264256,0.0006370972583264256,0.9932897548534806,0.005
4,1162,5164,0.0006595484965358146,0.0006595484965358146,0.9936586505179389,0.005
4,1163,5165,0.0006427379343526885,0.0006427379343526885,0.9933730164081473,0.005
4,1164,5166,0.0006263889659504485,0.0006263889659504485,0.9939054669565504,0.005
4,1165,5167,0.0005786121392464571,0.0005786121392464571,0.9940248948054053,0.005
4,1166,5168,0.0005721466922174302,0.0005721466922174302,0.9934856241494069,0.005
4,1167,5169,0.0006390016212118278,0.0006390016212118278,0.9936023969926534,0.005
4,1168,5170,0.0012463231863132774,0.0012463231863132774,0.9930008956396693,0.005
4,1169,5171,0.0005429488335740807,0.0005429488335740807,0.9936587845719482,0.005
4,1170,5172,0.0006128648440629547,0.0006128648440629547,0.9937805017354422,0.005
4,1171,5173,0.0006864682738317984,0.0006864682738317984,0.9933927369826555,0.005
4,1172,5174,0.0005954657924969842,0.0005954657924969842,0.9937146004777643,0.005
4,1173,5175,0.000690496193927731,0.000690496193927731,0.9934313157509711,0.005
4,1174,5176,0.0005798564187609323,0.0005798564187609323,0.9938159079604594,0.005
4,1175,5177,0.0005743942603059471,0.0005743942603059471,0.9938352054767758,0.005
4,1176,5178,0.0006149491515960049,0.0006149491515960049,0.9939038238982678,0.005
4,1177,5179,0.0006320171472377844,0.0006320171472377844,0.993612676663609,0.005
4,1178,5180,0.0006590044585576205,0.0006590044585576205,0.9939384679092717,0.005
4,1179,5181,0.0006335755104551399,0.0006335755104551399,0.9937604959348748,0.005
4,1180,5182,0.0005915508112707469,0.0005915508112707469,0.9938761108991563,0.005
4,1181,5183,0.0005533020424393919,0.0005533020424393919,0.9936046411269011,0.005
4,1182,5184,0.0006166676331508525,0.0006166676331508525,0.993594081645873,0.005
4,1183,5185,0.0009768902727866281,0.0009768902727866281,0.9930861050776734,0.005
4,1184,5186,0.0005788808225739073,0.0005788808225739073,0.9936466559797958,0.005
4,1185,5187,0.00068797602329706,0.00068797602329706,0.9938998196475419,0.005
4,1186,5188,0.0005521163879033764,0.0005521163879033764,0.993798926908858,0.005
4,1187,5189,0.0007835143972464631,0.0007835143972464631,0.9931360200639916,0.005
4,1188,5190,0.0006238862451731287,0.0006238862451731287,0.9938692588466466,0.005
4,1189,5191,0.0006456848622218335,0.0006456848622218335,0.9936144895527643,0.005
4,1190,5192,0.0006427331554682314,0.0006427331554682314,0.9937363630433967,0.005
4,1191,5193,0.0005923653089933056,0.0005923653089933056,0.9940125359559631,0.005
4,1192,5194,0.0006227080917237526,0.0006227080917237526,0.9935118747414643,0.005
4,1193,5195,0.000576994654845504,0.000576994654845504,0.9936435423982527,0.005
4,1194,5196,0.0006257053726903639,0.0006257053726903639,0.9937132474018536,0.005
4,1195,5197,0.0005659761934470386,0.0005659761934470386,0.9935444408391494,0.005
4,1196,5198,0.0006548247702541732,0.0006548247702541732,0.993543636756583,0.005
4,1197,5199,0.0006215265218281208,0.0006215265218281208,0.9931779770482867,0.005
4,1198,5200,0.0006795156647528666,0.0006795156647528666,0.9935952401648698,0.005
4,1199,5201,0.0007795089269370237,0.0007795089269370237,0.9932293687901367,0.005
4,1200,5202,0.0006393156794790122,0.0006393156794790122,0.9937528950616183,0.005
4,1201,5203,0.0005640457918639708,0.0005640457918639708,0.9935801712355653,0.005
4,1202,5204,0.0005935331881209804,0.0005935331881209804,0.9939465200099998,0.005
4,1203,5205,0.0007302577196256865,0.0007302577196256865,0.9937941093268412,0.005
4,1204,5206,0.0006696170031187999,0.0006696170031187999,0.9932273916366611,0.005
4,1205,5207,0.0006038506467197846,0.0006038506467197846,0.993978077339102,0.005
4,1206,5208,0.0006053384220901048,0.0006053384220901048,0.9938276095232954,0.005
4,1207,5209,0.0006060133293350678,0.0006060133293350678,0.9938272979190487,0.005
4,1208,5210,0.0006317126580125754,0.0006317126580125754,0.9937246173725438,0.005
4,1209,5211,0.0006331405682255487,0.0006331405682255487,0.9934466567839356,0.005
4,1210,5212,0.0006199830790828199,0.0006199830790828199,0.9940728740300456,0.005
4,1211,5213,0.0005972278672448039,0.0005972278672448039,0.9935805971577153,0.005
4,1212,5214,0.0006795097388950355,0.0006795097388950355,0.9937771586153553,0.005
4,1213,5215,0.000724245700772369,0.000724245700772369,0.9938202240102566,0.005
4,1214,5216,0.0005798137060145281,0.0005798137060145281,0.9938278778954379,0.005
4,1215,5217,0.000705049967237904,0.000705049967237904,0.9937752015225532,0.005
4,1216,5218,0.0006745368139628749,0.0006745368139628749,0.9937811278373797,0.005
4,1217,5219,0.0005734545039025085,0.0005734545039025085,0.9939709132463083,0.005
4,1218,5220,0.0006064296251869694,0.0006064296251869694,0.9938031328588969,0.005
4,1219,5221,0.0005801035794868025,0.0005801035794868025,0.993757574572411,0.005
4,1220,5222,0.0005580612744039837,0.0005580612744039837,0.9936956954348364,0.005
4,1221,5223,0.0005885197324963731,0.0005885197324963731,0.9937087606998157,0.005
4,1222,5224,0.0006169132733719884,0.0006169132733719884,0.9938126993745467,0.005
4,1223,5225,0.0005412457858725317,0.0005412457858725317,0.993878558349538,0.005
4,1224,5226,0.0006650589469344504,0.0006650589469344504,0.9934339567475047,0.005
4,1225,5227,0.0006363690105187969,0.0006363690105187969,0.9934553630340568,0.005
4,1226,5228,0.000604551538606004,0.000604551538606004,0.9935725467822002,0.005
4,1227,5229,0.0006174459640354724,0.0006174459640354724,0.9933168005131442,0.005
4,1228,5230,0.0005874748903930416,0.0005874748903930416,0.9931452880484897,0.005
4,1229,5231,0.0005586950535174274,0.0005586950535174274,0.9938336116152423,0.005
4,1230,5232,0.0006347164539136308,0.0006347164539136308,0.99349028101876,0.005
4,1231,5233,0.000651659503487455,0.000651659503487455,0.9936892703684232,0.005
4,1232,5234,0.0007118764681773637,0.0007118764681773637,0.9935800746640518,0.005
4,1233,5235,0.0006277942639086932,0.0006277942639086932,0.9939847779797937,0.005
4,1234,5236,0.0006467595087408606,0.0006467595087408606,0.9937448607810191,0.005
4,1235,5237,0.0005815262831144618,0.0005815262831144618,0.99325549228969,0.005
4,1236,5238,0.0006739307820830354,0.0006739307820830354,0.9934346671348416,0.005
4,1237,5239,0.0006177665707801905,0.0006177665707801905,0.9938737203779776,0.005
4,1238,5240,0.0005433717766262058,0.0005433717766262058,0.9939349757039323,0.005
4,1239,5241,0.0006308743927742422,0.0006308743927742422,0.9941276880062606,0.005
4,1240,5242,0.0005806832483871039,0.0005806832483871039,0.9937187850551827,0.005
4,1241,5243,0.0005782116963016848,0.0005782116963016848,0.9939902471695119,0.005
4,1242,5244,0.0006952061649120667,0.0006952061649120667,0.9941190663303311,0.005
4,1243,5245,0.0005447034361596359,0.0005447034361596359,0.9936762706987128,0.005
4,1244,5246,0.0006030224153085373,0.0006030224153085373,0.9937320567363838,0.005
4,1245,5247,0.0005753627339584388,0.0005753627339584388,0.9938479570240689,0.005
4,1246,5248,0.0006201855004556966,0.0006201855004556966,0.9934874437590512,0.005
4,1247,5249,0.0006412514029818096,0.0006412514029818096,0.9937706829074844,0.005
4,1248,5250,0.0006263752492090069,0.0006263752492090069,0.9938479144568161,0.005
4,1249,5251,0.0007581493966640917,0.0007581493966640917,0.992812317003123,0.005
4,1250,5252,0.0006862551687196017,0.0006862551687196017,0.9930557200132404,0.005
4,1251,5253,0.0005862377388248519,0.0005862377388248519,0.9937712753151071,0.005
4,1252,5254,0.0006348681868129913,0.0006348681868129913,0.9938962290772314,0.005
4,1253,5255,0.000627181205732773,0.000627181205732773,0.9937289522824773,0.005
4,1254,5256,0.0006137987162077208,0.0006137987162077208,0.9936234084792983,0.005
4,1255,5257,0.000628045592854859,0.000628045592854859,0.9936002562508406,0.005
4,1256,5258,0.0006503505556539269,0.0006503505556539269,0.9941243963505014,0.005
4,1257,5259,0.0007704994680399091,0.0007704994680399091,0.9932457163043139,0.005
4,1258,5260,0.0006407060307563195,0.0006407060307563195,0.9940439803577287,0.005
4,1259,5261,0.0005023550693737478,0.0005023550693737478,0.99390678584324,0.005
4,1260,5262,0.0005895452586944495,0.0005895452586944495,0.9937257234607524,0.005
4,1261,5263,0.0005317334136393714,0.0005317334136393714,0.9938446695680913,0.005
4,1262,5264,0.0005787714072679273,0.0005787714072679273,0.9938798526396934,0.005
4,1263,5265,0.0005784492920385431,0.0005784492920385431,0.9937775019071806,0.005
4,1264,5266,0.0005732717148643785,0.0005732717148643785,0.9934081158797538,0.005
4,1265,5267,0.0006310623924001069,0.0006310623924001069,0.9936908193502226,0.005
4,1266,5268,0.000614622728796007,0.000614622728796007,0.9937721543293269,0.005
4,1267,5269,0.0006195522685673216,0.0006195522685673216,0.9935166950534551,0.005
4,1268,5270,0.0005746347904233195,0.0005746347904233195,0.9932202896065545,0.005
4,1269,5271,0.0006885385036979597,0.0006885385036979597,0.9940246856201886,0.005
4,1270,5272,0.0006023885942335916,0.0006023885942335916,0.9934881889506265,0.005
4,1271,5273,0.0006036783310789694,0.0006036783310789694,0.9935814182630172,0.005
4,1272,5274,0.0006162490165715795,0.0006162490165715795,0.9938974680782676,0.005
4,1273,5275,0.000717410477953785,0.000717410477953785,0.9938403380223392,0.005
4,1274,5276,0.000540773011462754,0.000540773011462754,0.9936188816042836,0.005
4,1275,5277,0.0005841884542736109,0.0005841884542736109,0.993759413477342,0.005
4,1276,5278,0.0006233685154191582,0.0006233685154191582,0.9938845437136282,0.005
4,1277,5279,0.0006189679769847245,0.0006189679769847245,0.9932734732553306,0.005
4,1278,5280,0.000583970977492918,0.000583970977492918,0.9937931273380879,0.005
4,1279,5281,0.0005487048158921159,0.0005487048158921159,0.9937762827411402,0.005
4,1280,5282,0.000558496756026211,0.000558496756026211,0.9937582007114217,0.005
4,1281,5283,0.0005624143205045606,0.0005624143205045606,0.9937726420728932,0.005
4,1282,5284,0.0005637499531966094,0.0005637499531966094,0.993427923035247,0.005
4,1283,5285,0.0006575095920243046,0.0006575095920243046,0.9939159293213343,0.005
4,1284,5286,0.0005649408213261354,0.0005649408213261354,0.993843417184319,0.005
4,1285,5287,0.0005073654989070065,0.0005073654989070065,0.9937783604381395,0.005
4,1286,5288,0.0005731318429149302,0.0005731318429149302,0.9939654524118416,0.005
4,1287,5289,0.0006173374532201937,0.0006173374532201937,0.9930981224251352,0.005
4,1288,5290,0.0006902858927842215,0.0006902858927842215,0.9929649154024265,0.005
4,1289,5291,0.0005825035394341372,0.0005825035394341372,0.9936761835908401,0.005
4,1290,5292,0.0006630006596956796,0.0006630006596956796,0.9936144970725737,0.005
4,1291,5293,0.0006166831482022838,0.0006166831482022838,0.9938708829768402,0.005
4,1292,5294,0.0006000913478972636,0.0006000913478972636,0.9935890541244965,0.005
4,1293,5295,0.0005960397589333767,0.0005960397589333767,0.9940785596501465,0.005
4,1294,5296,0.0006188756776725801,0.0006188756776725801,0.9940265688357429,0.005
4,1295,5297,0.0006680195002326072,0.0006680195002326072,0.9937143829265191,0.005
4,1296,5298,0.0005221489270873859,0.0005221489270873859,0.9938227543101248,0.005
4,1297,5299,0.000601752967640926,0.000601752967640926,0.9937857929147884,0.005
4,1298,5300,0.0007745750713505073,0.0007745750713505073,0.9932096801764594,0.005
4,1299,5301,0.0005450995459076191,0.0005450995459076191,0.9938005538465723,0.005
4,1300,5302,0.0006027906804206806,0.0006027906804206806,0.9941055123704912,0.005
4,1301,5303,0.0007504925882927993,0.0007504925882927993,0.9932613745010773,0.005
4,1302,5304,0.0006201899983344105,0.0006201899983344105,0.9938814698189612,0.005
4,1303,5305,0.0005389407924737455,0.0005389407924737455,0.9934966586345745,0.005
4,1304,5306,0.0005862494620784642,0.0005862494620784642,0.9934974723501925,0.005
4,1305,5307,0.0006171810992124327,0.0006171810992124327,0.9939612994029456,0.005
4,1306,5308,0.0005872387824038272,0.0005872387824038272,0.9933117391192602,0.005
4,1307,5309,0.0005759814271323537,0.0005759814271323537,0.9935925397782087,0.005
4,1308,5310,0.0006541329353934888,0.0006541329353934888,0.9935581679493811,0.005
4,1309,5311,0.0006361656317645014,0.0006361656317645014,0.9938443016777052,0.005
4,1310,5312,0.0006396514844759216,0.0006396514844759216,0.9938881288364552,0.005
4,1311,5313,0.0005836849249772635,0.0005836849249772635,0.9938230346266723,0.005
4,1312,5314,0.0006334813367916115,0.0006334813367916115,0.9939689538539457,0.005
4,1313,5315,0.0006248591849820917,0.0006248591849820917,0.9940491511108865,0.005
4,1314,5316,0.000659324533677017,0.000659324533677017,0.9938844633056076,0.005
4,1315,5317,0.0006760521647644547,0.0006760521647644547,0.993899144266403,0.005
4,1316,5318,0.000680155263484532,0.000680155263484532,0.993504639620159,0.005
4,1317,5319,0.0005396170224903419,0.0005396170224903419,0.9936881897390988,0.005
4,1318,5320,0.000540148581913742,0.000540148581913742,0.9936577930663073,0.005
4,1319,5321,0.0005719047562478608,0.0005719047562478608,0.9936708649129531,0.005
4,1320,5322,0.0005813144838714091,0.0005813144838714091,0.9936601316357975,0.005
4,1321,5323,0.0006022901780268142,0.0006022901780268142,0.9934018393758827,0.005
4,1322,5324,0.0005383278640936084,0.0005383278640936084,0.9936288905017074,0.005
4,1323,5325,0.0005888884921753923,0.0005888884921753923,0.9932118554744422,0.005
4,1324,5326,0.0005179866496773956,0.0005179866496773956,0.9935666091533742,0.005
4,1325,5327,0.0005826255680608639,0.0005826255680608639,0.9932173359554433,0.005
4,1326,5328,0.0006545449256909531,0.0006545449256909531,0.993990913742349,0.005
4,1327,5329,0.0006344631501775623,0.0006344631501775623,0.9935793333507633,0.005
4,1328,5330,0.0005699921620390858,0.0005699921620390858,0.9933031155761272,0.005
4,1329,5331,0.0005596392142177742,0.0005596392142177742,0.9930601176610603,0.005
4,1330,5332,0.0005472288045785879,0.0005472288045785879,0.9938434835303596,0.005
4,1331,5333,0.0006518334313054474,0.0006518334313054474,0.9938764704039975,0.005
4,1332,5334,0.0006039997724730883,0.0006039997724730883,0.9937181466871334,0.005
4,1333,5335,0.0005508026873627403,0.0005508026873627403,0.993853568114384,0.005
4,1334,5336,0.0006386223218288512,0.0006386223218288512,0.9937987952508905,0.005
4,1335,5337,0.0006199223714749846,0.0006199223714749846,0.993580602314619,0.005
4,1336,5338,0.000593963816653047,0.000593963816653047,0.9936334230243236,0.005
4,1337,5339,0.0005975887223671405,0.0005975887223671405,0.9931110887400962,0.005
4,1338,5340,0.0005583278029970106,0.0005583278029970106,0.9937656485682074,0.005
4,1339,5341,0.0006175218019065466,0.0006175218019065466,0.9937235251579871,0.005
4,1340,5342,0.0007175573919665845,0.0007175573919665845,0.9935808458662203,0.005
4,1341,5343,0.0006297003609829943,0.0006297003609829943,0.9938534744490193,0.005
4,1342,5344,0.0005607288220873729,0.0005607288220873729,0.9939900173165439,0.005
4,1343,5345,0.0006476759332400695,0.0006476759332400695,0.9936815537872358,0.005
4,1344,5346,0.0005358488556707053,0.0005358488556707053,0.9935586915350374,0.005
4,1345,5347,0.0006609374124694679,0.0006609374124694679,0.9936478278655166,0.005
4,1346,5348,0.0005485502501792283,0.0005485502501792283,0.9936132936810617,0.005
4,1347,5349,0.0006634048892019595,0.0006634048892019595,0.9934597023318795,0.005
4,1348,5350,0.0006106215420618588,0.0006106215420618588,0.9936917640426111,0.005
4,1349,5351,0.0005558568064938408,0.0005558568064938408,0.9938530647698832,0.005
4,1350,5352,0.0005996271647097629,0.0005996271647097629,0.9931537707727327,0.005
4,1351,5353,0.000535345510170071,0.000535345510170071,0.9936241654249269,0.005
4,1352,5354,0.0006581939607991382,0.0006581939607991382,0.9931244331047864,0.005
4,1353,5355,0.0005988266005958088,0.0005988266005958088,0.9933679573584107,0.005
4,1354,5356,0.0006553467054167706,0.0006553467054167706,0.9935047908429905,0.005
4,1355,5357,0.0005827666400514441,0.0005827666400514441,0.99376470271853,0.005
4,1356,5358,0.0006202621123395735,0.0006202621123395735,0.9937357932685403,0.005
4,1357,5359,0.0005765369760053707,0.0005765369760053707,0.9934669828851833,0.005
4,1358,5360,0.0006181980020791855,0.0006181980020791855,0.9937759799260585,0.005
4,1359,5361,0.0006523778066939046,0.0006523778066939046,0.993869284239756,0.005
4,1360,5362,0.0005990084774426775,0.0005990084774426775,0.9931805682662329,0.005
4,1361,5363,0.0006236198573832219,0.0006236198573832219,0.9938385378763455,0.005
4,1362,5364,0.0006486949458715252,0.0006486949458715252,0.9936664511603711,0.005
4,1363,5365,0.0005660949476050459,0.0005660949476050459,0.9935677524366718,0.005
4,1364,5366,0.0006310701841241751,0.0006310701841241751,0.9935489958721168,0.005
4,1365,5367,0.0006084730410602524,0.0006084730410602524,0.9934387456494084,0.005
4,1366,5368,0.0005704609517326697,0.0005704609517326697,0.9937680176283193,0.005
4,1367,5369,0.0005418511892730371,0.0005418511892730371,0.9938473664246787,0.005
4,1368,5370,0.0007563376471235461,0.0007563376471235461,0.9934538681039778,0.005
4,1369,5371,0.0005994763462929131,0.0005994763462929131,0.9933716425162304,0.005
4,1370,5372,0.0006050665344658846,0.0006050665344658846,0.9941098572523859,0.005
4,1371,5373,0.0006365524018700263,0.0006365524018700263,0.9937258713474992,0.005
4,1372,5374,0.0006094414662403626,0.0006094414662403626,0.9939352889737955,0.005
4,1373,5375,0.0006255652884399843,0.0006255652884399843,0.9937458419265737,0.005
4,1374,5376,0.0005733677061587638,0.0005733677061587638,0.993907248526099,0.005
4,1375,5377,0.0006679581369335686,0.0006679581369335686,0.9931050760634913,0.005
4,1376,5378,0.000592947931495943,0.000592947931495943,0.9933127895835963,0.005
4,1377,5379,0.0006646016827787581,0.0006646016827787581,0.9934968886122708,0.005
4,1378,5380,0.0006784766044735369,0.0006784766044735369,0.9938919948803705,0.005
4,1379,5381,0.000616686962987899,0.000616686962987899,0.993881783390174,0.005
4,1380,5382,0.0005767694520760436,0.0005767694520760436,0.9937872430646345,0.005
4,1381,5383,0.0005961918436420677,0.0005961918436420677,0.9937647075567256,0.005
4,1382,5384,0.0006495590707689814,0.0006495590707689814,0.9934393123093944,0.005
4,1383,5385,0.0006644695178923266,0.0006644695178923266,0.993559972372848,0.005
4,1384,5386,0.0005682374295026605,0.0005682374295026605,0.9938420177720837,0.005
4,1385,5387,0.0006509075084958303,0.0006509075084958303,0.993685264249162,0.005
4,1386,5388,0.0006382940688521455,0.0006382940688521455,0.9938229946567902,0.005
4,1387,5389,0.0006007479878805988,0.0006007479878805988,0.9939941259981877,0.005
4,1388,5390,0.0005309077746656532,0.0005309077746656532,0.993902190013454,0.005
4,1389,5391,0.0006394464844720583,0.0006394464844720583,0.9940766843134916,0.005
4,1390,5392,0.0006022020942303341,0.0006022020942303341,0.9935344927081664,0.005
4,1391,5393,0.0006143302057603473,0.0006143302057603473,0.9937782236307225,0.005
4,1392,5394,0.0006181188208434363,0.0006181188208434363,0.9937087533662861,0.005
4,1393,5395,0.0005367692565732629,0.0005367692565732629,0.993832359177049,0.005
4,1394,5396,0.0005729630231985416,0.0005729630231985416,0.9937777811489007,0.005
4,1395,5397,0.0005863792698540128,0.0005863792698540128,0.9933021018815944,0.005
4,1396,5398,0.0006638383887728162,0.0006638383887728162,0.9937809071610828,0.005
4,1397,5399,0.0005506029020159364,0.0005506029020159364,0.9933781078148217,0.005
4,1398,5400,0.0006142500323238831,0.0006142500323238831,0.9936533944268906,0.005
4,1399,5401,0.0006949418797534113,0.0006949418797534113,0.9932475319786778,0.005
4,1400,5402,0.000632828366241649,0.000632828366241649,0.9934868958076623,0.005
4,1401,5403,0.0005897552269919816,0.0005897552269919816,0.9937267505515509,0.005
4,1402,5404,0.0006496597480520182,0.0006496597480520182,0.9938267518047673,0.005
4,1403,5405,0.0005792461601118027,0.0005792461601118027,0.9936733637899113,0.005
4,1404,5406,0.0005617757622254972,0.0005617757622254972,0.9934867137453266,0.005
4,1405,5407,0.0005659414613817238,0.0005659414613817238,0.993768611094034,0.005
4,1406,5408,0.0005426260888001566,0.0005426260888001566,0.9939321195080258,0.005
4,1407,5409,0.000606049342581172,0.000606049342581172,0.9938798500990168,0.005
4,1408,5410,0.0006604322284076603,0.0006604322284076603,0.9934774415044113,0.005
4,1409,5411,0.000743659354504811,0.000743659354504811,0.9936998137221097,0.005
4,1410,5412,0.0005986793060811379,0.0005986793060811379,0.9932616766682001,0.005
4,1411,5413,0.0005885546031230017,0.0005885546031230017,0.9935935641310935,0.005
4,1412,5414,0.0006533368547787177,0.0006533368547787177,0.9935568551857105,0.005
4,1413,5415,0.0007613039086258589,0.0007613039086258589,0.9936553578690873,0.005
4,1414,5416,0.0006770441761986201,0.0006770441761986201,0.9940321509829374,0.005
4,1415,5417,0.0005600852156935254,0.0005600852156935254,0.9937568273782523,0.005
4,1416,5418,0.0006681527156743871,0.0006681527156743871,0.9942114580114494,0.005
4,1417,5419,0.0005565286905710033,0.0005565286905710033,0.9935029709062445,0.005
4,1418,5420,0.0005770681568642712,0.0005770681568642712,0.9938030531658,0.005
4,1419,5421,0.0006053178752294785,0.0006053178752294785,0.9939048809882072,0.005
4,1420,5422,0.0006166354361708115,0.0006166354361708115,0.993712845839875,0.005
4,1421,5423,0.0006346066777643323,0.0006346066777643323,0.9934561256225967,0.005
4,1422,5424,0.0006063363368031061,0.0006063363368031061,0.9939633684986701,0.005
4,1423,5425,0.0005778927864373651,0.0005778927864373651,0.9936942788634446,0.005
4,1424,5426,0.0005813342740878768,0.0005813342740878768,0.993506487893255,0.005
4,1425,5427,0.0006275151474517327,0.0006275151474517327,0.993925292827712,0.005
4,1426,5428,0.0006271123583915994,0.0006271123583915994,0.9932513068922996,0.005
4,1427,5429,0.0006234818203531678,0.0006234818203531678,0.9936221137339147,0.005
4,1428,5430,0.0005983622089902529,0.0005983622089902529,0.9936007666671333,0.005
4,1429,5431,0.0006482548682287647,0.0006482548682287647,0.9941011368196778,0.005
4,1430,5432,0.0005587059387018511,0.0005587059387018511,0.993690953198711,0.005
4,1431,5433,0.0006831536372089574,0.0006831536372089574,0.9932005650800053,0.005
4,1432,5434,0.0006510399584982885,0.0006510399584982885,0.9936209216977874,0.005
4,1433,5435,0.0006028355188556855,0.0006028355188556855,0.993657643442846,0.005
4,1434,5436,0.0005418781232648972,0.0005418781232648972,0.9935584493510511,0.005
4,1435,5437,0.0006082492018425734,0.0006082492018425734,0.9938677630598759,0.005
4,1436,5438,0.0005541351807964479,0.0005541351807964479,0.9937093422091894,0.005
4,1437,5439,0.0005862593451043474,0.0005862593451043474,0.9938074420435031,0.005
4,1438,5440,0.0006257063474948976,0.0006257063474948976,0.9935485760027354,0.005
4,1439,5441,0.0005950096116162362,0.0005950096116162362,0.9934286279270046,0.005
4,1440,5442,0.0006005369738839828,0.0006005369738839828,0.993637437204331,0.005
4,1441,5443,0.0006247479986535232,0.0006247479986535232,0.9936830623460745,0.005
4,1442,5444,0.0005863213597176887,0.0005863213597176887,0.9933568043813419,0.005
4,1443,5445,0.0005776678840357819,0.0005776678840357819,0.9938131532966029,0.005
4,1444,5446,0.0006106640490596215,0.0006106640490596215,0.9939576415780992,0.005
4,1445,5447,0.0004848355320360132,0.0004848355320360132,0.9936688112304534,0.005
4,1446,5448,0.0005871083396702559,0.0005871083396702559,0.9935476040030053,0.005
4,1447,5449,0.0005058203759543433,0.0005058203759543433,0.9937825919845465,0.005
4,1448,5450,0.0006479049136986892,0.0006479049136986892,0.9931931292844024,0.005
4,1449,5451,0.0005641205308547648,0.0005641205308547648,0.9939606684916208,0.005
4,1450,5452,0.0005991275242751292,0.0005991275242751292,0.9934919556211528,0.005
4,1451,5453,0.0006337244269400644,0.0006337244269400644,0.9940031401409164,0.005
4,1452,5454,0.0006529118079862128,0.0006529118079862128,0.9940132110704701,0.005
4,1453,5455,0.0005039775132689383,0.0005039775132689383,0.993453552401311,0.005
4,1454,5456,0.000616698242599022,0.000616698242599022,0.9933682204748501,0.005
4,1455,5457,0.0006722235744253091,0.0006722235744253091,0.9934041552764444,0.005
4,1456,5458,0.000630670351520094,0.000630670351520094,0.993371301183245,0.005
4,1457,5459,0.0006645484572033789,0.0006645484572033789,0.9936539872817798,0.005
4,1458,5460,0.0006459070736222883,0.0006459070736222883,0.993326156549728,0.005
4,1459,5461,0.0006553038059415107,0.0006553038059415107,0.9935591657560982,0.005
4,1460,5462,0.0006592759343113652,0.0006592759343113652,0.9934812025619817,0.005
4,1461,5463,0.0006270529601287734,0.0006270529601287734,0.9936531477771021,0.005
4,1462,5464,0.0006369837180688143,0.0006369837180688143,0.9933747894735627,0.005
4,1463,5465,0.0006613233920772022,0.0006613233920772022,0.9933279074304012,0.005
4,1464,5466,0.000631277445930234,0.000631277445930234,0.9937444985236394,0.005
4,1465,5467,0.0006020265094969391,0.0006020265094969391,0.9943096622035943,0.005
4,1466,5468,0.0006253009719284564,0.0006253009719284564,0.9941406276172262,0.005
4,1467,5469,0.0006438716662553955,0.0006438716662553955,0.9934730378863792,0.005
4,1468,5470,0.0006041968780539554,0.0006041968780539554,0.9936032978901705,0.005
4,1469,5471,0.0006008910232703801,0.0006008910232703801,0.9937239635020994,0.005
4,1470,5472,0.0006164036170300058,0.0006164036170300058,0.9934438772837486,0.005
4,1471,5473,0.000634974080902424,0.000634974080902424,0.9939130359806579,0.005
4,1472,5474,0.000624417271467187,0.000624417271467187,0.9938606886768492,0.005
4,1473,5475,0.0006245035237330899,0.0006245035237330899,0.993690121488868,0.005
4,1474,5476,0.0006271100737564028,0.0006271100737564028,0.993845134386095,0.005
4,1475,5477,0.0007208802870064202,0.0007208802870064202,0.9931694003979891,0.005
4,1476,5478,0.0006312511447100866,0.0006312511447100866,0.9937648743120816,0.005
4,1477,5479,0.0005253836190142581,0.0005253836190142581,0.9935262651659996,0.005
4,1478,5480,0.0005641732801348154,0.0005641732801348154,0.9938497744306286,0.005
4,1479,5481,0.0006248455511193707,0.0006248455511193707,0.9935600520219936,0.005
4,1480,5482,0.0005301854918863292,0.0005301854918863292,0.9939297756380353,0.005
4,1481,5483,0.0005918433264472911,0.0005918433264472911,0.9935264484098698,0.005
4,1482,5484,0.0006136906813305732,0.0006136906813305732,0.9933210354198764,0.005
4,1483,5485,0.0005859701411551932,0.0005859701411551932,0.9936336133109308,0.005
4,1484,5486,0.0005898701760864366,0.0005898701760864366,0.99324103090834,0.005
4,1485,5487,0.0006106624455413667,0.0006106624455413667,0.9935867973119179,0.005
4,1486,5488,0.0005495121020436234,0.0005495121020436234,0.9934901013797721,0.005
4,1487,5489,0.0006766525962250147,0.0006766525962250147,0.9936917027323345,0.005
4,1488,5490,0.00053364601924508,0.00053364601924508,0.9936635476400772,0.005
4,1489,5491,0.0007303371386175628,0.0007303371386175628,0.9933240304788264,0.005
4,1490,5492,0.0005892948733102843,0.0005892948733102843,0.9935911102649941,0.005
4,1491,5493,0.0005735514924484254,0.0005735514924484254,0.9940722830990785,0.005
4,1492,5494,0.00058474329801671,0.00058474329801671,0.9939408735425016,0.005
4,1493,5495,0.0005518296848786697,0.0005518296848786697,0.993886049089881,0.005
4,1494,5496,0.0006551142016396039,0.0006551142016396039,0.993904545170756,0.005
4,1495,5497,0.000571238142712197,0.000571238142712197,0.9939981659604732,0.005
4,1496,5498,0.0006711390320501842,0.0006711390320501842,0.9937900644618938,0.005
4,1497,5499,0.000606297856371647,0.000606297856371647,0.9940524237618397,0.005
4,1498,5500,0.0006220288285804598,0.0006220288285804598,0.9935250705197572,0.005
4,1499,5501,0.0006172093494792041,0.0006172093494792041,0.9936767438457803,0.005
4,1500,5502,0.0006555453560752433,0.0006555453560752433,0.993949107120654,0.005
4,1501,5503,0.0006470480710448768,0.0006470480710448768,0.9936931007018641,0.005
4,1502,5504,0.0006643974882665715,0.0006643974882665715,0.993955475927174,0.005
4,1503,5505,0.000669177617818385,0.000669177617818385,0.9938162970362548,0.005
4,1504,5506,0.0006092184505627241,0.0006092184505627241,0.9935515682646556,0.005
4,1505,5507,0.0005458856120098477,0.0005458856120098477,0.9936056274994873,0.005
4,1506,5508,0.0006373488082014956,0.0006373488082014956,0.9939038731496443,0.005
4,1507,5509,0.0005511316199023708,0.0005511316199023708,0.9937137047915152,0.005
4,1508,5510,0.0006147370723689604,0.0006147370723689604,0.9934208396393189,0.005
4,1509,5511,0.0005828867096238821,0.0005828867096238821,0.9937340808848629,0.005
4,1510,5512,0.0004963077156514118,0.0004963077156514118,0.9935169263789034,0.005
4,1511,5513,0.0006608837869982443,0.0006608837869982443,0.9933352506523352,0.005
4,1512,5514,0.0006219194223040192,0.0006219194223040192,0.9937172043292684,0.005
4,1513,5515,0.0006277607866196644,0.0006277607866196644,0.9935219798900171,0.005
4,1514,5516,0.0005568836855166027,0.0005568836855166027,0.9937289909627598,0.005
4,1515,5517,0.0006464128264086321,0.0006464128264086321,0.9937490739239362,0.005
4,1516,5518,0.0007312409002280207,0.0007312409002280207,0.9935167488502499,0.005
4,1517,5519,0.0006728696739720275,0.0006728696739720275,0.9936133563629141,0.005
4,1518,5520,0.0006720112426420177,0.0006720112426420177,0.9939034785263711,0.005
4,1519,5521,0.0005437547029212831,0.0005437547029212831,0.9939021600894034,0.005
4,1520,5522,0.0005612570586805321,0.0005612570586805321,0.9937744183316802,0.005
4,1521,5523,0.0006131011302595224,0.0006131011302595224,0.9932273813655942,0.005
4,1522,5524,0.0004783323119527383,0.0004783323119527383,0.9933723526168869,0.005
4,1523,5525,0.0005615397410781698,0.0005615397410781698,0.9936796272174548,0.005
4,1524,5526,0.0005975341560718162,0.0005975341560718162,0.9934681538149944,0.005
4,1525,5527,0.000610362897825194,0.000610362897825194,0.9936858082973155,0.005
4,1526,5528,0.0005389183779115924,0.0005389183779115924,0.9939542164297186,0.005
4,1527,5529,0.0006732094293624268,0.0006732094293624268,0.9936704690149462,0.005
4,1528,5530,0.0006685331997900346,0.0006685331997900346,0.9931387521036957,0.005
4,1529,5531,0.0006040667352797968,0.0006040667352797968,0.9934368038838786,0.005
4,1530,5532,0.0005518474869946577,0.0005518474869946577,0.9937169459458114,0.005
4,1531,5533,0.0006473430893624245,0.0006473430893624245,0.9935395224479319,0.005
4,1532,5534,0.0006228221551365476,0.0006228221551365476,0.9936833895439603,0.005
4,1533,5535,0.0005959923900600207,0.0005959923900600207,0.9935563738887366,0.005
4,1534,5536,0.0005556466786717295,0.0005556466786717295,0.9939160027388109,0.005
4,1535,5537,0.0006201544674131099,0.0006201544674131099,0.993236616064642,0.005
4,1536,5538,0.0006501150107115761,0.0006501150107115761,0.9933664336326067,0.005
4,1537,5539,0.0017956274114895186,0.0017956274114895186,0.9916853071063308,0.005
4,1538,5540,0.0006850866343695006,0.0006850866343695006,0.9935480143866382,0.005
4,1539,5541,0.0005931903942237537,0.0005931903942237537,0.9937601036727923,0.005
4,1540,5542,0.0005837098147603603,0.0005837098147603603,0.9938917605680927,0.005
4,1541,5543,0.0005962338540894251,0.0005962338540894251,0.9940348861694663,0.005
4,1542,5544,0.0006135202018994845,0.0006135202018994845,0.994133601963465,0.005
4,1543,5545,0.0007260993179412556,0.0007260993179412556,0.9933449497801556,0.005
4,1544,5546,0.000675885934022159,0.000675885934022159,0.9937052581971517,0.005
4,1545,5547,0.0007013358869060837,0.0007013358869060837,0.9934515474801947,0.005
4,1546,5548,0.000679565858397937,0.000679565858397937,0.9931345844775974,0.005
4,1547,5549,0.00059562111951591,0.00059562111951591,0.9940916209856115,0.005
4,1548,5550,0.0006998514464861894,0.0006998514464861894,0.9935471216715968,0.005
4,1549,5551,0.0006147751960489368,0.0006147751960489368,0.9935280796599939,0.005
4,1550,5552,0.0006920648190507206,0.0006920648190507206,0.9933244064949915,0.005
4,1551,5553,0.0006418762407774614,0.0006418762407774614,0.9935841663277226,0.005
4,1552,5554,0.0006466574251803459,0.0006466574251803459,0.9935443662807438,0.005
4,1553,5555,0.0005564499360378695,0.0005564499360378695,0.9934827416345395,0.005
4,1554,5556,0.0005899100900297071,0.0005899100900297071,0.9934648953745068,0.005
4,1555,5557,0.0005997364185315747,0.0005997364185315747,0.9933526406356239,0.005
4,1556,5558,0.000628238012463076,0.000628238012463076,0.9935072197636037,0.005
4,1557,5559,0.0005914991302861871,0.0005914991302861871,0.9934416577197869,0.005
4,1558,5560,0.0006196350870555911,0.0006196350870555911,0.9937909182805823,0.005
4,1559,5561,0.0006321127558627749,0.0006321127558627749,0.9936839400109868,0.005
4,1560,5562,0.000634374456211515,0.000634374456211515,0.9938591071171625,0.005
4,1561,5563,0.0006685141588934995,0.0006685141588934995,0.9932190538708517,0.005
4,1562,5564,0.0005915677687864618,0.0005915677687864618,0.9935890312402655,0.005
4,1563,5565,0.000620887901847137,0.000620887901847137,0.9937791846892214,0.005
4,1564,5566,0.0006909634419955092,0.0006909634419955092,0.9942310677932681,0.005
4,1565,5567,0.000579893026531526,0.000579893026531526,0.9935446097297369,0.005
4,1566,5568,0.0005904042644514929,0.0005904042644514929,0.9934836823439878,0.005
4,1567,5569,0.0005141534143487958,0.0005141534143487958,0.9939839065831164,0.005
4,1568,5570,0.0006047400018861005,0.0006047400018861005,0.9931167173743296,0.005
4,1569,5571,0.0005539702928346857,0.0005539702928346857,0.99356470740842,0.005
4,1570,5572,0.0005907698081023127,0.0005907698081023127,0.9938885984165511,0.005
4,1571,5573,0.000612295932551017,0.000612295932551017,0.9936697098828138,0.005
4,1572,5574,0.000592861788692366,0.000592861788692366,0.9938618576572746,0.005
4,1573,5575,0.0006912517733955304,0.0006912517733955304,0.9932987798839553,0.005
4,1574,5576,0.000597120654743738,0.000597120654743738,0.9934346825380921,0.005
4,1575,5577,0.000537697912884212,0.000537697912884212,0.9939884387190346,0.005
4,1576,5578,0.0007451238771910007,0.0007451238771910007,0.9942268884707878,0.005
4,1577,5579,0.0007175698557162058,0.0007175698557162058,0.9931109979104248,0.005
4,1578,5580,0.0005466285274872096,0.0005466285274872096,0.9937896001989557,0.005
4,1579,5581,0.0005219234951093799,0.0005219234951093799,0.9940147977619324,0.005
4,1580,5582,0.0007389718598839556,0.0007389718598839556,0.9923707070495286,0.005
4,1581,5583,0.0007564600951210109,0.0007564600951210109,0.9930144439030361,0.005
4,1582,5584,0.0005229849549322364,0.0005229849549322364,0.9936475056950833,0.005
4,1583,5585,0.00056990671014445,0.00056990671014445,0.9934505603687706,0.005
4,1584,5586,0.0006289082325103535,0.0006289082325103535,0.9933414998991746,0.005
4,1585,5587,0.0006053168057492287,0.0006053168057492287,0.9936473404376895,0.005
4,1586,5588,0.0005202313839150786,0.0005202313839150786,0.9936722799900009,0.005
4,1587,5589,0.0007884762523776167,0.0007884762523776167,0.9933396507949002,0.005
4,1588,5590,0.0005691583522632437,0.0005691583522632437,0.9940026713424676,0.005
4,1589,5591,0.0006416926650227051,0.0006416926650227051,0.9938650378582937,0.005
4,1590,5592,0.0006708099962807977,0.0006708099962807977,0.9940169785864935,0.005
4,1591,5593,0.0007065379355599422,0.0007065379355599422,0.9943549068339568,0.005
4,1592,5594,0.0005740247838792001,0.0005740247838792001,0.9937659983181297,0.005
4,1593,5595,0.0006510931798233122,0.0006510931798233122,0.9933551742349191,0.005
4,1594,5596,0.0006420784299795524,0.0006420784299795524,0.9935545830684315,0.005
4,1595,5597,0.0005617377697230097,0.0005617377697230097,0.9936968449381377,0.005
4,1596,5598,0.0005983534683899661,0.0005983534683899661,0.993627785959734,0.005
4,1597,5599,0.0006846633967668171,0.0006846633967668171,0.9936447011992005,0.005
4,1598,5600,0.0006007381444901339,0.0006007381444901339,0.9935878325889375,0.005
4,1599,5601,0.000633641844577193,0.000633641844577193,0.9939334724218203,0.005
4,1600,5602,0.0006843595455329145,0.0006843595455329145,0.993108193134068,0.005
4,1601,5603,0.0005858585379310988,0.0005858585379310988,0.9937055519650327,0.005
4,1602,5604,0.000577008405429772,0.000577008405429772,0.993473748270268,0.005
4,1603,5605,0.0005880845978419847,0.0005880845978419847,0.9940500824057729,0.005
4,1604,5606,0.0005713154290764278,0.0005713154290764278,0.9937403422102921,0.005
4,1605,5607,0.0007487233891270917,0.0007487233891270917,0.993779488303905,0.005
4,1606,5608,0.0005200580858261061,0.0005200580858261061,0.9933312326433063,0.005
4,1607,5609,0.0006708273143230969,0.0006708273143230969,0.9934700098184085,0.005
4,1608,5610,0.0005828824913295072,0.0005828824913295072,0.9933937607870988,0.005
4,1609,5611,0.000610135884537324,0.000610135884537324,0.9938210319197218,0.005
4,1610,5612,0.0006937717572086011,0.0006937717572086011,0.9937209323863637,0.005
4,1611,5613,0.0006050481094630068,0.0006050481094630068,0.9937873187354581,0.005
4,1612,5614,0.000575417463650586,0.000575417463650586,0.9940850155483033,0.005
4,1613,5615,0.0006568059307620966,0.0006568059307620966,0.9940071193140876,0.005
4,1614,5616,0.000682378739472238,0.000682378739472238,0.9940725022962725,0.005
4,1615,5617,0.0005704642018900152,0.0005704642018900152,0.9934523047490477,0.005
4,1616,5618,0.0006100419298810233,0.0006100419298810233,0.9935856053633255,0.005
4,1617,5619,0.0006495830305324702,0.0006495830305324702,0.9937794495398264,0.005
4,1618,5620,0.0005941922461489934,0.0005941922461489934,0.99373623342151,0.005
4,1619,5621,0.0005538343990281713,0.0005538343990281713,0.99368604628541,0.005
4,1620,5622,0.0005857935229645406,0.0005857935229645406,0.9936093849651538,0.005
4,1621,5623,0.0006577957371837195,0.0006577957371837195,0.9933320530225929,0.005
4,1622,5624,0.0006207521016885177,0.0006207521016885177,0.9939482822103497,0.005
4,1623,5625,0.0005183723071669388,0.0005183723071669388,0.9935064516731753,0.005
4,1624,5626,0.0005908347120670721,0.0005908347120670721,0.9934999115442452,0.005
4,1625,5627,0.0005220861248426901,0.0005220861248426901,0.9935900195486995,0.005
4,1626,5628,0.0006464215710143707,0.0006464215710143707,0.9935912421539063,0.005
4,1627,5629,0.0006395909915279695,0.0006395909915279695,0.9935526048373988,0.005
4,1628,5630,0.0005793155719986042,0.0005793155719986042,0.9937862723980938,0.005
4,1629,5631,0.000675002997666736,0.000675002997666736,0.9938234475351169,0.005
4,1630,5632,0.0006989313518728369,0.0006989313518728369,0.9939345862968738,0.005
4,1631,5633,0.0005851391643710812,0.0005851391643710812,0.9939030615320944,0.005
4,1632,5634,0.0006778863584979355,0.0006778863584979355,0.9936780358120471,0.005
4,1633,5635,0.0006125615405013873,0.0006125615405013873,0.9936161101128234,0.005
4,1634,5636,0.0005847910406549539,0.0005847910406549539,0.9939703021889229,0.005
4,1635,5637,0.0005530747462189523,0.0005530747462189523,0.9935287727071861,0.005
4,1636,5638,0.0006621940596807886,0.0006621940596807886,0.9938969960023797,0.005
4,1637,5639,0.0006246593438142256,0.0006246593438142256,0.9939090168032018,0.005
4,1638,5640,0.0005903615275757723,0.0005903615275757723,0.9934493531443976,0.005
4,1639,5641,0.0005553394389024435,0.0005553394389024435,0.993371712250201,0.005
4,1640,5642,0.0006061074829364632,0.0006061074829364632,0.9938029262196786,0.005
4,1641,5643,0.0006101239635573586,0.0006101239635573586,0.993872663508797,0.005
4,1642,5644,0.0006415375479361495,0.0006415375479361495,0.9928681012584146,0.005
4,1643,5645,0.0006790941841427878,0.0006790941841427878,0.9932521179079861,0.005
4,1644,5646,0.0005857286485813006,0.0005857286485813006,0.9937098204092596,0.005
4,1645,5647,0.0005793460970549003,0.0005793460970549003,0.9937719153560244,0.005
4,1646,5648,0.0005630807610640021,0.0005630807610640021,0.9937216413827464,0.005
4,1647,5649,0.0005830568002862735,0.0005830568002862735,0.9937338325655785,0.005
4,1648,5650,0.0005215486281886639,0.0005215486281886639,0.9932926208281886,0.005
4,1649,5651,0.0006367119839635327,0.0006367119839635327,0.9931748504514814,0.005
4,1650,5652,0.0005630078078475787,0.0005630078078475787,0.9934245555691551,0.005
4,1651,5653,0.0006389435031493529,0.0006389435031493529,0.9935074170060267,0.005
4,1652,5654,0.0006098075680380721,0.0006098075680380721,0.9940050879640729,0.005
4,1653,5655,0.0006102027432766854,0.0006102027432766854,0.9936861321886234,0.005
4,1654,5656,0.0006384381734046375,0.0006384381734046375,0.9937276425815373,0.005
4,1655,5657,0.0006177305633492991,0.0006177305633492991,0.9938245984477557,0.005
4,1656,5658,0.0006120681057824095,0.0006120681057824095,0.9937651264034049,0.005
4,1657,5659,0.0005258878464547834,0.0005258878464547834,0.9935691553135756,0.005
4,1658,5660,0.0006670041675592486,0.0006670041675592486,0.993540286855223,0.005
4,1659,5661,0.0006220328812030008,0.0006220328812030008,0.9935096493658861,0.005
4,1660,5662,0.0005991064231950871,0.0005991064231950871,0.9939808371157397,0.005
4,1661,5663,0.0007443549345282695,0.0007443549345282695,0.9932458410360231,0.005
4,1662,5664,0.0005596040698409477,0.0005596040698409477,0.9938276945419628,0.005
4,1663,5665,0.0005637419783788233,0.0005637419783788233,0.9937109857086158,0.005
4,1664,5666,0.0005417554627958909,0.0005417554627958909,0.9937710265100952,0.005
4,1665,5667,0.0006523861350813254,0.0006523861350813254,0.9933119763956133,0.005
4,1666,5668,0.0005852672167412499,0.0005852672167412499,0.9932444180315132,0.005
4,1667,5669,0.0005666545177399796,0.0005666545177399796,0.9934313553631672,0.005
4,1668,5670,0.0005772821560325724,0.0005772821560325724,0.9936296598645701,0.005
4,1669,5671,0.0006129432088769693,0.0006129432088769693,0.9936373678361834,0.005
4,1670,5672,0.0005768419726457219,0.0005768419726457219,0.9939129201726086,0.005
4,1671,5673,0.0005530774492420066,0.0005530774492420066,0.9939732478502502,0.005
4,1672,5674,0.0005663896843194739,0.0005663896843194739,0.9938772850038763,0.005
4,1673,5675,0.000646382654653086,0.000646382654653086,0.9939168483986538,0.005
4,1674,5676,0.0005815794113345519,0.0005815794113345519,0.9937320327447073,0.005
4,1675,5677,0.0006501579337193197,0.0006501579337193197,0.9941978505818807,0.005
4,1676,5678,0.0005548879761640702,0.0005548879761640702,0.9935364988191777,0.005
4,1677,5679,0.0006575532396687156,0.0006575532396687156,0.9939980296943148,0.005
4,1678,5680,0.000610703919098361,0.000610703919098361,0.993845440494538,0.005
4,1679,5681,0.0006504996529032059,0.0006504996529032059,0.9939283640162648,0.005
4,1680,5682,0.0006328041187243238,0.0006328041187243238,0.9938219964446022,0.005
4,1681,5683,0.0006559351187349538,0.0006559351187349538,0.9935417622258386,0.005
4,1682,5684,0.0005837909057822366,0.0005837909057822366,0.9939511876163026,0.005
4,1683,5685,0.0006873258806171234,0.0006873258806171234,0.9935317010419095,0.005
4,1684,5686,0.0006718084932824087,0.0006718084932824087,0.9936667932588203,0.005
4,1685,5687,0.0006935241785418223,0.0006935241785418223,0.993304537736292,0.005
4,1686,5688,0.0005853648595820827,0.0005853648595820827,0.9941008630849516,0.005
4,1687,5689,0.0005020579637260014,0.0005020579637260014,0.9937768842923157,0.005
4,1688,5690,0.0006054510986021289,0.0006054510986021289,0.993882900698486,0.005
4,1689,5691,0.0005691398193796582,0.0005691398193796582,0.9937579120475089,0.005
4,1690,5692,0.0005123778105408361,0.0005123778105408361,0.9934802274138087,0.005
4,1691,5693,0.0006119258866560972,0.0006119258866560972,0.9934519265014672,0.005
4,1692,5694,0.0005813433693124626,0.0005813433693124626,0.9934652293843889,0.005
4,1693,5695,0.0006098543224980069,0.0006098543224980069,0.9934129611038219,0.005
4,1694,5696,0.0006156170634741653,0.0006156170634741653,0.9938743648394827,0.005
4,1695,5697,0.0005346700813261852,0.0005346700813261852,0.9936253213223875,0.005
4,1696,5698,0.0005624651121230928,0.0005624651121230928,0.9937831618700633,0.005
4,1697,5699,0.0006338154153714426,0.0006338154153714426,0.993799513813471,0.005
4,1698,5700,0.0005776472208026551,0.0005776472208026551,0.9936353432600092,0.005
4,1699,5701,0.0005751459322800468,0.0005751459322800468,0.9934712692640649,0.005
4,1700,5702,0.0005505378524482895,0.0005505378524482895,0.9939004920137255,0.005
4,1701,5703,0.00057592153284027,0.00057592153284027,0.9936786660740448,0.005
4,1702,5704,0.0005514904797636799,0.0005514904797636799,0.9936292300079455,0.005
4,1703,5705,0.0005426478195489304,0.0005426478195489304,0.9937232876036347,0.005
4,1704,5706,0.00046864473674114833,0.00046864473674114833,0.9936118463337091,0.005
4,1705,5707,0.0006147055198414885,0.0006147055198414885,0.9938216494123095,0.005
4,1706,5708,0.0006871721512078288,0.0006871721512078288,0.9937807641377847,0.005
4,1707,5709,0.0005641305897867643,0.0005641305897867643,0.9937849968877992,0.005
4,1708,5710,0.0006801120221625534,0.0006801120221625534,0.993473287205531,0.005
4,1709,5711,0.0006205499513840607,0.0006205499513840607,0.9940840709061326,0.005
4,1710,5712,0.0005922352397554509,0.0005922352397554509,0.9939032718161476,0.005
4,1711,5713,0.0007279407913533653,0.0007279407913533653,0.9929022725907788,0.005
4,1712,5714,0.0005509461695130757,0.0005509461695130757,0.993523710472821,0.005
4,1713,5715,0.000582387674739414,0.000582387674739414,0.9937537178759733,0.005
4,1714,5716,0.0006459867263421738,0.0006459867263421738,0.9931352222845654,0.005
4,1715,5717,0.0007188348505189734,0.0007188348505189734,0.9934307383489739,0.005
4,1716,5718,0.0006119882371958252,0.0006119882371958252,0.9935773671844683,0.005
4,1717,5719,0.0006477997482688014,0.0006477997482688014,0.9938425829760509,0.005
4,1718,5720,0.0005873129053338222,0.0005873129053338222,0.9933030340370853,0.005
4,1719,5721,0.0006943748642194447,0.0006943748642194447,0.9929849217692219,0.005
4,1720,5722,0.0005920575524866922,0.0005920575524866922,0.9938969219658579,0.005
4,1721,5723,0.0006751396027022061,0.0006751396027022061,0.9935954113017376,0.005
4,1722,5724,0.0005792490819255303,0.0005792490819255303,0.993912520488105,0.005
4,1723,5725,0.0006271892048706317,0.0006271892048706317,0.9938191839387092,0.005
4,1724,5726,0.000591280104731573,0.000591280104731573,0.9937830275110803,0.005
4,1725,5727,0.000565715506028407,0.000565715506028407,0.993901340045749,0.005
4,1726,5728,0.0005760671133219707,0.0005760671133219707,0.9937466087285637,0.005
4,1727,5729,0.0006181271344578854,0.0006181271344578854,0.9936683807177082,0.005
4,1728,5730,0.0005607247136896465,0.0005607247136896465,0.993696042246192,0.005
4,1729,5731,0.0006049050204398332,0.0006049050204398332,0.994019248488408,0.005
4,1730,5732,0.0005951530942398442,0.0005951530942398442,0.9934872588014334,0.005
4,1731,5733,0.0006578974134062865,0.0006578974134062865,0.9939153968323446,0.005
4,1732,5734,0.0004761536659560761,0.0004761536659560761,0.9936538810006509,0.005
4,1733,5735,0.0006551959142043929,0.0006551959142043929,0.9935840086953116,0.005
4,1734,5736,0.0006172276941585053,0.0006172276941585053,0.9936415707367726,0.005
4,1735,5737,0.0007172570396905587,0.0007172570396905587,0.9933500308749962,0.005
4,1736,5738,0.0006118113750751154,0.0006118113750751154,0.9940750163805755,0.005
4,1737,5739,0.0005801327630961873,0.0005801327630961873,0.9935277915180724,0.005
4,1738,5740,0.000586483217285767,0.000586483217285767,0.993201856480604,0.005
4,1739,5741,0.0005987476909298994,0.0005987476909298994,0.993707719840157,0.005
4,1740,5742,0.0005709922786619559,0.0005709922786619559,0.9931536721016053,0.005
4,1741,5743,0.0005719708324149852,0.0005719708324149852,0.9934854992712677,0.005
4,1742,5744,0.0006303484071858967,0.0006303484071858967,0.9936224558325015,0.005
4,1743,5745,0.000552816704411393,0.000552816704411393,0.9936764021521453,0.005
4,1744,5746,0.0007213361043302125,0.0007213361043302125,0.9938995555351573,0.005
4,1745,5747,0.0006027784355122478,0.0006027784355122478,0.9935301926737427,0.005
4,1746,5748,0.0005461377397319989,0.0005461377397319989,0.9935983144401315,0.005
4,1747,5749,0.0006447911771343406,0.0006447911771343406,0.9935830516159684,0.005
4,1748,5750,0.0005677489643862454,0.0005677489643862454,0.9937555031500562,0.005
4,1749,5751,0.000579729038090141,0.000579729038090141,0.9936848201985621,0.005
4,1750,5752,0.0005563977932749996,0.0005563977932749996,0.9933305559036488,0.005
4,1751,5753,0.0006086487676080555,0.0006086487676080555,0.9938768013427737,0.005
4,1752,5754,0.0006794534276986864,0.0006794534276986864,0.9940104552514498,0.005
4,1753,5755,0.0005813531657422944,0.0005813531657422944,0.9937373970621315,0.005
4,1754,5756,0.0005800918235603403,0.0005800918235603403,0.9937880904183898,0.005
4,1755,5757,0.0006213730084271408,0.0006213730084271408,0.9937899199033134,0.005
4,1756,5758,0.0005442140505406934,0.0005442140505406934,0.9934562516000006,0.005
4,1757,5759,0.0006088357808754996,0.0006088357808754996,0.9937809691352667,0.005
4,1758,5760,0.0005807291933011771,0.0005807291933011771,0.9937306779597568,0.005
4,1759,5761,0.0006071547038640401,0.0006071547038640401,0.9933904171305036,0.005
4,1760,5762,0.0005173967986745065,0.0005173967986745065,0.9935385617278925,0.005
4,1761,5763,0.0005482639516144361,0.0005482639516144361,0.9935235027210764,0.005
4,1762,5764,0.0005311080900626353,0.0005311080900626353,0.9935834660651723,0.005
4,1763,5765,0.0006099948512702191,0.0006099948512702191,0.9936427048738184,0.005
4,1764,5766,0.0006293052768218799,0.0006293052768218799,0.9933421705192851,0.005
4,1765,5767,0.0005880044381216332,0.0005880044381216332,0.9937357135447934,0.005
4,1766,5768,0.0006625873504355651,0.0006625873504355651,0.9932322373190382,0.005
4,1767,5769,0.0006402382524267204,0.0006402382524267204,0.9935135801172538,0.005
4,1768,5770,0.0005373469956096577,0.0005373469956096577,0.9936990635621419,0.005
4,1769,5771,0.0006106917681200396,0.0006106917681200396,0.9932933932118871,0.005
4,1770,5772,0.0005579185125149422,0.0005579185125149422,0.993708634014986,0.005
4,1771,5773,0.0005449999044790288,0.0005449999044790288,0.9934776446661756,0.005
4,1772,5774,0.000628554480048027,0.000628554480048027,0.9936126886624651,0.005
4,1773,5775,0.0005793690495762083,0.0005793690495762083,0.9938847410783479,0.005
4,1774,5776,0.000657869111763133,0.000657869111763133,0.9936996763765933,0.005
4,1775,5777,0.0006016392537873782,0.0006016392537873782,0.9937303613929046,0.005
4,1776,5778,0.0006257523229269602,0.0006257523229269602,0.9934377391206987,0.005
4,1777,5779,0.0007009933210168484,0.0007009933210168484,0.9936008467131422,0.005
4,1778,5780,0.0006057156220580273,0.0006057156220580273,0.993853518034413,0.005
4,1779,5781,0.0006368523279890581,0.0006368523279890581,0.993626139062381,0.005
4,1780,5782,0.0006754416082932536,0.0006754416082932536,0.9937658376460775,0.005
4,1781,5783,0.0005531284258178182,0.0005531284258178182,0.9937186307340643,0.005
4,1782,5784,0.0005884342247657027,0.0005884342247657027,0.9937043997991846,0.005
4,1783,5785,0.0006149559001579752,0.0006149559001579752,0.993918082939643,0.005
4,1784,5786,0.0007759374352322612,0.0007759374352322612,0.9934028179930029,0.005
4,1785,5787,0.0006104012603398601,0.0006104012603398601,0.9940306601709544,0.005
4,1786,5788,0.0005353860464064875,0.0005353860464064875,0.9934993610422862,0.005
4,1787,5789,0.0005150609228521496,0.0005150609228521496,0.9936575369913685,0.005
4,1788,5790,0.0005548016860247972,0.0005548016860247972,0.9937801255593363,0.005
4,1789,5791,0.0005761735868019967,0.0005761735868019967,0.9937853767578964,0.005
4,1790,5792,0.000522447927950992,0.000522447927950992,0.9937540600860226,0.005
4,1791,5793,0.0006065076068144592,0.0006065076068144592,0.993742484004683,0.005
4,1792,5794,0.0006437532227992715,0.0006437532227992715,0.9936267818231879,0.005
4,1793,5795,0.0006338382990505776,0.0006338382990505776,0.9933690316644535,0.005
4,1794,5796,0.0008034571973975358,0.0008034571973975358,0.9932019849838487,0.005
4,1795,5797,0.0006008040478900189,0.0006008040478900189,0.993962068405065,0.005
4,1796,5798,0.0006242818638380587,0.0006242818638380587,0.9934577887924078,0.005
4,1797,5799,0.0007580091846568849,0.0007580091846568849,0.9928935741887716,0.005
4,1798,5800,0.0005885740835207943,0.0005885740835207943,0.993361159722658,0.005
4,1799,5801,0.0008044659913094787,0.0008044659913094787,0.9939752787138904,0.005
4,1800,5802,0.0005985444926529483,0.0005985444926529483,0.9935808762899367,0.005
4,1801,5803,0.0005506436365770906,0.0005506436365770906,0.9934343772583818,0.005
4,1802,5804,0.000555262131741443,0.000555262131741443,0.9937526209107986,0.005
4,1803,5805,0.0007201898469583179,0.0007201898469583179,0.9936785765916153,0.005
4,1804,5806,0.0006429099672437689,0.0006429099672437689,0.9940893589128069,0.005
4,1805,5807,0.0006040518422803641,0.0006040518422803641,0.9935496242167594,0.005
4,1806,5808,0.0005829084783118266,0.0005829084783118266,0.9936697187735609,0.005
4,1807,5809,0.0009830683187162879,0.0009830683187162879,0.9929774580353504,0.005
4,1808,5810,0.0007043620110855865,0.0007043620110855865,0.9940092506622241,0.005
4,1809,5811,0.0005690904713951028,0.0005690904713951028,0.9938719049215977,0.005
4,1810,5812,0.0005811541787143048,0.0005811541787143048,0.9937828355489187,0.005
4,1811,5813,0.0006021996984806467,0.0006021996984806467,0.9937148154157834,0.005
4,1812,5814,0.0006376547397103517,0.0006376547397103517,0.9937341300079431,0.005
4,1813,5815,0.0005420793245320666,0.0005420793245320666,0.9935810415957862,0.005
4,1814,5816,0.00064829541054656,0.00064829541054656,0.9937732740963957,0.005
4,1815,5817,0.0006556389924112294,0.0006556389924112294,0.9934284741174517,0.005
4,1816,5818,0.0006002170451451105,0.0006002170451451105,0.993614509323034,0.005
4,1817,5819,0.0005703377193971115,0.0005703377193971115,0.9934100662952741,0.005
4,1818,5820,0.0005841307844810029,0.0005841307844810029,0.9938810411448942,0.005
4,1819,5821,0.0006487588926252564,0.0006487588926252564,0.9937679956126402,0.005
4,1820,5822,0.0006312959292090036,0.0006312959292090036,0.9933880360891335,0.005
4,1821,5823,0.0006947383699155098,0.0006947383699155098,0.9936069529361689,0.005
4,1822,5824,0.0006449319321246305,0.0006449319321246305,0.9936901706697382,0.005
4,1823,5825,0.0005672227328993652,0.0005672227328993652,0.9934262300027926,0.005
4,1824,5826,0.0005904397456049193,0.0005904397456049193,0.9933957551279833,0.005
4,1825,5827,0.0006554163551490833,0.0006554163551490833,0.9941051842140398,0.005
4,1826,5828,0.0005633299848058715,0.0005633299848058715,0.9936511015775298,0.005
4,1827,5829,0.00056173326476747,0.00056173326476747,0.9939470456502472,0.005
4,1828,5830,0.0006239251808176172,0.0006239251808176172,0.9935919472907543,0.005
4,1829,5831,0.0006788571751763239,0.0006788571751763239,0.9937187801525034,0.005
4,1830,5832,0.0006026163020667896,0.0006026163020667896,0.9940564878223741,0.005
4,1831,5833,0.0005829989551101012,0.0005829989551101012,0.9938858777134669,0.005
4,1832,5834,0.000604164915472314,0.000604164915472314,0.9936039949781269,0.005
4,1833,5835,0.0005956552165036833,0.0005956552165036833,0.9940526259285122,0.005
4,1834,5836,0.0005453368117935653,0.0005453368117935653,0.9936099325318483,0.005
4,1835,5837,0.0006768841794235902,0.0006768841794235902,0.9934716174379185,0.005
4,1836,5838,0.0005994746212075164,0.0005994746212075164,0.9935072151095671,0.005
4,1837,5839,0.0006241648528818556,0.0006241648528818556,0.9935485688030811,0.005
4,1838,5840,0.0005812827760990569,0.0005812827760990569,0.9936559981704319,0.005
4,1839,5841,0.0006055116300418817,0.0006055116300418817,0.9936165919960513,0.005
4,1840,5842,0.0006468887016053205,0.0006468887016053205,0.993966878436953,0.005
4,1841,5843,0.0005946919598454892,0.0005946919598454892,0.9933557716399141,0.005
4,1842,5844,0.0006848396463825445,0.0006848396463825445,0.9937520866132513,0.005
4,1843,5845,0.0005370911196982353,0.0005370911196982353,0.9931416333849168,0.005
4,1844,5846,0.0005871171028286382,0.0005871171028286382,0.9938115832175823,0.005
4,1845,5847,0.0007240334717608988,0.0007240334717608988,0.9930318048567359,0.005
4,1846,5848,0.0005698661215470392,0.0005698661215470392,0.9937222669104169,0.005
4,1847,5849,0.0005168591400922861,0.0005168591400922861,0.9939067821918324,0.005
4,1848,5850,0.000612914860384477,0.000612914860384477,0.993592404772287,0.005
4,1849,5851,0.0006547085095654537,0.0006547085095654537,0.9940763167170356,0.005
4,1850,5852,0.0006072968487077646,0.0006072968487077646,0.9939185537118796,0.005
4,1851,5853,0.0005505788656116816,0.0005505788656116816,0.9937708506690921,0.005
4,1852,5854,0.0005666212070933208,0.0005666212070933208,0.9939373014674427,0.005
4,1853,5855,0.0006416002387708042,0.0006416002387708042,0.9939222820345895,0.005
4,1854,5856,0.0006331589209215692,0.0006331589209215692,0.9936890613389853,0.005
4,1855,5857,0.0005615260000650746,0.0005615260000650746,0.9936858657651773,0.005
4,1856,5858,0.0006198973100583627,0.0006198973100583627,0.993668475043769,0.005
4,1857,5859,0.0007238532192460945,0.0007238532192460945,0.993567830726161,0.005
4,1858,5860,0.0006487801223605882,0.0006487801223605882,0.9937053655079785,0.005
4,1859,5861,0.0005676666103780449,0.0005676666103780449,0.9938627735664468,0.005
4,1860,5862,0.0005837600959916789,0.0005837600959916789,0.9936183550121354,0.005
4,1861,5863,0.0005939121286157169,0.0005939121286157169,0.9936820835584935,0.005
4,1862,5864,0.0005209140619708908,0.0005209140619708908,0.9933589765433899,0.005
4,1863,5865,0.0006880479404768546,0.0006880479404768546,0.993329836971231,0.005
4,1864,5866,0.0005438743224167198,0.0005438743224167198,0.9938726781746662,0.005
4,1865,5867,0.0005131376946975684,0.0005131376946975684,0.9938122901322377,0.005
4,1866,5868,0.0006120433609623155,0.0006120433609623155,0.9938031282707409,0.005
4,1867,5869,0.0006342741259869134,0.0006342741259869134,0.9937768080655375,0.005
4,1868,5870,0.0006013694444733408,0.0006013694444733408,0.9934521593231603,0.005
4,1869,5871,0.0005585480316277325,0.0005585480316277325,0.9939196606151344,0.005
4,1870,5872,0.0005825144529653437,0.0005825144529653437,0.9938046256147464,0.005
4,1871,5873,0.0005501082988919126,0.0005501082988919126,0.9933373143716894,0.005
4,1872,5874,0.0005971093326165233,0.0005971093326165233,0.9937621741145107,0.005
4,1873,5875,0.0006800594720556574,0.0006800594720556574,0.9940181528343099,0.005
4,1874,5876,0.0005547571783657012,0.0005547571783657012,0.9936310247135393,0.005
4,1875,5877,0.0006172555626288856,0.0006172555626288856,0.9936007683563114,0.005
4,1876,5878,0.0006376494410704048,0.0006376494410704048,0.9937499535717643,0.005
4,1877,5879,0.0006036737638873646,0.0006036737638873646,0.9936929288873245,0.005
4,1878,5880,0.0006165079515902262,0.0006165079515902262,0.9940393820013597,0.005
4,1879,5881,0.0005542529467779645,0.0005542529467779645,0.993652363549584,0.005
4,1880,5882,0.0007663082423299496,0.0007663082423299496,0.9934346689261339,0.005
4,1881,5883,0.0006056305563528675,0.0006056305563528675,0.9940299229269433,0.005
4,1882,5884,0.0006172995825999461,0.0006172995825999461,0.9936063258225867,0.005
4,1883,5885,0.0007710965060186558,0.0007710965060186558,0.9931524795447899,0.005
4,1884,5886,0.0005066285506722335,0.0005066285506722335,0.9935436727550813,0.005
4,1885,5887,0.0006338260782467754,0.0006338260782467754,0.9935345584558797,0.005
4,1886,5888,0.0005893731043851425,0.0005893731043851425,0.9937405165440729,0.005
4,1887,5889,0.0006550023692725482,0.0006550023692725482,0.9935480800104352,0.005
4,1888,5890,0.000578973457230454,0.000578973457230454,0.9938717279679179,0.005
4,1889,5891,0.0005447931785976578,0.0005447931785976578,0.9937889602262585,0.005
4,1890,5892,0.0006900812428310165,0.0006900812428310165,0.9936248687800548,0.005
4,1891,5893,0.00058339331241405,0.00058339331241405,0.9934616664043429,0.005
4,1892,5894,0.000508632480352037,0.000508632480352037,0.9937904162833037,0.005
4,1893,5895,0.0005796921961906953,0.0005796921961906953,0.9938780141944619,0.005
4,1894,5896,0.00059847687101807,0.00059847687101807,0.9937429256936372,0.005
4,1895,5897,0.0005686753987726167,0.0005686753987726167,0.9934235162931144,0.005
4,1896,5898,0.0005423641002936398,0.0005423641002936398,0.9936462210771836,0.005
4,1897,5899,0.0006326809112454001,0.0006326809112454001,0.9928535591399541,0.005
4,1898,5900,0.000576867567602436,0.000576867567602436,0.9936247310185631,0.005
4,1899,5901,0.0005481308435182497,0.0005481308435182497,0.9937637145849404,0.005
4,1900,5902,0.0006194651455201639,0.0006194651455201639,0.9941361656941027,0.005
4,1901,5903,0.0005196828904204865,0.0005196828904204865,0.9936819363423205,0.005
4,1902,5904,0.0005794247925384754,0.0005794247925384754,0.9938889251152272,0.005
4,1903,5905,0.0005873141325320364,0.0005873141325320364,0.9940643972930313,0.005
4,1904,5906,0.0006213869038199194,0.0006213869038199194,0.993858997185891,0.005
4,1905,5907,0.0005750126432890623,0.0005750126432890623,0.9936464652828282,0.005
4,1906,5908,0.0005736921550812713,0.0005736921550812713,0.9938372890710646,0.005
4,1907,5909,0.0005637909947682641,0.0005637909947682641,0.9938128275111194,0.005
4,1908,5910,0.0007689338789305988,0.0007689338789305988,0.9930006393535745,0.005
4,1909,5911,0.000757852651945563,0.000757852651945563,0.993165900847346,0.005
4,1910,5912,0.000729091907013123,0.000729091907013123,0.9930835504215526,0.005
4,1911,5913,0.0005819049361969331,0.0005819049361969331,0.9936374182338394,0.005
4,1912,5914,0.0006567991177287035,0.0006567991177287035,0.9935502540535305,0.005
4,1913,5915,0.0006329473598518676,0.0006329473598518676,0.9935193804339046,0.005
4,1914,5916,0.0006964472308514281,0.0006964472308514281,0.9934882383367962,0.005
4,1915,5917,0.0005010583071125118,0.0005010583071125118,0.9936980887858332,0.005
4,1916,5918,0.0005873012242903697,0.0005873012242903697,0.9938231718890078,0.005
4,1917,5919,0.0005712789675404139,0.0005712789675404139,0.9939608533329946,0.005
4,1918,5920,0.000594715930521813,0.000594715930521813,0.9939759327366927,0.005
4,1919,5921,0.0005525384622411256,0.0005525384622411256,0.9937497517322612,0.005
4,1920,5922,0.0006160926470046246,0.0006160926470046246,0.9936120558813201,0.005
4,1921,5923,0.000566221659580417,0.000566221659580417,0.9938540976575252,0.005
4,1922,5924,0.0005487588555041279,0.0005487588555041279,0.9936483147794989,0.005
4,1923,5925,0.0007213743578250109,0.0007213743578250109,0.9931732235997588,0.005
4,1924,5926,0.0010472375191995643,0.0010472375191995643,0.9926076625077469,0.005
4,1925,5927,0.0006003335629164563,0.0006003335629164563,0.9938774360359405,0.005
4,1926,5928,0.0005805891054858447,0.0005805891054858447,0.9934805475122969,0.005
4,1927,5929,0.0006432962152072054,0.0006432962152072054,0.9938403070559467,0.005
4,1928,5930,0.0006202012035032734,0.0006202012035032734,0.9936425400994733,0.005
4,1929,5931,0.0005868865512602539,0.0005868865512602539,0.9939721505133788,0.005
4,1930,5932,0.0006948799133387861,0.0006948799133387861,0.993546382461131,0.005
4,1931,5933,0.0005978819645043831,0.0005978819645043831,0.9938774913278045,0.005
4,1932,5934,0.0006232397850593041,0.0006232397850593041,0.9940427160212596,0.005
4,1933,5935,0.000578432129913964,0.000578432129913964,0.9937727410231794,0.005
4,1934,5936,0.0006383121161611304,0.0006383121161611304,0.9938152308533078,0.005
4,1935,5937,0.0005559736320740404,0.0005559736320740404,0.9936589563978696,0.005
4,1936,5938,0.0006207894100497203,0.0006207894100497203,0.993459635960976,0.005
4,1937,5939,0.0005791671511693885,0.0005791671511693885,0.9934652082508434,0.005
4,1938,5940,0.0005855817770456684,0.0005855817770456684,0.9938098146451859,0.005
4,1939,5941,0.0006248203361402438,0.0006248203361402438,0.9938798960191677,0.005
4,1940,5942,0.0006093301090237581,0.0006093301090237581,0.9935222748057674,0.005
4,1941,5943,0.000589821717846285,0.000589821717846285,0.9939898199570786,0.005
4,1942,5944,0.0006032920027316735,0.0006032920027316735,0.9932820896633923,0.005
4,1943,5945,0.000591993605330603,0.000591993605330603,0.9936470220148637,0.005
4,1944,5946,0.0008819074278493122,0.0008819074278493122,0.9927958041219304,0.005
4,1945,5947,0.0006267874508851356,0.0006267874508851356,0.9936407147660506,0.005
4,1946,5948,0.0005987229510895064,0.0005987229510895064,0.9935652392321048,0.005
4,1947,5949,0.0004940211367119407,0.0004940211367119407,0.9936791339245218,0.005
4,1948,5950,0.0006748485427820639,0.0006748485427820639,0.9936303276936215,0.005
4,1949,5951,0.0006176018992455658,0.0006176018992455658,0.9938285990315685,0.005
4,1950,5952,0.0006094853774554721,0.0006094853774554721,0.993390021266243,0.005
4,1951,5953,0.0006189701394610814,0.0006189701394610814,0.9937192567538303,0.005
4,1952,5954,0.0005820573490277015,0.0005820573490277015,0.9938828490267468,0.005
4,1953,5955,0.0006118879871811322,0.0006118879871811322,0.9938275961651664,0.005
4,1954,5956,0.0006036777954562479,0.0006036777954562479,0.9938889530699748,0.005
4,1955,5957,0.000573523610667731,0.000573523610667731,0.9940052154033169,0.005
4,1956,5958,0.0006353597457207094,0.0006353597457207094,0.9940624174755657,0.005
4,1957,5959,0.0005680091118170704,0.0005680091118170704,0.9936583415850386,0.005
4,1958,5960,0.0006361767271943763,0.0006361767271943763,0.994014720302046,0.005
4,1959,5961,0.0005701821614118464,0.0005701821614118464,0.9940579104467056,0.005
4,1960,5962,0.0005543773146587904,0.0005543773146587904,0.9940359951771421,0.005
4,1961,5963,0.0005829466712465903,0.0005829466712465903,0.9934814997430362,0.005
4,1962,5964,0.0007321436485841271,0.0007321436485841271,0.993414894453106,0.005
4,1963,5965,0.0005172876117652803,0.0005172876117652803,0.9936373509423633,0.005
4,1964,5966,0.0006399515394057199,0.0006399515394057199,0.9933637111945762,0.005
4,1965,5967,0.0007114415551356479,0.0007114415551356479,0.9935239909321407,0.005
4,1966,5968,0.0006049032728777215,0.0006049032728777215,0.9934039033826139,0.005
4,1967,5969,0.0006549280631896238,0.0006549280631896238,0.9935470831553319,0.005
4,1968,5970,0.0005551879930524939,0.0005551879930524939,0.9935169913899052,0.005
4,1969,5971,0.0006063604695905201,0.0006063604695905201,0.9936801356365492,0.005
4,1970,5972,0.0006314069074025974,0.0006314069074025974,0.9933370763065336,0.005
4,1971,5973,0.0007510364435160799,0.0007510364435160799,0.9936015794250483,0.005
4,1972,5974,0.0005810304629832986,0.0005810304629832986,0.9939778992627087,0.005
4,1973,5975,0.0006035533859183883,0.0006035533859183883,0.993373624149356,0.005
4,1974,5976,0.0006355208593004347,0.0006355208593004347,0.9940149010976206,0.005
4,1975,5977,0.000628072185936146,0.000628072185936146,0.9938994584960769,0.005
4,1976,5978,0.0005747438802134275,0.0005747438802134275,0.993726563930294,0.005
4,1977,5979,0.0005662895013776037,0.0005662895013776037,0.9937886836879091,0.005
4,1978,5980,0.000609934396147116,0.000609934396147116,0.9938377249474547,0.005
4,1979,5981,0.0007742136679097468,0.0007742136679097468,0.992703168751334,0.005
4,1980,5982,0.0006606448461881364,0.0006606448461881364,0.9931079474165594,0.005
4,1981,5983,0.0006386989971012159,0.0006386989971012159,0.9933262968821325,0.005
4,1982,5984,0.0005939276901864843,0.0005939276901864843,0.9935564728356651,0.005
4,1983,5985,0.0005907409779457385,0.0005907409779457385,0.9936854595490706,0.005
4,1984,5986,0.0010966657026632554,0.0010966657026632554,0.9929228564086212,0.005
4,1985,5987,0.0005410958239603114,0.0005410958239603114,0.9940896396075832,0.005
4,1986,5988,0.0006099935030605252,0.0006099935030605252,0.9936148722653547,0.005
4,1987,5989,0.0005797464939675679,0.0005797464939675679,0.993944962568436,0.005
4,1988,5990,0.0006281478890209247,0.0006281478890209247,0.9938651178180508,0.005
4,1989,5991,0.0006420929014448651,0.0006420929014448651,0.9937650479962188,0.005
4,1990,5992,0.0006187918598158559,0.0006187918598158559,0.9939771010102199,0.005
4,1991,5993,0.0005940909662480487,0.0005940909662480487,0.9933440864470597,0.005
4,1992,5994,0.0005516264287848816,0.0005516264287848816,0.9940702125578588,0.005
4,1993,5995,0.0005509653395766056,0.0005509653395766056,0.9936827917097537,0.005
4,1994,5996,0.0005008564058668386,0.0005008564058668386,0.9932967659998988,0.005
4,1995,5997,0.0006099840912554422,0.0006099840912554422,0.9934843819813116,0.005
4,1996,5998,0.0005597316943241493,0.0005597316943241493,0.9937939977884508,0.005
4,1997,5999,0.0006405796690899502,0.0006405796690899502,0.9939823858164266,0.005
4,1998,6000,0.0005840302207154213,0.0005840302207154213,0.9937096613598282,0.005
4,1999,6001,0.0005805833458909538,0.0005805833458909538,0.9935224469737567,0.005
4,2000,6002,0.0006091834621259229,0.0006091834621259229,0.9934053952108786,0.005
3,0,6003,0.23411127051579858,0.23411127051579858,0.7173096770644343,0.005
3,1,6004,0.21229045051871742,0.21229045051871742,0.7370624054274957,0.005
3,2,6005,0.18803801273990484,0.18803801273990484,0.7585554642768388,0.005
3,3,6006,0.19943505460595956,0.19943505460595956,0.7504654577803788,0.005
3,4,6007,0.1861315972345234,0.1861315972345234,0.7646669558745592,0.005
3,5,6008,0.2044312557280911,0.2044312557280911,0.7472546927406946,0.005
3,6,6009,0.22261474593297195,0.22261474593297195,0.7293526140694898,0.005
3,7,6010,0.18608270570364446,0.18608270570364446,0.7651547421602722,0.005
3,8,6011,0.19342789973051763,0.19342789973051763,0.7566570882966086,0.005
3,9,6012,0.19555016688930488,0.19555016688930488,0.7566020918579741,0.005
3,10,6013,0.18314015340100356,0.18314015340100356,0.7699775889272407,0.005
3,11,6014,0.18808027791997678,0.18808027791997678,0.7638132645411364,0.005
3,12,6015,0.18727770417443637,0.18727770417443637,0.7650473420399599,0.005
3,13,6016,0.21012649297532468,0.21012649297532468,0.7456045390109396,0.005
3,14,6017,0.1863845981584163,0.1863845981584163,0.7659583557993046,0.005
3,15,6018,0.15484522038011728,0.15484522038011728,0.7972191760422799,0.005
3,16,6019,0.18396932669574823,0.18396932669574823,0.7684314782643121,0.005
3,17,6020,0.1738341871813766,0.1738341871813766,0.7797335153313701,0.005
3,18,6021,0.15489665901527505,0.15489665901527505,0.7970295853638636,0.005
3,19,6022,0.13129116471451563,0.13129116471451563,0.8235693552817568,0.005
3,20,6023,0.15419178170282863,0.15419178170282863,0.8000516646976874,0.005
3,21,6024,0.1610853059268062,0.1610853059268062,0.7924437851256316,0.005
3,22,6025,0.14921708139832301,0.14921708139832301,0.8055051997660873,0.005
3,23,6026,0.13836562463423774,0.13836562463423774,0.8152864372666642,0.005
3,24,6027,0.13116000274499223,0.13116000274499223,0.8218935925138391,0.005
3,25,6028,0.12842341559819154,0.12842341559819154,0.8269911648169224,0.005
3,26,6029,0.1211687837253162,0.1211687837253162,0.8301049084799689,0.005
3,27,6030,0.11495977074549393,0.11495977074549393,0.839190429411768,0.005
3,28,6031,0.13268411029461558,0.13268411029461558,0.8201451407407203,0.005
3,29,6032,0.1076815242513724,0.1076815242513724,0.8463812656265722,0.005
3,30,6033,0.12321732137808658,0.12321732137808658,0.8320533198817244,0.005
3,31,6034,0.09833119918408449,0.09833119918408449,0.8541907049439535,0.005
3,32,6035,0.11425943223612216,0.11425943223612216,0.8381578405750221,0.005
3,33,6036,0.09383293514714439,0.09383293514714439,0.8611886187911232,0.005
3,34,6037,0.09577435909761922,0.09577435909761922,0.8588686676227099,0.005
3,35,6038,0.0991342684599183,0.0991342684599183,0.8536551702959493,0.005
3,36,6039,0.09794691905083686,0.09794691905083686,0.8577284386322092,0.005
3,37,6040,0.10051620811968141,0.10051620811968141,0.8528795794867674,0.005
3,38,6041,0.0829563017284896,0.0829563017284896,0.8739877214273416,0.005
3,39,6042,0.07716462073263114,0.07716462073263114,0.8786683147083659,0.005
3,40,6043,0.0865203110207844,0.0865203110207844,0.8726662676252198,0.005
3,41,6044,0.09221212139185461,0.09221212139185461,0.8633158913589,0.005
3,42,6045,0.0853134906569261,0.0853134906569261,0.8711087608227172,0.005
3,43,6046,0.08294689849727266,0.08294689849727266,0.874156835158321,0.005
3,44,6047,0.0821831917712458,0.0821831917712458,0.8741643318777286,0.005
3,45,6048,0.07738413666893199,0.07738413666893199,0.8778865384201491,0.005
3,46,6049,0.06958744882790384,0.06958744882790384,0.8896060838589144,0.005
3,47,6050,0.06434424503505629,0.06434424503505629,0.8935481427278664,0.005
3,48,6051,0.08133761411419102,0.08133761411419102,0.875702954163197,0.005
3,49,6052,0.06626601623157172,0.06626601623157172,0.8916614392402228,0.005
3,50,6053,0.06031452680655717,0.06031452680655717,0.8997209559758893,0.005
3,51,6054,0.0642425264218589,0.0642425264218589,0.8949362695108154,0.005
3,52,6055,0.06552897776965987,0.06552897776965987,0.8907819761987696,0.005
3,53,6056,0.05723759195165957,0.05723759195165957,0.9032497180150222,0.005
3,54,6057,0.057962577205987575,0.057962577205987575,0.9033700622691524,0.005
3,55,6058,0.046086923381686296,0.046086923381686296,0.9148511456009132,0.005
3,56,6059,0.0590109103760417,0.0590109103760417,0.9018140705580201,0.005
3,57,6060,0.04885340885577952,0.04885340885577952,0.911043402040573,0.005
3,58,6061,0.04969182376327542,0.04969182376327542,0.9114042590556004,0.005
3,59,6062,0.05165429422776947,0.05165429422776947,0.9085081269603054,0.005
3,60,6063,0.055189556811805644,0.055189556811805644,0.9049413431097477,0.005
3,61,6064,0.04940330518204947,0.04940330518204947,0.9128750154579892,0.005
3,62,6065,0.05161935442724533,0.05161935442724533,0.9108517680756344,0.005
3,63,6066,0.0477447396655092,0.0477447396655092,0.9137005127823481,0.005
3,64,6067,0.03852042942336162,0.03852042942336162,0.9263813666847169,0.005
3,65,6068,0.047574793895057685,0.047574793895057685,0.9134993069811305,0.005
3,66,6069,0.04259298712563284,0.04259298712563284,0.9207557109796243,0.005
3,67,6070,0.03883972512331808,0.03883972512331808,0.9265905764410513,0.005
3,68,6071,0.03413113751060551,0.03413113751060551,0.9316191473131389,0.005
3,69,6072,0.03774041575453883,0.03774041575453883,0.9264137603646334,0.005
3,70,6073,0.03563747953653265,0.03563747953653265,0.9298501840418609,0.005
3,71,6074,0.03912029292964021,0.03912029292964021,0.9252022700970038,0.005
3,72,6075,0.03406842691124859,0.03406842691124859,0.9329848780456738,0.005
3,73,6076,0.03636463327334982,0.03636463327334982,0.9297892520594182,0.005
3,74,6077,0.03548141452461223,0.03548141452461223,0.9315328143638274,0.005
3,75,6078,0.037734055813937545,0.037734055813937545,0.9310200619308602,0.005
3,76,6079,0.03544419125992629,0.03544419125992629,0.9309909998106972,0.005
3,77,6080,0.031241658242296376,0.031241658242296376,0.9358532349957881,0.005
3,78,6081,0.03009745673799858,0.03009745673799858,0.9361510503980379,0.005
3,79,6082,0.03067445896504223,0.03067445896504223,0.9364806784570003,0.005
3,80,6083,0.03204684327502927,0.03204684327502927,0.9368101274662542,0.005
3,81,6084,0.03252123039966817,0.03252123039966817,0.9322176370454576,0.005
3,82,6085,0.025745885856917637,0.025745885856917637,0.9443796882472525,0.005
3,83,6086,0.02967851035529665,0.02967851035529665,0.93809491017269,0.005
3,84,6087,0.02680170495445492,0.02680170495445492,0.9416845683647304,0.005
3,85,6088,0.0287271522939403,0.0287271522939403,0.9392865019387646,0.005
3,86,6089,0.024691932395653073,0.024691932395653073,0.9444734522517249,0.005
3,87,6090,0.03109131972852657,0.03109131972852657,0.9364964874930244,0.005
3,88,6091,0.029457287115114892,0.029457287115114892,0.9386783801307523,0.005
3,89,6092,0.034443532003923374,0.034443532003923374,0.931766064987144,0.005
3,90,6093,0.027188699038559732,0.027188699038559732,0.942196922642766,0.005
3,91,6094,0.027249595993668038,0.027249595993668038,0.9416957317083098,0.005
3,92,6095,0.028891901871959724,0.028891901871959724,0.9395619063934799,0.005
3,93,6096,0.024399119839254156,0.024399119839254156,0.9456658241591511,0.005
3,94,6097,0.024307287976884875,0.024307287976884875,0.9452920261719309,0.005
3,95,6098,0.025764683752878423,0.025764683752878423,0.944082730635433,0.005
3,96,6099,0.026153232683603443,0.026153232683603443,0.9450655887687732,0.005
3,97,6100,0.026226233883351897,0.026226233883351897,0.9425029406931957,0.005
3,98,6101,0.02762872951300864,0.02762872951300864,0.9418372475115856,0.005
3,99,6102,0.02464605017633284,0.02464605017633284,0.9470955315408955,0.005
3,100,6103,0.024498124578066625,0.024498124578066625,0.9461993840645885,0.005
3,101,6104,0.024410021360578012,0.024410021360578012,0.9458686148085926,0.005
3,102,6105,0.027754010003627087,0.027754010003627087,0.9422401472307699,0.005
3,103,6106,0.021552196855088083,0.021552196855088083,0.9497337654259462,0.005
3,104,6107,0.02351416927544306,0.02351416927544306,0.9471911260888453,0.005
3,105,6108,0.02099296530085065,0.02099296530085065,0.9521700544412532,0.005
3,106,6109,0.023391701792356338,0.023391701792356338,0.9481756723387864,0.005
3,107,6110,0.023037271524256612,0.023037271524256612,0.9490234633988108,0.005
3,108,6111,0.026600300587201565,0.026600300587201565,0.9440688181160584,0.005
3,109,6112,0.02359131143556257,0.02359131143556257,0.9474846527150094,0.005
3,110,6113,0.021144602933948466,0.021144602933948466,0.9502610876741773,0.005
3,111,6114,0.02293202862921285,0.02293202862921285,0.9494712582875324,0.005
3,112,6115,0.02190793043313695,0.02190793043313695,0.9496912915450734,0.005
3,113,6116,0.020325195143964456,0.020325195143964456,0.9527078760061394,0.005
3,114,6117,0.02203228119763201,0.02203228119763201,0.9489524327192296,0.005
3,115,6118,0.020420752698858624,0.020420752698858624,0.9528552159927007,0.005
3,116,6119,0.02021811987214326,0.02021811987214326,0.9526938418102354,0.005
3,117,6120,0.02087957161937425,0.02087957161937425,0.9506329451216232,0.005
3,118,6121,0.02185518112068227,0.02185518112068227,0.9509365039916194,0.005
3,119,6122,0.02208702557822143,0.02208702557822143,0.9494678615985215,0.005
3,120,6123,0.01732420213499433,0.01732420213499433,0.9578252307489653,0.005
3,121,6124,0.02347929373808428,0.02347929373808428,0.9485540298670676,0.005
3,122,6125,0.01797535267101732,0.01797535267101732,0.9570829767209058,0.005
3,123,6126,0.019314975175136643,0.019314975175136643,0.9529507805017536,0.005
3,124,6127,0.01695532352676568,0.01695532352676568,0.9582838371360031,0.005
3,125,6128,0.020036653008166736,0.020036653008166736,0.9523635629917492,0.005
3,126,6129,0.020018929303078112,0.020018929303078112,0.9531864522794259,0.005
3,127,6130,0.01844440256394732,0.01844440256394732,0.9541147626874276,0.005
3,128,6131,0.019182443845462367,0.019182443845462367,0.9541091901907589,0.005
3,129,6132,0.017355370963128357,0.017355370963128357,0.9565979123680156,0.005
3,130,6133,0.01810484317583276,0.01810484317583276,0.955885718308688,0.005
3,131,6134,0.019853486745501754,0.019853486745501754,0.9550687725088016,0.005
3,132,6135,0.020994760522970453,0.020994760522970453,0.9527647852398649,0.005
3,133,6136,0.016806586852078247,0.016806586852078247,0.9570409683168372,0.005
3,134,6137,0.01946097527844049,0.01946097527844049,0.9539715279518929,0.005
3,135,6138,0.017094754500824164,0.017094754500824164,0.9572103050855626,0.005
3,136,6139,0.016468576701854712,0.016468576701854712,0.9581265586407738,0.005
3,137,6140,0.01830923016000964,0.01830923016000964,0.9552374743211763,0.005
3,138,6141,0.018251705962628158,0.018251705962628158,0.9562962044619634,0.005
3,139,6142,0.018722622882916165,0.018722622882916165,0.9551594176364474,0.005
3,140,6143,0.015003085754418305,0.015003085754418305,0.9597771915247167,0.005
3,141,6144,0.0156739581219954,0.0156739581219954,0.9576865198551827,0.005
3,142,6145,0.014220245932184544,0.014220245932184544,0.9620486274236268,0.005
3,143,6146,0.018519221721049334,0.018519221721049334,0.9555345301560558,0.005
3,144,6147,0.01725035467873877,0.01725035467873877,0.9567524612117908,0.005
3,145,6148,0.01723125962082362,0.01723125962082362,0.956398065614069,0.005
3,146,6149,0.016218743198183706,0.016218743198183706,0.9579441386605426,0.005
3,147,6150,0.016847745326016253,0.016847745326016253,0.9568413974062756,0.005
3,148,6151,0.01691898365707466,0.01691898365707466,0.9562471236225963,0.005
3,149,6152,0.016594703633826126,0.016594703633826126,0.9579426056348282,0.005
3,150,6153,0.01733843975442444,0.01733843975442444,0.9558610644912653,0.005
3,151,6154,0.015956171340928197,0.015956171340928197,0.9590013773110275,0.005
3,152,6155,0.014064743351612135,0.014064743351612135,0.9606267949183243,0.005
3,153,6156,0.01437348000083772,0.01437348000083772,0.9609577105290515,0.005
3,154,6157,0.016144682001222987,0.016144682001222987,0.9579277667538242,0.005
3,155,6158,0.01474860852477181,0.01474860852477181,0.959088181239395,0.005
3,156,6159,0.015123467929186106,0.015123467929186106,0.9600563672823647,0.005
3,157,6160,0.01687522195682408,0.01687522195682408,0.9564164013212078,0.005
3,158,6161,0.01271056536335756,0.01271056536335756,0.963287540117576,0.005
3,159,6162,0.014444881292196256,0.014444881292196256,0.9608020027962961,0.005
3,160,6163,0.014076040699908109,0.014076040699908109,0.9609165009665038,0.005
3,161,6164,0.014107131530030074,0.014107131530030074,0.9595391471310117,0.005
3,162,6165,0.0150771228130421,0.0150771228130421,0.9593218455334916,0.005
3,163,6166,0.014897506830780997,0.014897506830780997,0.9587359943347586,0.005
3,164,6167,0.013439755158534124,0.013439755158534124,0.9614346575638864,0.005
3,165,6168,0.015429476203362357,0.015429476203362357,0.9584001078672926,0.005
3,166,6169,0.014038971841332648,0.014038971841332648,0.9612588587875431,0.005
3,167,6170,0.013909860147374584,0.013909860147374584,0.9616978295307194,0.005
3,168,6171,0.013843105400280152,0.013843105400280152,0.9613532838259384,0.005
3,169,6172,0.013645353141905282,0.013645353141905282,0.9625560304443869,0.005
3,170,6173,0.012458044245475444,0.012458044245475444,0.9635575846069402,0.005
3,171,6174,0.013556060280785683,0.013556060280785683,0.9608223276579914,0.005
3,172,6175,0.013268664252467453,0.013268664252467453,0.9619208991180899,0.005
3,173,6176,0.012896609939237018,0.012896609939237018,0.9624646994038236,0.005
3,174,6177,0.013387453607328485,0.013387453607328485,0.9618552853266565,0.005
3,175,6178,0.014046299012099217,0.014046299012099217,0.9612241197787746,0.005
3,176,6179,0.011817930770294464,0.011817930770294464,0.9639213993916045,0.005
3,177,6180,0.011708104282299505,0.011708104282299505,0.964537758024953,0.005
3,178,6181,0.012309549043774473,0.012309549043774473,0.9638135071348995,0.005
3,179,6182,0.012684041306027453,0.012684041306027453,0.9629851097324112,0.005
3,180,6183,0.012589776475714567,0.012589776475714567,0.9621498486829974,0.005
3,181,6184,0.011757299283352311,0.011757299283352311,0.9644526822711367,0.005
3,182,6185,0.01313656623782513,0.01313656623782513,0.9617296029824742,0.005
3,183,6186,0.012334342698901246,0.012334342698901246,0.9641460912880201,0.005
3,184,6187,0.011760442444447515,0.011760442444447515,0.9645330678050575,0.005
3,185,6188,0.014248785777360561,0.014248785777360561,0.9611505840735172,0.005
3,186,6189,0.01291159408971369,0.01291159408971369,0.9624104298715158,0.005
3,187,6190,0.01226767206838524,0.01226767206838524,0.964251368921077,0.005
3,188,6191,0.012331738108654256,0.012331738108654256,0.9636365661666285,0.005
3,189,6192,0.010920687183788786,0.010920687183788786,0.965750610534223,0.005
3,190,6193,0.01141204806503988,0.01141204806503988,0.9642836221000209,0.005
3,191,6194,0.011737401623345755,0.011737401623345755,0.9642347450017781,0.005
3,192,6195,0.013165580908553222,0.013165580908553222,0.9622591447246595,0.005
3,193,6196,0.011288497646299096,0.011288497646299096,0.9645785434762187,0.005
3,194,6197,0.010884534473516977,0.010884534473516977,0.9675006552716207,0.005
3,195,6198,0.011318230483521794,0.011318230483521794,0.9650948612528488,0.005
3,196,6199,0.011233243028919841,0.011233243028919841,0.9659190173008935,0.005
3,197,6200,0.009726475395263685,0.009726475395263685,0.968291777090171,0.005
3,198,6201,0.010269464068787825,0.010269464068787825,0.9671127469417697,0.005
3,199,6202,0.010693437078736975,0.010693437078736975,0.9663728856308814,0.005
3,200,6203,0.011122322679220632,0.011122322679220632,0.9661247833659069,0.005
3,201,6204,0.01130435773819311,0.01130435773819311,0.9662977405457825,0.005
3,202,6205,0.01099790314345004,0.01099790314345004,0.9655952203540751,0.005
3,203,6206,0.010590737054025419,0.010590737054025419,0.966826180894104,0.005
3,204,6207,0.009559294087230105,0.009559294087230105,0.9682779213192638,0.005
3,205,6208,0.010614946659802331,0.010614946659802331,0.9665198653676776,0.005
3,206,6209,0.010710884114799235,0.010710884114799235,0.9659857594558074,0.005
3,207,6210,0.011097384865888082,0.011097384865888082,0.9661836845033066,0.005
3,208,6211,0.011471442349165441,0.011471442349165441,0.9647290405348435,0.005
3,209,6212,0.010325658473275327,0.010325658473275327,0.9667702969151309,0.005
3,210,6213,0.009892281787417325,0.009892281787417325,0.9682522910596357,0.005
3,211,6214,0.009764553520824044,0.009764553520824044,0.9678361643097789,0.005
3,212,6215,0.009648067335969089,0.009648067335969089,0.967367845015377,0.005
3,213,6216,0.009098643691427925,0.009098643691427925,0.9694720959464309,0.005
3,214,6217,0.008552488884288521,0.008552488884288521,0.9688124754772058,0.005
3,215,6218,0.00934812747614603,0.00934812747614603,0.9681307716564798,0.005
3,216,6219,0.009166266602776954,0.009166266602776954,0.9683357392612161,0.005
3,217,6220,0.009324539201794999,0.009324539201794999,0.9687635907245283,0.005
3,218,6221,0.008618150477812659,0.008618150477812659,0.9689893146309202,0.005
3,219,6222,0.00901727006359691,0.00901727006359691,0.9688166646997627,0.005
3,220,6223,0.009214259855970054,0.009214259855970054,0.9689084836257386,0.005
3,221,6224,0.009278068526953051,0.009278068526953051,0.9689373172436341,0.005
3,222,6225,0.008279840243304373,0.008279840243304373,0.9710337762482916,0.005
3,223,6226,0.007756505476034046,0.007756505476034046,0.9708675380950014,0.005
3,224,6227,0.008907658893109991,0.008907658893109991,0.9693942615043489,0.005
3,225,6228,0.008469989775377733,0.008469989775377733,0.9701175045401071,0.005
3,226,6229,0.008952069557666984,0.008952069557666984,0.969797917798167,0.005
3,227,6230,0.0075892009355220695,0.0075892009355220695,0.9717489571071507,0.005
3,228,6231,0.0075796343540032824,0.0075796343540032824,0.971503720363587,0.005
3,229,6232,0.008353688432147602,0.008353688432147602,0.9702115569586549,0.005
3,230,6233,0.00812882835966457,0.00812882835966457,0.9702914913178567,0.005
3,231,6234,0.008325178790505034,0.008325178790505034,0.9700617344830544,0.005
3,232,6235,0.007877323102632061,0.007877323102632061,0.9713602928978202,0.005
3,233,6236,0.009125403279799582,0.009125403279799582,0.9688444356638553,0.005
3,234,6237,0.007250817235319959,0.007250817235319959,0.972345003865788,0.005
3,235,6238,0.007940814072598647,0.007940814072598647,0.9714688814902682,0.005
3,236,6239,0.0080742296798353,0.0080742296798353,0.9707127566785619,0.005
3,237,6240,0.007834756204740195,0.007834756204740195,0.9711572093009092,0.005
3,238,6241,0.007681393999758433,0.007681393999758433,0.9713234737090589,0.005
3,239,6242,0.007463282239213487,0.007463282239213487,0.9717456067746997,0.005
3,240,6243,0.006509996851717313,0.006509996851717313,0.9736303045589856,0.005
3,241,6244,0.007649147084888629,0.007649147084888629,0.9718284541070716,0.005
3,242,6245,0.007143270258097065,0.007143270258097065,0.9721876269254724,0.005
3,243,6246,0.0072447383011430356,0.0072447383011430356,0.9721548701179542,0.005
3,244,6247,0.006882440110368843,0.006882440110368843,0.9723547306764431,0.005
3,245,6248,0.006821969727022445,0.006821969727022445,0.9725392860993122,0.005
3,246,6249,0.006296975781859785,0.006296975781859785,0.9735663102752204,0.005
3,247,6250,0.007014047169932517,0.007014047169932517,0.9720385505284845,0.005
3,248,6251,0.0070694497386608515,0.0070694497386608515,0.9724918285088916,0.005
3,249,6252,0.005864326929264701,0.005864326929264701,0.9739583980346548,0.005
3,250,6253,0.007126555216207055,0.007126555216207055,0.9731443630712373,0.005
3,251,6254,0.007144421406097028,0.007144421406097028,0.9718404848415527,0.005
3,252,6255,0.007034966373032792,0.007034966373032792,0.972861602379839,0.005
3,253,6256,0.005975409908520098,0.005975409908520098,0.9738342220377794,0.005
3,254,6257,0.007926668520477121,0.007926668520477121,0.9722807872730519,0.005
3,255,6258,0.0061587788138686905,0.0061587788138686905,0.975001181501772,0.005
3,256,6259,0.006208287555403142,0.006208287555403142,0.9737892114165789,0.005
3,257,6260,0.00531916000969099,0.00531916000969099,0.9748660480653762,0.005
3,258,6261,0.005998987058393636,0.005998987058393636,0.9736064666594383,0.005
3,259,6262,0.005679543801101373,0.005679543801101373,0.9745303345449915,0.005
3,260,6263,0.005873339816234419,0.005873339816234419,0.9752945794836108,0.005
3,261,6264,0.006244235426227492,0.006244235426227492,0.97373708015671,0.005
3,262,6265,0.005941718650726329,0.005941718650726329,0.9744156504353202,0.005
3,263,6266,0.005017299450057253,0.005017299450057253,0.9762569838647069,0.005
3,264,6267,0.0064311649241626965,0.0064311649241626965,0.9743557670510998,0.005
3,265,6268,0.006058484274131517,0.006058484274131517,0.9750200649669915,0.005
3,266,6269,0.005145649022433902,0.005145649022433902,0.975342795985482,0.005
3,267,6270,0.005047078225368333,0.005047078225368333,0.9762736930861502,0.005
3,268,6271,0.004876938895127913,0.004876938895127913,0.9759060167098204,0.005
3,269,6272,0.005458155826770573,0.005458155826770573,0.9751469602128914,0.005
3,270,6273,0.005015364836967606,0.005015364836967606,0.9763911181046435,0.005
3,271,6274,0.00473387402062201,0.00473387402062201,0.9766304516330806,0.005
3,272,6275,0.005102888283958371,0.005102888283958371,0.9764175413438154,0.005
3,273,6276,0.004467856044830016,0.004467856044830016,0.977788480671317,0.005
3,274,6277,0.004762555378417795,0.004762555378417795,0.9764751320325578,0.005
3,275,6278,0.004691162690237976,0.004691162690237976,0.9779729506632324,0.005
3,276,6279,0.0044148481995509945,0.0044148481995509945,0.9769652696006889,0.005
3,277,6280,0.004745579845218448,0.004745579845218448,0.9765717749725329,0.005
3,278,6281,0.004183755724441917,0.004183755724441917,0.9779854540119804,0.005
3,279,6282,0.004468255566346087,0.004468255566346087,0.9770039392680765,0.005
3,280,6283,0.004670071016484379,0.004670071016484379,0.976582620399488,0.005
3,281,6284,0.004243588077660293,0.004243588077660293,0.9781718021491481,0.005
3,282,6285,0.005172665971009903,0.005172665971009903,0.9759642412808052,0.005
3,283,6286,0.0043721435106908214,0.0043721435106908214,0.9780843532349889,0.005
3,284,6287,0.004133122658835718,0.004133122658835718,0.9779039627604512,0.005
3,285,6288,0.004144105277925922,0.004144105277925922,0.9777696184270855,0.005
3,286,6289,0.004271872458287526,0.004271872458287526,0.9773592818465617,0.005
3,287,6290,0.0037433905589391602,0.0037433905589391602,0.9781863982032927,0.005
3,288,6291,0.0040305931759954715,0.0040305931759954715,0.9776643680866144,0.005
3,289,6292,0.003996768843026718,0.003996768843026718,0.978758575372722,0.005
3,290,6293,0.004732627164376245,0.004732627164376245,0.9763191163444004,0.005
3,291,6294,0.0038525505530934987,0.0038525505530934987,0.9780935979018247,0.005
3,292,6295,0.004026096558564701,0.004026096558564701,0.9774450835278605,0.005
3,293,6296,0.003739704999624698,0.003739704999624698,0.9792246706938795,0.005
3,294,6297,0.00428541686940692,0.00428541686940692,0.9783637680271808,0.005
3,295,6298,0.0041008547953244115,0.0041008547953244115,0.977707378203339,0.005
3,296,6299,0.0033547639534221487,0.0033547639534221487,0.9787335699877918,0.005
3,297,6300,0.0038093296172812888,0.0038093296172812888,0.9791505747367955,0.005
3,298,6301,0.003565848051887874,0.003565848051887874,0.9792070935670855,0.005
3,299,6302,0.004036152812698356,0.004036152812698356,0.978409764730625,0.005
3,300,6303,0.003836574332968975,0.003836574332968975,0.9790270872532322,0.005
3,301,6304,0.003586361673368358,0.003586361673368358,0.9794048775591228,0.005
3,302,6305,0.003546551994350215,0.003546551994350215,0.9801394998267272,0.005
3,303,6306,0.003312449102982754,0.003312449102982754,0.9797309464974153,0.005
3,304,6307,0.0031013764038127366,0.0031013764038127366,0.9806991135507924,0.005
3,305,6308,0.0034253859370196806,0.0034253859370196806,0.9801460441689237,0.005
3,306,6309,0.0038487233875845973,0.0038487233875845973,0.9792291157413696,0.005
3,307,6310,0.003437211104809779,0.003437211104809779,0.9800947972466224,0.005
3,308,6311,0.0035223928486791756,0.0035223928486791756,0.9794466749610627,0.005
3,309,6312,0.0034053964499112122,0.0034053964499112122,0.98025430152598,0.005
3,310,6313,0.0031365102971335447,0.0031365102971335447,0.9802624752756407,0.005
3,311,6314,0.0029452544733040396,0.0029452544733040396,0.9802680971966576,0.005
3,312,6315,0.002925429085959646,0.002925429085959646,0.980846433478042,0.005
3,313,6316,0.0032379643630413182,0.0032379643630413182,0.9799205199591907,0.005
3,314,6317,0.0035756029594359463,0.0035756029594359463,0.9789469745318042,0.005
3,315,6318,0.0033159771967311335,0.0033159771967311335,0.9799391991672981,0.005
3,316,6319,0.003020221123612881,0.003020221123612881,0.9803908595510086,0.005
3,317,6320,0.002998421492462576,0.002998421492462576,0.9798595772745372,0.005
3,318,6321,0.003075160455750959,0.003075160455750959,0.9802883504761664,0.005
3,319,6322,0.0025954329802268315,0.0025954329802268315,0.9812833675893752,0.005
3,320,6323,0.0027824713563831247,0.0027824713563831247,0.9802090950547807,0.005
3,321,6324,0.0027077282873621544,0.0027077282873621544,0.9808540149316297,0.005
3,322,6325,0.0028806294989039407,0.0028806294989039407,0.9813162507434311,0.005
3,323,6326,0.0025611447751644734,0.0025611447751644734,0.9817568201694067,0.005
3,324,6327,0.002697415785590819,0.002697415785590819,0.9808537736788618,0.005
3,325,6328,0.0025262392318914128,0.0025262392318914128,0.9816744079384495,0.005
3,326,6329,0.0031442536322250046,0.0031442536322250046,0.9804312778165619,0.005
3,327,6330,0.0027362332424038594,0.0027362332424038594,0.981076878851178,0.005
3,328,6331,0.002488727008366375,0.002488727008366375,0.9813965050065283,0.005
3,329,6332,0.0029190458195573455,0.0029190458195573455,0.9814252865220828,0.005
3,330,6333,0.0024125272358429097,0.0024125272358429097,0.9812808050898827,0.005
3,331,6334,0.0025103717676852677,0.0025103717676852677,0.9814548777171264,0.005
3,332,6335,0.0023851973286970474,0.0023851973286970474,0.9819241479987326,0.005
3,333,6336,0.0026025775648060357,0.0026025775648060357,0.9811864585719592,0.005
3,334,6337,0.0021588676931000683,0.0021588676931000683,0.9820764572672687,0.005
3,335,6338,0.002431358942743659,0.002431358942743659,0.982112914660083,0.005
3,336,6339,0.0022527702728576725,0.0022527702728576725,0.9820311974465052,0.005
3,337,6340,0.0024184343465903733,0.0024184343465903733,0.9814582001435401,0.005
3,338,6341,0.0023375206697425935,0.0023375206697425935,0.9827723634604904,0.005
3,339,6342,0.002523203513756086,0.002523203513756086,0.9815328431520081,0.005
3,340,6343,0.002619458193476437,0.002619458193476437,0.9822276473374528,0.005
3,341,6344,0.0024023109452765154,0.0024023109452765154,0.9827551405297619,0.005
3,342,6345,0.002448874261564548,0.002448874261564548,0.9819996206097833,0.005
3,343,6346,0.0024245207712484777,0.0024245207712484777,0.982159574709521,0.005
3,344,6347,0.0023359476636557663,0.0023359476636557663,0.981969049063516,0.005
3,345,6348,0.0022545793687037087,0.0022545793687037087,0.9824995613497424,0.005
3,346,6349,0.0023460590176022146,0.0023460590176022146,0.9819998495729835,0.005
3,347,6350,0.0023696352976912763,0.0023696352976912763,0.9822095440332069,0.005
3,348,6351,0.0025394201396336954,0.0025394201396336954,0.981775155747062,0.005
3,349,6352,0.0021077473842836024,0.0021077473842836024,0.9823068488383765,0.005
3,350,6353,0.0024522663521446566,0.0024522663521446566,0.9825451452350459,0.005
3,351,6354,0.0024495087670658145,0.0024495087670658145,0.9818967733046176,0.005
3,352,6355,0.002245368182049786,0.002245368182049786,0.9827314582278305,0.005
3,353,6356,0.0020397194582569564,0.0020397194582569564,0.9822602934050365,0.005
3,354,6357,0.0024433820761682046,0.0024433820761682046,0.981305835986907,0.005
3,355,6358,0.0027853208956616082,0.0027853208956616082,0.9818462035145958,0.005
3,356,6359,0.0021014575274069004,0.0021014575274069004,0.9822035901020938,0.005
3,357,6360,0.002298147520002656,0.002298147520002656,0.9824331029678832,0.005
3,358,6361,0.0021091479517928446,0.0021091479517928446,0.9826670499415068,0.005
3,359,6362,0.002325935565027404,0.002325935565027404,0.9827029470386892,0.005
3,360,6363,0.0019903793671822313,0.0019903793671822313,0.9830643827005323,0.005
3,361,6364,0.0020777797639404353,0.0020777797639404353,0.9828497792655837,0.005
3,362,6365,0.001901117204026176,0.001901117204026176,0.9827058166617203,0.005
3,363,6366,0.002185801502873278,0.002185801502873278,0.9833157736056816,0.005
3,364,6367,0.0018745461201994384,0.0018745461201994384,0.9834020340501153,0.005
3,365,6368,0.002260869736539656,0.002260869736539656,0.982602013170657,0.005
3,366,6369,0.0024799720553271235,0.0024799720553271235,0.9821132300904482,0.005
3,367,6370,0.0020430242157249414,0.0020430242157249414,0.9823534673080393,0.005
3,368,6371,0.002296993581366621,0.002296993581366621,0.9829349202866925,0.005
3,369,6372,0.002136895428029366,0.002136895428029366,0.9834694611218467,0.005
3,370,6373,0.0021931629802796984,0.0021931629802796984,0.9828819014122648,0.005
3,371,6374,0.001722897094934641,0.001722897094934641,0.9838471180534176,0.005
3,372,6375,0.0018666402690829943,0.0018666402690829943,0.9830190655583382,0.005
3,373,6376,0.0018073965134113945,0.0018073965134113945,0.9830798447327838,0.005
3,374,6377,0.00202538159579127,0.00202538159579127,0.9831097280267205,0.005
3,375,6378,0.002243949148167531,0.002243949148167531,0.9829063937200461,0.005
3,376,6379,0.0018024170904439275,0.0018024170904439275,0.9839912644063245,0.005
3,377,6380,0.0019400685822467511,0.0019400685822467511,0.9828602775526153,0.005
3,378,6381,0.002090894488266327,0.002090894488266327,0.9823925563158935,0.005
3,379,6382,0.0019030997610483102,0.0019030997610483102,0.9826256933181351,0.005
3,380,6383,0.0017885601239793704,0.0017885601239793704,0.9835365935520997,0.005
3,381,6384,0.002340623500254633,0.002340623500254633,0.9827802753554213,0.005
3,382,6385,0.001645931027458153,0.001645931027458153,0.9834225060480102,0.005
3,383,6386,0.0014519716169133223,0.0014519716169133223,0.9835534930886479,0.005
3,384,6387,0.0020006733706958426,0.0020006733706958426,0.9826522414209251,0.005
3,385,6388,0.001907948891798893,0.001907948891798893,0.9831203101475747,0.005
3,386,6389,0.0017627598727176653,0.0017627598727176653,0.9835785393480634,0.005
3,387,6390,0.0016653959422708031,0.0016653959422708031,0.9839864214358972,0.005
3,388,6391,0.001749180839664187,0.001749180839664187,0.9837488898494645,0.005
3,389,6392,0.0015562875997387684,0.0015562875997387684,0.9845196306513896,0.005
3,390,6393,0.001549825304602728,0.001549825304602728,0.9828754013743317,0.005
3,391,6394,0.0016952906607539265,0.0016952906607539265,0.9839063051954599,0.005
3,392,6395,0.0016395723229127958,0.0016395723229127958,0.9832219500255802,0.005
3,393,6396,0.001722151629658496,0.001722151629658496,0.9835936615347352,0.005
3,394,6397,0.0013752905366903334,0.0013752905366903334,0.9837219017065274,0.005
3,395,6398,0.0016460060913005847,0.0016460060913005847,0.9838476335299385,0.005
3,396,6399,0.001640144051463792,0.001640144051463792,0.9835064453994332,0.005
3,397,6400,0.0015124327499559664,0.0015124327499559664,0.983729614253101,0.005
3,398,6401,0.002384754239777821,0.002384754239777821,0.9825573844395699,0.005
3,399,6402,0.001650747660386912,0.001650747660386912,0.9829843248822625,0.005
3,400,6403,0.001475911991956106,0.001475911991956106,0.9840054017370465,0.005
3,401,6404,0.0016992475886345227,0.0016992475886345227,0.9834057602829269,0.005
3,402,6405,0.0019534078640933952,0.0019534078640933952,0.9839535168439049,0.005
3,403,6406,0.001809964246687701,0.001809964246687701,0.9831431300099834,0.005
3,404,6407,0.0017586616338886663,0.0017586616338886663,0.9837315631384788,0.005
3,405,6408,0.0019178167611554199,0.0019178167611554199,0.9846093769311127,0.005
3,406,6409,0.0015698224130873363,0.0015698224130873363,0.9844938289962757,0.005
3,407,6410,0.0014670756697610587,0.0014670756697610587,0.9850047584376033,0.005
3,408,6411,0.001545908895790892,0.001545908895790892,0.9838864968223607,0.005
3,409,6412,0.0012189303351557235,0.0012189303351557235,0.9848122006588776,0.005
3,410,6413,0.0016892933483331062,0.0016892933483331062,0.9838291743333559,0.005
3,411,6414,0.0017980237581161984,0.0017980237581161984,0.9840436333833821,0.005
3,412,6415,0.0014266428155160094,0.0014266428155160094,0.9842650333279762,0.005
3,413,6416,0.0015482611133127923,0.0015482611133127923,0.9852869777817816,0.005
3,414,6417,0.0014923058449272263,0.0014923058449272263,0.9851343734687006,0.005
3,415,6418,0.0015412193567139634,0.0015412193567139634,0.9844915923073845,0.005
3,416,6419,0.0015089334207889738,0.0015089334207889738,0.9841616745304888,0.005
3,417,6420,0.0017125808883836657,0.0017125808883836657,0.9847197205745776,0.005
3,418,6421,0.001485123998646103,0.001485123998646103,0.9842788067083513,0.005
3,419,6422,0.0014583938090167935,0.0014583938090167935,0.9841671524289581,0.005
3,420,6423,0.00132118497883705,0.00132118497883705,0.9844668770808269,0.005
3,421,6424,0.0014916639369995412,0.0014916639369995412,0.9843989888796951,0.005
3,422,6425,0.0015616657457062288,0.0015616657457062288,0.9844355970093009,0.005
3,423,6426,0.0012557706619094689,0.0012557706619094689,0.9855852629726238,0.005
3,424,6427,0.0019298433873162924,0.0019298433873162924,0.9834776969126084,0.005
3,425,6428,0.0013510760987458803,0.0013510760987458803,0.9844495726897607,0.005
3,426,6429,0.0014228347335486992,0.0014228347335486992,0.9843943830128729,0.005
3,427,6430,0.0015166431098707612,0.0015166431098707612,0.9841340163417744,0.005
3,428,6431,0.0015312244840959921,0.0015312244840959921,0.984573268868266,0.005
3,429,6432,0.0014676659179974271,0.0014676659179974271,0.9837586343652829,0.005
3,430,6433,0.0012935553210060814,0.0012935553210060814,0.9844867021052355,0.005
3,431,6434,0.0013969909516571744,0.0013969909516571744,0.9850800149172574,0.005
3,432,6435,0.001524485758476747,0.001524485758476747,0.984653208655605,0.005
3,433,6436,0.001486682424904675,0.001486682424904675,0.9847799716109207,0.005
3,434,6437,0.0013783092319794943,0.0013783092319794943,0.98463515099392,0.005
3,435,6438,0.0015568154795490307,0.0015568154795490307,0.9837793526638543,0.005
3,436,6439,0.001260357717352082,0.001260357717352082,0.9845112731264392,0.005
3,437,6440,0.0013689522440315017,0.0013689522440315017,0.9846320438700027,0.005
3,438,6441,0.0014205351736922213,0.0014205351736922213,0.9841958306541118,0.005
3,439,6442,0.001530203237766571,0.001530203237766571,0.9854342903133039,0.005
3,440,6443,0.0016602325004665543,0.0016602325004665543,0.9842095373813998,0.005
3,441,6444,0.0016100718974715478,0.0016100718974715478,0.9841194918564339,0.005
3,442,6445,0.00209291596497015,0.00209291596497015,0.9835560698398124,0.005
3,443,6446,0.0011288193724785212,0.0011288193724785212,0.985324799758499,0.005
3,444,6447,0.001471966819852214,0.001471966819852214,0.9845610969749432,0.005
3,445,6448,0.0014420958946204864,0.0014420958946204864,0.9838623441984298,0.005
3,446,6449,0.0012338090920721045,0.0012338090920721045,0.9841113763631085,0.005
3,447,6450,0.0014244932773762264,0.0014244932773762264,0.983768609276125,0.005
3,448,6451,0.0012220180616319865,0.0012220180616319865,0.9852065597477925,0.005
3,449,6452,0.0014110003527427863,0.0014110003527427863,0.9848471262662667,0.005
3,450,6453,0.001457940341619285,0.001457940341619285,0.9846819099061733,0.005
3,451,6454,0.001380116996239985,0.001380116996239985,0.9848108151013952,0.005
3,452,6455,0.0013125123666524784,0.0013125123666524784,0.9836318062208579,0.005
3,453,6456,0.0015365472508549437,0.0015365472508549437,0.9838479663845642,0.005
3,454,6457,0.00356036895458165,0.00356036895458165,0.9801898554790481,0.005
3,455,6458,0.0013093955280385284,0.0013093955280385284,0.9837147764300058,0.005
3,456,6459,0.0012470712688075292,0.0012470712688075292,0.9845187470955026,0.005
3,457,6460,0.0013658952867186469,0.0013658952867186469,0.9847048596041703,0.005
3,458,6461,0.0011473802351010354,0.0011473802351010354,0.9850672069864744,0.005
3,459,6462,0.001310895200265496,0.001310895200265496,0.9848004318679491,0.005
3,460,6463,0.0015065979559682162,0.0015065979559682162,0.9849991867810431,0.005
3,461,6464,0.0016276359093143733,0.0016276359093143733,0.9843394021864809,0.005
3,462,6465,0.0014670056135254127,0.0014670056135254127,0.9852289737228752,0.005
3,463,6466,0.0013051254972912107,0.0013051254972912107,0.9847410963688308,0.005
3,464,6467,0.0013592139297480999,0.0013592139297480999,0.9856897908035339,0.005
3,465,6468,0.0014696315972386486,0.0014696315972386486,0.9845355500128453,0.005
3,466,6469,0.0014089378546925703,0.0014089378546925703,0.9846890298002524,0.005
3,467,6470,0.0014511808845141107,0.0014511808845141107,0.984605434065586,0.005
3,468,6471,0.0012771957358995167,0.0012771957358995167,0.9845450775260747,0.005
3,469,6472,0.0011784554968867988,0.0011784554968867988,0.98482676394739,0.005
3,470,6473,0.001424045873769041,0.001424045873769041,0.9843948904018744,0.005
3,471,6474,0.0012501254841686803,0.0012501254841686803,0.9850230572008878,0.005
3,472,6475,0.0013721039315385919,0.0013721039315385919,0.985123989950579,0.005
3,473,6476,0.0012766588103813082,0.0012766588103813082,0.9850528215118095,0.005
3,474,6477,0.0012934703168799965,0.0012934703168799965,0.9848671921647826,0.005
3,475,6478,0.0014018947241818402,0.0014018947241818402,0.98440590213745,0.005
3,476,6479,0.0016019853463541856,0.0016019853463541856,0.9844127524177934,0.005
3,477,6480,0.0013826239681707386,0.0013826239681707386,0.9847642213649015,0.005
3,478,6481,0.001245976736700326,0.001245976736700326,0.9852677666249482,0.005
3,479,6482,0.0016162361916680502,0.0016162361916680502,0.9843474111853737,0.005
3,480,6483,0.0011591723843369162,0.0011591723843369162,0.9852979773854431,0.005
3,481,6484,0.0012748359459068426,0.0012748359459068426,0.984980102600337,0.005
3,482,6485,0.0013721239805709617,0.0013721239805709617,0.9847433318694337,0.005
3,483,6486,0.0015347304816850317,0.0015347304816850317,0.985885696723356,0.005
3,484,6487,0.001250545496790767,0.001250545496790767,0.9849385396558632,0.005
3,485,6488,0.0014603446608815174,0.0014603446608815174,0.9838977977974966,0.005
3,486,6489,0.0012291214940581242,0.0012291214940581242,0.985519122099155,0.005
3,487,6490,0.0014303453508726926,0.0014303453508726926,0.9846960561099138,0.005
3,488,6491,0.001295283707099535,0.001295283707099535,0.9845816216575417,0.005
3,489,6492,0.0013365481420700553,0.0013365481420700553,0.9849651292234303,0.005
3,490,6493,0.0013602978680341716,0.0013602978680341716,0.9848603053950494,0.005
3,491,6494,0.0011713998717485241,0.0011713998717485241,0.9853220188248514,0.005
3,492,6495,0.0014302307850630636,0.0014302307850630636,0.9837879543619599,0.005
3,493,6496,0.0013051880288185171,0.0013051880288185171,0.9850633556429265,0.005
3,494,6497,0.0014688053817022361,0.0014688053817022361,0.983929661237311,0.005
3,495,6498,0.0010909065013356592,0.0010909065013356592,0.9851652311257567,0.005
3,496,6499,0.0010856221731081772,0.0010856221731081772,0.9847078420837622,0.005
3,497,6500,0.0012565378052767351,0.0012565378052767351,0.9837505199433285,0.005
3,498,6501,0.0013063753845351743,0.0013063753845351743,0.9847608668426591,0.005
3,499,6502,0.001211359252374161,0.001211359252374161,0.9851570399484703,0.005
3,500,6503,0.0015347076794072047,0.0015347076794072047,0.9849583583062482,0.005
3,501,6504,0.0014392335325637295,0.0014392335325637295,0.9849854582658139,0.005
3,502,6505,0.001212739116708974,0.001212739116708974,0.9844586606740457,0.005
3,503,6506,0.0014380084377564242,0.0014380084377564242,0.9833088381083246,0.005
3,504,6507,0.0013363527442110446,0.0013363527442110446,0.9842465713092461,0.005
3,505,6508,0.0014634941433784487,0.0014634941433784487,0.9841725795679379,0.005
3,506,6509,0.001420450313598066,0.001420450313598066,0.9847121116513263,0.005
3,507,6510,0.0013309065383928721,0.0013309065383928721,0.9849645432688017,0.005
3,508,6511,0.001308408439617579,0.001308408439617579,0.984289110307533,0.005
3,509,6512,0.0013404586002749431,0.0013404586002749431,0.9848037702656272,0.005
3,510,6513,0.0012735349006977271,0.0012735349006977271,0.9847253567012666,0.005
3,511,6514,0.0012201293465775222,0.0012201293465775222,0.9850359234683829,0.005
3,512,6515,0.0014191712923073505,0.0014191712923073505,0.9834511083889855,0.005
3,513,6516,0.0012892246603270542,0.0012892246603270542,0.9837785837727611,0.005
3,514,6517,0.0012182562575523425,0.0012182562575523425,0.9853213569597705,0.005
3,515,6518,0.0014102070021612422,0.0014102070021612422,0.9847671865780302,0.005
3,516,6519,0.0014401720008385753,0.0014401720008385753,0.9844949937530093,0.005
3,517,6520,0.001288156768874067,0.001288156768874067,0.9853148040305629,0.005
3,518,6521,0.0015399952540404783,0.0015399952540404783,0.9850940462650976,0.005
3,519,6522,0.0011649302390415205,0.0011649302390415205,0.9855439048306136,0.005
3,520,6523,0.0015110457341893035,0.0015110457341893035,0.9848396260557489,0.005
3,521,6524,0.0011812053723748196,0.0011812053723748196,0.9852459655192072,0.005
3,522,6525,0.0013920135321806317,0.0013920135321806317,0.985154623085809,0.005
3,523,6526,0.0012864898162771943,0.0012864898162771943,0.9853402569854763,0.005
3,524,6527,0.0013161363889443456,0.0013161363889443456,0.984271239566369,0.005
3,525,6528,0.0011492376505835844,0.0011492376505835844,0.9844636026782894,0.005
3,526,6529,0.001580228462757535,0.001580228462757535,0.9853536957596815,0.005
3,527,6530,0.0014782590381367732,0.0014782590381367732,0.9847244924933619,0.005
3,528,6531,0.001362956137966086,0.001362956137966086,0.9853663625404999,0.005
3,529,6532,0.0026115843347956523,0.0026115843347956523,0.9826333124682927,0.005
3,530,6533,0.001099534722531368,0.001099534722531368,0.9852879796348855,0.005
3,531,6534,0.0014071333854117495,0.0014071333854117495,0.98469934683834,0.005
3,532,6535,0.0013312256896688625,0.0013312256896688625,0.984604967489202,0.005
3,533,6536,0.0012043321541838192,0.0012043321541838192,0.9844970314936439,0.005
3,534,6537,0.0012663425552060527,0.0012663425552060527,0.9856749810472065,0.005
3,535,6538,0.0013814630559318643,0.0013814630559318643,0.98527359402194,0.005
3,536,6539,0.0011694343391329188,0.0011694343391329188,0.9853014968813277,0.005
3,537,6540,0.0013231969763794439,0.0013231969763794439,0.9847642427647975,0.005
3,538,6541,0.0012144194551586295,0.0012144194551586295,0.9851187191193018,0.005
3,539,6542,0.0013013394537129052,0.0013013394537129052,0.9853292384575256,0.005
3,540,6543,0.0015171942600516251,0.0015171942600516251,0.9844512018524948,0.005
3,541,6544,0.0012757292280097688,0.0012757292280097688,0.9859349542124183,0.005
3,542,6545,0.0011992935997965103,0.0011992935997965103,0.9858277591978327,0.005
3,543,6546,0.0012037231290417537,0.0012037231290417537,0.9848842292319789,0.005
3,544,6547,0.0011062468987671392,0.0011062468987671392,0.9854374455894636,0.005
3,545,6548,0.0015168018278090166,0.0015168018278090166,0.9844922139480998,0.005
3,546,6549,0.0012424243082316835,0.0012424243082316835,0.9851988244299082,0.005
3,547,6550,0.0014096071127197396,0.0014096071127197396,0.9850939807171148,0.005
3,548,6551,0.0012564905300791883,0.0012564905300791883,0.9853989015188037,0.005
3,549,6552,0.0012205648572440498,0.0012205648572440498,0.9849325103846479,0.005
3,550,6553,0.0011859078895206222,0.0011859078895206222,0.9853395878164849,0.005
3,551,6554,0.0012662037948569225,0.0012662037948569225,0.9851621223194978,0.005
3,552,6555,0.0013162754538889809,0.0013162754538889809,0.9862389544468843,0.005
3,553,6556,0.0012020973818342084,0.0012020973818342084,0.9853786222204356,0.005
3,554,6557,0.0011778915465982442,0.0011778915465982442,0.9855515963154634,0.005
3,555,6558,0.0010986911605463767,0.0010986911605463767,0.9853137054860972,0.005
3,556,6559,0.0011441609572461532,0.0011441609572461532,0.9859849439675625,0.005
3,557,6560,0.0011394593806816466,0.0011394593806816466,0.985999564092283,0.005
3,558,6561,0.0012839340094623697,0.0012839340094623697,0.9851971936138518,0.005
3,559,6562,0.0011003346267763735,0.0011003346267763735,0.9856572988534911,0.005
3,560,6563,0.0011744638978840284,0.0011744638978840284,0.9855324660333395,0.005
3,561,6564,0.0012487318648193991,0.0012487318648193991,0.9849825346486826,0.005
3,562,6565,0.0013974149321578878,0.0013974149321578878,0.9845490493508842,0.005
3,563,6566,0.0012662723778463548,0.0012662723778463548,0.985583116313857,0.005
3,564,6567,0.0011235860361186734,0.0011235860361186734,0.9853845479083677,0.005
3,565,6568,0.0016428593830831518,0.0016428593830831518,0.9841269628767508,0.005
3,566,6569,0.0011591973295711224,0.0011591973295711224,0.9846255754983828,0.005
3,567,6570,0.0011785119813641064,0.0011785119813641064,0.9849239256240614,0.005
3,568,6571,0.001163638686955355,0.001163638686955355,0.9850743597482136,0.005
3,569,6572,0.0011086355820793571,0.0011086355820793571,0.9852522645571142,0.005
3,570,6573,0.0013635294696119217,0.0013635294696119217,0.9852451761614923,0.005
3,571,6574,0.0013843695922638533,0.0013843695922638533,0.9847323143220982,0.005
3,572,6575,0.0012938988240231576,0.0012938988240231576,0.9844988278586798,0.005
3,573,6576,0.0010289225604913,0.0010289225604913,0.9849678818399448,0.005
3,574,6577,0.0011856345109851553,0.0011856345109851553,0.9851069507186456,0.005
3,575,6578,0.001213365076317672,0.001213365076317672,0.9860561505991606,0.005
3,576,6579,0.001274847491815977,0.001274847491815977,0.9856692171650697,0.005
3,577,6580,0.0014051799267655364,0.0014051799267655364,0.9850459905132483,0.005
3,578,6581,0.0011123394369449747,0.0011123394369449747,0.9850799911100742,0.005
3,579,6582,0.0012926696437049433,0.0012926696437049433,0.985185760799689,0.005
3,580,6583,0.0012028431396650407,0.0012028431396650407,0.9853728135166304,0.005
3,581,6584,0.0011318859903805501,0.0011318859903805501,0.9857879321087207,0.005
3,582,6585,0.0013860274594366595,0.0013860274594366595,0.9846891433641118,0.005
3,583,6586,0.0012106040894128067,0.0012106040894128067,0.9845846228802201,0.005
3,584,6587,0.0011275926657984437,0.0011275926657984437,0.9856482620679332,0.005
3,585,6588,0.0014686476557619467,0.0014686476557619467,0.9853875482141604,0.005
3,586,6589,0.0011750012977276081,0.0011750012977276081,0.98459350802763,0.005
3,587,6590,0.0010207608709241656,0.0010207608709241656,0.9854797980589923,0.005
3,588,6591,0.0013666442973367576,0.0013666442973367576,0.9844536308308424,0.005
3,589,6592,0.0012715800242529861,0.0012715800242529861,0.9847951270672511,0.005
3,590,6593,0.0010738893206191547,0.0010738893206191547,0.9854206507121223,0.005
3,591,6594,0.0013877144570557144,0.0013877144570557144,0.9850695208704207,0.005
3,592,6595,0.0015151795545560777,0.0015151795545560777,0.9851971215982412,0.005
3,593,6596,0.001175006889583574,0.001175006889583574,0.9842572827538189,0.005
3,594,6597,0.001302077973159167,0.001302077973159167,0.9840206753645646,0.005
3,595,6598,0.0014120062756420738,0.0014120062756420738,0.9848743198153139,0.005
3,596,6599,0.0010859313419615203,0.0010859313419615203,0.9853749955578093,0.005
3,597,6600,0.001312278246326514,0.001312278246326514,0.9844221052885583,0.005
3,598,6601,0.0011975724431559454,0.0011975724431559454,0.984669029539425,0.005
3,599,6602,0.001252473547176547,0.001252473547176547,0.9858026528691429,0.005
3,600,6603,0.0011361886158125158,0.0011361886158125158,0.9859704347842948,0.005
3,601,6604,0.0012375049935617088,0.0012375049935617088,0.9847026232825156,0.005
3,602,6605,0.0011745004253412507,0.0011745004253412507,0.9862672980765063,0.005
3,603,6606,0.0012143517863961238,0.0012143517863961238,0.9838030279064927,0.005
3,604,6607,0.0012419580150389532,0.0012419580150389532,0.9849446045221925,0.005
3,605,6608,0.0012722514241439431,0.0012722514241439431,0.9858933103894381,0.005
3,606,6609,0.0011773056814546835,0.0011773056814546835,0.9857361468567428,0.005
3,607,6610,0.0011520992915145978,0.0011520992915145978,0.9851345649163752,0.005
3,608,6611,0.0011507485740046598,0.0011507485740046598,0.9854804768102584,0.005
3,609,6612,0.0013988929134319838,0.0013988929134319838,0.9847182065109843,0.005
3,610,6613,0.0011620319254496503,0.0011620319254496503,0.9841642740991682,0.005
3,611,6614,0.0012146288391294913,0.0012146288391294913,0.985578056025906,0.005
3,612,6615,0.0013656316251866585,0.0013656316251866585,0.9839336600519808,0.005
3,613,6616,0.0011851411220778875,0.0011851411220778875,0.9844315522430811,0.005
3,614,6617,0.0013924201873914733,0.0013924201873914733,0.984756843263927,0.005
3,615,6618,0.0012742482527706234,0.0012742482527706234,0.9853317314942379,0.005
3,616,6619,0.0012899542218310445,0.0012899542218310445,0.983767235526054,0.005
3,617,6620,0.001305041785409362,0.001305041785409362,0.9851659082223804,0.005
3,618,6621,0.0012448002153444449,0.0012448002153444449,0.9849796618897717,0.005
3,619,6622,0.0012088321601927642,0.0012088321601927642,0.9864225342248778,0.005
3,620,6623,0.0011718313762572464,0.0011718313762572464,0.9849962989829009,0.005
3,621,6624,0.0012705033062255376,0.0012705033062255376,0.9850331213936214,0.005
3,622,6625,0.0011668984228492617,0.0011668984228492617,0.9861632006295888,0.005
3,623,6626,0.0010220563539482196,0.0010220563539482196,0.9848948474160076,0.005
3,624,6627,0.00146438530048847,0.00146438530048847,0.9851683518572811,0.005
3,625,6628,0.001923358987661139,0.001923358987661139,0.9832541355127494,0.005
3,626,6629,0.001001624560807385,0.001001624560807385,0.9844377262700135,0.005
3,627,6630,0.0013583479217378824,0.0013583479217378824,0.9854599091897741,0.005
3,628,6631,0.001202696547137836,0.001202696547137836,0.9847232902058103,0.005
3,629,6632,0.0012165974320168837,0.0012165974320168837,0.9853461765010562,0.005
3,630,6633,0.001337137973801571,0.001337137973801571,0.9854785481884825,0.005
3,631,6634,0.0011588594814995966,0.0011588594814995966,0.9845820725875977,0.005
3,632,6635,0.0009868156697673946,0.0009868156697673946,0.9856545525953094,0.005
3,633,6636,0.0012128380844686126,0.0012128380844686126,0.9855562833846294,0.005
3,634,6637,0.0015046474714376901,0.0015046474714376901,0.9847087242450897,0.005
3,635,6638,0.0010783302229867451,0.0010783302229867451,0.9855088808363477,0.005
3,636,6639,0.0012580644019692022,0.0012580644019692022,0.9854139899808788,0.005
3,637,6640,0.0010240525407860912,0.0010240525407860912,0.9849668254106885,0.005
3,638,6641,0.0013939992285377045,0.0013939992285377045,0.9848199993377921,0.005
3,639,6642,0.0012168821004529028,0.0012168821004529028,0.9854509756930975,0.005
3,640,6643,0.001302139555466886,0.001302139555466886,0.9855496740391672,0.005
3,641,6644,0.001146409733941103,0.001146409733941103,0.9842266152501008,0.005
3,642,6645,0.0013185651417630694,0.0013185651417630694,0.9849030823698559,0.005
3,643,6646,0.0010731540519172535,0.0010731540519172535,0.985934786505923,0.005
3,644,6647,0.0012849605179113667,0.0012849605179113667,0.9853881909726523,0.005
3,645,6648,0.0012335237421270072,0.0012335237421270072,0.9853758933255319,0.005
3,646,6649,0.0014494516654313338,0.0014494516654313338,0.9844468667400121,0.005
3,647,6650,0.0011938673227929553,0.0011938673227929553,0.9858940615692988,0.005
3,648,6651,0.0012056694909955558,0.0012056694909955558,0.9863567839510323,0.005
3,649,6652,0.0011806117845322072,0.0011806117845322072,0.9852716507018637,0.005
3,650,6653,0.0014223736030683288,0.0014223736030683288,0.985327510026635,0.005
3,651,6654,0.001141062131038667,0.001141062131038667,0.9861620048437912,0.005
3,652,6655,0.0012914208317520372,0.0012914208317520372,0.9856060614592742,0.005
3,653,6656,0.0010723098826098554,0.0010723098826098554,0.9857482801823674,0.005
3,654,6657,0.001278123907258746,0.001278123907258746,0.9859809226324815,0.005
3,655,6658,0.0012352759798519863,0.0012352759798519863,0.9854642809577366,0.005
3,656,6659,0.0013105761775732583,0.0013105761775732583,0.9852255397474612,0.005
3,657,6660,0.001282559137028225,0.001282559137028225,0.9857955771933994,0.005
3,658,6661,0.0010645274924994885,0.0010645274924994885,0.9855487912946054,0.005
3,659,6662,0.001325170564088637,0.001325170564088637,0.9855962943906827,0.005
3,660,6663,0.0011663781445615728,0.0011663781445615728,0.9857243637456378,0.005
3,661,6664,0.001231768992923541,0.001231768992923541,0.9844962735777899,0.005
3,662,6665,0.0010418139457965458,0.0010418139457965458,0.9854814864666526,0.005
3,663,6666,0.0011691947344598407,0.0011691947344598407,0.9852017021449742,0.005
3,664,6667,0.0014652611906408597,0.0014652611906408597,0.9848396253498505,0.005
3,665,6668,0.0011771638510031214,0.0011771638510031214,0.9849212093559329,0.005
3,666,6669,0.0012669079061892086,0.0012669079061892086,0.9854065796675817,0.005
3,667,6670,0.001284220526377705,0.001284220526377705,0.9854261263558504,0.005
3,668,6671,0.0013566764599552226,0.0013566764599552226,0.9845672602390253,0.005
3,669,6672,0.0013297856979258183,0.0013297856979258183,0.9856867583993643,0.005
3,670,6673,0.001178182872157234,0.001178182872157234,0.984908314263725,0.005
3,671,6674,0.0011540172751827726,0.0011540172751827726,0.9854644198983854,0.005
3,672,6675,0.0012602161977634265,0.0012602161977634265,0.9843440211944458,0.005
3,673,6676,0.0012023564010139477,0.0012023564010139477,0.9850937129305957,0.005
3,674,6677,0.0010670712057467423,0.0010670712057467423,0.9857810961372878,0.005
3,675,6678,0.0009693910253000104,0.0009693910253000104,0.9855488852771062,0.005
3,676,6679,0.0011817146609144381,0.0011817146609144381,0.985400132321968,0.005
3,677,6680,0.001260046656377397,0.001260046656377397,0.9855352855436555,0.005
3,678,6681,0.0009981218903047351,0.0009981218903047351,0.9851493664682701,0.005
3,679,6682,0.00111687194233416,0.00111687194233416,0.9851995241196936,0.005
3,680,6683,0.0010387100536522521,0.0010387100536522521,0.9848370250243376,0.005
3,681,6684,0.0011548244527703232,0.0011548244527703232,0.985337743823215,0.005
3,682,6685,0.0011962604232491534,0.0011962604232491534,0.9850915386670528,0.005
3,683,6686,0.0010593889654842382,0.0010593889654842382,0.9859023379317589,0.005
3,684,6687,0.0014787938346220919,0.0014787938346220919,0.9851718708372271,0.005
3,685,6688,0.0012933574946495463,0.0012933574946495463,0.984843088415548,0.005
3,686,6689,0.0011898973308495542,0.0011898973308495542,0.9855960265147604,0.005
3,687,6690,0.00110678208324397,0.00110678208324397,0.9855707351876036,0.005
3,688,6691,0.0011545881994792517,0.0011545881994792517,0.9853934888535434,0.005
3,689,6692,0.0011717629268569174,0.0011717629268569174,0.9860369565781121,0.005
3,690,6693,0.0011268587000319518,0.0011268587000319518,0.985974661967136,0.005
3,691,6694,0.001260560154671535,0.001260560154671535,0.9861541702389294,0.005
3,692,6695,0.0011912233678444094,0.0011912233678444094,0.9860662226861107,0.005
3,693,6696,0.0012684562316998271,0.0012684562316998271,0.9853285662596218,0.005
3,694,6697,0.0013618740884363146,0.0013618740884363146,0.9860723157850487,0.005
3,695,6698,0.0011651459859296064,0.0011651459859296064,0.9855661662295907,0.005
3,696,6699,0.0013814978798618572,0.0013814978798618572,0.9853059945330813,0.005
3,697,6700,0.0012547788592989118,0.0012547788592989118,0.984873016070771,0.005
3,698,6701,0.0009994252226879774,0.0009994252226879774,0.9854047645242987,0.005
3,699,6702,0.0012177482659437,0.0012177482659437,0.9857904869827537,0.005
3,700,6703,0.0011455321722858547,0.0011455321722858547,0.9854828835130386,0.005
3,701,6704,0.0015830358237101183,0.0015830358237101183,0.9835215754678023,0.005
3,702,6705,0.0011400596816630215,0.0011400596816630215,0.9855675601971824,0.005
3,703,6706,0.0011956538281293252,0.0011956538281293252,0.9852276140260412,0.005
3,704,6707,0.0011128992511428982,0.0011128992511428982,0.9851347936969973,0.005
3,705,6708,0.001272269030872303,0.001272269030872303,0.9852478780432543,0.005
3,706,6709,0.0011645310766414262,0.0011645310766414262,0.9850032304208568,0.005
3,707,6710,0.001076552177749973,0.001076552177749973,0.9855010384550835,0.005
3,708,6711,0.0010037582615400353,0.0010037582615400353,0.9854363208438112,0.005
3,709,6712,0.0012511717412164091,0.0012511717412164091,0.9859642708095843,0.005
3,710,6713,0.001106947775757545,0.001106947775757545,0.9857926083056653,0.005
3,711,6714,0.001155662680867885,0.001155662680867885,0.9851596520682648,0.005
3,712,6715,0.0010777818477633728,0.0010777818477633728,0.9858776654451277,0.005
3,713,6716,0.0011696305518031724,0.0011696305518031724,0.9853892861959976,0.005
3,714,6717,0.0013497869428165132,0.0013497869428165132,0.9853183054011032,0.005
3,715,6718,0.0012053155232784054,0.0012053155232784054,0.9846628800664093,0.005
3,716,6719,0.0011767987595056662,0.0011767987595056662,0.9849817927056922,0.005
3,717,6720,0.0011061668477299912,0.0011061668477299912,0.9850062676532527,0.005
3,718,6721,0.001239011946002575,0.001239011946002575,0.9854271361826002,0.005
3,719,6722,0.001122096867367024,0.001122096867367024,0.9848963205970344,0.005
3,720,6723,0.0010604205824735014,0.0010604205824735014,0.9851114721491897,0.005
3,721,6724,0.00110362970064526,0.00110362970064526,0.9855246207125773,0.005
3,722,6725,0.0012314928954816474,0.0012314928954816474,0.9854351664429234,0.005
3,723,6726,0.0013103061251466663,0.0013103061251466663,0.9850159988338386,0.005
3,724,6727,0.0011936248409463702,0.0011936248409463702,0.9853256232658847,0.005
3,725,6728,0.001147906976036507,0.001147906976036507,0.9853699873293147,0.005
3,726,6729,0.0010842036749414384,0.0010842036749414384,0.9857072105647662,0.005
3,727,6730,0.001265249035112076,0.001265249035112076,0.9853520064442154,0.005
3,728,6731,0.0013357552919396564,0.0013357552919396564,0.9863149340718345,0.005
3,729,6732,0.0015348895599615975,0.0015348895599615975,0.9855146045484368,0.005
3,730,6733,0.001054856420721919,0.001054856420721919,0.9857446723911796,0.005
3,731,6734,0.001165619552650642,0.001165619552650642,0.985436425285214,0.005
3,732,6735,0.0010740352976214796,0.0010740352976214796,0.9859666402334774,0.005
3,733,6736,0.001160421365793467,0.001160421365793467,0.984134039140448,0.005
3,734,6737,0.0012891071616738593,0.0012891071616738593,0.9839096894321789,0.005
3,735,6738,0.0014430188505768827,0.0014430188505768827,0.9851133414943753,0.005
3,736,6739,0.0010559845483418095,0.0010559845483418095,0.9854956828995419,0.005
3,737,6740,0.0011717020006826394,0.0011717020006826394,0.9847185069455137,0.005
3,738,6741,0.0011604864018105111,0.0011604864018105111,0.9850481110997779,0.005
3,739,6742,0.001220959482524594,0.001220959482524594,0.9843686608798757,0.005
3,740,6743,0.0011387389698814588,0.0011387389698814588,0.9852939930979612,0.005
3,741,6744,0.0011130880800382247,0.0011130880800382247,0.9855632778733151,0.005
3,742,6745,0.00138882336978989,0.00138882336978989,0.9858849094249506,0.005
3,743,6746,0.0011165610726525622,0.0011165610726525622,0.9857140241727809,0.005
3,744,6747,0.0011548836893147895,0.0011548836893147895,0.9853539615422522,0.005
3,745,6748,0.0012012711216478466,0.0012012711216478466,0.985004711762114,0.005
3,746,6749,0.0012920751521535057,0.0012920751521535057,0.9866012090504396,0.005
3,747,6750,0.0011342241372599262,0.0011342241372599262,0.9861777670546666,0.005
3,748,6751,0.0012773847499317958,0.0012773847499317958,0.9842741895109572,0.005
3,749,6752,0.0014557253119226988,0.0014557253119226988,0.9860485178801799,0.005
3,750,6753,0.0013423873734196867,0.0013423873734196867,0.9853887498978481,0.005
3,751,6754,0.0012261073429837032,0.0012261073429837032,0.9848493635057343,0.005
3,752,6755,0.0019146043686451464,0.0019146043686451464,0.9829785949670854,0.005
3,753,6756,0.0011544489874680051,0.0011544489874680051,0.9848772725656256,0.005
3,754,6757,0.0010462395897932585,0.0010462395897932585,0.9856313318469573,0.005
3,755,6758,0.0011726057492053854,0.0011726057492053854,0.9855254196004608,0.005
3,756,6759,0.0013321481245297296,0.0013321481245297296,0.9854642167014569,0.005
3,757,6760,0.001104657315798654,0.001104657315798654,0.9855370606488824,0.005
3,758,6761,0.0011850544361432093,0.0011850544361432093,0.985218876681628,0.005
3,759,6762,0.0011081954592578247,0.0011081954592578247,0.9855071894774389,0.005
3,760,6763,0.0010996014889437156,0.0010996014889437156,0.9853433623247597,0.005
3,761,6764,0.0013395356468452958,0.0013395356468452958,0.9855382349547279,0.005
3,762,6765,0.0013414095265800153,0.0013414095265800153,0.9855971435109209,0.005
3,763,6766,0.001102673696957318,0.001102673696957318,0.9856663204563159,0.005
3,764,6767,0.0011969320661235317,0.0011969320661235317,0.9854105607037318,0.005
3,765,6768,0.0010908797087591528,0.0010908797087591528,0.9861190466203962,0.005
3,766,6769,0.0011702043508875503,0.0011702043508875503,0.9854391506326154,0.005
3,767,6770,0.0011639527080792478,0.0011639527080792478,0.9857049028886595,0.005
3,768,6771,0.0012122453835868886,0.0012122453835868886,0.9858474151228493,0.005
3,769,6772,0.0010822936847538402,0.0010822936847538402,0.9854398881040292,0.005
3,770,6773,0.0010675557757954637,0.0010675557757954637,0.9848863688129532,0.005
3,771,6774,0.000977593642052078,0.000977593642052078,0.9845191930826032,0.005
3,772,6775,0.0012427937968420887,0.0012427937968420887,0.9853169530439359,0.005
3,773,6776,0.0011477641354872548,0.0011477641354872548,0.9849712983453363,0.005
3,774,6777,0.0010536303066748121,0.0010536303066748121,0.9854255242490834,0.005
3,775,6778,0.0011825522342242335,0.0011825522342242335,0.9856185930899487,0.005
3,776,6779,0.0010327832359293965,0.0010327832359293965,0.9854918628430136,0.005
3,777,6780,0.0011733990297418007,0.0011733990297418007,0.9857567026923367,0.005
3,778,6781,0.0012593131093786914,0.0012593131093786914,0.9864233309316844,0.005
3,779,6782,0.0010358853335250041,0.0010358853335250041,0.9857649114538588,0.005
3,780,6783,0.0011424977869800058,0.0011424977869800058,0.9851501351385722,0.005
3,781,6784,0.0011556954734471712,0.0011556954734471712,0.9850765236798019,0.005
3,782,6785,0.0010509496273174977,0.0010509496273174977,0.9844909536441474,0.005
3,783,6786,0.0012947417376652968,0.0012947417376652968,0.9844410287606181,0.005
3,784,6787,0.0012006564495770887,0.0012006564495770887,0.9850752365411701,0.005
3,785,6788,0.0010893526583571544,0.0010893526583571544,0.9847692655994456,0.005
3,786,6789,0.0016705179167997898,0.0016705179167997898,0.9834136308106666,0.005
3,787,6790,0.001216465797715155,0.001216465797715155,0.9846141670590826,0.005
3,788,6791,0.001131380940821305,0.001131380940821305,0.9853358087497813,0.005
3,789,6792,0.0012246131599045573,0.0012246131599045573,0.9855720711239961,0.005
3,790,6793,0.0010693248556134204,0.0010693248556134204,0.9848141417715546,0.005
3,791,6794,0.001156484938207646,0.001156484938207646,0.9861181840608577,0.005
3,792,6795,0.001006352347927857,0.001006352347927857,0.9855176636026162,0.005
3,793,6796,0.0009864337508804022,0.0009864337508804022,0.9853076968421883,0.005
3,794,6797,0.001069098240493107,0.001069098240493107,0.9851331097821422,0.005
3,795,6798,0.0010810239989664282,0.0010810239989664282,0.9862430240345744,0.005
3,796,6799,0.0011500369010325872,0.0011500369010325872,0.9856181467380389,0.005
3,797,6800,0.0012032515745870197,0.0012032515745870197,0.9857267308908917,0.005
3,798,6801,0.0010354777779220227,0.0010354777779220227,0.9852991434653093,0.005
3,799,6802,0.0011325062523238627,0.0011325062523238627,0.9856930844846827,0.005
3,800,6803,0.0011882910331494822,0.0011882910331494822,0.9860336892341061,0.005
3,801,6804,0.0012196093103707863,0.0012196093103707863,0.9858442924817304,0.005
3,802,6805,0.0010583287636347694,0.0010583287636347694,0.9851572926796885,0.005
3,803,6806,0.0010788517705193922,0.0010788517705193922,0.9841216269329869,0.005
3,804,6807,0.0010326993481854807,0.0010326993481854807,0.9861360472751898,0.005
3,805,6808,0.0013924939980094432,0.0013924939980094432,0.9860391544651295,0.005
3,806,6809,0.0009882242023904497,0.0009882242023904497,0.9857510316408465,0.005
3,807,6810,0.000915780044590535,0.000915780044590535,0.9861678629697381,0.005
3,808,6811,0.0011780903580104897,0.0011780903580104897,0.9861999530753598,0.005
3,809,6812,0.0010615911672398801,0.0010615911672398801,0.9853914270056227,0.005
3,810,6813,0.0013310923269327947,0.0013310923269327947,0.9859198754225101,0.005
3,811,6814,0.0011955181034616269,0.0011955181034616269,0.9852563969143496,0.005
3,812,6815,0.0012069543831261075,0.0012069543831261075,0.9857392395394101,0.005
3,813,6816,0.0014688837834575508,0.0014688837834575508,0.9834610440356801,0.005
3,814,6817,0.0012986270921229392,0.0012986270921229392,0.9855123381747406,0.005
3,815,6818,0.0012795013937049082,0.0012795013937049082,0.9857078841924722,0.005
3,816,6819,0.0014043812092974562,0.0014043812092974562,0.9840775604325558,0.005
3,817,6820,0.0011150490493588273,0.0011150490493588273,0.9851749287780428,0.005
3,818,6821,0.0013673377766864447,0.0013673377766864447,0.9859697524309097,0.005
3,819,6822,0.001186321412564655,0.001186321412564655,0.9859825467160928,0.005
3,820,6823,0.0011407075751928575,0.0011407075751928575,0.983980288927562,0.005
3,821,6824,0.001281856246247538,0.001281856246247538,0.9854029333774962,0.005
3,822,6825,0.0010658705233760858,0.0010658705233760858,0.9851672491122448,0.005
3,823,6826,0.001359954879207984,0.001359954879207984,0.9844539666221721,0.005
3,824,6827,0.0010312414787659863,0.0010312414787659863,0.9863193896614514,0.005
3,825,6828,0.0011087039631372396,0.0011087039631372396,0.9854509861601226,0.005
3,826,6829,0.0009995229252072247,0.0009995229252072247,0.9859443914197735,0.005
3,827,6830,0.0012975422173299978,0.0012975422173299978,0.9858921113813695,0.005
3,828,6831,0.001179081731992838,0.001179081731992838,0.9855739284957374,0.005
3,829,6832,0.0010859028164306173,0.0010859028164306173,0.9859338442661684,0.005
3,830,6833,0.0011414745025388317,0.0011414745025388317,0.9858587842577858,0.005
3,831,6834,0.0010834147945817019,0.0010834147945817019,0.9851229069808146,0.005
3,832,6835,0.0010088764413903528,0.0010088764413903528,0.9850787576937303,0.005
3,833,6836,0.0011521773795363044,0.0011521773795363044,0.985982021354522,0.005
3,834,6837,0.0012409475824586924,0.0012409475824586924,0.9853465082767265,0.005
3,835,6838,0.0011580871701145257,0.0011580871701145257,0.9860660385314975,0.005
3,836,6839,0.0012879201895766644,0.0012879201895766644,0.9863995037834624,0.005
3,837,6840,0.001085507541932318,0.001085507541932318,0.9857617915313329,0.005
3,838,6841,0.0010464060741235993,0.0010464060741235993,0.9857251891504187,0.005
3,839,6842,0.001141805504026522,0.001141805504026522,0.9858015135392975,0.005
3,840,6843,0.001082973423734499,0.001082973423734499,0.9852610551733677,0.005
3,841,6844,0.0011926924664144955,0.0011926924664144955,0.9859213371615907,0.005
3,842,6845,0.0011072525651822794,0.0011072525651822794,0.9848600223747773,0.005
3,843,6846,0.0010279823320632653,0.0010279823320632653,0.9860633473730407,0.005
3,844,6847,0.001162898034369878,0.001162898034369878,0.9855672274891739,0.005
3,845,6848,0.001806004191740471,0.001806004191740471,0.9836098648581545,0.005
3,846,6849,0.001042985293932004,0.001042985293932004,0.9847569826276344,0.005
3,847,6850,0.0011367818995246448,0.0011367818995246448,0.9853181967680703,0.005
3,848,6851,0.0010424800419427472,0.0010424800419427472,0.9848486338217234,0.005
3,849,6852,0.0011675340223864883,0.0011675340223864883,0.9854419734498057,0.005
3,850,6853,0.0011082624168029741,0.0011082624168029741,0.9864610224991969,0.005
3,851,6854,0.001020760801908406,0.001020760801908406,0.9850795082518071,0.005
3,852,6855,0.0012389248961891185,0.0012389248961891185,0.9851793070878663,0.005
3,853,6856,0.0010305834169996543,0.0010305834169996543,0.9862368380929224,0.005
3,854,6857,0.0012071139157943834,0.0012071139157943834,0.9863681711688962,0.005
3,855,6858,0.001254008663528613,0.001254008663528613,0.9861324411239978,0.005
3,856,6859,0.0012749299679540194,0.0012749299679540194,0.9864099297385958,0.005
3,857,6860,0.00109467129595593,0.00109467129595593,0.9863583599443464,0.005
3,858,6861,0.0011029611525198656,0.0011029611525198656,0.9855673830496477,0.005
3,859,6862,0.001013095349722949,0.001013095349722949,0.9863084933350178,0.005
3,860,6863,0.0010235188650082883,0.0010235188650082883,0.9846831238970573,0.005
3,861,6864,0.001124849146531921,0.001124849146531921,0.985428367729705,0.005
3,862,6865,0.0012564958116291448,0.0012564958116291448,0.9851463414050057,0.005
3,863,6866,0.001306502769989666,0.001306502769989666,0.9850140965636601,0.005
3,864,6867,0.0011297633061449373,0.0011297633061449373,0.9850529268807908,0.005
3,865,6868,0.001207408439014587,0.001207408439014587,0.9847788659137696,0.005
3,866,6869,0.0012044316690762425,0.0012044316690762425,0.9853059433851264,0.005
3,867,6870,0.0011813854956440274,0.0011813854956440274,0.9854324436402525,0.005
3,868,6871,0.0010819605720415958,0.0010819605720415958,0.9857674832195324,0.005
3,869,6872,0.0011698408651451399,0.0011698408651451399,0.9847650137902605,0.005
3,870,6873,0.0011710137910377427,0.0011710137910377427,0.9854741198612791,0.005
3,871,6874,0.0011087082440583906,0.0011087082440583906,0.986065125853375,0.005
3,872,6875,0.0011358346915885708,0.0011358346915885708,0.9850323972670489,0.005
3,873,6876,0.0011509888328862382,0.0011509888328862382,0.9859965652498177,0.005
3,874,6877,0.0011647202530001388,0.0011647202530001388,0.9858020545600328,0.005
3,875,6878,0.0009874897730277545,0.0009874897730277545,0.9849459198044933,0.005
3,876,6879,0.001115080361512174,0.001115080361512174,0.9857511695081228,0.005
3,877,6880,0.0011119407527234392,0.0011119407527234392,0.9854792044684577,0.005
3,878,6881,0.0011668509655681169,0.0011668509655681169,0.9849648179166085,0.005
3,879,6882,0.0011510374191076654,0.0011510374191076654,0.9863134277185307,0.005
3,880,6883,0.0011358991039899947,0.0011358991039899947,0.985395528250167,0.005
3,881,6884,0.0012494555131110363,0.0012494555131110363,0.9847938653968215,0.005
3,882,6885,0.0010125562333741023,0.0010125562333741023,0.9855099707916747,0.005
3,883,6886,0.0010715190584735359,0.0010715190584735359,0.9855865415242144,0.005
3,884,6887,0.0012340397797124558,0.0012340397797124558,0.9847944750056286,0.005
3,885,6888,0.0014025147513669666,0.0014025147513669666,0.9848255991434177,0.005
3,886,6889,0.001119909545957576,0.001119909545957576,0.9857471876049999,0.005
3,887,6890,0.001192340888605592,0.001192340888605592,0.9853140450362821,0.005
3,888,6891,0.0010806984021563028,0.0010806984021563028,0.9858361895050417,0.005
3,889,6892,0.0012796389872315275,0.0012796389872315275,0.9863062400325641,0.005
3,890,6893,0.0010707305750296936,0.0010707305750296936,0.9854592913204379,0.005
3,891,6894,0.001206080659238963,0.001206080659238963,0.9855049029726792,0.005
3,892,6895,0.0010146543758181136,0.0010146543758181136,0.9854653227381288,0.005
3,893,6896,0.0010569291892128319,0.0010569291892128319,0.9855736286209725,0.005
3,894,6897,0.0011365183523517996,0.0011365183523517996,0.9850711610269817,0.005
3,895,6898,0.0009740823144473509,0.0009740823144473509,0.9853386586745694,0.005
3,896,6899,0.00126613291822274,0.00126613291822274,0.9846662074447533,0.005
3,897,6900,0.0010507563648797058,0.0010507563648797058,0.9845494329703739,0.005
3,898,6901,0.0011812418462935946,0.0011812418462935946,0.985267253227078,0.005
3,899,6902,0.0010626170300195316,0.0010626170300195316,0.9858233728842949,0.005
3,900,6903,0.0011818137172316255,0.0011818137172316255,0.9855736131561172,0.005
3,901,6904,0.0011773748869306011,0.0011773748869306011,0.9861111967873686,0.005
3,902,6905,0.0011622252112482312,0.0011622252112482312,0.9853645635744616,0.005
3,903,6906,0.0010784024105811385,0.0010784024105811385,0.9857285134564664,0.005
3,904,6907,0.0010917902660062119,0.0010917902660062119,0.9852682900546083,0.005
3,905,6908,0.0010565386450259472,0.0010565386450259472,0.9857963768142874,0.005
3,906,6909,0.0012601630717695822,0.0012601630717695822,0.9861781950596193,0.005
3,907,6910,0.0010883619102905484,0.0010883619102905484,0.9860599058556678,0.005
3,908,6911,0.001070894518268184,0.001070894518268184,0.9848532182560781,0.005
3,909,6912,0.0013477575063776603,0.0013477575063776603,0.9851617763938566,0.005
3,910,6913,0.0011638118566468759,0.0011638118566468759,0.9850250798566674,0.005
3,911,6914,0.0010798556371986847,0.0010798556371986847,0.9853399190051046,0.005
3,912,6915,0.0010567139676080839,0.0010567139676080839,0.9856385653398113,0.005
3,913,6916,0.0011215665417011235,0.0011215665417011235,0.9857177738610161,0.005
3,914,6917,0.0012691744852820065,0.0012691744852820065,0.9848506495990001,0.005
3,915,6918,0.0012685266481951673,0.0012685266481951673,0.9860389777352168,0.005
3,916,6919,0.0010611013264891778,0.0010611013264891778,0.9852691436221315,0.005
3,917,6920,0.0012256046689506218,0.0012256046689506218,0.9848277683847407,0.005
3,918,6921,0.001418742169548245,0.001418742169548245,0.9851771877873964,0.005
3,919,6922,0.001064071250928983,0.001064071250928983,0.9858395962257434,0.005
3,920,6923,0.0012047227677477947,0.0012047227677477947,0.9860710387695912,0.005
3,921,6924,0.0010951668226645305,0.0010951668226645305,0.9853338840505426,0.005
3,922,6925,0.0011938631961909184,0.0011938631961909184,0.9855835815904295,0.005
3,923,6926,0.001083595426997497,0.001083595426997497,0.9853215521266293,0.005
3,924,6927,0.0012175572021147262,0.0012175572021147262,0.9851328561783483,0.005
3,925,6928,0.0011253051218516564,0.0011253051218516564,0.9851415720756035,0.005
3,926,6929,0.0011376892364242475,0.0011376892364242475,0.9856710159624492,0.005
3,927,6930,0.001101505609834359,0.001101505609834359,0.9863921913930561,0.005
3,928,6931,0.0013932193948740423,0.0013932193948740423,0.9859369093857029,0.005
3,929,6932,0.0013988716472213471,0.0013988716472213471,0.9863406309341547,0.005
3,930,6933,0.0010999657540386766,0.0010999657540386766,0.9859224574085318,0.005
3,931,6934,0.0010821875933094182,0.0010821875933094182,0.985500139180392,0.005
3,932,6935,0.0012592507662673147,0.0012592507662673147,0.9859485349728477,0.005
3,933,6936,0.0010154818939714617,0.0010154818939714617,0.9852413051930843,0.005
3,934,6937,0.001223203922683689,0.001223203922683689,0.9864213457851211,0.005
3,935,6938,0.0013183405185081764,0.0013183405185081764,0.9849159849776962,0.005
3,936,6939,0.0014833551595021268,0.0014833551595021268,0.9846513079861323,0.005
3,937,6940,0.001184127773772299,0.001184127773772299,0.9856423391840836,0.005
3,938,6941,0.0011439412449838616,0.0011439412449838616,0.9854714939331934,0.005
3,939,6942,0.0012753914973393898,0.0012753914973393898,0.9856591363431796,0.005
3,940,6943,0.0012844557689190084,0.0012844557689190084,0.9859026983164684,0.005
3,941,6944,0.0011435999677212785,0.0011435999677212785,0.9861306960519606,0.005
3,942,6945,0.0010140973023120515,0.0010140973023120515,0.985086886292147,0.005
3,943,6946,0.0009827691133871708,0.0009827691133871708,0.9850574128031222,0.005
3,944,6947,0.0017301216394775753,0.0017301216394775753,0.9844622166074612,0.005
3,945,6948,0.001061808000046759,0.001061808000046759,0.9857008076715318,0.005
3,946,6949,0.0010088634759127745,0.0010088634759127745,0.9851642880206588,0.005
3,947,6950,0.001028214472219392,0.001028214472219392,0.9856334039328267,0.005
3,948,6951,0.0011570239606555188,0.0011570239606555188,0.9858143076911791,0.005
3,949,6952,0.0009694184228896386,0.0009694184228896386,0.9858134369305678,0.005
3,950,6953,0.0012581279772910948,0.0012581279772910948,0.9854544200383814,0.005
3,951,6954,0.0010773186089198614,0.0010773186089198614,0.9861192498312529,0.005
3,952,6955,0.0011242981054293832,0.0011242981054293832,0.985885683834512,0.005
3,953,6956,0.0011179258589973672,0.0011179258589973672,0.9845785534216305,0.005
3,954,6957,0.0010953536645486096,0.0010953536645486096,0.9853053378929548,0.005
3,955,6958,0.0010323051516571591,0.0010323051516571591,0.9857579495850285,0.005
3,956,6959,0.0010547357458822915,0.0010547357458822915,0.9859630094544304,0.005
3,957,6960,0.0011295400105572006,0.0011295400105572006,0.9858189925408972,0.005
3,958,6961,0.001120666053028334,0.001120666053028334,0.9857834647098169,0.005
3,959,6962,0.0012907168982829319,0.0012907168982829319,0.9861882186431962,0.005
3,960,6963,0.001049125334915114,0.001049125334915114,0.985308865793814,0.005
3,961,6964,0.0010791340592265775,0.0010791340592265775,0.9859834727827047,0.005
3,962,6965,0.001068112249233788,0.001068112249233788,0.9851667536113059,0.005
3,963,6966,0.0008997746689368513,0.0008997746689368513,0.9853887628981186,0.005
3,964,6967,0.0009795388506907254,0.0009795388506907254,0.985885706046892,0.005
3,965,6968,0.001811211567413391,0.001811211567413391,0.9846811404232438,0.005
3,966,6969,0.0011871827346759802,0.0011871827346759802,0.9859582348368561,0.005
3,967,6970,0.0010427350761452049,0.0010427350761452049,0.9854925640076029,0.005
3,968,6971,0.0010020675588648309,0.0010020675588648309,0.9857472734720103,0.005
3,969,6972,0.001185251714440556,0.001185251714440556,0.9847981065341305,0.005
3,970,6973,0.0010704243617437569,0.0010704243617437569,0.9856334616431774,0.005
3,971,6974,0.0012513775442195797,0.0012513775442195797,0.9850867240284883,0.005
3,972,6975,0.001045494053275069,0.001045494053275069,0.9855971191098541,0.005
3,973,6976,0.0011256323756152443,0.0011256323756152443,0.9850735522794414,0.005
3,974,6977,0.0012441738650171466,0.0012441738650171466,0.9860051019573041,0.005
3,975,6978,0.0011662466496182244,0.0011662466496182244,0.9847721686610527,0.005
3,976,6979,0.001186133709164453,0.001186133709164453,0.9857507985662372,0.005
3,977,6980,0.001108992860339115,0.001108992860339115,0.9866844632078432,0.005
3,978,6981,0.0013391465543402302,0.0013391465543402302,0.9851131751824039,0.005
3,979,6982,0.0010225581357695178,0.0010225581357695178,0.9855409116519376,0.005
3,980,6983,0.0011765873848576603,0.0011765873848576603,0.9850969927483566,0.005
3,981,6984,0.0011184730061750648,0.0011184730061750648,0.985439529400681,0.005
3,982,6985,0.0015210147113906513,0.0015210147113906513,0.9840196904024612,0.005
3,983,6986,0.001177242059158693,0.001177242059158693,0.9847640074863092,0.005
3,984,6987,0.0010268648565483706,0.0010268648565483706,0.9862890920648375,0.005
3,985,6988,0.001220691992636195,0.001220691992636195,0.9850420852293071,0.005
3,986,6989,0.0014612502500135492,0.0014612502500135492,0.9845683407032506,0.005
3,987,6990,0.001139542546431609,0.001139542546431609,0.9864225508374166,0.005
3,988,6991,0.0010631716507100075,0.0010631716507100075,0.9851158252384119,0.005
3,989,6992,0.0011623229665250678,0.0011623229665250678,0.9861712951825415,0.005
3,990,6993,0.001164172229131837,0.001164172229131837,0.986326138924795,0.005
3,991,6994,0.0011763414686767706,0.0011763414686767706,0.9858143867915282,0.005
3,992,6995,0.001214040167238214,0.001214040167238214,0.9851697216349058,0.005
3,993,6996,0.0011730417083782784,0.0011730417083782784,0.9863074551887392,0.005
3,994,6997,0.0012896906519234675,0.0012896906519234675,0.9859096460244328,0.005
3,995,6998,0.001022093398414332,0.001022093398414332,0.9856757973552555,0.005
3,996,6999,0.0012585927045022194,0.0012585927045022194,0.9862723940974729,0.005
3,997,7000,0.001094955619669089,0.001094955619669089,0.985607494942912,0.005
3,998,7001,0.0012735611184018527,0.0012735611184018527,0.9859766079374135,0.005
3,999,7002,0.0011009744615470762,0.0011009744615470762,0.9851725553614177,0.005
3,1000,7003,0.0012322999268266522,0.0012322999268266522,0.9858527633847033,0.005
3,1001,7004,0.001174683688644539,0.001174683688644539,0.9854543467734355,0.005
3,1002,7005,0.001184594550340804,0.001184594550340804,0.9852693617799262,0.005
3,1003,7006,0.0013673174342474094,0.0013673174342474094,0.9869021265410222,0.005
3,1004,7007,0.0011468535864324592,0.0011468535864324592,0.9857458187558948,0.005
3,1005,7008,0.0011427889071844001,0.0011427889071844001,0.9853329180360169,0.005
3,1006,7009,0.001134656420786535,0.001134656420786535,0.9857211258140378,0.005
3,1007,7010,0.0010687692473463884,0.0010687692473463884,0.9856027057189131,0.005
3,1008,7011,0.0010846743987930952,0.0010846743987930952,0.9845106489402573,0.005
3,1009,7012,0.0012369599278325405,0.0012369599278325405,0.9865709706195365,0.005
3,1010,7013,0.0015185052907546494,0.0015185052907546494,0.984384340206217,0.005
3,1011,7014,0.0011300850354193227,0.0011300850354193227,0.9854818010700678,0.005
3,1012,7015,0.0012131229543212785,0.0012131229543212785,0.984930631496787,0.005
3,1013,7016,0.001054199148656677,0.001054199148656677,0.9852855019080317,0.005
3,1014,7017,0.0011222676006268006,0.0011222676006268006,0.9856876974053292,0.005
3,1015,7018,0.0010329358850704696,0.0010329358850704696,0.985107374704332,0.005
3,1016,7019,0.0009317322731986809,0.0009317322731986809,0.984764045554127,0.005
3,1017,7020,0.0011724292897455956,0.0011724292897455956,0.9861368468043464,0.005
3,1018,7021,0.0011713521003316476,0.0011713521003316476,0.9845328763403283,0.005
3,1019,7022,0.0011034237492210243,0.0011034237492210243,0.9856323871712904,0.005
3,1020,7023,0.001182979125308057,0.001182979125308057,0.9862798044539479,0.005
3,1021,7024,0.0012140576885036414,0.0012140576885036414,0.9860151493914435,0.005
3,1022,7025,0.0012339461144471185,0.0012339461144471185,0.9859256533376255,0.005
3,1023,7026,0.0011525841230028077,0.0011525841230028077,0.9858499915169061,0.005
3,1024,7027,0.0010722441483040144,0.0010722441483040144,0.9861305317887111,0.005
3,1025,7028,0.0010647160857834492,0.0010647160857834492,0.9860787836705404,0.005
3,1026,7029,0.0011112289398771567,0.0011112289398771567,0.9856056213664359,0.005
3,1027,7030,0.00094728392772929,0.00094728392772929,0.9863274432632916,0.005
3,1028,7031,0.0011767782143135741,0.0011767782143135741,0.9854913140405669,0.005
3,1029,7032,0.0012257248010354882,0.0012257248010354882,0.9858696686298863,0.005
3,1030,7033,0.0012566214722570623,0.0012566214722570623,0.9854055307386517,0.005
3,1031,7034,0.0012412128774512833,0.0012412128774512833,0.9848626575998677,0.005
3,1032,7035,0.0013904945072542685,0.0013904945072542685,0.985557376782871,0.005
3,1033,7036,0.0009924472102327243,0.0009924472102327243,0.9849129354365174,0.005
3,1034,7037,0.0008565661962655945,0.0008565661962655945,0.9848898705898755,0.005
3,1035,7038,0.001148934606918235,0.001148934606918235,0.9852291139466914,0.005
3,1036,7039,0.001337775819093242,0.001337775819093242,0.9843743930414051,0.005
3,1037,7040,0.0013403810343919432,0.0013403810343919432,0.984615628869275,0.005
3,1038,7041,0.0012428285772154023,0.0012428285772154023,0.9861470973994727,0.005
3,1039,7042,0.0011329789659826673,0.0011329789659826673,0.9860131539677958,0.005
3,1040,7043,0.0010774227313862504,0.0010774227313862504,0.9863601201357654,0.005
3,1041,7044,0.001341695049681969,0.001341695049681969,0.9859278026679921,0.005
3,1042,7045,0.001112361748660039,0.001112361748660039,0.9861942456359531,0.005
3,1043,7046,0.0011610432901611434,0.0011610432901611434,0.9855975168659385,0.005
3,1044,7047,0.0010176446557020357,0.0010176446557020357,0.9855279493227249,0.005
3,1045,7048,0.001131584152672168,0.001131584152672168,0.9862447950403632,0.005
3,1046,7049,0.001190613343367669,0.001190613343367669,0.9863949765900943,0.005
3,1047,7050,0.001141287644299771,0.001141287644299771,0.9851485888625914,0.005
3,1048,7051,0.0016540675656107019,0.0016540675656107019,0.9845391768080725,0.005
3,1049,7052,0.0010520472746030863,0.0010520472746030863,0.9862466871838662,0.005
3,1050,7053,0.0011231861371474817,0.0011231861371474817,0.9864465977877012,0.005
3,1051,7054,0.0011439539812081925,0.0011439539812081925,0.9856520881715111,0.005
3,1052,7055,0.0011074365658869335,0.0011074365658869335,0.9859920848273885,0.005
3,1053,7056,0.0011311990734982481,0.0011311990734982481,0.985730152677659,0.005
3,1054,7057,0.0010378659388906087,0.0010378659388906087,0.9857752593537131,0.005
3,1055,7058,0.0011411053843091558,0.0011411053843091558,0.9856298198148802,0.005
3,1056,7059,0.0011023488553324945,0.0011023488553324945,0.9858482502948661,0.005
3,1057,7060,0.0011954350270607995,0.0011954350270607995,0.9854123339366483,0.005
3,1058,7061,0.0011886057148514386,0.0011886057148514386,0.9860273482174183,0.005
3,1059,7062,0.0009951221148523659,0.0009951221148523659,0.9855032100750727,0.005
3,1060,7063,0.0012445498370245722,0.0012445498370245722,0.9845605877107213,0.005
3,1061,7064,0.0011319574915369924,0.0011319574915369924,0.9863225099437594,0.005
3,1062,7065,0.0011182462791842476,0.0011182462791842476,0.9853253820617341,0.005
3,1063,7066,0.0011848079995016125,0.0011848079995016125,0.9856892675940327,0.005
3,1064,7067,0.001092117535422292,0.001092117535422292,0.9850518655945151,0.005
3,1065,7068,0.0011696176529496338,0.0011696176529496338,0.985288503651815,0.005
3,1066,7069,0.0010762975620812122,0.0010762975620812122,0.9858150369774445,0.005
3,1067,7070,0.0011598688931682133,0.0011598688931682133,0.9860438166502281,0.005
3,1068,7071,0.0012060570432526553,0.0012060570432526553,0.9864490411540603,0.005
3,1069,7072,0.0011389130915648014,0.0011389130915648014,0.985623456901802,0.005
3,1070,7073,0.00104332724537887,0.00104332724537887,0.9856075461893153,0.005
3,1071,7074,0.001336713197242123,0.001336713197242123,0.9850590303908967,0.005
3,1072,7075,0.0009624260401422291,0.0009624260401422291,0.9859745679580132,0.005
3,1073,7076,0.001230428247041483,0.001230428247041483,0.985100362008723,0.005
3,1074,7077,0.0010224527750505807,0.0010224527750505807,0.9843042890578202,0.005
3,1075,7078,0.0010025035148137262,0.0010025035148137262,0.985101870090246,0.005
3,1076,7079,0.0012524457032501313,0.0012524457032501313,0.9849825439301222,0.005
3,1077,7080,0.0011902858383680292,0.0011902858383680292,0.984987476319589,0.005
3,1078,7081,0.001298118233227542,0.001298118233227542,0.9859158177404683,0.005
3,1079,7082,0.0010571578658488624,0.0010571578658488624,0.9858903908158675,0.005
3,1080,7083,0.001172510121643716,0.001172510121643716,0.9861872279306853,0.005
3,1081,7084,0.0013034855528240852,0.0013034855528240852,0.9866934218178789,0.005
3,1082,7085,0.0010782321686487305,0.0010782321686487305,0.9857640177225021,0.005
3,1083,7086,0.001156263881295706,0.001156263881295706,0.9860862021078216,0.005
3,1084,7087,0.0009232423177921278,0.0009232423177921278,0.9856632426509054,0.005
3,1085,7088,0.0009862210393975746,0.0009862210393975746,0.9858239721210954,0.005
3,1086,7089,0.0012828794891283002,0.0012828794891283002,0.9854688248483523,0.005
3,1087,7090,0.001105453733406697,0.001105453733406697,0.9851427700291279,0.005
3,1088,7091,0.0011886007083939032,0.0011886007083939032,0.9847240827263938,0.005
3,1089,7092,0.001074607570064885,0.001074607570064885,0.9857976003507637,0.005
3,1090,7093,0.001092514479434683,0.001092514479434683,0.9850810339864348,0.005
3,1091,7094,0.001048977140581182,0.001048977140581182,0.985688344019948,0.005
3,1092,7095,0.0014299102148057517,0.0014299102148057517,0.9846465468743744,0.005
3,1093,7096,0.0012299214086283706,0.0012299214086283706,0.9851475865220608,0.005
3,1094,7097,0.0010103194460041385,0.0010103194460041385,0.9850643727845767,0.005
3,1095,7098,0.0012961256432911282,0.0012961256432911282,0.9853022485745394,0.005
3,1096,7099,0.0010398201220801196,0.0010398201220801196,0.9851477188523242,0.005
3,1097,7100,0.0009571104777447092,0.0009571104777447092,0.9859150873781312,0.005
3,1098,7101,0.0011275518771671766,0.0011275518771671766,0.9840255400148241,0.005
3,1099,7102,0.0010015354223794882,0.0010015354223794882,0.985243258397418,0.005
3,1100,7103,0.0013049793266119822,0.0013049793266119822,0.984304031664806,0.005
3,1101,7104,0.001091207497097132,0.001091207497097132,0.9855888569379686,0.005
3,1102,7105,0.0010550183731013452,0.0010550183731013452,0.9854147777955127,0.005
3,1103,7106,0.001206299240272175,0.001206299240272175,0.9869959521198955,0.005
3,1104,7107,0.0009743107673285522,0.0009743107673285522,0.9856936849863094,0.005
3,1105,7108,0.0011496745204298774,0.0011496745204298774,0.9866385304399171,0.005
3,1106,7109,0.0009791736567544185,0.0009791736567544185,0.9860060997440672,0.005
3,1107,7110,0.0011612359699304698,0.0011612359699304698,0.9858276469676055,0.005
3,1108,7111,0.0011445060717087318,0.0011445060717087318,0.9850356188705172,0.005
3,1109,7112,0.001172877990568806,0.001172877990568806,0.98557774214238,0.005
3,1110,7113,0.001074279804852316,0.001074279804852316,0.985436236513745,0.005
3,1111,7114,0.0012894586307202938,0.0012894586307202938,0.986329604044583,0.005
3,1112,7115,0.0011547523965831563,0.0011547523965831563,0.9853880005451328,0.005
3,1113,7116,0.0011223798033616684,0.0011223798033616684,0.9867941243503349,0.005
3,1114,7117,0.0010843153191831976,0.0010843153191831976,0.9856544448502128,0.005
3,1115,7118,0.0011397583112790267,0.0011397583112790267,0.9856367949955326,0.005
3,1116,7119,0.0012764983460955338,0.0012764983460955338,0.9857591641480431,0.005
3,1117,7120,0.0012364312155458313,0.0012364312155458313,0.9857844280548173,0.005
3,1118,7121,0.001210686523473966,0.001210686523473966,0.9852099012280837,0.005
3,1119,7122,0.0012347669036841293,0.0012347669036841293,0.9866241453477207,0.005
3,1120,7123,0.001166807080362461,0.001166807080362461,0.9851435929028997,0.005
3,1121,7124,0.0012899807101309057,0.0012899807101309057,0.9842646481341992,0.005
3,1122,7125,0.0010620785999626559,0.0010620785999626559,0.9850019088168165,0.005
3,1123,7126,0.0011853604327048484,0.0011853604327048484,0.9858881833052605,0.005
3,1124,7127,0.0011189566920878137,0.0011189566920878137,0.9857555827484469,0.005
3,1125,7128,0.0009729482721690608,0.0009729482721690608,0.9856246684229615,0.005
3,1126,7129,0.0011412057875317494,0.0011412057875317494,0.9857592057504846,0.005
3,1127,7130,0.0011961768344942014,0.0011961768344942014,0.9863714308648098,0.005
3,1128,7131,0.001327460363414139,0.001327460363414139,0.985401582909059,0.005
3,1129,7132,0.0012124628893698042,0.0012124628893698042,0.985216578657915,0.005
3,1130,7133,0.0009688928562641174,0.0009688928562641174,0.9857866024260773,0.005
3,1131,7134,0.001123113739477022,0.001123113739477022,0.9855741978969116,0.005
3,1132,7135,0.001041166514403713,0.001041166514403713,0.9861867661983201,0.005
3,1133,7136,0.0009631898886357194,0.0009631898886357194,0.9850603548871186,0.005
3,1134,7137,0.0012115432450006338,0.0012115432450006338,0.9857726330057646,0.005
3,1135,7138,0.000993513421567387,0.000993513421567387,0.985162776755012,0.005
3,1136,7139,0.0011071214165531296,0.0011071214165531296,0.9856342529001363,0.005
3,1137,7140,0.001008771656789349,0.001008771656789349,0.9848662847488985,0.005
3,1138,7141,0.0012291401924461832,0.0012291401924461832,0.9842088136039085,0.005
3,1139,7142,0.0011767388460499407,0.0011767388460499407,0.9864704539347672,0.005
3,1140,7143,0.0012152019537626357,0.0012152019537626357,0.9860495558539031,0.005
3,1141,7144,0.0010023561968175877,0.0010023561968175877,0.9852095648858209,0.005
3,1142,7145,0.0012318207972754102,0.0012318207972754102,0.986034995774436,0.005
3,1143,7146,0.001117656855630963,0.001117656855630963,0.985448264073776,0.005
3,1144,7147,0.0012218800771695815,0.0012218800771695815,0.9860572641921805,0.005
3,1145,7148,0.0009398579480852408,0.0009398579480852408,0.9855876441010298,0.005
3,1146,7149,0.0010210584091071262,0.0010210584091071262,0.9850195019331499,0.005
3,1147,7150,0.0010911956354298226,0.0010911956354298226,0.9852662330934553,0.005
3,1148,7151,0.0010688532267794737,0.0010688532267794737,0.985847928043858,0.005
3,1149,7152,0.0011341943802349707,0.0011341943802349707,0.9863205085214853,0.005
3,1150,7153,0.0011737297452533268,0.0011737297452533268,0.9840130732600665,0.005
3,1151,7154,0.001003984179049584,0.001003984179049584,0.984890599663965,0.005
3,1152,7155,0.0009575198231561455,0.0009575198231561455,0.9851682021924036,0.005
3,1153,7156,0.001204618663946836,0.001204618663946836,0.9852772066152599,0.005
3,1154,7157,0.0016660022532321195,0.0016660022532321195,0.9836338818501962,0.005
3,1155,7158,0.0013691485573477614,0.0013691485573477614,0.9839315764390193,0.005
3,1156,7159,0.001223672942233106,0.001223672942233106,0.9846662457146111,0.005
3,1157,7160,0.0010966557817334278,0.0010966557817334278,0.9858284028834751,0.005
3,1158,7161,0.0011619730801797701,0.0011619730801797701,0.9855805641325253,0.005
3,1159,7162,0.0011143074308046575,0.0011143074308046575,0.985078691623038,0.005
3,1160,7163,0.001130555439359906,0.001130555439359906,0.9856586147163868,0.005
3,1161,7164,0.0011930259899145645,0.0011930259899145645,0.9857724831228826,0.005
3,1162,7165,0.0012533039209307473,0.0012533039209307473,0.9858133242919481,0.005
3,1163,7166,0.001172633203502661,0.001172633203502661,0.9854663509234044,0.005
3,1164,7167,0.0013577904617394798,0.0013577904617394798,0.985857172160638,0.005
3,1165,7168,0.0011228511371090956,0.0011228511371090956,0.9858129668329177,0.005
3,1166,7169,0.0012535381618032039,0.0012535381618032039,0.9861079167473349,0.005
3,1167,7170,0.0012310846893842187,0.0012310846893842187,0.9858009934493679,0.005
3,1168,7171,0.0011353143956699288,0.0011353143956699288,0.9862191499123627,0.005
3,1169,7172,0.001062942863678805,0.001062942863678805,0.9863134417184222,0.005
3,1170,7173,0.0010447595321342084,0.0010447595321342084,0.9854035218358138,0.005
3,1171,7174,0.0010934601587342576,0.0010934601587342576,0.9855200945967568,0.005
3,1172,7175,0.0011585183696769608,0.0011585183696769608,0.9860006683532571,0.005
3,1173,7176,0.001016396121755847,0.001016396121755847,0.9854418416523107,0.005
3,1174,7177,0.0012501756563998167,0.0012501756563998167,0.985901787860968,0.005
3,1175,7178,0.001241862747881064,0.001241862747881064,0.9859371756168533,0.005
3,1176,7179,0.0009764130842143914,0.0009764130842143914,0.9852542627498195,0.005
3,1177,7180,0.001098755511987264,0.001098755511987264,0.9859980224692038,0.005
3,1178,7181,0.0012337858608924292,0.0012337858608924292,0.9851303439494774,0.005
3,1179,7182,0.0010494951383156136,0.0010494951383156136,0.9855450193967467,0.005
3,1180,7183,0.0010234818285591043,0.0010234818285591043,0.9857947766248727,0.005
3,1181,7184,0.0011203554778173653,0.0011203554778173653,0.9857685435997592,0.005
3,1182,7185,0.0013877577866679425,0.0013877577866679425,0.9841920900158135,0.005
3,1183,7186,0.0012303395581863342,0.0012303395581863342,0.9857531429424994,0.005
3,1184,7187,0.0011481022924755158,0.0011481022924755158,0.985083940168599,0.005
3,1185,7188,0.0012655957397095618,0.0012655957397095618,0.9857527661632505,0.005
3,1186,7189,0.0009555033677357083,0.0009555033677357083,0.9859260741908374,0.005
3,1187,7190,0.0010418232829059195,0.0010418232829059195,0.9848257434606471,0.005
3,1188,7191,0.0009312082897213881,0.0009312082897213881,0.9846006861905146,0.005
3,1189,7192,0.0011514668965637398,0.0011514668965637398,0.9860450019788609,0.005
3,1190,7193,0.0012557539242047133,0.0012557539242047133,0.9864161199365278,0.005
3,1191,7194,0.0012268389062940355,0.0012268389062940355,0.9859987253583017,0.005
3,1192,7195,0.0011107571453642029,0.0011107571453642029,0.9856647584072359,0.005
3,1193,7196,0.0010659570364601044,0.0010659570364601044,0.9857181993684321,0.005
3,1194,7197,0.0010322977114262067,0.0010322977114262067,0.9860500969176458,0.005
3,1195,7198,0.001154770386632811,0.001154770386632811,0.9859892987139989,0.005
3,1196,7199,0.0012907732704624986,0.0012907732704624986,0.9854998808577395,0.005
3,1197,7200,0.0012736153354949943,0.0012736153354949943,0.9860697401763464,0.005
3,1198,7201,0.0011153770889178638,0.0011153770889178638,0.9847114670173789,0.005
3,1199,7202,0.0011027684518716873,0.0011027684518716873,0.9860393020563385,0.005
3,1200,7203,0.0012614630161790086,0.0012614630161790086,0.9867487190963053,0.005
3,1201,7204,0.001018266428469753,0.001018266428469753,0.9854429970031343,0.005
3,1202,7205,0.0011208751386054827,0.0011208751386054827,0.9863584076800787,0.005
3,1203,7206,0.0012101214122269045,0.0012101214122269045,0.9856857422777019,0.005
3,1204,7207,0.0011521572029800909,0.0011521572029800909,0.9857712376293221,0.005
3,1205,7208,0.0013557129958626612,0.0013557129958626612,0.9862467274351795,0.005
3,1206,7209,0.0010537984739020856,0.0010537984739020856,0.98523036770722,0.005
3,1207,7210,0.0012512307828554114,0.0012512307828554114,0.9863301332690914,0.005
3,1208,7211,0.0011759372400912105,0.0011759372400912105,0.9856519880513048,0.005
3,1209,7212,0.001318041696448612,0.001318041696448612,0.9845678908030038,0.005
3,1210,7213,0.0012651476554084984,0.0012651476554084984,0.9852043314012423,0.005
3,1211,7214,0.0010742565227660874,0.0010742565227660874,0.9857521729244163,0.005
3,1212,7215,0.0011701461768022447,0.0011701461768022447,0.9848543175760822,0.005
3,1213,7216,0.0010828365186909383,0.0010828365186909383,0.9852981162324362,0.005
3,1214,7217,0.001076736436242517,0.001076736436242517,0.9853660908235569,0.005
3,1215,7218,0.0010859806695990436,0.0010859806695990436,0.9863740518877708,0.005
3,1216,7219,0.0011124755177171252,0.0011124755177171252,0.9851190229793662,0.005
3,1217,7220,0.0010614110736145432,0.0010614110736145432,0.9847902760332659,0.005
3,1218,7221,0.001023686043275305,0.001023686043275305,0.9852156299556333,0.005
3,1219,7222,0.0018574362621845586,0.0018574362621845586,0.9851033210979948,0.005
3,1220,7223,0.0012207970848056504,0.0012207970848056504,0.9850044255108271,0.005
3,1221,7224,0.001190692231873861,0.001190692231873861,0.9869260364890227,0.005
3,1222,7225,0.0016909255039516949,0.0016909255039516949,0.984459649306598,0.005
3,1223,7226,0.0012586907173613594,0.0012586907173613594,0.9861493277123018,0.005
3,1224,7227,0.001043762552680183,0.001043762552680183,0.9858101510293508,0.005
3,1225,7228,0.0011544461326003343,0.0011544461326003343,0.9855640029136415,0.005
3,1226,7229,0.001307241851890478,0.001307241851890478,0.985015709673968,0.005
3,1227,7230,0.0010312152883862403,0.0010312152883862403,0.9854455600279413,0.005
3,1228,7231,0.001282116456550413,0.001282116456550413,0.9851207115047923,0.005
3,1229,7232,0.0010870292476059518,0.0010870292476059518,0.985802432830965,0.005
3,1230,7233,0.0014157658490018244,0.0014157658490018244,0.9856093583849724,0.005
3,1231,7234,0.0012405854246493042,0.0012405854246493042,0.9861614426513964,0.005
3,1232,7235,0.0014198967205959635,0.0014198967205959635,0.9858407173715067,0.005
3,1233,7236,0.0011500770070810842,0.0011500770070810842,0.9862904859170425,0.005
3,1234,7237,0.0013070660577742476,0.0013070660577742476,0.986126126804511,0.005
3,1235,7238,0.0011254700218490921,0.0011254700218490921,0.9864639164578785,0.005
3,1236,7239,0.0010587455869664818,0.0010587455869664818,0.9857512211623075,0.005
3,1237,7240,0.0011168824667830567,0.0011168824667830567,0.9859063943196065,0.005
3,1238,7241,0.0011811502625996618,0.0011811502625996618,0.986174651487713,0.005
3,1239,7242,0.001084046674707545,0.001084046674707545,0.9860869454021722,0.005
3,1240,7243,0.001134269950830099,0.001134269950830099,0.9851219946948186,0.005
3,1241,7244,0.001226961184364297,0.001226961184364297,0.9862402535089448,0.005
3,1242,7245,0.001008310242194158,0.001008310242194158,0.9860105645211127,0.005
3,1243,7246,0.0010883873710581084,0.0010883873710581084,0.9850126874182623,0.005
3,1244,7247,0.00111626786556133,0.00111626786556133,0.9853501762538607,0.005
3,1245,7248,0.0012039578737431755,0.0012039578737431755,0.9852128034711869,0.005
3,1246,7249,0.0012944735897681015,0.0012944735897681015,0.9856810857534737,0.005
3,1247,7250,0.0012314256362947764,0.0012314256362947764,0.9849119885006167,0.005
3,1248,7251,0.0009396147331676807,0.0009396147331676807,0.9854870289550763,0.005
3,1249,7252,0.0011800822495144758,0.0011800822495144758,0.9852115183750406,0.005
3,1250,7253,0.0012814381709549284,0.0012814381709549284,0.9866239993222983,0.005
3,1251,7254,0.0011096761967364843,0.0011096761967364843,0.9858511793875804,0.005
3,1252,7255,0.001005078605725077,0.001005078605725077,0.9858828961933523,0.005
3,1253,7256,0.0011673683746077047,0.0011673683746077047,0.9863052959070909,0.005
3,1254,7257,0.0010052138471962158,0.0010052138471962158,0.9858158766264656,0.005
3,1255,7258,0.0010490260369923567,0.0010490260369923567,0.9854243546603394,0.005
3,1256,7259,0.0011235749471697333,0.0011235749471697333,0.9858767541486301,0.005
3,1257,7260,0.0012976876608777454,0.0012976876608777454,0.9851887643302009,0.005
3,1258,7261,0.0012208485039605687,0.0012208485039605687,0.9848014178296275,0.005
3,1259,7262,0.0011519457673721677,0.0011519457673721677,0.9854293564020511,0.005
3,1260,7263,0.0010506209450971327,0.0010506209450971327,0.985923329261689,0.005
3,1261,7264,0.0010753707727583829,0.0010753707727583829,0.9848221403319167,0.005
3,1262,7265,0.00111497771985545,0.00111497771985545,0.9854854727723443,0.005
3,1263,7266,0.0008912948012199584,0.0008912948012199584,0.985098421718652,0.005
3,1264,7267,0.0010317208470047934,0.0010317208470047934,0.9861072505419461,0.005
3,1265,7268,0.0010157117455496035,0.0010157117455496035,0.9858352408724548,0.005
3,1266,7269,0.0011811505449734793,0.0011811505449734793,0.986489333956147,0.005
3,1267,7270,0.0011950283599147329,0.0011950283599147329,0.9852788040781206,0.005
3,1268,7271,0.0016849383324046797,0.0016849383324046797,0.9843345047057385,0.005
3,1269,7272,0.0011803170743522784,0.0011803170743522784,0.9852559814223499,0.005
3,1270,7273,0.0010907289353835848,0.0010907289353835848,0.986792396105209,0.005
3,1271,7274,0.0009993552802037976,0.0009993552802037976,0.9865521321762943,0.005
3,1272,7275,0.0009883171648149569,0.0009883171648149569,0.9858092250693911,0.005
3,1273,7276,0.0010055772275746823,0.0010055772275746823,0.9854415774490457,0.005
3,1274,7277,0.0010054036797317767,0.0010054036797317767,0.9857971223088595,0.005
3,1275,7278,0.0012478355152021293,0.0012478355152021293,0.9858269917815242,0.005
3,1276,7279,0.001188799651197473,0.001188799651197473,0.9846282008480433,0.005
3,1277,7280,0.0011426862163341257,0.0011426862163341257,0.9861173952575585,0.005
3,1278,7281,0.0010226609798759056,0.0010226609798759056,0.9859431543172967,0.005
3,1279,7282,0.001205676142280644,0.001205676142280644,0.983799050396065,0.005
3,1280,7283,0.0009542746379873624,0.0009542746379873624,0.9850707758106272,0.005
3,1281,7284,0.0010865505228908146,0.0010865505228908146,0.9845651066585346,0.005
3,1282,7285,0.0013967830376113454,0.0013967830376113454,0.9853328121898467,0.005
3,1283,7286,0.0011146638394271134,0.0011146638394271134,0.9855151149939725,0.005
3,1284,7287,0.0013512365006174065,0.0013512365006174065,0.9855145685771123,0.005
3,1285,7288,0.0013710916885729275,0.0013710916885729275,0.9845835463575204,0.005
3,1286,7289,0.001076819616340683,0.001076819616340683,0.9858661669231461,0.005
3,1287,7290,0.0013622697930130289,0.0013622697930130289,0.9862627488146798,0.005
3,1288,7291,0.001014536797686657,0.001014536797686657,0.985621532935437,0.005
3,1289,7292,0.0011604337089567718,0.0011604337089567718,0.9862562447546567,0.005
3,1290,7293,0.0010118720112150448,0.0010118720112150448,0.9857742876715684,0.005
3,1291,7294,0.0010629289141780786,0.0010629289141780786,0.9854971255697474,0.005
3,1292,7295,0.0010701202987832216,0.0010701202987832216,0.9854769702140901,0.005
3,1293,7296,0.0012885748159601985,0.0012885748159601985,0.984401256994974,0.005
3,1294,7297,0.001387188221931681,0.001387188221931681,0.9857112980862647,0.005
3,1295,7298,0.0009612612810215161,0.0009612612810215161,0.9851150900827945,0.005
3,1296,7299,0.0010113636487443932,0.0010113636487443932,0.9861363590660029,0.005
3,1297,7300,0.0011035702832060458,0.0011035702832060458,0.9864441240861384,0.005
3,1298,7301,0.0010991066465584154,0.0010991066465584154,0.9858781671015819,0.005
3,1299,7302,0.0011861076886098576,0.0011861076886098576,0.9859940015435401,0.005
3,1300,7303,0.0011987308735556148,0.0011987308735556148,0.9854685607592661,0.005
3,1301,7304,0.0012322211036644205,0.0012322211036644205,0.9860625754261088,0.005
3,1302,7305,0.0011541949955106978,0.0011541949955106978,0.9865739957957951,0.005
3,1303,7306,0.0012489967884766486,0.0012489967884766486,0.9845002275429164,0.005
3,1304,7307,0.0011509835334991558,0.0011509835334991558,0.9848354624365578,0.005
3,1305,7308,0.0012195182333813405,0.0012195182333813405,0.9846776425303648,0.005
3,1306,7309,0.001054549815230048,0.001054549815230048,0.9858719190886736,0.005
3,1307,7310,0.001093395830466688,0.001093395830466688,0.9852674611752417,0.005
3,1308,7311,0.0011431253062533853,0.0011431253062533853,0.9853090085875967,0.005
3,1309,7312,0.0010677335288647128,0.0010677335288647128,0.9858847113532285,0.005
3,1310,7313,0.001155717337799892,0.001155717337799892,0.9854624055392132,0.005
3,1311,7314,0.0011506498683021905,0.0011506498683021905,0.9860054598456814,0.005
3,1312,7315,0.0011581011629982984,0.0011581011629982984,0.9866585178245277,0.005
3,1313,7316,0.0010826554606517902,0.0010826554606517902,0.9845940466529268,0.005
3,1314,7317,0.0011727899220638437,0.0011727899220638437,0.9860904828522385,0.005
3,1315,7318,0.0012238298229955047,0.0012238298229955047,0.9859680599490998,0.005
3,1316,7319,0.0011178181449699263,0.0011178181449699263,0.9849171569667957,0.005
3,1317,7320,0.001278589316342268,0.001278589316342268,0.9858537578158599,0.005
3,1318,7321,0.0011224062519046808,0.0011224062519046808,0.9852073001482768,0.005
3,1319,7322,0.0011280767731006703,0.0011280767731006703,0.9847014228787064,0.005
3,1320,7323,0.001121189081826396,0.001121189081826396,0.9858842958537848,0.005
3,1321,7324,0.0012953716262396543,0.0012953716262396543,0.9848431067856879,0.005
3,1322,7325,0.0012335442388042685,0.0012335442388042685,0.9858258104969774,0.005
3,1323,7326,0.0011701652407010632,0.0011701652407010632,0.985384475144257,0.005
3,1324,7327,0.001752490727120395,0.001752490727120395,0.9836162795769364,0.005
3,1325,7328,0.0012081553938158164,0.0012081553938158164,0.9856720203938781,0.005
3,1326,7329,0.0011239572197521163,0.0011239572197521163,0.9849768150843066,0.005
3,1327,7330,0.0011404044076612097,0.0011404044076612097,0.9852586378901826,0.005
3,1328,7331,0.0008955890053507242,0.0008955890053507242,0.9854402528615825,0.005
3,1329,7332,0.001065081299490478,0.001065081299490478,0.9856647229885045,0.005
3,1330,7333,0.001290349190979788,0.001290349190979788,0.9847173500713271,0.005
3,1331,7334,0.0011370468921059562,0.0011370468921059562,0.9861301664296005,0.005
3,1332,7335,0.0010921271298723711,0.0010921271298723711,0.9860786143186512,0.005
3,1333,7336,0.001028974547528816,0.001028974547528816,0.9860166353730645,0.005
3,1334,7337,0.0010236005704024908,0.0010236005704024908,0.9858638575462721,0.005
3,1335,7338,0.001083083369382153,0.001083083369382153,0.9851649272624138,0.005
3,1336,7339,0.0011411263823643846,0.0011411263823643846,0.986152291669842,0.005
3,1337,7340,0.0010651649725127621,0.0010651649725127621,0.9860038168737254,0.005
3,1338,7341,0.0012053625651981415,0.0012053625651981415,0.9856878356436259,0.005
3,1339,7342,0.0011329251466304525,0.0011329251466304525,0.9858423450544622,0.005
3,1340,7343,0.0010013507240897747,0.0010013507240897747,0.9861781011322729,0.005
3,1341,7344,0.0011170878035909383,0.0011170878035909383,0.9863460844203612,0.005
3,1342,7345,0.0009628726968325607,0.0009628726968325607,0.9850481056891386,0.005
3,1343,7346,0.0011504563587413307,0.0011504563587413307,0.985573802397597,0.005
3,1344,7347,0.0013015558313486278,0.0013015558313486278,0.9847453483749864,0.005
3,1345,7348,0.0011472903512461164,0.0011472903512461164,0.9844331155139872,0.005
3,1346,7349,0.0013679450647520676,0.0013679450647520676,0.9850512422734745,0.005
3,1347,7350,0.0011934621207165042,0.0011934621207165042,0.98352670056508,0.005
3,1348,7351,0.0011478419389036598,0.0011478419389036598,0.9849634717922258,0.005
3,1349,7352,0.0010275487054596955,0.0010275487054596955,0.9855241285237255,0.005
3,1350,7353,0.0010556150799453366,0.0010556150799453366,0.9852810239187537,0.005
3,1351,7354,0.0009418319253421603,0.0009418319253421603,0.9850360322259427,0.005
3,1352,7355,0.00101498482651043,0.00101498482651043,0.984808962237308,0.005
3,1353,7356,0.0010904502292028162,0.0010904502292028162,0.9862243989090858,0.005
3,1354,7357,0.0012462229246626632,0.0012462229246626632,0.9855424104682411,0.005
3,1355,7358,0.001212306969187019,0.001212306969187019,0.9852726852734209,0.005
3,1356,7359,0.0009726650620807053,0.0009726650620807053,0.9849089226631336,0.005
3,1357,7360,0.0011074713507617895,0.0011074713507617895,0.9854225491403319,0.005
3,1358,7361,0.0012315618445771592,0.0012315618445771592,0.985138682449086,0.005
3,1359,7362,0.001336981585802477,0.001336981585802477,0.98506182170904,0.005
3,1360,7363,0.0013454431158855863,0.0013454431158855863,0.9846434666145207,0.005
3,1361,7364,0.0010163369788677146,0.0010163369788677146,0.9859742348462526,0.005
3,1362,7365,0.001421395639503078,0.001421395639503078,0.9857943880041697,0.005
3,1363,7366,0.0011722714199211303,0.0011722714199211303,0.9860168598074223,0.005
3,1364,7367,0.001340152937371677,0.001340152937371677,0.9863140562853071,0.005
3,1365,7368,0.0011094581556470805,0.0011094581556470805,0.9863775182905312,0.005
3,1366,7369,0.0009895841748832359,0.0009895841748832359,0.9853485273233077,0.005
3,1367,7370,0.0010387744746899364,0.0010387744746899364,0.9848672665825887,0.005
3,1368,7371,0.0011038242330153238,0.0011038242330153238,0.9852774054325022,0.005
3,1369,7372,0.0012856614148740444,0.0012856614148740444,0.9858245966829258,0.005
3,1370,7373,0.001186002697056249,0.001186002697056249,0.985106643095196,0.005
3,1371,7374,0.0010163229132757624,0.0010163229132757624,0.9856457717785095,0.005
3,1372,7375,0.001221912067044024,0.001221912067044024,0.9857342420332014,0.005
3,1373,7376,0.0010872925332112461,0.0010872925332112461,0.9855375916833699,0.005
3,1374,7377,0.0009258908602483618,0.0009258908602483618,0.985625607507776,0.005
3,1375,7378,0.0012593169334650868,0.0012593169334650868,0.9857657730641777,0.005
3,1376,7379,0.00110973627232955,0.00110973627232955,0.9852927951617576,0.005
3,1377,7380,0.0011909851888318235,0.0011909851888318235,0.9859911021836495,0.005
3,1378,7381,0.0016106157012621882,0.0016106157012621882,0.9836266636330678,0.005
3,1379,7382,0.0012088860271974602,0.0012088860271974602,0.9860503862375863,0.005
3,1380,7383,0.0011618330488159666,0.0011618330488159666,0.9853835359342978,0.005
3,1381,7384,0.0012359501968476194,0.0012359501968476194,0.9853980430313428,0.005
3,1382,7385,0.0011080552098934817,0.0011080552098934817,0.9847848954366338,0.005
3,1383,7386,0.0010320017614205168,0.0010320017614205168,0.9848289930370185,0.005
3,1384,7387,0.001217679964495646,0.001217679964495646,0.9865183956481066,0.005
3,1385,7388,0.0011978153220908293,0.0011978153220908293,0.9861791277088816,0.005
3,1386,7389,0.0012355524216905456,0.0012355524216905456,0.9868937204648374,0.005
3,1387,7390,0.0013479451740974037,0.0013479451740974037,0.9868947265992691,0.005
3,1388,7391,0.0013921369492196666,0.0013921369492196666,0.985677000630918,0.005
3,1389,7392,0.0014121427550774345,0.0014121427550774345,0.9860591193858291,0.005
3,1390,7393,0.001148449789310183,0.001148449789310183,0.9866176845769733,0.005
3,1391,7394,0.0011214548734109365,0.0011214548734109365,0.9853127143596226,0.005
3,1392,7395,0.001125467811472085,0.001125467811472085,0.9855856316892824,0.005
3,1393,7396,0.0011372681039124068,0.0011372681039124068,0.9859451870756312,0.005
3,1394,7397,0.0011672878989763536,0.0011672878989763536,0.9849914134851454,0.005
3,1395,7398,0.0012379137196860566,0.0012379137196860566,0.9856135567443931,0.005
3,1396,7399,0.0011041078625404288,0.0011041078625404288,0.9867067026237252,0.005
3,1397,7400,0.0009943477819225244,0.0009943477819225244,0.9857078850968719,0.005
3,1398,7401,0.0012057653903763798,0.0012057653903763798,0.9861559928585579,0.005
3,1399,7402,0.0010997263776563993,0.0010997263776563993,0.985153767115175,0.005
3,1400,7403,0.0009468394278036829,0.0009468394278036829,0.9853334075989612,0.005
3,1401,7404,0.0012088195332145802,0.0012088195332145802,0.9862094041137293,0.005
3,1402,7405,0.001310336209117251,0.001310336209117251,0.9862351583548243,0.005
3,1403,7406,0.0009081646537657407,0.0009081646537657407,0.9861111630557724,0.005
3,1404,7407,0.0015876354712064766,0.0015876354712064766,0.9851340684935975,0.005
3,1405,7408,0.0011889831194725384,0.0011889831194725384,0.9854363745865067,0.005
3,1406,7409,0.001433132307695375,0.001433132307695375,0.9842828529803448,0.005
3,1407,7410,0.0010202683755957385,0.0010202683755957385,0.9859100510641511,0.005
3,1408,7411,0.0011405583987998745,0.0011405583987998745,0.9848198777868981,0.005
3,1409,7412,0.0012382402884528131,0.0012382402884528131,0.9860173573334488,0.005
3,1410,7413,0.001243695980990487,0.001243695980990487,0.9854355529489996,0.005
3,1411,7414,0.0010245895595280019,0.0010245895595280019,0.98569155342358,0.005
3,1412,7415,0.001168676570055065,0.001168676570055065,0.9854712591492175,0.005
3,1413,7416,0.001116811634107825,0.001116811634107825,0.9849460426739448,0.005
3,1414,7417,0.001190164782213271,0.001190164782213271,0.9856535292806891,0.005
3,1415,7418,0.0012647893867474935,0.0012647893867474935,0.9860893903031005,0.005
3,1416,7419,0.0011053480340619103,0.0011053480340619103,0.9848015853685964,0.005
3,1417,7420,0.001669534246369596,0.001669534246369596,0.9849242475911494,0.005
3,1418,7421,0.0013211300383081247,0.0013211300383081247,0.9861790345813137,0.005
3,1419,7422,0.0012223736934466366,0.0012223736934466366,0.9842599819198692,0.005
3,1420,7423,0.0010182982391563479,0.0010182982391563479,0.9861110996307382,0.005
3,1421,7424,0.0010669631507983245,0.0010669631507983245,0.9859047996203889,0.005
3,1422,7425,0.0011423455911008563,0.0011423455911008563,0.9853615302952103,0.005
3,1423,7426,0.0011314437747928974,0.0011314437747928974,0.9853348296228029,0.005
3,1424,7427,0.0010252003555227917,0.0010252003555227917,0.9856858796527078,0.005
3,1425,7428,0.0011318128208197464,0.0011318128208197464,0.9852218799315446,0.005
3,1426,7429,0.0011531997109713787,0.0011531997109713787,0.9851937744234655,0.005
3,1427,7430,0.0011377114988184622,0.0011377114988184622,0.9859608863990352,0.005
3,1428,7431,0.0010350237497503824,0.0010350237497503824,0.98580029491582,0.005
3,1429,7432,0.001198775080992106,0.001198775080992106,0.9858933438809738,0.005
3,1430,7433,0.0011520861443151875,0.0011520861443151875,0.9859633077975043,0.005
3,1431,7434,0.001185996898231685,0.001185996898231685,0.9859907517210693,0.005
3,1432,7435,0.0010124992330813663,0.0010124992330813663,0.9856941983895541,0.005
3,1433,7436,0.0010843393765899146,0.0010843393765899146,0.9858788907507421,0.005
3,1434,7437,0.0010240398538026874,0.0010240398538026874,0.9854395894073423,0.005
3,1435,7438,0.0010625312421091015,0.0010625312421091015,0.9852810263024705,0.005
3,1436,7439,0.0009735049641461935,0.0009735049641461935,0.9861171552121989,0.005
3,1437,7440,0.0011037101702316666,0.0011037101702316666,0.9863399418979367,0.005
3,1438,7441,0.0010581736365457629,0.0010581736365457629,0.9850187327708159,0.005
3,1439,7442,0.0011541834693684571,0.0011541834693684571,0.9862975006984156,0.005
3,1440,7443,0.00101362926350403,0.00101362926350403,0.9861546703359242,0.005
3,1441,7444,0.0011421661579276965,0.0011421661579276965,0.98511053394749,0.005
3,1442,7445,0.0012180411510994704,0.0012180411510994704,0.9841756242646181,0.005
3,1443,7446,0.001068668886336751,0.001068668886336751,0.9849536030824999,0.005
3,1444,7447,0.0012258663730852792,0.0012258663730852792,0.9855697727340594,0.005
3,1445,7448,0.0011369929261713409,0.0011369929261713409,0.9857918188310519,0.005
3,1446,7449,0.0010666923961242414,0.0010666923961242414,0.9860985704357426,0.005
3,1447,7450,0.0012209644372934015,0.0012209644372934015,0.9858018463711582,0.005
3,1448,7451,0.0009502314202268158,0.0009502314202268158,0.9856759997892569,0.005
3,1449,7452,0.000946743429961251,0.000946743429961251,0.9853171890356167,0.005
3,1450,7453,0.0011586850298281293,0.0011586850298281293,0.9847718452182974,0.005
3,1451,7454,0.0012945039962348392,0.0012945039962348392,0.9833625477253005,0.005
3,1452,7455,0.0008870342956022581,0.0008870342956022581,0.9853104443204799,0.005
3,1453,7456,0.000984068640119855,0.000984068640119855,0.9855344358034036,0.005
3,1454,7457,0.0011289091929810413,0.0011289091929810413,0.9860764686862212,0.005
3,1455,7458,0.0010609464989519844,0.0010609464989519844,0.9853009829996445,0.005
3,1456,7459,0.0013792216744510876,0.0013792216744510876,0.9859205810389234,0.005
3,1457,7460,0.000974664369655267,0.000974664369655267,0.9854943120452613,0.005
3,1458,7461,0.0014282949533439948,0.0014282949533439948,0.9863746935481561,0.005
3,1459,7462,0.001037605360532038,0.001037605360532038,0.9854191351111444,0.005
3,1460,7463,0.001106631123166555,0.001106631123166555,0.9855307580687305,0.005
3,1461,7464,0.0011318801494971287,0.0011318801494971287,0.9851772020237964,0.005
3,1462,7465,0.001179094687839879,0.001179094687839879,0.9841224537494291,0.005
3,1463,7466,0.0011920812147201208,0.0011920812147201208,0.9856033281772411,0.005
3,1464,7467,0.0011233703703370259,0.0011233703703370259,0.9847452802433418,0.005
3,1465,7468,0.0012478053424611478,0.0012478053424611478,0.9856428455980571,0.005
3,1466,7469,0.0009268582160547701,0.0009268582160547701,0.9851695393140275,0.005
3,1467,7470,0.0010728614603327212,0.0010728614603327212,0.9856381713772829,0.005
3,1468,7471,0.0010672141764887578,0.0010672141764887578,0.9857540193303421,0.005
3,1469,7472,0.0010308501256903202,0.0010308501256903202,0.9861000773097869,0.005
3,1470,7473,0.00326543495463796,0.00326543495463796,0.982826935339551,0.005
3,1471,7474,0.0011701762756630265,0.0011701762756630265,0.9862452918635143,0.005
3,1472,7475,0.001024185819052662,0.001024185819052662,0.9856909425264642,0.005
3,1473,7476,0.0009820051896508464,0.0009820051896508464,0.9854905539977347,0.005
3,1474,7477,0.0010475999596463838,0.0010475999596463838,0.984841366094698,0.005
3,1475,7478,0.0013719376369686065,0.0013719376369686065,0.984772867225179,0.005
3,1476,7479,0.0012106798637833128,0.0012106798637833128,0.9858718917148561,0.005
3,1477,7480,0.0010172948099740908,0.0010172948099740908,0.9857258019104151,0.005
3,1478,7481,0.0010580750706404552,0.0010580750706404552,0.9859585487783421,0.005
3,1479,7482,0.0011190100245472901,0.0011190100245472901,0.9867174000277709,0.005
3,1480,7483,0.0015522583164052617,0.0015522583164052617,0.98494358188728,0.005
3,1481,7484,0.0013177763226326312,0.0013177763226326312,0.9853309021254525,0.005
3,1482,7485,0.0011816595683415598,0.0011816595683415598,0.9863088446463318,0.005
3,1483,7486,0.0009869180384263132,0.0009869180384263132,0.9855702318158392,0.005
3,1484,7487,0.0010949470043523646,0.0010949470043523646,0.985709714845739,0.005
3,1485,7488,0.0011770635260175324,0.0011770635260175324,0.9848353195042091,0.005
3,1486,7489,0.0010940002709678666,0.0010940002709678666,0.9857249795251893,0.005
3,1487,7490,0.0011001457694059503,0.0011001457694059503,0.9842223649557189,0.005
3,1488,7491,0.0011732777864480503,0.0011732777864480503,0.9849922646908363,0.005
3,1489,7492,0.0012827108437765788,0.0012827108437765788,0.9856441579801882,0.005
3,1490,7493,0.0010683921776978664,0.0010683921776978664,0.9854694609489926,0.005
3,1491,7494,0.0009801610911243219,0.0009801610911243219,0.985633374634127,0.005
3,1492,7495,0.0013704104789916693,0.0013704104789916693,0.9851490107568222,0.005
3,1493,7496,0.0012112644949150543,0.0012112644949150543,0.9850075781175692,0.005
3,1494,7497,0.0012074313334545627,0.0012074313334545627,0.9850110442463924,0.005
3,1495,7498,0.0009543475034567239,0.0009543475034567239,0.9857775226053666,0.005
3,1496,7499,0.0012122317983458797,0.0012122317983458797,0.9861987758462841,0.005
3,1497,7500,0.0012046922366029367,0.0012046922366029367,0.9860921853087298,0.005
3,1498,7501,0.0010207324455824961,0.0010207324455824961,0.9864837241790236,0.005
3,1499,7502,0.0013455029015876363,0.0013455029015876363,0.9848855403928009,0.005
3,1500,7503,0.0012656272441716775,0.0012656272441716775,0.9864162248795368,0.005
3,1501,7504,0.001084925310112509,0.001084925310112509,0.9862490263595254,0.005
3,1502,7505,0.0011217777048079503,0.0011217777048079503,0.9852495944593309,0.005
3,1503,7506,0.00100783674745466,0.00100783674745466,0.9853791544349212,0.005
3,1504,7507,0.0011867667357333678,0.0011867667357333678,0.9868294656086223,0.005
3,1505,7508,0.0011061273208246146,0.0011061273208246146,0.9860972262757074,0.005
3,1506,7509,0.0012587013408555338,0.0012587013408555338,0.9858508508829528,0.005
3,1507,7510,0.0011422303484563323,0.0011422303484563323,0.9849480510265861,0.005
3,1508,7511,0.0010558470742413283,0.0010558470742413283,0.9853922702802207,0.005
3,1509,7512,0.0011478119556832924,0.0011478119556832924,0.9848227066350381,0.005
3,1510,7513,0.0011288370634339362,0.0011288370634339362,0.9856574837715889,0.005
3,1511,7514,0.0016382324115228643,0.0016382324115228643,0.9840240771578574,0.005
3,1512,7515,0.001249144230659751,0.001249144230659751,0.9850559575034171,0.005
3,1513,7516,0.0011441289949203413,0.0011441289949203413,0.9857942925745078,0.005
3,1514,7517,0.0013635926450681958,0.0013635926450681958,0.9864347174057608,0.005
3,1515,7518,0.0017399288894509048,0.0017399288894509048,0.9845817999643852,0.005
3,1516,7519,0.00094861889259785,0.00094861889259785,0.9857981507618816,0.005
3,1517,7520,0.001179094011811035,0.001179094011811035,0.9858216173267993,0.005
3,1518,7521,0.0010978462626201535,0.0010978462626201535,0.9859808397318183,0.005
3,1519,7522,0.0011966743179923545,0.0011966743179923545,0.9863527093511443,0.005
3,1520,7523,0.0009545735849695424,0.0009545735849695424,0.9859568200773203,0.005
3,1521,7524,0.0011909699985309585,0.0011909699985309585,0.986071207233826,0.005
3,1522,7525,0.0011747095387466544,0.0011747095387466544,0.9853184319913719,0.005
3,1523,7526,0.0010542839689565797,0.0010542839689565797,0.9860235167869403,0.005
3,1524,7527,0.0010441866850786775,0.0010441866850786775,0.9855753086761779,0.005
3,1525,7528,0.0012175275024831035,0.0012175275024831035,0.9853844326144267,0.005
3,1526,7529,0.0011374621023835028,0.0011374621023835028,0.9862178349415608,0.005
3,1527,7530,0.001209663630801472,0.001209663630801472,0.985147792435137,0.005
3,1528,7531,0.0009602657516925339,0.0009602657516925339,0.9843496860860407,0.005
3,1529,7532,0.0012835429408579624,0.0012835429408579624,0.9843358199139919,0.005
3,1530,7533,0.0012508828381388637,0.0012508828381388637,0.9844068310698305,0.005
3,1531,7534,0.001006716990901667,0.001006716990901667,0.9864397906770622,0.005
3,1532,7535,0.0011245393039297845,0.0011245393039297845,0.9848748492493659,0.005
3,1533,7536,0.001149115204071348,0.001149115204071348,0.9856754374018569,0.005
3,1534,7537,0.0010390882895230048,0.0010390882895230048,0.9857815620200946,0.005
3,1535,7538,0.001164366577184045,0.001164366577184045,0.9856625363911484,0.005
3,1536,7539,0.0014186900937761772,0.0014186900937761772,0.9848046493430892,0.005
3,1537,7540,0.0010822247124398787,0.0010822247124398787,0.9857831021908299,0.005
3,1538,7541,0.0010884140063128754,0.0010884140063128754,0.9850368460300335,0.005
3,1539,7542,0.0010807099314454705,0.0010807099314454705,0.9865412571987981,0.005
3,1540,7543,0.0012767501614206,0.0012767501614206,0.9862954405879159,0.005
3,1541,7544,0.0011486334323836112,0.0011486334323836112,0.9862012807661712,0.005
3,1542,7545,0.0010853927370696238,0.0010853927370696238,0.9856210027150241,0.005
3,1543,7546,0.0013506284642091472,0.0013506284642091472,0.9839724575539393,0.005
3,1544,7547,0.0011151293925170537,0.0011151293925170537,0.9857980084553176,0.005
3,1545,7548,0.00117491664211956,0.00117491664211956,0.9859537562881749,0.005
3,1546,7549,0.0010459628890222726,0.0010459628890222726,0.9853243530088887,0.005
3,1547,7550,0.0013063948608405818,0.0013063948608405818,0.9860828377189441,0.005
3,1548,7551,0.0012619153015810893,0.0012619153015810893,0.9849849772699641,0.005
3,1549,7552,0.0013173697952079942,0.0013173697952079942,0.9857581513089463,0.005
3,1550,7553,0.0011324852756947202,0.0011324852756947202,0.9847919014610668,0.005
3,1551,7554,0.0013377395477273124,0.0013377395477273124,0.9851889299226964,0.005
3,1552,7555,0.001188097097145655,0.001188097097145655,0.9853730915397111,0.005
3,1553,7556,0.0009184965012914847,0.0009184965012914847,0.9858444723302863,0.005
3,1554,7557,0.0010849428652600069,0.0010849428652600069,0.9854578008837515,0.005
3,1555,7558,0.0012291912777503522,0.0012291912777503522,0.985475252447128,0.005
3,1556,7559,0.0012869161867486946,0.0012869161867486946,0.9855441359142372,0.005
3,1557,7560,0.0014106614613706926,0.0014106614613706926,0.986679087937552,0.005
3,1558,7561,0.001276384081608386,0.001276384081608386,0.9859105413216445,0.005
3,1559,7562,0.0012387948853834528,0.0012387948853834528,0.985096413594638,0.005
3,1560,7563,0.0009372404327889117,0.0009372404327889117,0.9859466260002461,0.005
3,1561,7564,0.0013103678675397746,0.0013103678675397746,0.9848430295638653,0.005
3,1562,7565,0.0012233262773698205,0.0012233262773698205,0.9852982717235166,0.005
3,1563,7566,0.0011968831165384986,0.0011968831165384986,0.9844960063720257,0.005
3,1564,7567,0.000941855120428089,0.000941855120428089,0.9859272997313904,0.005
3,1565,7568,0.0010221987666192511,0.0010221987666192511,0.9854453715631846,0.005
3,1566,7569,0.0010795543878773328,0.0010795543878773328,0.9859692226441974,0.005
3,1567,7570,0.0010937174549942351,0.0010937174549942351,0.9860601098769798,0.005
3,1568,7571,0.0011028062659015668,0.0011028062659015668,0.9856258877050685,0.005
3,1569,7572,0.00106929311227702,0.00106929311227702,0.9859060652510248,0.005
3,1570,7573,0.0012176962903221946,0.0012176962903221946,0.9862821712822312,0.005
3,1571,7574,0.0013916723748305549,0.0013916723748305549,0.9848529175143904,0.005
3,1572,7575,0.0012214511775180616,0.0012214511775180616,0.9845654155005185,0.005
3,1573,7576,0.001104313225225433,0.001104313225225433,0.9858352604449476,0.005
3,1574,7577,0.0008695170300630562,0.0008695170300630562,0.985663556066814,0.005
3,1575,7578,0.0011026174211402728,0.0011026174211402728,0.98495921634132,0.005
3,1576,7579,0.0011830357829407646,0.0011830357829407646,0.9863666642522156,0.005
3,1577,7580,0.0011416920070784066,0.0011416920070784066,0.9857833908304625,0.005
3,1578,7581,0.0014699724978167305,0.0014699724978167305,0.9855024898909717,0.005
3,1579,7582,0.0010347670084658433,0.0010347670084658433,0.9860896038701799,0.005
3,1580,7583,0.0011161039215930979,0.0011161039215930979,0.9859620801945629,0.005
3,1581,7584,0.0010643304677701159,0.0010643304677701159,0.9857204410194885,0.005
3,1582,7585,0.0012416243876685151,0.0012416243876685151,0.9866272239983807,0.005
3,1583,7586,0.0011322837021860554,0.0011322837021860554,0.985591035131867,0.005
3,1584,7587,0.0011709263171058894,0.0011709263171058894,0.9860052386978271,0.005
3,1585,7588,0.0010640624439692558,0.0010640624439692558,0.9850592826611552,0.005
3,1586,7589,0.0011038843846277492,0.0011038843846277492,0.9867390604293971,0.005
3,1587,7590,0.0010276535594163471,0.0010276535594163471,0.9846904460639057,0.005
3,1588,7591,0.0011215260216571655,0.0011215260216571655,0.9852462205283846,0.005
3,1589,7592,0.0010096488757628064,0.0010096488757628064,0.9853630465591532,0.005
3,1590,7593,0.0010770381385274519,0.0010770381385274519,0.9856793401367695,0.005
3,1591,7594,0.0011285272015438765,0.0011285272015438765,0.9860265083830202,0.005
3,1592,7595,0.0013370041976273805,0.0013370041976273805,0.9860758516989482,0.005
3,1593,7596,0.0013598027107720012,0.0013598027107720012,0.9852489915657935,0.005
3,1594,7597,0.001232007879000404,0.001232007879000404,0.9856427424429174,0.005
3,1595,7598,0.0012568861845117007,0.0012568861845117007,0.985187184012831,0.005
3,1596,7599,0.001082609308974789,0.001082609308974789,0.9845378324312666,0.005
3,1597,7600,0.0008688183540471962,0.0008688183540471962,0.9852341062431955,0.005
3,1598,7601,0.001128036835779982,0.001128036835779982,0.9853490160670075,0.005
3,1599,7602,0.0011144447999071716,0.0011144447999071716,0.9849830245720862,0.005
3,1600,7603,0.001060071799609832,0.001060071799609832,0.9852752244277574,0.005
3,1601,7604,0.0010915039321127739,0.0010915039321127739,0.9855329979565701,0.005
3,1602,7605,0.0011147121354663158,0.0011147121354663158,0.984643510415689,0.005
3,1603,7606,0.0009586761967099522,0.0009586761967099522,0.9857766510512742,0.005
3,1604,7607,0.00101196677242532,0.00101196677242532,0.9852846707219711,0.005
3,1605,7608,0.0010484407935808704,0.0010484407935808704,0.9861671714996486,0.005
3,1606,7609,0.0018300902976353761,0.0018300902976353761,0.9848147420933984,0.005
3,1607,7610,0.001140312314180261,0.001140312314180261,0.9854967738743478,0.005
3,1608,7611,0.0010271521323396004,0.0010271521323396004,0.9851751907276473,0.005
3,1609,7612,0.0010079018078900791,0.0010079018078900791,0.9852371856037262,0.005
3,1610,7613,0.0010582579173330675,0.0010582579173330675,0.98512763890627,0.005
3,1611,7614,0.0009388208074517846,0.0009388208074517846,0.9851868616441618,0.005
3,1612,7615,0.0009474879250997803,0.0009474879250997803,0.9843048311872598,0.005
3,1613,7616,0.0010532585555582074,0.0010532585555582074,0.9845926350899656,0.005
3,1614,7617,0.0011598897908396124,0.0011598897908396124,0.9846174872233738,0.005
3,1615,7618,0.0010263038759840127,0.0010263038759840127,0.98546906207008,0.005
3,1616,7619,0.0011315609527136495,0.0011315609527136495,0.9853330165252155,0.005
3,1617,7620,0.0010914104413500213,0.0010914104413500213,0.9857254943315404,0.005
3,1618,7621,0.0010221252309264885,0.0010221252309264885,0.9853383403060887,0.005
3,1619,7622,0.0014080989008754818,0.0014080989008754818,0.986265577112877,0.005
3,1620,7623,0.0010146488560013513,0.0010146488560013513,0.9856548435727464,0.005
3,1621,7624,0.0010877548050772924,0.0010877548050772924,0.9849923575757227,0.005
3,1622,7625,0.0012172376139267106,0.0012172376139267106,0.9843202078270897,0.005
3,1623,7626,0.0014635926603793435,0.0014635926603793435,0.9841040617273841,0.005
3,1624,7627,0.0012577325017540176,0.0012577325017540176,0.9854795530643937,0.005
3,1625,7628,0.0010709901439854065,0.0010709901439854065,0.9852483561971765,0.005
3,1626,7629,0.0011024340960066748,0.0011024340960066748,0.9863338964004652,0.005
3,1627,7630,0.0011772649653498635,0.0011772649653498635,0.9863158953519587,0.005
3,1628,7631,0.0010058651456305002,0.0010058651456305002,0.9857890656394838,0.005
3,1629,7632,0.0010900782891342265,0.0010900782891342265,0.9856643526618013,0.005
3,1630,7633,0.0008865742218899187,0.0008865742218899187,0.9858840827721048,0.005
3,1631,7634,0.001021856659703132,0.001021856659703132,0.9865363129775387,0.005
3,1632,7635,0.0014045793677932117,0.0014045793677932117,0.9855642631246745,0.005
3,1633,7636,0.0011425951786081612,0.0011425951786081612,0.9859470542117205,0.005
3,1634,7637,0.001031539874980536,0.001031539874980536,0.9849622806520442,0.005
3,1635,7638,0.0012036844585484596,0.0012036844585484596,0.9862005396164237,0.005
3,1636,7639,0.0010033999748231548,0.0010033999748231548,0.9854149948612009,0.005
3,1637,7640,0.0011230702768242318,0.0011230702768242318,0.984998250001045,0.005
3,1638,7641,0.0011425088571868746,0.0011425088571868746,0.986128562340263,0.005
3,1639,7642,0.0010766845576035524,0.0010766845576035524,0.9852574134069233,0.005
3,1640,7643,0.0010195420477425942,0.0010195420477425942,0.9852270602676468,0.005
3,1641,7644,0.001091097208561379,0.001091097208561379,0.9852866418875776,0.005
3,1642,7645,0.0010203170423832278,0.0010203170423832278,0.9859883593711104,0.005
3,1643,7646,0.0012046901023667267,0.0012046901023667267,0.9859298419533145,0.005
3,1644,7647,0.0011256882443999017,0.0011256882443999017,0.985633179218663,0.005
3,1645,7648,0.0011619184313768848,0.0011619184313768848,0.9851714062812548,0.005
3,1646,7649,0.0011066698793462959,0.0011066698793462959,0.9866636859818108,0.005
3,1647,7650,0.0012138189772648866,0.0012138189772648866,0.9859140893726892,0.005
3,1648,7651,0.000998889696767108,0.000998889696767108,0.9855521312123663,0.005
3,1649,7652,0.0011947910803555718,0.0011947910803555718,0.9855757848335321,0.005
3,1650,7653,0.001157862785839786,0.001157862785839786,0.9856919443501208,0.005
3,1651,7654,0.0008383211608542897,0.0008383211608542897,0.9853687596857524,0.005
3,1652,7655,0.0009246346761132085,0.0009246346761132085,0.985366260793636,0.005
3,1653,7656,0.0010171956121448299,0.0010171956121448299,0.9855174825260434,0.005
3,1654,7657,0.0014039771613365525,0.0014039771613365525,0.9849756763678241,0.005
3,1655,7658,0.0010294163903307018,0.0010294163903307018,0.9847694768102236,0.005
3,1656,7659,0.0010489080099108604,0.0010489080099108604,0.9845109322029155,0.005
3,1657,7660,0.001203055885881117,0.001203055885881117,0.9851900442598179,0.005
3,1658,7661,0.0013695030902813677,0.0013695030902813677,0.9849152078739153,0.005
3,1659,7662,0.0009646289102270422,0.0009646289102270422,0.9851167274684649,0.005
3,1660,7663,0.0011033307963507952,0.0011033307963507952,0.9856330803125571,0.005
3,1661,7664,0.002072512327154319,0.002072512327154319,0.9830682788118464,0.005
3,1662,7665,0.0011250955421612772,0.0011250955421612772,0.9863528724688775,0.005
3,1663,7666,0.0010194203903894183,0.0010194203903894183,0.9853158511800539,0.005
3,1664,7667,0.001180873935069937,0.001180873935069937,0.9853050201265089,0.005
3,1665,7668,0.0010860579603055999,0.0010860579603055999,0.9848234626891045,0.005
3,1666,7669,0.0012518297925129195,0.0012518297925129195,0.9862797930624048,0.005
3,1667,7670,0.0011205382641860462,0.0011205382641860462,0.9863901276068355,0.005
3,1668,7671,0.0010075911441621078,0.0010075911441621078,0.9852354712352833,0.005
3,1669,7672,0.0010547479395887462,0.0010547479395887462,0.9857492249683104,0.005
3,1670,7673,0.0015112123280486979,0.0015112123280486979,0.9857804737123461,0.005
3,1671,7674,0.0011631619237533397,0.0011631619237533397,0.9855835167003407,0.005
3,1672,7675,0.0011975573341473779,0.0011975573341473779,0.9862373613135224,0.005
3,1673,7676,0.001191174079571431,0.001191174079571431,0.9860112352219991,0.005
3,1674,7677,0.001226239209745982,0.001226239209745982,0.9869216520222037,0.005
3,1675,7678,0.001142211935385301,0.001142211935385301,0.9854758996099409,0.005
3,1676,7679,0.0010965151603263724,0.0010965151603263724,0.98592866277657,0.005
3,1677,7680,0.0011794514204504516,0.0011794514204504516,0.9858734249347607,0.005
3,1678,7681,0.0011515860156657454,0.0011515860156657454,0.9856169752892924,0.005
3,1679,7682,0.0010036359851401566,0.0010036359851401566,0.985318809266611,0.005
3,1680,7683,0.0013232745652616807,0.0013232745652616807,0.9861903640899047,0.005
3,1681,7684,0.0012652511048508507,0.0012652511048508507,0.9854166011513428,0.005
3,1682,7685,0.0010301451589005738,0.0010301451589005738,0.9858426338847088,0.005
3,1683,7686,0.0012463317128976604,0.0012463317128976604,0.9861326898257209,0.005
3,1684,7687,0.0012263518860370203,0.0012263518860370203,0.9844867896574914,0.005
3,1685,7688,0.0010361289704428356,0.0010361289704428356,0.9858406314987302,0.005
3,1686,7689,0.0011156402666321042,0.0011156402666321042,0.9858296192138407,0.005
3,1687,7690,0.0011473437374679373,0.0011473437374679373,0.985224021589871,0.005
3,1688,7691,0.001145644516827219,0.001145644516827219,0.9846463156534574,0.005
3,1689,7692,0.001354785259881869,0.001354785259881869,0.985035859841692,0.005
3,1690,7693,0.0013710972052711555,0.0013710972052711555,0.9852051799319157,0.005
3,1691,7694,0.0011016594686301584,0.0011016594686301584,0.985543848174393,0.005
3,1692,7695,0.0010313865702340985,0.0010313865702340985,0.9853913985829011,0.005
3,1693,7696,0.0011787742012730573,0.0011787742012730573,0.9856338176698123,0.005
3,1694,7697,0.0012054506060415492,0.0012054506060415492,0.9851870984437902,0.005
3,1695,7698,0.0010212779961957185,0.0010212779961957185,0.9858603945164476,0.005
3,1696,7699,0.0013391925467864285,0.0013391925467864285,0.9845128186190012,0.005
3,1697,7700,0.0010497598118896314,0.0010497598118896314,0.9854166779149939,0.005
3,1698,7701,0.001634810785102393,0.001634810785102393,0.9843622278694447,0.005
3,1699,7702,0.0012052829815350219,0.0012052829815350219,0.9843151549568425,0.005
3,1700,7703,0.0011614117764705647,0.0011614117764705647,0.9858090693654958,0.005
3,1701,7704,0.0010985933973053342,0.0010985933973053342,0.9862244850689006,0.005
3,1702,7705,0.0009377804938951395,0.0009377804938951395,0.9855510613907901,0.005
3,1703,7706,0.00109180782362285,0.00109180782362285,0.9854333940378592,0.005
3,1704,7707,0.001316128015304101,0.001316128015304101,0.9860487597999106,0.005
3,1705,7708,0.0010693540129823053,0.0010693540129823053,0.9850343924720268,0.005
3,1706,7709,0.0009493222851345539,0.0009493222851345539,0.9846959151908079,0.005
3,1707,7710,0.0010497133928747515,0.0010497133928747515,0.9854380998346526,0.005
3,1708,7711,0.000961224977053401,0.000961224977053401,0.9856162494730732,0.005
3,1709,7712,0.0013603593603602304,0.0013603593603602304,0.984925352432527,0.005
3,1710,7713,0.001180021853890957,0.001180021853890957,0.9859056828597845,0.005
3,1711,7714,0.0011828831251639604,0.0011828831251639604,0.9860930428646196,0.005
3,1712,7715,0.0009585113346629149,0.0009585113346629149,0.9850476822932857,0.005
3,1713,7716,0.001142032549317501,0.001142032549317501,0.9861446590659984,0.005
3,1714,7717,0.0011677525361553421,0.0011677525361553421,0.98567235958404,0.005
3,1715,7718,0.0009843346513846263,0.0009843346513846263,0.9853721395923413,0.005
3,1716,7719,0.0009748034521991622,0.0009748034521991622,0.9863366173050725,0.005
3,1717,7720,0.0011074215221983318,0.0011074215221983318,0.9861525357846546,0.005
3,1718,7721,0.0010293618267009086,0.0010293618267009086,0.9847026146131388,0.005
3,1719,7722,0.0011986834116506917,0.0011986834116506917,0.9848770438346427,0.005
3,1720,7723,0.0010759172309782327,0.0010759172309782327,0.985420040368546,0.005
3,1721,7724,0.0012446229289659683,0.0012446229289659683,0.9844814171508374,0.005
3,1722,7725,0.0012233671825782944,0.0012233671825782944,0.9858946394856065,0.005
3,1723,7726,0.0012190433220525365,0.0012190433220525365,0.9852395936437476,0.005
3,1724,7727,0.0010798937111369533,0.0010798937111369533,0.9849963791748134,0.005
3,1725,7728,0.0010127060870888938,0.0010127060870888938,0.9859352082314207,0.005
3,1726,7729,0.001003485914075184,0.001003485914075184,0.9854667103127577,0.005
3,1727,7730,0.0011075807920471947,0.0011075807920471947,0.9855624275068131,0.005
3,1728,7731,0.001085530451929362,0.001085530451929362,0.9854973231918154,0.005
3,1729,7732,0.001122049383685978,0.001122049383685978,0.9856933394919692,0.005
3,1730,7733,0.0010905689983537914,0.0010905689983537914,0.9862255813297505,0.005
3,1731,7734,0.0010831824613145437,0.0010831824613145437,0.9855261576745776,0.005
3,1732,7735,0.0012043551596067049,0.0012043551596067049,0.9837462465990512,0.005
3,1733,7736,0.001177183420872444,0.001177183420872444,0.985311107226384,0.005
3,1734,7737,0.0009385319886331456,0.0009385319886331456,0.9854116566672094,0.005
3,1735,7738,0.0009977730132193076,0.0009977730132193076,0.9847173008148592,0.005
3,1736,7739,0.0012247836145874169,0.0012247836145874169,0.9850190995330416,0.005
3,1737,7740,0.0013023865198075967,0.0013023865198075967,0.9860430893744359,0.005
3,1738,7741,0.0010805361684694957,0.0010805361684694957,0.9850355502363706,0.005
3,1739,7742,0.00133533707573829,0.00133533707573829,0.9845760084779172,0.005
3,1740,7743,0.001579745050831547,0.001579745050831547,0.9850253450243214,0.005
3,1741,7744,0.0012776148349278116,0.0012776148349278116,0.9859548702859058,0.005
3,1742,7745,0.0010774684818324943,0.0010774684818324943,0.9854263671071231,0.005
3,1743,7746,0.0009881620822777683,0.0009881620822777683,0.9859208955846387,0.005
3,1744,7747,0.002398531297840483,0.002398531297840483,0.9836061877632052,0.005
3,1745,7748,0.0010064358135761908,0.0010064358135761908,0.9845252644653479,0.005
3,1746,7749,0.0011412484338768824,0.0011412484338768824,0.9858129876774528,0.005
3,1747,7750,0.0011517395250357789,0.0011517395250357789,0.9863890347907964,0.005
3,1748,7751,0.0012368263839155412,0.0012368263839155412,0.9874430702677585,0.005
3,1749,7752,0.0012735741541643386,0.0012735741541643386,0.9852710790078877,0.005
3,1750,7753,0.001071620158642207,0.001071620158642207,0.985468514045552,0.005
3,1751,7754,0.0010649170508707129,0.0010649170508707129,0.98524306132637,0.005
3,1752,7755,0.0011124575801246962,0.0011124575801246962,0.9860731963875213,0.005
3,1753,7756,0.0012822539830152856,0.0012822539830152856,0.9861106396403575,0.005
3,1754,7757,0.0011638374633405934,0.0011638374633405934,0.9864422206913951,0.005
3,1755,7758,0.0010342254961557694,0.0010342254961557694,0.9862394059678318,0.005
3,1756,7759,0.0012850934764824084,0.0012850934764824084,0.9857197047718154,0.005
3,1757,7760,0.0011938804852700212,0.0011938804852700212,0.985781290368027,0.005
3,1758,7761,0.0009578625811917309,0.0009578625811917309,0.9857921901367792,0.005
3,1759,7762,0.0013934893490657253,0.0013934893490657253,0.9857051364035212,0.005
3,1760,7763,0.001283291856450286,0.001283291856450286,0.9857609648880502,0.005
3,1761,7764,0.0011699353039810246,0.0011699353039810246,0.9855457239517131,0.005
3,1762,7765,0.001065020342644828,0.001065020342644828,0.9862376499845832,0.005
3,1763,7766,0.0011751859836376375,0.0011751859836376375,0.9852675963423685,0.005
3,1764,7767,0.0010366612262938469,0.0010366612262938469,0.9864602348671468,0.005
3,1765,7768,0.0011965506072416732,0.0011965506072416732,0.9851628486819166,0.005
3,1766,7769,0.0010292258279068012,0.0010292258279068012,0.9855499047355903,0.005
3,1767,7770,0.0010228060797031868,0.0010228060797031868,0.985860349628004,0.005
3,1768,7771,0.001589610195633211,0.001589610195633211,0.9862169711779917,0.005
3,1769,7772,0.001419992162983026,0.001419992162983026,0.9864045289548482,0.005
3,1770,7773,0.0011571034164992344,0.0011571034164992344,0.9852473796985102,0.005
3,1771,7774,0.0011675318666723167,0.0011675318666723167,0.986100112656592,0.005
3,1772,7775,0.0011845498612077367,0.0011845498612077367,0.9862649488303865,0.005
3,1773,7776,0.000862147546042098,0.000862147546042098,0.9855812686298738,0.005
3,1774,7777,0.0013053576529676947,0.0013053576529676947,0.9854031049838389,0.005
3,1775,7778,0.0010307274244524634,0.0010307274244524634,0.9860442647288048,0.005
3,1776,7779,0.0009847793546665508,0.0009847793546665508,0.9856081726304189,0.005
3,1777,7780,0.0011307596399508801,0.0011307596399508801,0.9848856022460885,0.005
3,1778,7781,0.0010772584118331086,0.0010772584118331086,0.9851051117512214,0.005
3,1779,7782,0.0011179220296827453,0.0011179220296827453,0.9851467858119349,0.005
3,1780,7783,0.0010674661338398016,0.0010674661338398016,0.985827022462538,0.005
3,1781,7784,0.0011579962065072192,0.0011579962065072192,0.9852758264543464,0.005
3,1782,7785,0.0012265956969730062,0.0012265956969730062,0.9859692206411649,0.005
3,1783,7786,0.0009780531962446902,0.0009780531962446902,0.9848988269626844,0.005
3,1784,7787,0.0011554035978035293,0.0011554035978035293,0.9854560003680727,0.005
3,1785,7788,0.0009810161253495033,0.0009810161253495033,0.9856277532257917,0.005
3,1786,7789,0.0011208684609837927,0.0011208684609837927,0.9858639001898842,0.005
3,1787,7790,0.0011346638581546074,0.0011346638581546074,0.9850498877673676,0.005
3,1788,7791,0.0009221318344276308,0.0009221318344276308,0.985489237816047,0.005
3,1789,7792,0.0011165753530892907,0.0011165753530892907,0.985902806568558,0.005
3,1790,7793,0.0008741362751087667,0.0008741362751087667,0.9850472982900791,0.005
3,1791,7794,0.000987576484418229,0.000987576484418229,0.9859318336273256,0.005
3,1792,7795,0.0012010021602548693,0.0012010021602548693,0.9858379166332343,0.005
3,1793,7796,0.0010326215143988448,0.0010326215143988448,0.9850909108869849,0.005
3,1794,7797,0.0010918221036260467,0.0010918221036260467,0.9860151867322461,0.005
3,1795,7798,0.0012379855089620397,0.0012379855089620397,0.9860847467259887,0.005
3,1796,7799,0.0011640717916729516,0.0011640717916729516,0.9864938693547042,0.005
3,1797,7800,0.0012341225546737232,0.0012341225546737232,0.9842977139549729,0.005
3,1798,7801,0.0010385165672965701,0.0010385165672965701,0.985609964490901,0.005
3,1799,7802,0.0010971735764540593,0.0010971735764540593,0.9843242642025275,0.005
3,1800,7803,0.0010676207609702716,0.0010676207609702716,0.986134508582077,0.005
3,1801,7804,0.0009625114459952223,0.0009625114459952223,0.9854631341396247,0.005
3,1802,7805,0.0012429253730764222,0.0012429253730764222,0.9847902973175359,0.005
3,1803,7806,0.001048800084480387,0.001048800084480387,0.984217548355048,0.005
3,1804,7807,0.00113325150924655,0.00113325150924655,0.984711634471822,0.005
3,1805,7808,0.0012958399456342506,0.0012958399456342506,0.9849641188929782,0.005
3,1806,7809,0.0011271484258597642,0.0011271484258597642,0.9852629226937494,0.005
3,1807,7810,0.0011824567711649614,0.0011824567711649614,0.9858050394562484,0.005
3,1808,7811,0.0013931563409144599,0.0013931563409144599,0.9855572747315113,0.005
3,1809,7812,0.0010230907606422223,0.0010230907606422223,0.9851776108074326,0.005
3,1810,7813,0.001212364464145459,0.001212364464145459,0.9852375198392497,0.005
3,1811,7814,0.001105324072668964,0.001105324072668964,0.9859764674125722,0.005
3,1812,7815,0.0014350034102725106,0.0014350034102725106,0.9846929655900275,0.005
3,1813,7816,0.0010955244791607743,0.0010955244791607743,0.9853708701735979,0.005
3,1814,7817,0.001187905201091426,0.001187905201091426,0.9859499850767596,0.005
3,1815,7818,0.0014377207600260434,0.0014377207600260434,0.9838852976120356,0.005
3,1816,7819,0.0009524189358255852,0.0009524189358255852,0.9861998612538219,0.005
3,1817,7820,0.0015614117022204022,0.0015614117022204022,0.9852708387053909,0.005
3,1818,7821,0.0009508419171309734,0.0009508419171309734,0.9855774137214686,0.005
3,1819,7822,0.0009815437154874983,0.0009815437154874983,0.985714263505445,0.005
3,1820,7823,0.0011787508452158991,0.0011787508452158991,0.9853376420897086,0.005
3,1821,7824,0.0011017571733564447,0.0011017571733564447,0.986252182825769,0.005
3,1822,7825,0.0011626761158214283,0.0011626761158214283,0.9860062223265317,0.005
3,1823,7826,0.0011631351326609387,0.0011631351326609387,0.986692029906041,0.005
3,1824,7827,0.0012235517542316765,0.0012235517542316765,0.986881646867734,0.005
3,1825,7828,0.0010905257299761817,0.0010905257299761817,0.9853452480561804,0.005
3,1826,7829,0.0010251747014588997,0.0010251747014588997,0.9854021716581643,0.005
3,1827,7830,0.0012015888403102803,0.0012015888403102803,0.986656219549268,0.005
3,1828,7831,0.0010123821920036834,0.0010123821920036834,0.9850553170138999,0.005
3,1829,7832,0.00114061904981703,0.00114061904981703,0.9856341239757541,0.005
3,1830,7833,0.0012346090590021996,0.0012346090590021996,0.9859379115247019,0.005
3,1831,7834,0.0010256453787890465,0.0010256453787890465,0.9846833746561837,0.005
3,1832,7835,0.0009201245691835315,0.0009201245691835315,0.9855237668504165,0.005
3,1833,7836,0.0010581159497042648,0.0010581159497042648,0.9849191141586555,0.005
3,1834,7837,0.001032076122705512,0.001032076122705512,0.9858693527586738,0.005
3,1835,7838,0.0010944770749171907,0.0010944770749171907,0.9850645775574322,0.005
3,1836,7839,0.0009758999487933672,0.0009758999487933672,0.9853367870707956,0.005
3,1837,7840,0.0010671993304520243,0.0010671993304520243,0.9854568482726298,0.005
3,1838,7841,0.0011912159767730212,0.0011912159767730212,0.98518357651333,0.005
3,1839,7842,0.0010193672485996484,0.0010193672485996484,0.984299730010406,0.005
3,1840,7843,0.001079448957241195,0.001079448957241195,0.9864960033913162,0.005
3,1841,7844,0.0012724513667744363,0.0012724513667744363,0.9857700782134784,0.005
3,1842,7845,0.0009679914624529373,0.0009679914624529373,0.9853249049736622,0.005
3,1843,7846,0.001226091336534817,0.001226091336534817,0.985502248050898,0.005
3,1844,7847,0.001104496682020849,0.001104496682020849,0.9853323874035007,0.005
3,1845,7848,0.0010847075480993184,0.0010847075480993184,0.9864437016192195,0.005
3,1846,7849,0.001150715045338796,0.001150715045338796,0.9850457817066792,0.005
3,1847,7850,0.0010521667829727177,0.0010521667829727177,0.984789513935099,0.005
3,1848,7851,0.0011510275077911036,0.0011510275077911036,0.9843374403091226,0.005
3,1849,7852,0.0010458776279478966,0.0010458776279478966,0.9848532545091953,0.005
3,1850,7853,0.0014053806541147195,0.0014053806541147195,0.9856214092578045,0.005
3,1851,7854,0.0010190138277099748,0.0010190138277099748,0.9851860131630049,0.005
3,1852,7855,0.0010675846775432308,0.0010675846775432308,0.9853365673933976,0.005
3,1853,7856,0.0010647465192622795,0.0010647465192622795,0.9845816263868605,0.005
3,1854,7857,0.001115828903491717,0.001115828903491717,0.9853630446162294,0.005
3,1855,7858,0.0011420928845500356,0.0011420928845500356,0.986071305555189,0.005
3,1856,7859,0.001127947452132384,0.001127947452132384,0.9855643101044651,0.005
3,1857,7860,0.00114731250773054,0.00114731250773054,0.985487547451989,0.005
3,1858,7861,0.0010476352064318682,0.0010476352064318682,0.9853460850719763,0.005
3,1859,7862,0.0009621758308297212,0.0009621758308297212,0.9863876843361641,0.005
3,1860,7863,0.0011138946940125905,0.0011138946940125905,0.9866194133349715,0.005
3,1861,7864,0.0009301673513634512,0.0009301673513634512,0.9848154881033657,0.005
3,1862,7865,0.0011147991084670262,0.0011147991084670262,0.9862541974618085,0.005
3,1863,7866,0.0011415615080434928,0.0011415615080434928,0.9851403988495,0.005
3,1864,7867,0.0011327110372954718,0.0011327110372954718,0.9865531459749691,0.005
3,1865,7868,0.0010394147739574433,0.0010394147739574433,0.9859442692755697,0.005
3,1866,7869,0.0012825555207688767,0.0012825555207688767,0.9861164841956307,0.005
3,1867,7870,0.001270146820006869,0.001270146820006869,0.9841603548921987,0.005
3,1868,7871,0.0014251399316055169,0.0014251399316055169,0.9860603606415517,0.005
3,1869,7872,0.001385667069961617,0.001385667069961617,0.9864605511317958,0.005
3,1870,7873,0.000892550256899488,0.000892550256899488,0.9859950577965927,0.005
3,1871,7874,0.0012630445857186247,0.0012630445857186247,0.9851445742821833,0.005
3,1872,7875,0.0012911061198745244,0.0012911061198745244,0.9850375260204692,0.005
3,1873,7876,0.0008484195866804423,0.0008484195866804423,0.9852978722048465,0.005
3,1874,7877,0.0013218611295574589,0.0013218611295574589,0.9861318918043017,0.005
3,1875,7878,0.0011189237029754263,0.0011189237029754263,0.9859083609867998,0.005
3,1876,7879,0.0009394992150180447,0.0009394992150180447,0.9863652122054766,0.005
3,1877,7880,0.0010104846571225468,0.0010104846571225468,0.9862231222998155,0.005
3,1878,7881,0.0009983755204645362,0.0009983755204645362,0.9854834660670669,0.005
3,1879,7882,0.001125529060933922,0.001125529060933922,0.9858550899989241,0.005
3,1880,7883,0.0009475954066435422,0.0009475954066435422,0.9850956798583393,0.005
3,1881,7884,0.0010373498679934457,0.0010373498679934457,0.9856782475980159,0.005
3,1882,7885,0.00114697163850354,0.00114697163850354,0.9852042329396004,0.005
3,1883,7886,0.001092021912611364,0.001092021912611364,0.985444733392381,0.005
3,1884,7887,0.0015651373902318437,0.0015651373902318437,0.984022683899769,0.005
3,1885,7888,0.000990473407566752,0.000990473407566752,0.9850289465662471,0.005
3,1886,7889,0.001067393594817656,0.001067393594817656,0.9857057968839349,0.005
3,1887,7890,0.0012176663821764078,0.0012176663821764078,0.9848148761096489,0.005
3,1888,7891,0.0010803197739412207,0.0010803197739412207,0.9863294551539225,0.005
3,1889,7892,0.0012531648511924754,0.0012531648511924754,0.9860463542125323,0.005
3,1890,7893,0.001317761835781589,0.001317761835781589,0.9850013638853394,0.005
3,1891,7894,0.0010849477267828424,0.0010849477267828424,0.9852333788052747,0.005
3,1892,7895,0.001161664118114706,0.001161664118114706,0.9855576918431329,0.005
3,1893,7896,0.0011014952615589313,0.0011014952615589313,0.9855508806641927,0.005
3,1894,7897,0.0011878745179576167,0.0011878745179576167,0.9864566792255468,0.005
3,1895,7898,0.0014819606408321164,0.0014819606408321164,0.9841084259009204,0.005
3,1896,7899,0.0009412276135724095,0.0009412276135724095,0.9859464721081009,0.005
3,1897,7900,0.001120278551880839,0.001120278551880839,0.9863570522488688,0.005
3,1898,7901,0.0011275056761050816,0.0011275056761050816,0.9866858184167777,0.005
3,1899,7902,0.0010531637473581302,0.0010531637473581302,0.9864912431625624,0.005
3,1900,7903,0.0010564765966473155,0.0010564765966473155,0.9853400229894184,0.005
3,1901,7904,0.0012375722056566208,0.0012375722056566208,0.986113551796175,0.005
3,1902,7905,0.0010152839914793653,0.0010152839914793653,0.9847932936174243,0.005
3,1903,7906,0.0010579843822389713,0.0010579843822389713,0.9859374763378103,0.005
3,1904,7907,0.0010702390442338327,0.0010702390442338327,0.9850366266377242,0.005
3,1905,7908,0.001106549149186271,0.001106549149186271,0.9856141363653961,0.005
3,1906,7909,0.0010783845093122,0.0010783845093122,0.986396137909689,0.005
3,1907,7910,0.0009167711847694903,0.0009167711847694903,0.9858287933535882,0.005
3,1908,7911,0.0010567413727105245,0.0010567413727105245,0.9862504736972846,0.005
3,1909,7912,0.001156512247068755,0.001156512247068755,0.9866517669016607,0.005
3,1910,7913,0.0011514205770513319,0.0011514205770513319,0.9857951356388301,0.005
3,1911,7914,0.0012226713862734306,0.0012226713862734306,0.9849825851084377,0.005
3,1912,7915,0.0011428844714229968,0.0011428844714229968,0.9850855510692645,0.005
3,1913,7916,0.0009958653648324434,0.0009958653648324434,0.9854761034624819,0.005
3,1914,7917,0.0011047939753147616,0.0011047939753147616,0.986146577116706,0.005
3,1915,7918,0.0009883694830529833,0.0009883694830529833,0.9847470599745443,0.005
3,1916,7919,0.0011718752595128,0.0011718752595128,0.9853337074527888,0.005
3,1917,7920,0.001031517875832708,0.001031517875832708,0.9850693287915414,0.005
3,1918,7921,0.001279380637943316,0.001279380637943316,0.9847208087296598,0.005
3,1919,7922,0.0012031055244559486,0.0012031055244559486,0.9854233962201124,0.005
3,1920,7923,0.0014436516300291348,0.0014436516300291348,0.9861722357982811,0.005
3,1921,7924,0.0009916292015144212,0.0009916292015144212,0.9862377165716742,0.005
3,1922,7925,0.0011664728429993543,0.0011664728429993543,0.9858985434619681,0.005
3,1923,7926,0.0010600768782289772,0.0010600768782289772,0.9847404250525493,0.005
3,1924,7927,0.001121244534560566,0.001121244534560566,0.9842988722020686,0.005
3,1925,7928,0.0009099913450623775,0.0009099913450623775,0.9852816377006417,0.005
3,1926,7929,0.001451261922028618,0.001451261922028618,0.9855026604327818,0.005
3,1927,7930,0.0010816928814545847,0.0010816928814545847,0.985461289428053,0.005
3,1928,7931,0.001007449631190187,0.001007449631190187,0.9857569710358454,0.005
3,1929,7932,0.0011019825030298101,0.0011019825030298101,0.9852798664284536,0.005
3,1930,7933,0.0010859859302772478,0.0010859859302772478,0.9862514381538622,0.005
3,1931,7934,0.0009942396133768273,0.0009942396133768273,0.9849804172203985,0.005
3,1932,7935,0.0018245408926308483,0.0018245408926308483,0.9847971928549182,0.005
3,1933,7936,0.0010690481635081527,0.0010690481635081527,0.9856694346192333,0.005
3,1934,7937,0.001146521641738305,0.001146521641738305,0.986748291073613,0.005
3,1935,7938,0.0009503456832486158,0.0009503456832486158,0.9853137603891841,0.005
3,1936,7939,0.0010395278782560947,0.0010395278782560947,0.9855113369681544,0.005
3,1937,7940,0.0011326003769926408,0.0011326003769926408,0.9854533038532238,0.005
3,1938,7941,0.001306745320419239,0.001306745320419239,0.9861039408592177,0.005
3,1939,7942,0.0010168177289765613,0.0010168177289765613,0.9849557969493906,0.005
3,1940,7943,0.0010307804334698067,0.0010307804334698067,0.9849796793708258,0.005
3,1941,7944,0.0010044564162671266,0.0010044564162671266,0.9854819416707229,0.005
3,1942,7945,0.0011568881344722205,0.0011568881344722205,0.9857255629953842,0.005
3,1943,7946,0.0010774867321238979,0.0010774867321238979,0.9865833581298914,0.005
3,1944,7947,0.001481632698480423,0.001481632698480423,0.9866558583449198,0.005
3,1945,7948,0.0009937188080401205,0.0009937188080401205,0.9859935835442555,0.005
3,1946,7949,0.0010714719246875282,0.0010714719246875282,0.9862800354763434,0.005
3,1947,7950,0.0009767731708257843,0.0009767731708257843,0.9857386678855745,0.005
3,1948,7951,0.0009975186820178983,0.0009975186820178983,0.9848493019778988,0.005
3,1949,7952,0.0011146817455738,0.0011146817455738,0.9860327739464185,0.005
3,1950,7953,0.0009545622783979446,0.0009545622783979446,0.9860231860187622,0.005
3,1951,7954,0.0010686296582684896,0.0010686296582684896,0.9860549579147404,0.005
3,1952,7955,0.0011362394201839465,0.0011362394201839465,0.9859344615666845,0.005
3,1953,7956,0.0010601243752957012,0.0010601243752957012,0.984797279039924,0.005
3,1954,7957,0.0012534934346107374,0.0012534934346107374,0.9850659010478361,0.005
3,1955,7958,0.0011833998380442689,0.0011833998380442689,0.9862425978299542,0.005
3,1956,7959,0.0011032239237031617,0.0011032239237031617,0.9847951504647771,0.005
3,1957,7960,0.001228026952059228,0.001228026952059228,0.9854309639741498,0.005
3,1958,7961,0.0010692236991113157,0.0010692236991113157,0.9860569218193546,0.005
3,1959,7962,0.0013158794197545985,0.0013158794197545985,0.9842262265991747,0.005
3,1960,7963,0.0009882462255391422,0.0009882462255391422,0.9848162135504926,0.005
3,1961,7964,0.0012183296544096157,0.0012183296544096157,0.9848147459272065,0.005
3,1962,7965,0.001040530082668253,0.001040530082668253,0.985900768287879,0.005
3,1963,7966,0.0010638748600125393,0.0010638748600125393,0.9862684830233975,0.005
3,1964,7967,0.001087036465875224,0.001087036465875224,0.9854979270111708,0.005
3,1965,7968,0.001076683142832734,0.001076683142832734,0.9855375937654939,0.005
3,1966,7969,0.0010705703189256809,0.0010705703189256809,0.9855057169090622,0.005
3,1967,7970,0.0010399881341870954,0.0010399881341870954,0.9851157123069341,0.005
3,1968,7971,0.0009787816534618933,0.0009787816534618933,0.9858627437773633,0.005
3,1969,7972,0.0010835608885060755,0.0010835608885060755,0.9849081646070287,0.005
3,1970,7973,0.0010835339209673868,0.0010835339209673868,0.9850760813072205,0.005
3,1971,7974,0.0010592569035620014,0.0010592569035620014,0.9852386009373172,0.005
3,1972,7975,0.0011062631662795055,0.0011062631662795055,0.9850234158042303,0.005
3,1973,7976,0.0010855006095065222,0.0010855006095065222,0.9848003122781469,0.005
3,1974,7977,0.001159111572326743,0.001159111572326743,0.9845798043871615,0.005
3,1975,7978,0.0011205215314894733,0.0011205215314894733,0.9848163885549426,0.005
3,1976,7979,0.0011290920677545612,0.0011290920677545612,0.9844872933994429,0.005
3,1977,7980,0.0012476048338814472,0.0012476048338814472,0.9853159473880068,0.005
3,1978,7981,0.0010922684058008237,0.0010922684058008237,0.9843944388848823,0.005
3,1979,7982,0.0012009818783883385,0.0012009818783883385,0.9862594912913214,0.005
3,1980,7983,0.001289799147093278,0.001289799147093278,0.9866920661671501,0.005
3,1981,7984,0.0010339857495388727,0.0010339857495388727,0.985328330680567,0.005
3,1982,7985,0.0009110724218427924,0.0009110724218427924,0.9853511135804401,0.005
3,1983,7986,0.0010422516218083055,0.0010422516218083055,0.9859206161606728,0.005
3,1984,7987,0.001400042899704026,0.001400042899704026,0.9869829446145046,0.005
3,1985,7988,0.0011601162717626047,0.0011601162717626047,0.98645862435131,0.005
3,1986,7989,0.0011109906978467,0.0011109906978467,0.9860612839622233,0.005
3,1987,7990,0.0010612103247615557,0.0010612103247615557,0.9853193464103753,0.005
3,1988,7991,0.0013110927808233299,0.0013110927808233299,0.9862754726049886,0.005
3,1989,7992,0.0009602924961997128,0.0009602924961997128,0.9858801477119873,0.005
3,1990,7993,0.0010032644517320212,0.0010032644517320212,0.984840150896621,0.005
3,1991,7994,0.0010081636844842014,0.0010081636844842014,0.9844373295528461,0.005
3,1992,7995,0.0010911927256847642,0.0010911927256847642,0.9840969632883482,0.005
3,1993,7996,0.0010605126416422307,0.0010605126416422307,0.9848822209500264,0.005
3,1994,7997,0.0011358414031205223,0.0011358414031205223,0.9843708293660268,0.005
3,1995,7998,0.0011107509401950977,0.0011107509401950977,0.9851626387200991,0.005
3,1996,7999,0.0011019995141056337,0.0011019995141056337,0.9849526040207697,0.005
3,1997,8000,0.0013654326861407139,0.0013654326861407139,0.9855354976655682,0.005
3,1998,8001,0.0009870872263161867,0.0009870872263161867,0.9855633562492473,0.005
3,1999,8002,0.0010242343362678564,0.0010242343362678564,0.9851019775049394,0.005
3,2000,8003,0.0012297184726998422,0.0012297184726998422,0.9855134726860103,0.005
2,0,8004,0.330146433804014,0.330146433804014,0.610246115401068,0.005
2,1,8005,0.31799304480364926,0.31799304480364926,0.621987964112061,0.005
2,2,8006,0.29211234161411614,0.29211234161411614,0.6472204335151882,0.005
2,3,8007,0.2723854217135733,0.2723854217135733,0.6668195194069803,0.005
2,4,8008,0.2884616154025998,0.2884616154025998,0.651701781175985,0.005
2,5,8009,0.2867818533855696,0.2867818533855696,0.6573285681657132,0.005
2,6,8010,0.2779111606876635,0.2779111606876635,0.6662249943393326,0.005
2,7,8011,0.2830008696067165,0.2830008696067165,0.6601821648303187,0.005
2,8,8012,0.24797651682806549,0.24797651682806549,0.6925668991123678,0.005
2,9,8013,0.27745731183200534,0.27745731183200534,0.6631099753957488,0.005
2,10,8014,0.2500658079513768,0.2500658079513768,0.6910507854322022,0.005
2,11,8015,0.2663032632263902,0.2663032632263902,0.6733809946980726,0.005
2,12,8016,0.25460041817914436,0.25460041817914436,0.687954748999452,0.005
2,13,8017,0.2665383511137255,0.2665383511137255,0.6740489688309804,0.005
2,14,8018,0.24825421034439724,0.24825421034439724,0.6934294039113514,0.005
2,15,8019,0.2532135125752313,0.2532135125752313,0.6898243405946923,0.005
2,16,8020,0.24220147834535524,0.24220147834535524,0.6992065880925377,0.005
2,17,8021,0.2403822184170527,0.2403822184170527,0.6971990795294439,0.005
2,18,8022,0.2338831085651304,0.2338831085651304,0.7095593116146456,0.005
2,19,8023,0.26525031956570666,0.26525031956570666,0.6770736184642557,0.005
2,20,8024,0.18478863431752576,0.18478863431752576,0.758373746685229,0.005
2,21,8025,0.2289449630384834,0.2289449630384834,0.7171321195321866,0.005
2,22,8026,0.1984381343253457,0.1984381343253457,0.7432693698842137,0.005
2,23,8027,0.19578889684710737,0.19578889684710737,0.7501759881141696,0.005
2,24,8028,0.20592559299731183,0.20592559299731183,0.7398599194182325,0.005
2,25,8029,0.19978081936058165,0.19978081936058165,0.7481740190891027,0.005
2,26,8030,0.16342297776772063,0.16342297776772063,0.7818782792083065,0.005
2,27,8031,0.17373123420862774,0.17373123420862774,0.7725933553681834,0.005
2,28,8032,0.18769558995101676,0.18769558995101676,0.7587431801200608,0.005
2,29,8033,0.17719660462238668,0.17719660462238668,0.7703740316914574,0.005
2,30,8034,0.16950455204858916,0.16950455204858916,0.7780663858309339,0.005
2,31,8035,0.19494656277155498,0.19494656277155498,0.751877505539391,0.005
2,32,8036,0.14551315305135729,0.14551315305135729,0.802746075291527,0.005
2,33,8037,0.15795373696972398,0.15795373696972398,0.7905912296419859,0.005
2,34,8038,0.13980763908667143,0.13980763908667143,0.8102841765603237,0.005
2,35,8039,0.15771368611958694,0.15771368611958694,0.7970677421365804,0.005
2,36,8040,0.15463459531347795,0.15463459531347795,0.7982379464843875,0.005
2,37,8041,0.15975294277323845,0.15975294277323845,0.7897757335856366,0.005
2,38,8042,0.13681428938688042,0.13681428938688042,0.8130496653433815,0.005
2,39,8043,0.16285378187971766,0.16285378187971766,0.7857872187628937,0.005
2,40,8044,0.14105581681134527,0.14105581681134527,0.8087485843252542,0.005
2,41,8045,0.1337769778566658,0.1337769778566658,0.8187123650821992,0.005
2,42,8046,0.157634479407636,0.157634479407636,0.794146733593657,0.005
2,43,8047,0.15131649738463224,0.15131649738463224,0.7995838045529876,0.005
2,44,8048,0.11895134772515639,0.11895134772515639,0.8359697386883189,0.005
2,45,8049,0.13434278494674354,0.13434278494674354,0.8185509324050733,0.005
2,46,8050,0.12847289251245236,0.12847289251245236,0.8224502579354827,0.005
2,47,8051,0.10060121304852417,0.10060121304852417,0.8565349050843981,0.005
2,48,8052,0.09813481137394156,0.09813481137394156,0.8554829126811619,0.005
2,49,8053,0.13395376261019165,0.13395376261019165,0.8172378580576617,0.005
2,50,8054,0.09878089442159543,0.09878089442159543,0.8573123921887502,0.005
2,51,8055,0.09548514233917482,0.09548514233917482,0.8617163435280911,0.005
2,52,8056,0.08697691359048221,0.08697691359048221,0.8702374735413525,0.005
2,53,8057,0.0957646431665367,0.0957646431665367,0.8641171516415189,0.005
2,54,8058,0.10454532639517589,0.10454532639517589,0.8507846800930798,0.005
2,55,8059,0.09726168577795269,0.09726168577795269,0.8600718849249659,0.005
2,56,8060,0.08112137166946337,0.08112137166946337,0.8780279263223231,0.005
2,57,8061,0.1122747514144086,0.1122747514144086,0.8437699307218005,0.005
2,58,8062,0.10883141604295396,0.10883141604295396,0.8517918909147829,0.005
2,59,8063,0.08784621643070792,0.08784621643070792,0.870484002437329,0.005
2,60,8064,0.10196798557763494,0.10196798557763494,0.8560835237799201,0.005
2,61,8065,0.0760524877865665,0.0760524877865665,0.886233556370984,0.005
2,62,8066,0.08115579028090228,0.08115579028090228,0.8808166275862374,0.005
2,63,8067,0.07864406551456994,0.07864406551456994,0.8829288350094965,0.005
2,64,8068,0.10742130059223245,0.10742130059223245,0.8519941525742072,0.005
2,65,8069,0.0799966349811593,0.0799966349811593,0.8814369590451868,0.005
2,66,8070,0.072702185424083,0.072702185424083,0.8893377535395317,0.005
2,67,8071,0.07576063888232777,0.07576063888232777,0.8886926569558388,0.005
2,68,8072,0.07394413530536476,0.07394413530536476,0.8878205270153372,0.005
2,69,8073,0.05775803085422441,0.05775803085422441,0.9106536627678002,0.005
2,70,8074,0.08728191081854589,0.08728191081854589,0.8746023374788126,0.005
2,71,8075,0.06993451344776522,0.06993451344776522,0.8919467500381812,0.005
2,72,8076,0.08319146058144859,0.08319146058144859,0.878585311469787,0.005
2,73,8077,0.09745120208077286,0.09745120208077286,0.8628656454516943,0.005
2,74,8078,0.06505411271614661,0.06505411271614661,0.9011438049670966,0.005
2,75,8079,0.06862974505952783,0.06862974505952783,0.89596117437705,0.005
2,76,8080,0.07110879322846386,0.07110879322846386,0.8938570381684681,0.005
2,77,8081,0.08076868422963665,0.08076868422963665,0.8813282158063216,0.005
2,78,8082,0.06890005727410614,0.06890005727410614,0.8961863981391076,0.005
2,79,8083,0.06367669867846132,0.06367669867846132,0.9053686135177165,0.005
2,80,8084,0.05961802911039621,0.05961802911039621,0.9095274789044665,0.005
2,81,8085,0.06963918428904235,0.06963918428904235,0.8951991980208924,0.005
2,82,8086,0.08383558897717822,0.08383558897717822,0.879461247864215,0.005
2,83,8087,0.057452289522246985,0.057452289522246985,0.9105070291192447,0.005
2,84,8088,0.05692244380956847,0.05692244380956847,0.9114457985613695,0.005
2,85,8089,0.0598576885079337,0.0598576885079337,0.9066543596290001,0.005
2,86,8090,0.046216165061750455,0.046216165061750455,0.9266206794265567,0.005
2,87,8091,0.05553679065524322,0.05553679065524322,0.9141276514348603,0.005
2,88,8092,0.05571831865087483,0.05571831865087483,0.9118048896297267,0.005
2,89,8093,0.06277267425969728,0.06277267425969728,0.9055450067230985,0.005
2,90,8094,0.06069587089271698,0.06069587089271698,0.907155640488023,0.005
2,91,8095,0.06431298308930992,0.06431298308930992,0.9049841901100852,0.005
2,92,8096,0.04749719911883163,0.04749719911883163,0.9239294928017037,0.005
2,93,8097,0.05257241016642935,0.05257241016642935,0.9208633140264356,0.005
2,94,8098,0.06633718983709354,0.06633718983709354,0.9022097519528484,0.005
2,95,8099,0.04437022081812897,0.04437022081812897,0.9249011701132631,0.005
2,96,8100,0.06328384492154157,0.06328384492154157,0.9068899760398321,0.005
2,97,8101,0.05805688148466332,0.05805688148466332,0.914264414635611,0.005
2,98,8102,0.05567325964958465,0.05567325964958465,0.9144552300057361,0.005
2,99,8103,0.05006201765035635,0.05006201765035635,0.9215843175035578,0.005
2,100,8104,0.05245181752060166,0.05245181752060166,0.917533908442907,0.005
2,101,8105,0.05029680597322445,0.05029680597322445,0.9196692803348407,0.005
2,102,8106,0.061891897691405406,0.061891897691405406,0.9073383455717955,0.005
2,103,8107,0.04738062491718591,0.04738062491718591,0.9223377293116017,0.005
2,104,8108,0.052391812632835474,0.052391812632835474,0.9195171330454692,0.005
2,105,8109,0.052174461109386276,0.052174461109386276,0.9195084030824768,0.005
2,106,8110,0.04924173769405337,0.04924173769405337,0.9233036271621728,0.005
2,107,8111,0.034464438752909526,0.034464438752909526,0.9412652640804811,0.005
2,108,8112,0.04312963338172752,0.04312963338172752,0.9293077560674651,0.005
2,109,8113,0.04679294509383658,0.04679294509383658,0.9266649352856914,0.005
2,110,8114,0.04612080973229242,0.04612080973229242,0.9271322360945928,0.005
2,111,8115,0.04320473257544141,0.04320473257544141,0.929449190569188,0.005
2,112,8116,0.0522863095544186,0.0522863095544186,0.9182336235118217,0.005
2,113,8117,0.037501778189070835,0.037501778189070835,0.938509656605045,0.005
2,114,8118,0.0444208559391699,0.0444208559391699,0.9294450426926054,0.005
2,115,8119,0.038615058891543555,0.038615058891543555,0.9374457561314916,0.005
2,116,8120,0.04059057848148852,0.04059057848148852,0.9332931061522758,0.005
2,117,8121,0.051973419370111275,0.051973419370111275,0.9195912098963264,0.005
2,118,8122,0.03561585737180856,0.03561585737180856,0.9379723797438506,0.005
2,119,8123,0.034926769002094536,0.034926769002094536,0.9418184965597531,0.005
2,120,8124,0.05154183248783762,0.05154183248783762,0.916605222776537,0.005
2,121,8125,0.04924881910884401,0.04924881910884401,0.9230153394685313,0.005
2,122,8126,0.04189422088686749,0.04189422088686749,0.9299686296281368,0.005
2,123,8127,0.038253189699323946,0.038253189699323946,0.9376419157344393,0.005
2,124,8128,0.04030302619999668,0.04030302619999668,0.9317251600047145,0.005
2,125,8129,0.044506570907544174,0.044506570907544174,0.9294303239590909,0.005
2,126,8130,0.04298841097749814,0.04298841097749814,0.9314859884904018,0.005
2,127,8131,0.05014123264120769,0.05014123264120769,0.9210143326579395,0.005
2,128,8132,0.040567818114523896,0.040567818114523896,0.9358710717292992,0.005
2,129,8133,0.04370084853436154,0.04370084853436154,0.9292941060937898,0.005
2,130,8134,0.04797551487565025,0.04797551487565025,0.925595762586437,0.005
2,131,8135,0.03407342666438684,0.03407342666438684,0.9418444829792855,0.005
2,132,8136,0.03591334431849014,0.03591334431849014,0.9397972287636047,0.005
2,133,8137,0.0353925940529803,0.0353925940529803,0.9399739928707114,0.005
2,134,8138,0.03960373942938038,0.03960373942938038,0.9352261996279299,0.005
2,135,8139,0.038396307534153906,0.038396307534153906,0.9362507099528815,0.005
2,136,8140,0.03833120371421671,0.03833120371421671,0.9348224580935621,0.005
2,137,8141,0.03492768415942304,0.03492768415942304,0.9391156468125683,0.005
2,138,8142,0.03413014451138825,0.03413014451138825,0.9397371202544667,0.005
2,139,8143,0.035989259117181496,0.035989259117181496,0.9373540166324008,0.005
2,140,8144,0.0323305067889579,0.0323305067889579,0.9403658603675639,0.005
2,141,8145,0.04502904400664701,0.04502904400664701,0.926568670613868,0.005
2,142,8146,0.038015236168308486,0.038015236168308486,0.9351267028213286,0.005
2,143,8147,0.03346738529048654,0.03346738529048654,0.9382425503819628,0.005
2,144,8148,0.031105075794492048,0.031105075794492048,0.9419670093353918,0.005
2,145,8149,0.034564967392425545,0.034564967392425545,0.9406664215406444,0.005
2,146,8150,0.035804655544702836,0.035804655544702836,0.9353123308269591,0.005
2,147,8151,0.03949201450305481,0.03949201450305481,0.9340756853073022,0.005
2,148,8152,0.03561053694976092,0.03561053694976092,0.9371054034329293,0.005
2,149,8153,0.03603209111242751,0.03603209111242751,0.9380550466431676,0.005
2,150,8154,0.03520825374413282,0.03520825374413282,0.9383927409386541,0.005
2,151,8155,0.03211923781661217,0.03211923781661217,0.9408734501613063,0.005
2,152,8156,0.03875018871712192,0.03875018871712192,0.9338868837016798,0.005
2,153,8157,0.030268913157595168,0.030268913157595168,0.942543537799305,0.005
2,154,8158,0.028007605391736946,0.028007605391736946,0.9477835476633356,0.005
2,155,8159,0.026747635189851904,0.026747635189851904,0.9492237118319747,0.005
2,156,8160,0.0327409763168907,0.0327409763168907,0.9408520822250533,0.005
2,157,8161,0.036074411382383036,0.036074411382383036,0.9373390368985638,0.005
2,158,8162,0.03013759538661469,0.03013759538661469,0.9438357267287182,0.005
2,159,8163,0.027803507029793256,0.027803507029793256,0.9478890684326992,0.005
2,160,8164,0.02903913064160329,0.02903913064160329,0.9445277353829805,0.005
2,161,8165,0.028459694616862125,0.028459694616862125,0.9457683064321191,0.005
2,162,8166,0.030425335443964377,0.030425335443964377,0.9444187893542174,0.005
2,163,8167,0.030425743634270648,0.030425743634270648,0.9436172673782097,0.005
2,164,8168,0.035264352401620486,0.035264352401620486,0.9378784571348298,0.005
2,165,8169,0.02337827333310995,0.02337827333310995,0.9522125888823437,0.005
2,166,8170,0.031424889687618765,0.031424889687618765,0.9441334873847463,0.005
2,167,8171,0.036889378998521,0.036889378998521,0.9356601545649714,0.005
2,168,8172,0.029793295625309402,0.029793295625309402,0.9452997655410813,0.005
2,169,8173,0.03214124227873425,0.03214124227873425,0.9434449162373669,0.005
2,170,8174,0.028465870691934653,0.028465870691934653,0.944955979836839,0.005
2,171,8175,0.027176618783484333,0.027176618783484333,0.9477392302263674,0.005
2,172,8176,0.025504785047342222,0.025504785047342222,0.9481271490170871,0.005
2,173,8177,0.023054080878824736,0.023054080878824736,0.95299892639716,0.005
2,174,8178,0.02568807670267592,0.02568807670267592,0.9488981035999485,0.005
2,175,8179,0.023512445003484872,0.023512445003484872,0.9508051390131992,0.005
2,176,8180,0.023171928591746643,0.023171928591746643,0.9522457216763666,0.005
2,177,8181,0.02284667298298828,0.02284667298298828,0.9526969162483416,0.005
2,178,8182,0.024855322250829995,0.024855322250829995,0.9506112413916337,0.005
2,179,8183,0.02691727244276312,0.02691727244276312,0.9459027336728508,0.005
2,180,8184,0.022498553575379426,0.022498553575379426,0.9523212126944999,0.005
2,181,8185,0.024842312795593246,0.024842312795593246,0.9502622418095688,0.005
2,182,8186,0.023100501499856284,0.023100501499856284,0.9500685891816059,0.005
2,183,8187,0.023098291107476167,0.023098291107476167,0.9507734933657734,0.005
2,184,8188,0.022415094100206343,0.022415094100206343,0.952793425639669,0.005
2,185,8189,0.020598032300126384,0.020598032300126384,0.9531139719702894,0.005
2,186,8190,0.020032953032654725,0.020032953032654725,0.9551674081285033,0.005
2,187,8191,0.02188977094872925,0.02188977094872925,0.9540087199165652,0.005
2,188,8192,0.018953538423762337,0.018953538423762337,0.9566236826724231,0.005
2,189,8193,0.022935646017722335,0.022935646017722335,0.9508002779933424,0.005
2,190,8194,0.018299102738283356,0.018299102738283356,0.9571469601684575,0.005
2,191,8195,0.019205578867905318,0.019205578867905318,0.9561604652305098,0.005
2,192,8196,0.022165983152797906,0.022165983152797906,0.9506443996451099,0.005
2,193,8197,0.02403364824571189,0.02403364824571189,0.949716083665067,0.005
2,194,8198,0.025077192052103486,0.025077192052103486,0.948836486939058,0.005
2,195,8199,0.020082423283196676,0.020082423283196676,0.9538117669144424,0.005
2,196,8200,0.020539943345935768,0.020539943345935768,0.9549640850098926,0.005
2,197,8201,0.018566435409913224,0.018566435409913224,0.9567373551724941,0.005
2,198,8202,0.018871972712214663,0.018871972712214663,0.9558378169853364,0.005
2,199,8203,0.02210098241144052,0.02210098241144052,0.9517524742762177,0.005
2,200,8204,0.020076855558709958,0.020076855558709958,0.9541172058742811,0.005
2,201,8205,0.016059043150598487,0.016059043150598487,0.9606331645070343,0.005
2,202,8206,0.017814930813565485,0.017814930813565485,0.9565340406896995,0.005
2,203,8207,0.020323847256875364,0.020323847256875364,0.9544410010972634,0.005
2,204,8208,0.017244428451020852,0.017244428451020852,0.957319674065998,0.005
2,205,8209,0.01604424643986404,0.01604424643986404,0.9599757832592869,0.005
2,206,8210,0.015046728068840408,0.015046728068840408,0.959976451460219,0.005
2,207,8211,0.016435392997616375,0.016435392997616375,0.9611292817954032,0.005
2,208,8212,0.01464481070588634,0.01464481070588634,0.9610694658314136,0.005
2,209,8213,0.015999017867444617,0.015999017867444617,0.9603039234068113,0.005
2,210,8214,0.015602243734139414,0.015602243734139414,0.9579866736055456,0.005
2,211,8215,0.016761322210952896,0.016761322210952896,0.9589609647541937,0.005
2,212,8216,0.012751089703072538,0.012751089703072538,0.962568462188819,0.005
2,213,8217,0.015813558023056413,0.015813558023056413,0.9594066363181816,0.005
2,214,8218,0.015600446482060455,0.015600446482060455,0.9601224765279647,0.005
2,215,8219,0.01558301775081107,0.01558301775081107,0.9598466883559003,0.005
2,216,8220,0.01291464095723131,0.01291464095723131,0.9631184938486997,0.005
2,217,8221,0.013699124001780501,0.013699124001780501,0.9626004023544095,0.005
2,218,8222,0.013153742129918993,0.013153742129918993,0.9627290142810917,0.005
2,219,8223,0.013228575173522484,0.013228575173522484,0.9617741324593572,0.005
2,220,8224,0.01361803134473839,0.01361803134473839,0.9632063605217005,0.005
2,221,8225,0.012324326403824838,0.012324326403824838,0.9648095233590718,0.005
2,222,8226,0.013241816118126103,0.013241816118126103,0.9631636028203222,0.005
2,223,8227,0.011705228993547413,0.011705228993547413,0.9645267870611061,0.005
2,224,8228,0.012206471394757683,0.012206471394757683,0.9650541790560374,0.005
2,225,8229,0.011505453931154586,0.011505453931154586,0.9654501380304841,0.005
2,226,8230,0.01274923355818991,0.01274923355818991,0.964526159204138,0.005
2,227,8231,0.009405483531312302,0.009405483531312302,0.9673135395205918,0.005
2,228,8232,0.01026075149049651,0.01026075149049651,0.9663030876177562,0.005
2,229,8233,0.010371337185558816,0.010371337185558816,0.967112446525131,0.005
2,230,8234,0.011075157790282519,0.011075157790282519,0.9665330854577726,0.005
2,231,8235,0.01260885261765893,0.01260885261765893,0.9629377593682231,0.005
2,232,8236,0.011733705460457598,0.011733705460457598,0.9668417201224174,0.005
2,233,8237,0.011992050650535133,0.011992050650535133,0.9648164130141259,0.005
2,234,8238,0.009067988278716955,0.009067988278716955,0.9699577565879088,0.005
2,235,8239,0.009118892607211122,0.009118892607211122,0.9687860593184362,0.005
2,236,8240,0.008836756324615318,0.008836756324615318,0.9694806297257139,0.005
2,237,8241,0.007072693982242463,0.007072693982242463,0.971807692173066,0.005
2,238,8242,0.010011456889634654,0.010011456889634654,0.9674181751571809,0.005
2,239,8243,0.008642656236104477,0.008642656236104477,0.9701361180100716,0.005
2,240,8244,0.008752914150852623,0.008752914150852623,0.9700534508374862,0.005
2,241,8245,0.007749138780210418,0.007749138780210418,0.9705866934452426,0.005
2,242,8246,0.008818089387371372,0.008818089387371372,0.9688453963923843,0.005
2,243,8247,0.007086549635665884,0.007086549635665884,0.972609903944695,0.005
2,244,8248,0.006759625760191366,0.006759625760191366,0.9728114661614622,0.005
2,245,8249,0.007011519864290581,0.007011519864290581,0.9708850629457227,0.005
2,246,8250,0.007489571127078128,0.007489571127078128,0.9715762106971525,0.005
2,247,8251,0.007405324664598637,0.007405324664598637,0.970769420675555,0.005
2,248,8252,0.00917282736630641,0.00917282736630641,0.967475651155875,0.005
2,249,8253,0.006616391605001569,0.006616391605001569,0.9732492417507466,0.005
2,250,8254,0.0059958528172760804,0.0059958528172760804,0.9735012034830661,0.005
2,251,8255,0.007006175914817436,0.007006175914817436,0.9719605567303521,0.005
2,252,8256,0.006681710229240888,0.006681710229240888,0.973663052258777,0.005
2,253,8257,0.007021799003639827,0.007021799003639827,0.9721995071712398,0.005
2,254,8258,0.005290070076219095,0.005290070076219095,0.9740804144724069,0.005
2,255,8259,0.005435169041252977,0.005435169041252977,0.9740401448708019,0.005
2,256,8260,0.006054364024299092,0.006054364024299092,0.9740792389462868,0.005
2,257,8261,0.0061348258117714365,0.0061348258117714365,0.9732009194216937,0.005
2,258,8262,0.00480650514821379,0.00480650514821379,0.9739309613950414,0.005
2,259,8263,0.0058501798229522155,0.0058501798229522155,0.9726235136076928,0.005
2,260,8264,0.006385663155814732,0.006385663155814732,0.9731363614313734,0.005
2,261,8265,0.005157466233916005,0.005157466233916005,0.9743952488373995,0.005
2,262,8266,0.005799612273257611,0.005799612273257611,0.975084623070753,0.005
2,263,8267,0.004317103960052485,0.004317103960052485,0.976704107708198,0.005
2,264,8268,0.004934136289239846,0.004934136289239846,0.9764136338973629,0.005
2,265,8269,0.005784897678219887,0.005784897678219887,0.9755692881284374,0.005
2,266,8270,0.005030300329014299,0.005030300329014299,0.9760513745490813,0.005
2,267,8271,0.0043301233078137,0.0043301233078137,0.9774611929261287,0.005
2,268,8272,0.004164777926296488,0.004164777926296488,0.9751719626448818,0.005
2,269,8273,0.004882099255421399,0.004882099255421399,0.9754097528337334,0.005
2,270,8274,0.00418634943143369,0.00418634943143369,0.9766493595474386,0.005
2,271,8275,0.004133158196429268,0.004133158196429268,0.975693638637557,0.005
2,272,8276,0.004789637355087776,0.004789637355087776,0.9742359381461676,0.005
2,273,8277,0.0047262223371900116,0.0047262223371900116,0.9774458162015719,0.005
2,274,8278,0.005696968230148314,0.005696968230148314,0.972809760858947,0.005
2,275,8279,0.004549366347026549,0.004549366347026549,0.9766497622646015,0.005
2,276,8280,0.0034769782572398357,0.0034769782572398357,0.9792726402770885,0.005
2,277,8281,0.004201602598677988,0.004201602598677988,0.9772671603404656,0.005
2,278,8282,0.0036877543705251285,0.0036877543705251285,0.9767635793140784,0.005
2,279,8283,0.004169397093520714,0.004169397093520714,0.9767897743855178,0.005
2,280,8284,0.0034866591750096687,0.0034866591750096687,0.9777013135269188,0.005
2,281,8285,0.004278522147221365,0.004278522147221365,0.9752189566406182,0.005
2,282,8286,0.0041383303835673,0.0041383303835673,0.9764579571384461,0.005
2,283,8287,0.003992741418398448,0.003992741418398448,0.977718162336546,0.005
2,284,8288,0.0028941718427411165,0.0028941718427411165,0.9783144519141912,0.005
2,285,8289,0.0034592387177842412,0.0034592387177842412,0.9785887836724476,0.005
2,286,8290,0.0032902059896237155,0.0032902059896237155,0.9770068945891607,0.005
2,287,8291,0.0027130649961165077,0.0027130649961165077,0.9777194478540338,0.005
2,288,8292,0.0034636172455508496,0.0034636172455508496,0.9763121633476689,0.005
2,289,8293,0.0038907802377747625,0.0038907802377747625,0.9759938056671665,0.005
2,290,8294,0.002578525592552238,0.002578525592552238,0.9784696594693971,0.005
2,291,8295,0.0030620222795847167,0.0030620222795847167,0.9786570866702969,0.005
2,292,8296,0.0028568847584568347,0.0028568847584568347,0.9792078699644535,0.005
2,293,8297,0.0026363907180784,0.0026363907180784,0.9786440276144197,0.005
2,294,8298,0.0035766011370711804,0.0035766011370711804,0.977666669285185,0.005
2,295,8299,0.003039691283774396,0.003039691283774396,0.9765504516917992,0.005
2,296,8300,0.0033283412823242853,0.0033283412823242853,0.9778131303353003,0.005
2,297,8301,0.003238146866199664,0.003238146866199664,0.978998323246177,0.005
2,298,8302,0.0026819230110080795,0.0026819230110080795,0.9790998705540784,0.005
2,299,8303,0.003503442211181801,0.003503442211181801,0.9773489316599495,0.005
2,300,8304,0.0026432002599670323,0.0026432002599670323,0.9767453094464975,0.005
2,301,8305,0.0030497471947515055,0.0030497471947515055,0.9792745724002525,0.005
2,302,8306,0.0025626950565147376,0.0025626950565147376,0.9785470066815317,0.005
2,303,8307,0.0026413399978301943,0.0026413399978301943,0.9787451386043035,0.005
2,304,8308,0.00277227974584776,0.00277227974584776,0.9772212015099399,0.005
2,305,8309,0.0026587359466959705,0.0026587359466959705,0.9771920774473544,0.005
2,306,8310,0.003270081980033331,0.003270081980033331,0.9773515631289902,0.005
2,307,8311,0.0023184872333501068,0.0023184872333501068,0.9782673730379485,0.005
2,308,8312,0.002437591125118527,0.002437591125118527,0.9786266889832256,0.005
2,309,8313,0.002470782716215313,0.002470782716215313,0.9793000831739846,0.005
2,310,8314,0.002277101336288393,0.002277101336288393,0.9775802784267091,0.005
2,311,8315,0.0038128835165764166,0.0038128835165764166,0.9746205102393936,0.005
2,312,8316,0.00258337994460767,0.00258337994460767,0.9799871282554378,0.005
2,313,8317,0.00248054820253224,0.00248054820253224,0.9792400104099478,0.005
2,314,8318,0.0031344883435901628,0.0031344883435901628,0.9780177414533339,0.005
2,315,8319,0.003422507689201114,0.003422507689201114,0.9760048134030557,0.005
2,316,8320,0.003299308149592807,0.003299308149592807,0.9769315207503028,0.005
2,317,8321,0.0024074823320256213,0.0024074823320256213,0.9770937378711563,0.005
2,318,8322,0.0024713132057131806,0.0024713132057131806,0.9801540425243294,0.005
2,319,8323,0.002761859242379567,0.002761859242379567,0.9786213328269143,0.005
2,320,8324,0.0027494636905673153,0.0027494636905673153,0.9796622053120653,0.005
2,321,8325,0.0029079618851437193,0.0029079618851437193,0.9769682566923935,0.005
2,322,8326,0.002266070500182984,0.002266070500182984,0.9792777578678308,0.005
2,323,8327,0.0027965253313544155,0.0027965253313544155,0.9772841748102725,0.005
2,324,8328,0.002095573286891691,0.002095573286891691,0.9792471939931622,0.005
2,325,8329,0.0022161107105041454,0.0022161107105041454,0.9785269815726158,0.005
2,326,8330,0.0024217895462439075,0.0024217895462439075,0.9798745359799778,0.005
2,327,8331,0.002352101841339188,0.002352101841339188,0.9785954810801852,0.005
2,328,8332,0.002409112666066168,0.002409112666066168,0.9790326132502299,0.005
2,329,8333,0.002460729750187165,0.002460729750187165,0.9774327497596568,0.005
2,330,8334,0.0021394513895799825,0.0021394513895799825,0.979806774491697,0.005
2,331,8335,0.002207782963886381,0.002207782963886381,0.9787992300619756,0.005
2,332,8336,0.0022539578168245204,0.0022539578168245204,0.976535895450419,0.005
2,333,8337,0.0027600762353939424,0.0027600762353939424,0.9776876966663431,0.005
2,334,8338,0.0023821861450907603,0.0023821861450907603,0.977785925752855,0.005
2,335,8339,0.0029542416461936917,0.0029542416461936917,0.9801158929313882,0.005
2,336,8340,0.002490776364160169,0.002490776364160169,0.9788882843339219,0.005
2,337,8341,0.0022876268375686183,0.0022876268375686183,0.9773061833439577,0.005
2,338,8342,0.0022654776305696413,0.0022654776305696413,0.9780602446546945,0.005
2,339,8343,0.0022874624392081556,0.0022874624392081556,0.9797712414139191,0.005
2,340,8344,0.00288784537126271,0.00288784537126271,0.9771510444876867,0.005
2,341,8345,0.0020924982372597066,0.0020924982372597066,0.9792542666249658,0.005
2,342,8346,0.002281951991220753,0.002281951991220753,0.9792735486422041,0.005
2,343,8347,0.0021709648370798274,0.0021709648370798274,0.9785250113473948,0.005
2,344,8348,0.002386156715512344,0.002386156715512344,0.9775391033400018,0.005
2,345,8349,0.0025451879625661734,0.0025451879625661734,0.9762021416710741,0.005
2,346,8350,0.0022086079647061566,0.0022086079647061566,0.9778734119756836,0.005
2,347,8351,0.0035170071720899226,0.0035170071720899226,0.9784301146077393,0.005
2,348,8352,0.002060655804808826,0.002060655804808826,0.9780398457822387,0.005
2,349,8353,0.0019295564032635226,0.0019295564032635226,0.978041317250699,0.005
2,350,8354,0.0022409969311793544,0.0022409969311793544,0.9776976936639016,0.005
2,351,8355,0.002194912799738091,0.002194912799738091,0.9771312905561963,0.005
2,352,8356,0.0022545261170021304,0.0022545261170021304,0.9781672160097097,0.005
2,353,8357,0.0028731135427205456,0.0028731135427205456,0.978206316187928,0.005
2,354,8358,0.0022377722174285455,0.0022377722174285455,0.9771958935836501,0.005
2,355,8359,0.0019465180389228232,0.0019465180389228232,0.9777245445505063,0.005
2,356,8360,0.002012017703501394,0.002012017703501394,0.9765734684575788,0.005
2,357,8361,0.005478374231099347,0.005478374231099347,0.9733423077571032,0.005
2,358,8362,0.0019563993982933533,0.0019563993982933533,0.9777768220692066,0.005
2,359,8363,0.0022128657128928277,0.0022128657128928277,0.978258582962097,0.005
2,360,8364,0.0018711546415795422,0.0018711546415795422,0.9790760892541341,0.005
2,361,8365,0.002050667434551494,0.002050667434551494,0.9780457390450517,0.005
2,362,8366,0.002232798400952586,0.002232798400952586,0.9778271720226085,0.005
2,363,8367,0.0018795530869153353,0.0018795530869153353,0.9793319147676934,0.005
2,364,8368,0.0019873355603523936,0.0019873355603523936,0.976245392444107,0.005
2,365,8369,0.0024642475675799805,0.0024642475675799805,0.9777911778144953,0.005
2,366,8370,0.002715967801555439,0.002715967801555439,0.9764405006711765,0.005
2,367,8371,0.002091158386486204,0.002091158386486204,0.9790417842578331,0.005
2,368,8372,0.002295659109548718,0.002295659109548718,0.9782912642169231,0.005
2,369,8373,0.0020641774240013466,0.0020641774240013466,0.9779545905343053,0.005
2,370,8374,0.00217033170691333,0.00217033170691333,0.9782528484136264,0.005
2,371,8375,0.00224732527123497,0.00224732527123497,0.9777291300405352,0.005
2,372,8376,0.0019131757835641082,0.0019131757835641082,0.9773610381648103,0.005
2,373,8377,0.0017504344713402387,0.0017504344713402387,0.9777926400343472,0.005
2,374,8378,0.0026531496647345535,0.0026531496647345535,0.9773375277131836,0.005
2,375,8379,0.002535382261530632,0.002535382261530632,0.9767782541432466,0.005
2,376,8380,0.0026538746882596017,0.0026538746882596017,0.9789538831118613,0.005
2,377,8381,0.0020900389516517823,0.0020900389516517823,0.9789718346234997,0.005
2,378,8382,0.002265088051063291,0.002265088051063291,0.979379300213025,0.005
2,379,8383,0.002102702786633656,0.002102702786633656,0.9795481617324892,0.005
2,380,8384,0.001920001269283128,0.001920001269283128,0.9795666060243985,0.005
2,381,8385,0.0019982025406908455,0.0019982025406908455,0.9792056338509513,0.005
2,382,8386,0.001959065207516123,0.001959065207516123,0.9794562037577519,0.005
2,383,8387,0.002032174053450404,0.002032174053450404,0.9781631246976882,0.005
2,384,8388,0.0021083056675020376,0.0021083056675020376,0.9796939267895056,0.005
2,385,8389,0.0020654834088364394,0.0020654834088364394,0.9800219117293537,0.005
2,386,8390,0.0018805747668168328,0.0018805747668168328,0.9767580652076074,0.005
2,387,8391,0.002074098899205593,0.002074098899205593,0.9787912757757895,0.005
2,388,8392,0.0016500128882441045,0.0016500128882441045,0.9772242149249513,0.005
2,389,8393,0.005173989694081829,0.005173989694081829,0.9752832377844276,0.005
2,390,8394,0.0021415820423584197,0.0021415820423584197,0.97728419233711,0.005
2,391,8395,0.0022316945481756353,0.0022316945481756353,0.97739214172693,0.005
2,392,8396,0.00195146325748221,0.00195146325748221,0.9789455583420468,0.005
2,393,8397,0.002423641625240138,0.002423641625240138,0.9796562431063567,0.005
2,394,8398,0.002430434580439205,0.002430434580439205,0.9776415724508855,0.005
2,395,8399,0.002109932607037782,0.002109932607037782,0.9775907862954434,0.005
2,396,8400,0.0021223176484891906,0.0021223176484891906,0.9790941253490747,0.005
2,397,8401,0.0017723110873060666,0.0017723110873060666,0.9775231828288871,0.005
2,398,8402,0.002029599228934651,0.002029599228934651,0.9786845863094308,0.005
2,399,8403,0.0018664330099421446,0.0018664330099421446,0.9778418579799993,0.005
2,400,8404,0.0018036519045625521,0.0018036519045625521,0.9775089525352091,0.005
2,401,8405,0.00219691950905751,0.00219691950905751,0.9782276548833456,0.005
2,402,8406,0.0017371565334081687,0.0017371565334081687,0.9769162943668533,0.005
2,403,8407,0.0023431682211714003,0.0023431682211714003,0.9781158865657277,0.005
2,404,8408,0.002003368435621007,0.002003368435621007,0.9778619612975641,0.005
2,405,8409,0.0018404938092766254,0.0018404938092766254,0.9777908297279615,0.005
2,406,8410,0.0025483062789452412,0.0025483062789452412,0.9763466547768028,0.005
2,407,8411,0.001755923065676036,0.001755923065676036,0.9793531082258456,0.005
2,408,8412,0.0019044934314529408,0.0019044934314529408,0.979188643265344,0.005
2,409,8413,0.002375746008359514,0.002375746008359514,0.9782662786535111,0.005
2,410,8414,0.0017442874208152782,0.0017442874208152782,0.9774468031585228,0.005
2,411,8415,0.0020866937541742635,0.0020866937541742635,0.977568395052572,0.005
2,412,8416,0.001825024416733858,0.001825024416733858,0.9786006462864851,0.005
2,413,8417,0.001866526206533776,0.001866526206533776,0.9785141471246304,0.005
2,414,8418,0.0023949042342026527,0.0023949042342026527,0.9789399724771024,0.005
2,415,8419,0.0018239921984894137,0.0018239921984894137,0.978650343803256,0.005
2,416,8420,0.0023075268721608954,0.0023075268721608954,0.9779188196200894,0.005
2,417,8421,0.002396638970245947,0.002396638970245947,0.976884491755725,0.005
2,418,8422,0.001993709968744566,0.001993709968744566,0.9776748358742844,0.005
2,419,8423,0.0024611085756680805,0.0024611085756680805,0.9769650848378306,0.005
2,420,8424,0.00254733481318261,0.00254733481318261,0.976484090704595,0.005
2,421,8425,0.0018154996987534734,0.0018154996987534734,0.9784962667060445,0.005
2,422,8426,0.002035789801094157,0.002035789801094157,0.9776855709501464,0.005
2,423,8427,0.002288484713833162,0.002288484713833162,0.97832450714601,0.005
2,424,8428,0.0020167950568149937,0.0020167950568149937,0.9776893982368587,0.005
2,425,8429,0.0016945939405197596,0.0016945939405197596,0.9785756844835262,0.005
2,426,8430,0.0015833118178836159,0.0015833118178836159,0.9785034020228824,0.005
2,427,8431,0.0021793144909284935,0.0021793144909284935,0.9783928057245485,0.005
2,428,8432,0.0017931266311188077,0.0017931266311188077,0.977302680579339,0.005
2,429,8433,0.001941350874086405,0.001941350874086405,0.9782086372302964,0.005
2,430,8434,0.0020679661626807648,0.0020679661626807648,0.9796172465645426,0.005
2,431,8435,0.0020266857532039917,0.0020266857532039917,0.9780160157364745,0.005
2,432,8436,0.002072936588741259,0.002072936588741259,0.9779683273559681,0.005
2,433,8437,0.0018547843799778373,0.0018547843799778373,0.9775637280422156,0.005
2,434,8438,0.0017719743040932503,0.0017719743040932503,0.9781788282178068,0.005
2,435,8439,0.0021477266963720884,0.0021477266963720884,0.9769957435441345,0.005
2,436,8440,0.0017183946060730804,0.0017183946060730804,0.9770145388684982,0.005
2,437,8441,0.002528202410923768,0.002528202410923768,0.9771815360917488,0.005
2,438,8442,0.0019346849140086041,0.0019346849140086041,0.9774977191446386,0.005
2,439,8443,0.002402742081588829,0.002402742081588829,0.9759925553080395,0.005
2,440,8444,0.001804580524559991,0.001804580524559991,0.9768202524031063,0.005
2,441,8445,0.0016644072122743271,0.0016644072122743271,0.977986837704909,0.005
2,442,8446,0.0020773507474863276,0.0020773507474863276,0.9775356108680272,0.005
2,443,8447,0.0018569874471537262,0.0018569874471537262,0.9774199155990632,0.005
2,444,8448,0.0020466640671604154,0.0020466640671604154,0.9796342046948656,0.005
2,445,8449,0.001811988281731167,0.001811988281731167,0.9787185953554006,0.005
2,446,8450,0.001485769532594967,0.001485769532594967,0.9784042364899092,0.005
2,447,8451,0.0018162341525671379,0.0018162341525671379,0.9761220640076809,0.005
2,448,8452,0.0023237362978539055,0.0023237362978539055,0.9782796652392507,0.005
2,449,8453,0.0015967144287093982,0.0015967144287093982,0.9769450095314155,0.005
2,450,8454,0.0019327363677654444,0.0019327363677654444,0.9781740650406108,0.005
2,451,8455,0.002226383675047101,0.002226383675047101,0.9775645320500126,0.005
2,452,8456,0.0021715806423506967,0.0021715806423506967,0.9775539788672069,0.005
2,453,8457,0.001822424867781253,0.001822424867781253,0.978887895092534,0.005
2,454,8458,0.001742464762411008,0.001742464762411008,0.9797919667798431,0.005
2,455,8459,0.0020253935419894563,0.0020253935419894563,0.9776434518987722,0.005
2,456,8460,0.0019393910532646088,0.0019393910532646088,0.9792763717213424,0.005
2,457,8461,0.001858967805515107,0.001858967805515107,0.9761462775696804,0.005
2,458,8462,0.0018221189761417512,0.0018221189761417512,0.9780495936562733,0.005
2,459,8463,0.002413131327012076,0.002413131327012076,0.9778982585631224,0.005
2,460,8464,0.0018378508426329565,0.0018378508426329565,0.978353166650806,0.005
2,461,8465,0.0020431711692362794,0.0020431711692362794,0.9786814134479265,0.005
2,462,8466,0.0019810599580599763,0.0019810599580599763,0.9758530165305002,0.005
2,463,8467,0.0020640078380351435,0.0020640078380351435,0.9777715408070515,0.005
2,464,8468,0.001751158683190577,0.001751158683190577,0.9769873587652285,0.005
2,465,8469,0.0018758082110063336,0.0018758082110063336,0.9775329350678247,0.005
2,466,8470,0.001476064773664766,0.001476064773664766,0.9777037820527873,0.005
2,467,8471,0.0017768427788081654,0.0017768427788081654,0.9791225317567622,0.005
2,468,8472,0.0014794126360693715,0.0014794126360693715,0.9778308112058929,0.005
2,469,8473,0.0018731803325929873,0.0018731803325929873,0.9775963760692609,0.005
2,470,8474,0.0019867585461381546,0.0019867585461381546,0.9779270933225251,0.005
2,471,8475,0.0020267737170229947,0.0020267737170229947,0.9775677434470607,0.005
2,472,8476,0.0017596997547902704,0.0017596997547902704,0.9768258267478516,0.005
2,473,8477,0.00182949116214453,0.00182949116214453,0.9764855605547004,0.005
2,474,8478,0.0022015993022187286,0.0022015993022187286,0.9769642257664524,0.005
2,475,8479,0.002060759772056,0.002060759772056,0.9769813611886741,0.005
2,476,8480,0.001577349411926684,0.001577349411926684,0.9779517264667202,0.005
2,477,8481,0.00198212039686982,0.00198212039686982,0.9775669590346862,0.005
2,478,8482,0.0016826979834123235,0.0016826979834123235,0.976860114194869,0.005
2,479,8483,0.0019583748548468102,0.0019583748548468102,0.9800654078023683,0.005
2,480,8484,0.002000647393660315,0.002000647393660315,0.9773746205589181,0.005
2,481,8485,0.00157460176707645,0.00157460176707645,0.9786107780449773,0.005
2,482,8486,0.001916267859922687,0.001916267859922687,0.9789872043620663,0.005
2,483,8487,0.002226468682791376,0.002226468682791376,0.9772912820839608,0.005
2,484,8488,0.001717669718154601,0.001717669718154601,0.9792718284433777,0.005
2,485,8489,0.0018011202083815514,0.0018011202083815514,0.9771499249603515,0.005
2,486,8490,0.0018232161297193528,0.0018232161297193528,0.9774951926951223,0.005
2,487,8491,0.001626932764227206,0.001626932764227206,0.9772941798372893,0.005
2,488,8492,0.0018501734522545965,0.0018501734522545965,0.9781458911585517,0.005
2,489,8493,0.001865452392268189,0.001865452392268189,0.9754469500580657,0.005
2,490,8494,0.0019418086105605214,0.0019418086105605214,0.9774586387936317,0.005
2,491,8495,0.001630079457279965,0.001630079457279965,0.9789223333026241,0.005
2,492,8496,0.002027945141872929,0.002027945141872929,0.9777698021270405,0.005
2,493,8497,0.0018592936950987458,0.0018592936950987458,0.9782792807468202,0.005
2,494,8498,0.00208649309306703,0.00208649309306703,0.9771862398330333,0.005
2,495,8499,0.0020421226887809042,0.0020421226887809042,0.9793960939648092,0.005
2,496,8500,0.001588846585150927,0.001588846585150927,0.9770384587607778,0.005
2,497,8501,0.0017552322287015545,0.0017552322287015545,0.9774445622180625,0.005
2,498,8502,0.0018500955675574428,0.0018500955675574428,0.977040842486129,0.005
2,499,8503,0.0016370526826076605,0.0016370526826076605,0.9780199873028196,0.005
2,500,8504,0.001409264366647972,0.001409264366647972,0.9780381015681128,0.005
2,501,8505,0.0017847716262691408,0.0017847716262691408,0.9802324831297629,0.005
2,502,8506,0.0016442464493402918,0.0016442464493402918,0.9781927949807285,0.005
2,503,8507,0.0018280696024607936,0.0018280696024607936,0.9775099635005955,0.005
2,504,8508,0.0019180469461079685,0.0019180469461079685,0.9766004246620098,0.005
2,505,8509,0.0016254745331642563,0.0016254745331642563,0.9769385651501911,0.005
2,506,8510,0.0016405558196901325,0.0016405558196901325,0.9765770650199724,0.005
2,507,8511,0.0020114509847145726,0.0020114509847145726,0.9778261305914036,0.005
2,508,8512,0.0013308851513517351,0.0013308851513517351,0.9782391805156804,0.005
2,509,8513,0.001856800975600116,0.001856800975600116,0.9757332791716897,0.005
2,510,8514,0.0021285777877970437,0.0021285777877970437,0.9761003213576668,0.005
2,511,8515,0.0021651446981599516,0.0021651446981599516,0.9763899723111606,0.005
2,512,8516,0.0018128095106509814,0.0018128095106509814,0.9794981802351413,0.005
2,513,8517,0.001513854673455729,0.001513854673455729,0.9770702882423005,0.005
2,514,8518,0.0016566628794466509,0.0016566628794466509,0.9781767595389553,0.005
2,515,8519,0.0018557372920371908,0.0018557372920371908,0.978029662394213,0.005
2,516,8520,0.002164901542416074,0.002164901542416074,0.9796774181905181,0.005
2,517,8521,0.001846363401109492,0.001846363401109492,0.9780270911990534,0.005
2,518,8522,0.0018541172100919466,0.0018541172100919466,0.9784255541748548,0.005
2,519,8523,0.0018565764709193079,0.0018565764709193079,0.9779943054712549,0.005
2,520,8524,0.0017178144524264806,0.0017178144524264806,0.9782288164128051,0.005
2,521,8525,0.0017969560247228834,0.0017969560247228834,0.9762670659046854,0.005
2,522,8526,0.002366063468420136,0.002366063468420136,0.9784426401711375,0.005
2,523,8527,0.0018186851556914985,0.0018186851556914985,0.9786721756922604,0.005
2,524,8528,0.0021238803524941097,0.0021238803524941097,0.9778486500139633,0.005
2,525,8529,0.0018431360686763532,0.0018431360686763532,0.9785196077190201,0.005
2,526,8530,0.0020795675400485103,0.0020795675400485103,0.9782234638750841,0.005
2,527,8531,0.0019085380581243807,0.0019085380581243807,0.9785890512392773,0.005
2,528,8532,0.0018216152290529961,0.0018216152290529961,0.9794117771584047,0.005
2,529,8533,0.0020518828867403848,0.0020518828867403848,0.9769249663390692,0.005
2,530,8534,0.0015326684098902277,0.0015326684098902277,0.9790325207613609,0.005
2,531,8535,0.0015480350354602568,0.0015480350354602568,0.9786315909868565,0.005
2,532,8536,0.0016185615627937553,0.0016185615627937553,0.9786934092037267,0.005
2,533,8537,0.002442619906406669,0.002442619906406669,0.9758003269952092,0.005
2,534,8538,0.001303471329342657,0.001303471329342657,0.9762873484044096,0.005
2,535,8539,0.002225836938566225,0.002225836938566225,0.9779218690796702,0.005
2,536,8540,0.0019042075572189376,0.0019042075572189376,0.978224783877474,0.005
2,537,8541,0.0018203210482347664,0.0018203210482347664,0.9766248748082801,0.005
2,538,8542,0.0017920980959973108,0.0017920980959973108,0.9775528543580597,0.005
2,539,8543,0.0019698524725318134,0.0019698524725318134,0.9761987842064542,0.005
2,540,8544,0.0018517026228799106,0.0018517026228799106,0.978345974021493,0.005
2,541,8545,0.002466213038356542,0.002466213038356542,0.9759653315186093,0.005
2,542,8546,0.0018416851735079032,0.0018416851735079032,0.9779530254028407,0.005
2,543,8547,0.001593471590757083,0.001593471590757083,0.9779657398124286,0.005
2,544,8548,0.001935543826199686,0.001935543826199686,0.9785625902044671,0.005
2,545,8549,0.0016557981377911114,0.0016557981377911114,0.9787418230830337,0.005
2,546,8550,0.0015033699847702274,0.0015033699847702274,0.9781424367526338,0.005
2,547,8551,0.0017440069309194884,0.0017440069309194884,0.9781992477831016,0.005
2,548,8552,0.0018495934963372752,0.0018495934963372752,0.9790961444383982,0.005
2,549,8553,0.0016089811675919774,0.0016089811675919774,0.978498989004413,0.005
2,550,8554,0.001497107650959445,0.001497107650959445,0.9787971797986608,0.005
2,551,8555,0.0018922859021972792,0.0018922859021972792,0.9781996774794094,0.005
2,552,8556,0.0016239857489413236,0.0016239857489413236,0.9785080068572869,0.005
2,553,8557,0.0017809598574953635,0.0017809598574953635,0.9784177778223019,0.005
2,554,8558,0.0015509910625292557,0.0015509910625292557,0.9776032466856254,0.005
2,555,8559,0.002003054319799113,0.002003054319799113,0.9783418459908549,0.005
2,556,8560,0.0018916981902826213,0.0018916981902826213,0.9752211498723151,0.005
2,557,8561,0.0017102958578727968,0.0017102958578727968,0.9764153440894879,0.005
2,558,8562,0.0016497733424271,0.0016497733424271,0.9777528440903883,0.005
2,559,8563,0.0018561845545154777,0.0018561845545154777,0.9772546289195755,0.005
2,560,8564,0.0015059495258162203,0.0015059495258162203,0.9784838721322701,0.005
2,561,8565,0.0017547207753589146,0.0017547207753589146,0.9778201940466122,0.005
2,562,8566,0.002038040265038164,0.002038040265038164,0.9778414986509969,0.005
2,563,8567,0.0018937662495100318,0.0018937662495100318,0.976940074535735,0.005
2,564,8568,0.0020832787217084435,0.0020832787217084435,0.9758887451527429,0.005
2,565,8569,0.0017367539528634023,0.0017367539528634023,0.9762482135438217,0.005
2,566,8570,0.0023072298195212526,0.0023072298195212526,0.9761363832981397,0.005
2,567,8571,0.0017787893197120787,0.0017787893197120787,0.979726470767145,0.005
2,568,8572,0.0018698532342368147,0.0018698532342368147,0.9780830219684998,0.005
2,569,8573,0.002468214060400854,0.002468214060400854,0.9769036286744297,0.005
2,570,8574,0.0017896265109003204,0.0017896265109003204,0.9784473514757173,0.005
2,571,8575,0.0018607038623563387,0.0018607038623563387,0.9779796366799544,0.005
2,572,8576,0.0018572009150755121,0.0018572009150755121,0.9800391541327718,0.005
2,573,8577,0.0016604130985144873,0.0016604130985144873,0.9790983084835869,0.005
2,574,8578,0.0014869675117250248,0.0014869675117250248,0.9779571987699781,0.005
2,575,8579,0.0019088704691015736,0.0019088704691015736,0.9793448067760707,0.005
2,576,8580,0.0019686076841844233,0.0019686076841844233,0.9775186624673571,0.005
2,577,8581,0.001674391346214219,0.001674391346214219,0.9773376373271576,0.005
2,578,8582,0.0021172628026893538,0.0021172628026893538,0.978667297802433,0.005
2,579,8583,0.0014644896481503236,0.0014644896481503236,0.9761515346169743,0.005
2,580,8584,0.0017887579247500749,0.0017887579247500749,0.9781160765411376,0.005
2,581,8585,0.0021231411959087274,0.0021231411959087274,0.9756083320238355,0.005
2,582,8586,0.002638424644537272,0.002638424644537272,0.9765095301515226,0.005
2,583,8587,0.0016866882182653708,0.0016866882182653708,0.9787523736676976,0.005
2,584,8588,0.0016200571250142891,0.0016200571250142891,0.9774882217725029,0.005
2,585,8589,0.0017138996386353478,0.0017138996386353478,0.9779961240494526,0.005
2,586,8590,0.001929730251340246,0.001929730251340246,0.9768443781778854,0.005
2,587,8591,0.0016606492220582892,0.0016606492220582892,0.9778393894747744,0.005
2,588,8592,0.0021496230264816743,0.0021496230264816743,0.9774754310568784,0.005
2,589,8593,0.0017526089311370775,0.0017526089311370775,0.9788641113356031,0.005
2,590,8594,0.0018014139058284708,0.0018014139058284708,0.9787394426317436,0.005
2,591,8595,0.0017018024317409508,0.0017018024317409508,0.9795546145302484,0.005
2,592,8596,0.001899867116641206,0.001899867116641206,0.978755033478293,0.005
2,593,8597,0.0020212054889973165,0.0020212054889973165,0.9777449468277415,0.005
2,594,8598,0.0017777678445675192,0.0017777678445675192,0.9767192420467444,0.005
2,595,8599,0.0018607819977363906,0.0018607819977363906,0.9789087083057663,0.005
2,596,8600,0.0018064540038197252,0.0018064540038197252,0.9776730587555896,0.005
2,597,8601,0.0019547423647910487,0.0019547423647910487,0.9796161693283998,0.005
2,598,8602,0.0016324010745468664,0.0016324010745468664,0.9766316221463778,0.005
2,599,8603,0.0015154311972781064,0.0015154311972781064,0.9796020753075718,0.005
2,600,8604,0.002003302477742928,0.002003302477742928,0.9793389076425442,0.005
2,601,8605,0.0019198354408633245,0.0019198354408633245,0.9799089846537636,0.005
2,602,8606,0.0019422441779365098,0.0019422441779365098,0.9774399555111428,0.005
2,603,8607,0.0018333085316610232,0.0018333085316610232,0.9791611472531419,0.005
2,604,8608,0.0016458871772516348,0.0016458871772516348,0.9791909426788827,0.005
2,605,8609,0.0019430042867820364,0.0019430042867820364,0.9759939144054793,0.005
2,606,8610,0.0018120428980940206,0.0018120428980940206,0.9760119060542453,0.005
2,607,8611,0.0018184364665764876,0.0018184364665764876,0.9790679713682612,0.005
2,608,8612,0.0013761921535639687,0.0013761921535639687,0.9780652673090343,0.005
2,609,8613,0.0022854725392337585,0.0022854725392337585,0.9768093375227027,0.005
2,610,8614,0.0019342445723404887,0.0019342445723404887,0.9774652766477732,0.005
2,611,8615,0.0015865611715817876,0.0015865611715817876,0.9783098665821892,0.005
2,612,8616,0.0021803494666918846,0.0021803494666918846,0.9785249586035498,0.005
2,613,8617,0.0017090806835366457,0.0017090806835366457,0.9784188568022896,0.005
2,614,8618,0.001592809693935464,0.001592809693935464,0.9768886450806437,0.005
2,615,8619,0.0016940333866563339,0.0016940333866563339,0.9795616706819996,0.005
2,616,8620,0.0016701624790689496,0.0016701624790689496,0.9775598353546384,0.005
2,617,8621,0.0016970762852464261,0.0016970762852464261,0.9785415865488691,0.005
2,618,8622,0.0017746278567531627,0.0017746278567531627,0.9768420387319244,0.005
2,619,8623,0.002416185764784663,0.002416185764784663,0.9751847131256695,0.005
2,620,8624,0.0018501250897678988,0.0018501250897678988,0.9770678735312123,0.005
2,621,8625,0.0030083480190758044,0.0030083480190758044,0.9755749590509252,0.005
2,622,8626,0.0015728993888284538,0.0015728993888284538,0.9774786590641873,0.005
2,623,8627,0.0017263606432839618,0.0017263606432839618,0.9794583553084999,0.005
2,624,8628,0.0018284116904206573,0.0018284116904206573,0.9802509701366211,0.005
2,625,8629,0.0019400469734444372,0.0019400469734444372,0.9779855981691017,0.005
2,626,8630,0.0016550034663876988,0.0016550034663876988,0.9775438006770925,0.005
2,627,8631,0.0016226228583642057,0.0016226228583642057,0.9777532742840161,0.005
2,628,8632,0.0017655104834219148,0.0017655104834219148,0.9796217607201961,0.005
2,629,8633,0.001675084553883227,0.001675084553883227,0.9783561163020564,0.005
2,630,8634,0.0017261249562295655,0.0017261249562295655,0.9766201792993985,0.005
2,631,8635,0.00206708781567436,0.00206708781567436,0.9788990796415485,0.005
2,632,8636,0.002450175074066061,0.002450175074066061,0.9768205725325734,0.005
2,633,8637,0.0015565313831003302,0.0015565313831003302,0.9779682062184668,0.005
2,634,8638,0.0017981275246893046,0.0017981275246893046,0.9765826270442375,0.005
2,635,8639,0.0015173317527068732,0.0015173317527068732,0.9784166143260952,0.005
2,636,8640,0.0018096200296533781,0.0018096200296533781,0.9788213312256274,0.005
2,637,8641,0.0014128135851535363,0.0014128135851535363,0.9790082181077265,0.005
2,638,8642,0.0031033233783007807,0.0031033233783007807,0.9762014493081236,0.005
2,639,8643,0.0013433549511808495,0.0013433549511808495,0.977448402176513,0.005
2,640,8644,0.0019661658152696528,0.0019661658152696528,0.9784894934345952,0.005
2,641,8645,0.0018092105315405385,0.0018092105315405385,0.9790919765295343,0.005
2,642,8646,0.00190775832324386,0.00190775832324386,0.9785357257750402,0.005
2,643,8647,0.0016347731859502248,0.0016347731859502248,0.9778988174544316,0.005
2,644,8648,0.0016574943036163962,0.0016574943036163962,0.9786765816269123,0.005
2,645,8649,0.00212946502188627,0.00212946502188627,0.9797449185028478,0.005
2,646,8650,0.0017104264159077897,0.0017104264159077897,0.978519564491884,0.005
2,647,8651,0.0016121097054183375,0.0016121097054183375,0.9787715950492768,0.005
2,648,8652,0.0018354489706027487,0.0018354489706027487,0.97816413215715,0.005
2,649,8653,0.002000286437762522,0.002000286437762522,0.9762521147621851,0.005
2,650,8654,0.0017358806704724828,0.0017358806704724828,0.9784105816392163,0.005
2,651,8655,0.002026434547945538,0.002026434547945538,0.9767452357744242,0.005
2,652,8656,0.0015322534966961988,0.0015322534966961988,0.9775690133682664,0.005
2,653,8657,0.0018701937693429492,0.0018701937693429492,0.977786829287911,0.005
2,654,8658,0.0019031721220555819,0.0019031721220555819,0.9768309268183203,0.005
2,655,8659,0.0016706975071192243,0.0016706975071192243,0.9782971766203863,0.005
2,656,8660,0.0014102295636347606,0.0014102295636347606,0.9788191866028727,0.005
2,657,8661,0.001618968031163799,0.001618968031163799,0.9788718633733081,0.005
2,658,8662,0.0018045466949671084,0.0018045466949671084,0.9763536014913243,0.005
2,659,8663,0.001539147772478009,0.001539147772478009,0.9794210464911589,0.005
2,660,8664,0.0019765603446964784,0.0019765603446964784,0.9776674523516872,0.005
2,661,8665,0.0013640632472411243,0.0013640632472411243,0.9770954767020849,0.005
2,662,8666,0.004030974865999237,0.004030974865999237,0.971840610247291,0.005
2,663,8667,0.0016143788309661957,0.0016143788309661957,0.977867307309061,0.005
2,664,8668,0.0016572455501779183,0.0016572455501779183,0.9771667124130075,0.005
2,665,8669,0.0015621964176824033,0.0015621964176824033,0.9779694914716016,0.005
2,666,8670,0.001974830445856036,0.001974830445856036,0.9778112670996943,0.005
2,667,8671,0.002148397760262988,0.002148397760262988,0.9792373807631368,0.005
2,668,8672,0.0016361996825076054,0.0016361996825076054,0.9776273531339488,0.005
2,669,8673,0.0027981737444684575,0.0027981737444684575,0.9761868994541308,0.005
2,670,8674,0.001673053066904352,0.001673053066904352,0.9766543804494612,0.005
2,671,8675,0.0015528791860581182,0.0015528791860581182,0.9777568558055443,0.005
2,672,8676,0.0017984650174943584,0.0017984650174943584,0.9777135139899056,0.005
2,673,8677,0.0016798515962298786,0.0016798515962298786,0.9795404685882808,0.005
2,674,8678,0.001667465754150621,0.001667465754150621,0.9770720202262768,0.005
2,675,8679,0.0016356635200373804,0.0016356635200373804,0.97836995268875,0.005
2,676,8680,0.002293151390376979,0.002293151390376979,0.9764608902397904,0.005
2,677,8681,0.001592974399461964,0.001592974399461964,0.9786649569028752,0.005
2,678,8682,0.0017207093128858264,0.0017207093128858264,0.9783943026917807,0.005
2,679,8683,0.0016208946728898544,0.0016208946728898544,0.9793579807967007,0.005
2,680,8684,0.0016675844614428216,0.0016675844614428216,0.9798332080191724,0.005
2,681,8685,0.0018210897643652557,0.0018210897643652557,0.9783942084164087,0.005
2,682,8686,0.001677063427445781,0.001677063427445781,0.9791248565631832,0.005
2,683,8687,0.0020266061505139466,0.0020266061505139466,0.9788113664333662,0.005
2,684,8688,0.0020546671484675495,0.0020546671484675495,0.9785663552042086,0.005
2,685,8689,0.001536246559429987,0.001536246559429987,0.9780123820415744,0.005
2,686,8690,0.0014616713897400292,0.0014616713897400292,0.9789755679001961,0.005
2,687,8691,0.0019413933322938184,0.0019413933322938184,0.9775177388222325,0.005
2,688,8692,0.0016723802844870782,0.0016723802844870782,0.9784628778709105,0.005
2,689,8693,0.0017305286656182162,0.0017305286656182162,0.9788550622654337,0.005
2,690,8694,0.0015255870951883512,0.0015255870951883512,0.9790681318025629,0.005
2,691,8695,0.0017662232433515866,0.0017662232433515866,0.9789309868352183,0.005
2,692,8696,0.0015075222747600225,0.0015075222747600225,0.9785533092070188,0.005
2,693,8697,0.0017410354265120819,0.0017410354265120819,0.9796148985358665,0.005
2,694,8698,0.0016709191474088402,0.0016709191474088402,0.9778073231233437,0.005
2,695,8699,0.0017284871716943893,0.0017284871716943893,0.9784407347061461,0.005
2,696,8700,0.0017121051800997576,0.0017121051800997576,0.9798834094995393,0.005
2,697,8701,0.0020396761006313434,0.0020396761006313434,0.9787345240338,0.005
2,698,8702,0.002027978608792384,0.002027978608792384,0.9770686837379974,0.005
2,699,8703,0.001599672944442959,0.001599672944442959,0.9788036714326654,0.005
2,700,8704,0.0017068107154453926,0.0017068107154453926,0.9791732875714408,0.005
2,701,8705,0.001815230224135316,0.001815230224135316,0.9784387856473088,0.005
2,702,8706,0.0016051959352751178,0.0016051959352751178,0.9793162943574815,0.005
2,703,8707,0.0017059703455088704,0.0017059703455088704,0.9778062651428773,0.005
2,704,8708,0.0013373081097966476,0.0013373081097966476,0.9765352037844163,0.005
2,705,8709,0.001470932329461101,0.001470932329461101,0.9775457394571937,0.005
2,706,8710,0.0015955093730551783,0.0015955093730551783,0.9776185379266199,0.005
2,707,8711,0.001962953534706875,0.001962953534706875,0.9803448012060588,0.005
2,708,8712,0.0019644195065922085,0.0019644195065922085,0.9776144313117071,0.005
2,709,8713,0.0012877634492588763,0.0012877634492588763,0.9776600217720492,0.005
2,710,8714,0.0016366161309559193,0.0016366161309559193,0.9769705332667822,0.005
2,711,8715,0.0017988572596773621,0.0017988572596773621,0.9774010632246871,0.005
2,712,8716,0.0021376350079319196,0.0021376350079319196,0.9750148901436758,0.005
2,713,8717,0.0019901397167520997,0.0019901397167520997,0.976379181821525,0.005
2,714,8718,0.001657998834091967,0.001657998834091967,0.9777521687572178,0.005
2,715,8719,0.001694156628409257,0.001694156628409257,0.9783940597403642,0.005
2,716,8720,0.001911431500759322,0.001911431500759322,0.9785929550701731,0.005
2,717,8721,0.0021843264895613423,0.0021843264895613423,0.9751832709376044,0.005
2,718,8722,0.0015043781144603217,0.0015043781144603217,0.9791276575225649,0.005
2,719,8723,0.001854134775314893,0.001854134775314893,0.9783021290957647,0.005
2,720,8724,0.0019612949460856757,0.0019612949460856757,0.9790980569756558,0.005
2,721,8725,0.0014718404564059429,0.0014718404564059429,0.9777048684480737,0.005
2,722,8726,0.0014820887322679831,0.0014820887322679831,0.9792784286562961,0.005
2,723,8727,0.0014564433376943033,0.0014564433376943033,0.9779552873759971,0.005
2,724,8728,0.001729042298130712,0.001729042298130712,0.9774899062503606,0.005
2,725,8729,0.0016932656365802523,0.0016932656365802523,0.9782886471277289,0.005
2,726,8730,0.0016607628722621025,0.0016607628722621025,0.97844818722789,0.005
2,727,8731,0.002058907434775205,0.002058907434775205,0.9758125603412436,0.005
2,728,8732,0.0016832617086302137,0.0016832617086302137,0.9787176666030195,0.005
2,729,8733,0.0014999483701111315,0.0014999483701111315,0.9785644772162291,0.005
2,730,8734,0.001823927786340902,0.001823927786340902,0.9795053165398826,0.005
2,731,8735,0.0018282129255483303,0.0018282129255483303,0.9793961103604427,0.005
2,732,8736,0.002381618400790846,0.002381618400790846,0.9768435433308799,0.005
2,733,8737,0.0015439078124186221,0.0015439078124186221,0.9778369620401612,0.005
2,734,8738,0.0023022685769457743,0.0023022685769457743,0.9741279562825188,0.005
2,735,8739,0.0016498315643096262,0.0016498315643096262,0.9780984994005363,0.005
2,736,8740,0.0014047024974940857,0.0014047024974940857,0.9775871014329464,0.005
2,737,8741,0.0015188571993189526,0.0015188571993189526,0.9786049088882852,0.005
2,738,8742,0.0015227819618499196,0.0015227819618499196,0.9785930786843061,0.005
2,739,8743,0.001673003451901921,0.001673003451901921,0.9767902125043113,0.005
2,740,8744,0.00181374531570895,0.00181374531570895,0.9776710480115081,0.005
2,741,8745,0.0015843364280918725,0.0015843364280918725,0.9778814356270387,0.005
2,742,8746,0.0016381154081547711,0.0016381154081547711,0.9783423458795547,0.005
2,743,8747,0.0019713960962158303,0.0019713960962158303,0.9759942207729597,0.005
2,744,8748,0.0017410047905391823,0.0017410047905391823,0.9780134556811165,0.005
2,745,8749,0.0014225360011191823,0.0014225360011191823,0.9783846224921084,0.005
2,746,8750,0.0020575263105000706,0.0020575263105000706,0.9784331133989544,0.005
2,747,8751,0.0015727434062349165,0.0015727434062349165,0.9786414596668296,0.005
2,748,8752,0.0015375593935052034,0.0015375593935052034,0.9785752237584361,0.005
2,749,8753,0.002643823279825003,0.002643823279825003,0.9757697442469915,0.005
2,750,8754,0.0014604336398876482,0.0014604336398876482,0.9788634962688203,0.005
2,751,8755,0.0015354746420836352,0.0015354746420836352,0.9765514065801949,0.005
2,752,8756,0.0018027601597492295,0.0018027601597492295,0.9793712680861102,0.005
2,753,8757,0.0021497110828108713,0.0021497110828108713,0.9769592266673441,0.005
2,754,8758,0.0019982704188243796,0.0019982704188243796,0.978269741050508,0.005
2,755,8759,0.0016068169082471585,0.0016068169082471585,0.9792529432774857,0.005
2,756,8760,0.0015092485430618174,0.0015092485430618174,0.9785409776989163,0.005
2,757,8761,0.0021053319784189017,0.0021053319784189017,0.9796945183601504,0.005
2,758,8762,0.0015980597177009104,0.0015980597177009104,0.9795079697507229,0.005
2,759,8763,0.0018135193935199237,0.0018135193935199237,0.9762634114342124,0.005
2,760,8764,0.0016098348584123532,0.0016098348584123532,0.980049870259731,0.005
2,761,8765,0.001439761148036739,0.001439761148036739,0.9777761633785449,0.005
2,762,8766,0.002338835085644151,0.002338835085644151,0.9777897424882377,0.005
2,763,8767,0.001824701377399003,0.001824701377399003,0.9771200181052606,0.005
2,764,8768,0.0023742796113576446,0.0023742796113576446,0.9775730944855299,0.005
2,765,8769,0.0013751416000825855,0.0013751416000825855,0.9791982779681189,0.005
2,766,8770,0.0016648604371454767,0.0016648604371454767,0.9768507602328577,0.005
2,767,8771,0.0019300873655374684,0.0019300873655374684,0.9778041950518899,0.005
2,768,8772,0.0019122781255934283,0.0019122781255934283,0.9770351355418365,0.005
2,769,8773,0.001598574825047513,0.001598574825047513,0.977648270820826,0.005
2,770,8774,0.0015486918685670092,0.0015486918685670092,0.9799671053836968,0.005
2,771,8775,0.0013032185370645166,0.0013032185370645166,0.9775731943171279,0.005
2,772,8776,0.0020236060366004126,0.0020236060366004126,0.9792744287046461,0.005
2,773,8777,0.0014537139990765204,0.0014537139990765204,0.9781162470895625,0.005
2,774,8778,0.0017229733145059888,0.0017229733145059888,0.9771468803786426,0.005
2,775,8779,0.0015849711892434572,0.0015849711892434572,0.9789308803177523,0.005
2,776,8780,0.0014236133700163945,0.0014236133700163945,0.9771130833325723,0.005
2,777,8781,0.001430744574841205,0.001430744574841205,0.9792446556692692,0.005
2,778,8782,0.0019430429437661556,0.0019430429437661556,0.9786077316177693,0.005
2,779,8783,0.0017204783326773745,0.0017204783326773745,0.9785112307238953,0.005
2,780,8784,0.0018008063066140521,0.0018008063066140521,0.978667732374478,0.005
2,781,8785,0.001974620403668408,0.001974620403668408,0.9798203032894366,0.005
2,782,8786,0.0017417352866828117,0.0017417352866828117,0.9788763546909522,0.005
2,783,8787,0.0021212213222623344,0.0021212213222623344,0.9759300629535308,0.005
2,784,8788,0.0014526904191407152,0.0014526904191407152,0.9786028931858288,0.005
2,785,8789,0.0016540204740053766,0.0016540204740053766,0.9794144914874339,0.005
2,786,8790,0.001967222008007179,0.001967222008007179,0.9772431080073853,0.005
2,787,8791,0.0017839426860291319,0.0017839426860291319,0.9785918745811142,0.005
2,788,8792,0.0016730610144228275,0.0016730610144228275,0.9777845911024248,0.005
2,789,8793,0.0017879568314289039,0.0017879568314289039,0.9781775393140612,0.005
2,790,8794,0.0018999083692147378,0.0018999083692147378,0.975754343011748,0.005
2,791,8795,0.0016827423557713396,0.0016827423557713396,0.9782256710693988,0.005
2,792,8796,0.0015945573689772796,0.0015945573689772796,0.9787993851417287,0.005
2,793,8797,0.0020785924259255064,0.0020785924259255064,0.9760051713569509,0.005
2,794,8798,0.0021106792960757428,0.0021106792960757428,0.9775518426659053,0.005
2,795,8799,0.0014405482897160327,0.0014405482897160327,0.979175577951903,0.005
2,796,8800,0.001892221081386578,0.001892221081386578,0.9766702592999077,0.005
2,797,8801,0.0012803176813052097,0.0012803176813052097,0.9766051519612313,0.005
2,798,8802,0.001946745548540817,0.001946745548540817,0.9766978730346393,0.005
2,799,8803,0.0016040100651036305,0.0016040100651036305,0.9781515710987768,0.005
2,800,8804,0.0018453119552527964,0.0018453119552527964,0.9757306941006694,0.005
2,801,8805,0.0016502026710556706,0.0016502026710556706,0.978382907627217,0.005
2,802,8806,0.0015996605409944408,0.0015996605409944408,0.9771167086589514,0.005
2,803,8807,0.001842651556599809,0.001842651556599809,0.9789258913140235,0.005
2,804,8808,0.0012857274996827053,0.0012857274996827053,0.978162358178126,0.005
2,805,8809,0.0018194280617387284,0.0018194280617387284,0.9781671446228755,0.005
2,806,8810,0.0015966083398497922,0.0015966083398497922,0.9767169232087843,0.005
2,807,8811,0.0019773772465904683,0.0019773772465904683,0.975005088595733,0.005
2,808,8812,0.0017460874522561365,0.0017460874522561365,0.9788736005713414,0.005
2,809,8813,0.0015293713314320691,0.0015293713314320691,0.9792153125769794,0.005
2,810,8814,0.0013682557287714226,0.0013682557287714226,0.9786683393123031,0.005
2,811,8815,0.0039461710913311025,0.0039461710913311025,0.9737653120567633,0.005
2,812,8816,0.002205507013169873,0.002205507013169873,0.9765444444225377,0.005
2,813,8817,0.0016574424504952768,0.0016574424504952768,0.9775154104673835,0.005
2,814,8818,0.0020205708233922218,0.0020205708233922218,0.9755851813476577,0.005
2,815,8819,0.0015304380279672492,0.0015304380279672492,0.9790454200824685,0.005
2,816,8820,0.0011451483194693756,0.0011451483194693756,0.9776432953633097,0.005
2,817,8821,0.003402618232292428,0.003402618232292428,0.9757220019958032,0.005
2,818,8822,0.0017263545570573558,0.0017263545570573558,0.979237681661161,0.005
2,819,8823,0.0014354081148118714,0.0014354081148118714,0.9791466880654979,0.005
2,820,8824,0.0013321167853001838,0.0013321167853001838,0.9786074946858224,0.005
2,821,8825,0.0017340804194698567,0.0017340804194698567,0.9787166354365824,0.005
2,822,8826,0.0015460756929452034,0.0015460756929452034,0.9786478068549845,0.005
2,823,8827,0.0017654058082078293,0.0017654058082078293,0.9792656030970887,0.005
2,824,8828,0.0019146682068409537,0.0019146682068409537,0.9784561229167689,0.005
2,825,8829,0.0016015947374382901,0.0016015947374382901,0.9796735162116499,0.005
2,826,8830,0.0015223730179268146,0.0015223730179268146,0.978162075062358,0.005
2,827,8831,0.001968748378544648,0.001968748378544648,0.9772854473841092,0.005
2,828,8832,0.0018193690314225897,0.0018193690314225897,0.9786459900984348,0.005
2,829,8833,0.0034072320087934916,0.0034072320087934916,0.9779714807454072,0.005
2,830,8834,0.0016918178228626758,0.0016918178228626758,0.9802494025757545,0.005
2,831,8835,0.0018780350121083257,0.0018780350121083257,0.9797266069082556,0.005
2,832,8836,0.0017548231673487236,0.0017548231673487236,0.9802609670500497,0.005
2,833,8837,0.001830712680263783,0.001830712680263783,0.977560460969296,0.005
2,834,8838,0.0020562084885801853,0.0020562084885801853,0.9763810325194574,0.005
2,835,8839,0.001978145583539489,0.001978145583539489,0.976790287920008,0.005
2,836,8840,0.001621150369981861,0.001621150369981861,0.9780121738789869,0.005
2,837,8841,0.0016776656399428692,0.0016776656399428692,0.9798122287220855,0.005
2,838,8842,0.001677418068687956,0.001677418068687956,0.977966006534111,0.005
2,839,8843,0.0019363331980899491,0.0019363331980899491,0.9787790576803679,0.005
2,840,8844,0.001601229388982447,0.001601229388982447,0.978079756546852,0.005
2,841,8845,0.0017932945876810058,0.0017932945876810058,0.9795685729417619,0.005
2,842,8846,0.0021840312562024667,0.0021840312562024667,0.9763662490091496,0.005
2,843,8847,0.0018141009449314616,0.0018141009449314616,0.976768484649645,0.005
2,844,8848,0.001610479852614033,0.001610479852614033,0.9767629401250862,0.005
2,845,8849,0.0017210468568162965,0.0017210468568162965,0.9783688319685359,0.005
2,846,8850,0.0016779932661738783,0.0016779932661738783,0.9772193666398052,0.005
2,847,8851,0.0016698316908291188,0.0016698316908291188,0.9776880699413633,0.005
2,848,8852,0.0015679311219522827,0.0015679311219522827,0.979371616878712,0.005
2,849,8853,0.0017528468178610334,0.0017528468178610334,0.9775863865299411,0.005
2,850,8854,0.0013966640680450138,0.0013966640680450138,0.9776355014525129,0.005
2,851,8855,0.0015246420701121,0.0015246420701121,0.9790559751836092,0.005
2,852,8856,0.0018779593330804213,0.0018779593330804213,0.9760030070649744,0.005
2,853,8857,0.0016933663668939536,0.0016933663668939536,0.9763421096846202,0.005
2,854,8858,0.0014464966365330045,0.0014464966365330045,0.9783031098575117,0.005
2,855,8859,0.0015373632023043683,0.0015373632023043683,0.9799185581343438,0.005
2,856,8860,0.001528405850699931,0.001528405850699931,0.9775173958121832,0.005
2,857,8861,0.0023797452104211084,0.0023797452104211084,0.9785480958796862,0.005
2,858,8862,0.0014799639795299924,0.0014799639795299924,0.9782008936080097,0.005
2,859,8863,0.0016928788308263488,0.0016928788308263488,0.9789052739892461,0.005
2,860,8864,0.0030396628428739705,0.0030396628428739705,0.9751840386701712,0.005
2,861,8865,0.0017443255194239215,0.0017443255194239215,0.9766087514932621,0.005
2,862,8866,0.0015686900995855657,0.0015686900995855657,0.9782256258639235,0.005
2,863,8867,0.0014917241281402873,0.0014917241281402873,0.9783411981303993,0.005
2,864,8868,0.0014023564869984706,0.0014023564869984706,0.9781997123290952,0.005
2,865,8869,0.001858750850330896,0.001858750850330896,0.9798778212624115,0.005
2,866,8870,0.0014235004289561114,0.0014235004289561114,0.9770738559441756,0.005
2,867,8871,0.0013862768566687488,0.0013862768566687488,0.9784888001124297,0.005
2,868,8872,0.0013642726616477053,0.0013642726616477053,0.9767578701666376,0.005
2,869,8873,0.0018500590095074732,0.0018500590095074732,0.9774464903873378,0.005
2,870,8874,0.0013794233875236207,0.0013794233875236207,0.9782355603946639,0.005
2,871,8875,0.0016884362838777167,0.0016884362838777167,0.9793362493646932,0.005
2,872,8876,0.0015575068059375885,0.0015575068059375885,0.9787764239931349,0.005
2,873,8877,0.0017120410470952685,0.0017120410470952685,0.9783209754504664,0.005
2,874,8878,0.0014965684509916355,0.0014965684509916355,0.9781442443585667,0.005
2,875,8879,0.002422403731891814,0.002422403731891814,0.9762776603845577,0.005
2,876,8880,0.0015524298449001073,0.0015524298449001073,0.9784809304338811,0.005
2,877,8881,0.0015902269454497332,0.0015902269454497332,0.9788469710207949,0.005
2,878,8882,0.0013186407028637748,0.0013186407028637748,0.9770310990120512,0.005
2,879,8883,0.0018092451903076413,0.0018092451903076413,0.9758664867223091,0.005
2,880,8884,0.0020152853461608503,0.0020152853461608503,0.9760475958287899,0.005
2,881,8885,0.0016532073960209815,0.0016532073960209815,0.9785142049200226,0.005
2,882,8886,0.0013156072794684227,0.0013156072794684227,0.9788848399698448,0.005
2,883,8887,0.001671043076733284,0.001671043076733284,0.97762078310102,0.005
2,884,8888,0.001463991220443012,0.001463991220443012,0.9789690105977723,0.005
2,885,8889,0.001702875005024793,0.001702875005024793,0.9791415572127908,0.005
2,886,8890,0.0017914008223011693,0.0017914008223011693,0.9791031808408703,0.005
2,887,8891,0.0015181659911503507,0.0015181659911503507,0.975073433027084,0.005
2,888,8892,0.0015739495842092169,0.0015739495842092169,0.9791946845251976,0.005
2,889,8893,0.002267096272703956,0.002267096272703956,0.9760622118344447,0.005
2,890,8894,0.0020205507634253905,0.0020205507634253905,0.9754951666195059,0.005
2,891,8895,0.0018352053247306188,0.0018352053247306188,0.9791141460998426,0.005
2,892,8896,0.001741844471682491,0.001741844471682491,0.9762417642697063,0.005
2,893,8897,0.0012248835751545086,0.0012248835751545086,0.9767413872462065,0.005
2,894,8898,0.0018572365054403263,0.0018572365054403263,0.9776986856801536,0.005
2,895,8899,0.003062317750780327,0.003062317750780327,0.9757196845307263,0.005
2,896,8900,0.0017562325339982431,0.0017562325339982431,0.9783205732551015,0.005
2,897,8901,0.0018168136794593959,0.0018168136794593959,0.9807059792685421,0.005
2,898,8902,0.0017125188938790193,0.0017125188938790193,0.9776868331820774,0.005
2,899,8903,0.0015886755415276598,0.0015886755415276598,0.9776476850082898,0.005
2,900,8904,0.0015603077302119074,0.0015603077302119074,0.979535079485325,0.005
2,901,8905,0.0019009294001357166,0.0019009294001357166,0.9799459186950854,0.005
2,902,8906,0.0016001535806648038,0.0016001535806648038,0.9790127488757949,0.005
2,903,8907,0.0016208771643714225,0.0016208771643714225,0.9801205446053947,0.005
2,904,8908,0.0027323508793617567,0.0027323508793617567,0.9777259802247965,0.005
2,905,8909,0.0017317841837443872,0.0017317841837443872,0.9802170536758742,0.005
2,906,8910,0.0013550933832587142,0.0013550933832587142,0.9783872576144752,0.005
2,907,8911,0.0017139006614262675,0.0017139006614262675,0.9799673810781686,0.005
2,908,8912,0.00221388610000847,0.00221388610000847,0.9785931775576985,0.005
2,909,8913,0.001438188401066701,0.001438188401066701,0.9781018804734324,0.005
2,910,8914,0.0015745142054325613,0.0015745142054325613,0.9786329004261065,0.005
2,911,8915,0.0018251324730654685,0.0018251324730654685,0.9792722024125268,0.005
2,912,8916,0.0017527173248830632,0.0017527173248830632,0.9791291269230752,0.005
2,913,8917,0.00162421774742198,0.00162421774742198,0.978244868000124,0.005
2,914,8918,0.0014914346697684146,0.0014914346697684146,0.9767718537071766,0.005
2,915,8919,0.002353262160545715,0.002353262160545715,0.9777102594897924,0.005
2,916,8920,0.0015463813713309281,0.0015463813713309281,0.9782648318890954,0.005
2,917,8921,0.0015828152435442555,0.0015828152435442555,0.9784834222292416,0.005
2,918,8922,0.0020101048041796955,0.0020101048041796955,0.9783243576048086,0.005
2,919,8923,0.0017091108942853938,0.0017091108942853938,0.9791487654833276,0.005
2,920,8924,0.0018375733137022598,0.0018375733137022598,0.9760426779849756,0.005
2,921,8925,0.0015450608393161157,0.0015450608393161157,0.9787781018791288,0.005
2,922,8926,0.001341441679730495,0.001341441679730495,0.9787135568028602,0.005
2,923,8927,0.0014270408805030868,0.0014270408805030868,0.9782220180022525,0.005
2,924,8928,0.0015978280867523943,0.0015978280867523943,0.9786951669706782,0.005
2,925,8929,0.0014654482096478805,0.0014654482096478805,0.97674873046291,0.005
2,926,8930,0.0029607734433806563,0.0029607734433806563,0.9741241183692579,0.005
2,927,8931,0.0016250229013329088,0.0016250229013329088,0.9797261735487537,0.005
2,928,8932,0.0015856069409591078,0.0015856069409591078,0.9777969679164195,0.005
2,929,8933,0.0016506035999597456,0.0016506035999597456,0.9766737089730643,0.005
2,930,8934,0.0017838719060805997,0.0017838719060805997,0.978599279719468,0.005
2,931,8935,0.0020957222180093948,0.0020957222180093948,0.9772420047150061,0.005
2,932,8936,0.001484289922253267,0.001484289922253267,0.9784347626625877,0.005
2,933,8937,0.001529081918303793,0.001529081918303793,0.979038746528167,0.005
2,934,8938,0.001493556346211834,0.001493556346211834,0.9793198075162295,0.005
2,935,8939,0.001421210756963871,0.001421210756963871,0.9772385240550441,0.005
2,936,8940,0.0015605432092690452,0.0015605432092690452,0.9772470244320801,0.005
2,937,8941,0.004227045478129053,0.004227045478129053,0.9731170498579399,0.005
2,938,8942,0.0017053868789550185,0.0017053868789550185,0.9795624647749507,0.005
2,939,8943,0.0017786694452832721,0.0017786694452832721,0.9789390701839578,0.005
2,940,8944,0.0015814058262041976,0.0015814058262041976,0.9784748900789735,0.005
2,941,8945,0.0016516290931203482,0.0016516290931203482,0.9772209637876677,0.005
2,942,8946,0.0020777750141526864,0.0020777750141526864,0.9784069732346234,0.005
2,943,8947,0.0014673187106562556,0.0014673187106562556,0.9777895332106783,0.005
2,944,8948,0.001484606147774421,0.001484606147774421,0.9788206622927634,0.005
2,945,8949,0.001553646581987046,0.001553646581987046,0.9770181584883203,0.005
2,946,8950,0.0018316761729786591,0.0018316761729786591,0.9790128321714278,0.005
2,947,8951,0.001721947474596306,0.001721947474596306,0.977287455730042,0.005
2,948,8952,0.0016275041361068809,0.0016275041361068809,0.9795586282074392,0.005
2,949,8953,0.001619509161761479,0.001619509161761479,0.9784500641838679,0.005
2,950,8954,0.0020931852646264024,0.0020931852646264024,0.9767124064281172,0.005
2,951,8955,0.0016924431052628254,0.0016924431052628254,0.9783228842537971,0.005
2,952,8956,0.0019704419747663725,0.0019704419747663725,0.9798343631297756,0.005
2,953,8957,0.0020359422432085503,0.0020359422432085503,0.9767832592822272,0.005
2,954,8958,0.0015264525837702225,0.0015264525837702225,0.9786989990700325,0.005
2,955,8959,0.0014933203692675313,0.0014933203692675313,0.9767619138198818,0.005
2,956,8960,0.0016421270608270157,0.0016421270608270157,0.9795035462557106,0.005
2,957,8961,0.0020277782738102102,0.0020277782738102102,0.9771826003950707,0.005
2,958,8962,0.0017222941321649698,0.0017222941321649698,0.9781439755218694,0.005
2,959,8963,0.0016733135360444428,0.0016733135360444428,0.980542603684532,0.005
2,960,8964,0.0016134546245140425,0.0016134546245140425,0.980210039968439,0.005
2,961,8965,0.0017442135919526016,0.0017442135919526016,0.9786911881242479,0.005
2,962,8966,0.0016651388442843462,0.0016651388442843462,0.978050918747283,0.005
2,963,8967,0.0014639898156009823,0.0014639898156009823,0.9775666763808172,0.005
2,964,8968,0.0012345183379561021,0.0012345183379561021,0.9790314207755545,0.005
2,965,8969,0.0016717617319155732,0.0016717617319155732,0.9795275125926975,0.005
2,966,8970,0.0016171061141712242,0.0016171061141712242,0.9792346560535736,0.005
2,967,8971,0.001600759426190057,0.001600759426190057,0.9773333268163202,0.005
2,968,8972,0.002358341134570189,0.002358341134570189,0.9757188196173139,0.005
2,969,8973,0.0016791902517591306,0.0016791902517591306,0.9789373157607058,0.005
2,970,8974,0.0020934091076919683,0.0020934091076919683,0.9767289224027959,0.005
2,971,8975,0.0015922173230372328,0.0015922173230372328,0.9770712631923012,0.005
2,972,8976,0.001970385260732529,0.001970385260732529,0.9757867858852027,0.005
2,973,8977,0.0014630211016418882,0.0014630211016418882,0.9781995184305182,0.005
2,974,8978,0.0014666885306676915,0.0014666885306676915,0.9777673545310803,0.005
2,975,8979,0.0016643407348424268,0.0016643407348424268,0.9766082130336611,0.005
2,976,8980,0.0016381302380101192,0.0016381302380101192,0.9786128980911989,0.005
2,977,8981,0.0036476778133205144,0.0036476778133205144,0.9760247741357622,0.005
2,978,8982,0.0020240603282829783,0.0020240603282829783,0.976330157496519,0.005
2,979,8983,0.0018537489676428687,0.0018537489676428687,0.9781002952988329,0.005
2,980,8984,0.0018970514732314634,0.0018970514732314634,0.9786157300482348,0.005
2,981,8985,0.0014810594645831567,0.0014810594645831567,0.9787473675837816,0.005
2,982,8986,0.0016343082866477608,0.0016343082866477608,0.9784784210009443,0.005
2,983,8987,0.0016764420585411112,0.0016764420585411112,0.9785813656504924,0.005
2,984,8988,0.0013899468099976275,0.0013899468099976275,0.9789760229793669,0.005
2,985,8989,0.0017370604470206708,0.0017370604470206708,0.9775976239331248,0.005
2,986,8990,0.0012236130746687193,0.0012236130746687193,0.97765042758981,0.005
2,987,8991,0.0016856502002275176,0.0016856502002275176,0.9791546438250309,0.005
2,988,8992,0.0014202774564119368,0.0014202774564119368,0.9778521235181836,0.005
2,989,8993,0.0016455440100049158,0.0016455440100049158,0.9764308153874005,0.005
2,990,8994,0.001660677762073738,0.001660677762073738,0.9782500040929468,0.005
2,991,8995,0.0015070034056841063,0.0015070034056841063,0.9785756275628934,0.005
2,992,8996,0.0013776311022377207,0.0013776311022377207,0.9776601351142586,0.005
2,993,8997,0.0017172405319812634,0.0017172405319812634,0.9787428811042487,0.005
2,994,8998,0.0019600799102819644,0.0019600799102819644,0.9794426951037182,0.005
2,995,8999,0.0019371375386627978,0.0019371375386627978,0.9780811152217131,0.005
2,996,9000,0.001850537763559753,0.001850537763559753,0.979824540026681,0.005
2,997,9001,0.0018678476076281847,0.0018678476076281847,0.9801814507234489,0.005
2,998,9002,0.001992330839712504,0.001992330839712504,0.9808272077004752,0.005
2,999,9003,0.0017397896679699609,0.0017397896679699609,0.9788242151710973,0.005
2,1000,9004,0.0018188644389826782,0.0018188644389826782,0.9771357778735026,0.005
2,1001,9005,0.0014183103581121438,0.0014183103581121438,0.977384574441355,0.005
2,1002,9006,0.001550700798022583,0.001550700798022583,0.9777973892058516,0.005
2,1003,9007,0.0014207664391387143,0.0014207664391387143,0.9791031666275476,0.005
2,1004,9008,0.0014201806033083578,0.0014201806033083578,0.9773903354723767,0.005
2,1005,9009,0.0015631827241064733,0.0015631827241064733,0.9775349089739476,0.005
2,1006,9010,0.0017107912062338847,0.0017107912062338847,0.9772866728875598,0.005
2,1007,9011,0.0020762502856165902,0.0020762502856165902,0.9760190933069837,0.005
2,1008,9012,0.0018085147620334873,0.0018085147620334873,0.9794638714115234,0.005
2,1009,9013,0.0012532901633254346,0.0012532901633254346,0.9765420703177506,0.005
2,1010,9014,0.0016131687256472516,0.0016131687256472516,0.9784224102724662,0.005
2,1011,9015,0.0015830605996993597,0.0015830605996993597,0.977734309204769,0.005
2,1012,9016,0.0018361195168082466,0.0018361195168082466,0.9794581680007217,0.005
2,1013,9017,0.0020686927134802267,0.0020686927134802267,0.9782245946287851,0.005
2,1014,9018,0.0015175431988505117,0.0015175431988505117,0.9799919137547175,0.005
2,1015,9019,0.0015023521000559292,0.0015023521000559292,0.9786151580926125,0.005
2,1016,9020,0.0015777157175112643,0.0015777157175112643,0.9778490481844165,0.005
2,1017,9021,0.0018258745692248468,0.0018258745692248468,0.9786948858515422,0.005
2,1018,9022,0.001720675523969688,0.001720675523969688,0.9795788742730173,0.005
2,1019,9023,0.0016603944799580862,0.0016603944799580862,0.979002616224123,0.005
2,1020,9024,0.0027211093180124555,0.0027211093180124555,0.9761869708866177,0.005
2,1021,9025,0.0015895063847254733,0.0015895063847254733,0.9787991660434506,0.005
2,1022,9026,0.00386052805876047,0.00386052805876047,0.9747691393936874,0.005
2,1023,9027,0.00183772907865014,0.00183772907865014,0.9781199577142199,0.005
2,1024,9028,0.0016220497101454311,0.0016220497101454311,0.976958531498124,0.005
2,1025,9029,0.0017084677871869315,0.0017084677871869315,0.9771364828424492,0.005
2,1026,9030,0.0015757627085598936,0.0015757627085598936,0.9787092655996998,0.005
2,1027,9031,0.0020462678346636265,0.0020462678346636265,0.9773110439443258,0.005
2,1028,9032,0.0014176481095190985,0.0014176481095190985,0.9770472874822664,0.005
2,1029,9033,0.0012729477362539042,0.0012729477362539042,0.9770834268177089,0.005
2,1030,9034,0.0015265536648539824,0.0015265536648539824,0.9797224590728129,0.005
2,1031,9035,0.0016829222694454014,0.0016829222694454014,0.976667744354415,0.005
2,1032,9036,0.0015684722701604405,0.0015684722701604405,0.9784634223904365,0.005
2,1033,9037,0.0014795607930440913,0.0014795607930440913,0.9759294362883993,0.005
2,1034,9038,0.0014237384725314872,0.0014237384725314872,0.9779474626182022,0.005
2,1035,9039,0.001783783777921679,0.001783783777921679,0.9771733876158225,0.005
2,1036,9040,0.0016648781101311185,0.0016648781101311185,0.9759650834638451,0.005
2,1037,9041,0.0017751961798928974,0.0017751961798928974,0.979437704417299,0.005
2,1038,9042,0.0012346295460304501,0.0012346295460304501,0.9768638836486891,0.005
2,1039,9043,0.0014670494500724062,0.0014670494500724062,0.9770025903420425,0.005
2,1040,9044,0.0020061412036425975,0.0020061412036425975,0.974742367904998,0.005
2,1041,9045,0.0021730792369984986,0.0021730792369984986,0.97711140513867,0.005
2,1042,9046,0.00179567526682194,0.00179567526682194,0.978168680587759,0.005
2,1043,9047,0.001407775574179492,0.001407775574179492,0.9788419108163587,0.005
2,1044,9048,0.0014383679867244904,0.0014383679867244904,0.9792216157325405,0.005
2,1045,9049,0.0017275301668036758,0.0017275301668036758,0.9787489831707809,0.005
2,1046,9050,0.0031770641241497376,0.0031770641241497376,0.9745305309634748,0.005
2,1047,9051,0.001563390213507021,0.001563390213507021,0.9786095748700129,0.005
2,1048,9052,0.0017087439846315577,0.0017087439846315577,0.9776925108018258,0.005
2,1049,9053,0.0021242392534879186,0.0021242392534879186,0.977318221965951,0.005
2,1050,9054,0.002293650625092207,0.002293650625092207,0.9791129270680462,0.005
2,1051,9055,0.001886180027005855,0.001886180027005855,0.9804747122618792,0.005
2,1052,9056,0.0020155792083080526,0.0020155792083080526,0.9778416390006769,0.005
2,1053,9057,0.0017452259448423036,0.0017452259448423036,0.9785766491582468,0.005
2,1054,9058,0.0018644072490256102,0.0018644072490256102,0.9780059802288925,0.005
2,1055,9059,0.0019362787122451843,0.0019362787122451843,0.9782358826683747,0.005
2,1056,9060,0.001493889442388826,0.001493889442388826,0.9787443841486552,0.005
2,1057,9061,0.002086691002143944,0.002086691002143944,0.9783650963620752,0.005
2,1058,9062,0.0019203074236011143,0.0019203074236011143,0.9805344528021733,0.005
2,1059,9063,0.0017337621038389526,0.0017337621038389526,0.9783598703647662,0.005
2,1060,9064,0.001575105712085757,0.001575105712085757,0.9783336442295614,0.005
2,1061,9065,0.001382321398682378,0.001382321398682378,0.9789146067480201,0.005
2,1062,9066,0.0016133313430881646,0.0016133313430881646,0.9790588874629408,0.005
2,1063,9067,0.0016904417114542549,0.0016904417114542549,0.9783356512075203,0.005
2,1064,9068,0.002090385385366828,0.002090385385366828,0.9779315794729823,0.005
2,1065,9069,0.001579996759938641,0.001579996759938641,0.9790295394639723,0.005
2,1066,9070,0.001672492569277535,0.001672492569277535,0.9775005525991383,0.005
2,1067,9071,0.0019581102872466205,0.0019581102872466205,0.9762451757280982,0.005
2,1068,9072,0.0017393959921605294,0.0017393959921605294,0.9799186342764068,0.005
2,1069,9073,0.0017488686821401631,0.0017488686821401631,0.9775733532556606,0.005
2,1070,9074,0.0015357779334424693,0.0015357779334424693,0.9784955301643211,0.005
2,1071,9075,0.0014818486825464916,0.0014818486825464916,0.9785637403262781,0.005
2,1072,9076,0.002237215886271161,0.002237215886271161,0.9762319956796597,0.005
2,1073,9077,0.001710930506982069,0.001710930506982069,0.9799142278007827,0.005
2,1074,9078,0.0018124148216140282,0.0018124148216140282,0.9781254260768271,0.005
2,1075,9079,0.0013020416359714481,0.0013020416359714481,0.9775116596495856,0.005
2,1076,9080,0.001579028335490872,0.001579028335490872,0.9770994665859064,0.005
2,1077,9081,0.0014740090581471324,0.0014740090581471324,0.9779348993337655,0.005
2,1078,9082,0.001409510728684209,0.001409510728684209,0.9774504520493807,0.005
2,1079,9083,0.0019640168263932688,0.0019640168263932688,0.9784460134132098,0.005
2,1080,9084,0.0015427434543697294,0.0015427434543697294,0.97814432730295,0.005
2,1081,9085,0.0014308946231550435,0.0014308946231550435,0.9780323342468458,0.005
2,1082,9086,0.0019865637521057976,0.0019865637521057976,0.9786298406596631,0.005
2,1083,9087,0.0016309011132937803,0.0016309011132937803,0.9779408173767563,0.005
2,1084,9088,0.0015481891793486567,0.0015481891793486567,0.976002015759944,0.005
2,1085,9089,0.0013825393010006395,0.0013825393010006395,0.9785572332892122,0.005
2,1086,9090,0.0012620251137355153,0.0012620251137355153,0.9775894245821865,0.005
2,1087,9091,0.0013134785116562053,0.0013134785116562053,0.9775102659901291,0.005
2,1088,9092,0.001979290390968668,0.001979290390968668,0.9764696448392551,0.005
2,1089,9093,0.0016513753445987446,0.0016513753445987446,0.9787273471074927,0.005
2,1090,9094,0.0014729089468675338,0.0014729089468675338,0.9779552848179601,0.005
2,1091,9095,0.001647558686850974,0.001647558686850974,0.9792655162062598,0.005
2,1092,9096,0.0015606622497091505,0.0015606622497091505,0.9782767937163097,0.005
2,1093,9097,0.0015735807294993541,0.0015735807294993541,0.9781802604763911,0.005
2,1094,9098,0.0013785047582787102,0.0013785047582787102,0.9790010394473968,0.005
2,1095,9099,0.001362458439568909,0.001362458439568909,0.9777475806105904,0.005
2,1096,9100,0.001714863027623319,0.001714863027623319,0.9772601600045895,0.005
2,1097,9101,0.0015225378556073777,0.0015225378556073777,0.9750072345647111,0.005
2,1098,9102,0.0019510115127118288,0.0019510115127118288,0.9762497926990497,0.005
2,1099,9103,0.0020097810879809233,0.0020097810879809233,0.9757633293996082,0.005
2,1100,9104,0.001922478721855162,0.001922478721855162,0.9772714430963988,0.005
2,1101,9105,0.00169929331768528,0.00169929331768528,0.9785503506447536,0.005
2,1102,9106,0.0014951734740034218,0.0014951734740034218,0.9764605809767164,0.005
2,1103,9107,0.0015631484709304865,0.0015631484709304865,0.9767552290319377,0.005
2,1104,9108,0.0014106152618901969,0.0014106152618901969,0.9782515965256877,0.005
2,1105,9109,0.0029009579799377395,0.0029009579799377395,0.9750676670398433,0.005
2,1106,9110,0.001839076440660804,0.001839076440660804,0.9797285496674968,0.005
2,1107,9111,0.0018151469710257352,0.0018151469710257352,0.9802154585820998,0.005
2,1108,9112,0.0016255090702725673,0.0016255090702725673,0.9790849249464915,0.005
2,1109,9113,0.0016280355041374895,0.0016280355041374895,0.9781888750413215,0.005
2,1110,9114,0.001716982889115305,0.001716982889115305,0.9785987716851753,0.005
2,1111,9115,0.0013790425783125502,0.0013790425783125502,0.9788480860684682,0.005
2,1112,9116,0.0015605151364047865,0.0015605151364047865,0.9779236126106531,0.005
2,1113,9117,0.001562485064177652,0.001562485064177652,0.9792823835604799,0.005
2,1114,9118,0.0015961527435275225,0.0015961527435275225,0.9790216809793393,0.005
2,1115,9119,0.0017050835468697535,0.0017050835468697535,0.9764038752027937,0.005
2,1116,9120,0.0013383876078283574,0.0013383876078283574,0.9783791639602197,0.005
2,1117,9121,0.0021138451103019807,0.0021138451103019807,0.9746362674881767,0.005
2,1118,9122,0.0018238537498984062,0.0018238537498984062,0.976395257050511,0.005
2,1119,9123,0.0015805274968278403,0.0015805274968278403,0.9780986004527615,0.005
2,1120,9124,0.0015340906105987917,0.0015340906105987917,0.9788822837240696,0.005
2,1121,9125,0.0017378112069538355,0.0017378112069538355,0.9772343031910155,0.005
2,1122,9126,0.0018151514501808155,0.0018151514501808155,0.9778634443306204,0.005
2,1123,9127,0.0015961897538991788,0.0015961897538991788,0.9758018063825956,0.005
2,1124,9128,0.0014225940755907874,0.0014225940755907874,0.9786979191326193,0.005
2,1125,9129,0.001685566939608545,0.001685566939608545,0.979266523737758,0.005
2,1126,9130,0.001563322760231105,0.001563322760231105,0.9773869227820767,0.005
2,1127,9131,0.001961792626943161,0.001961792626943161,0.97747219138369,0.005
2,1128,9132,0.0017681120220115333,0.0017681120220115333,0.9789250188249998,0.005
2,1129,9133,0.0014864425965329885,0.0014864425965329885,0.9763710115880837,0.005
2,1130,9134,0.001708626439208539,0.001708626439208539,0.9778896947374248,0.005
2,1131,9135,0.001825800450528704,0.001825800450528704,0.9773840129577864,0.005
2,1132,9136,0.0013233179258400909,0.0013233179258400909,0.9783598122092817,0.005
2,1133,9137,0.0014062868576582889,0.0014062868576582889,0.9794884950353384,0.005
2,1134,9138,0.0015126191597173112,0.0015126191597173112,0.9795282558679698,0.005
2,1135,9139,0.0013551603301334848,0.0013551603301334848,0.9750704890844937,0.005
2,1136,9140,0.0015339779157671541,0.0015339779157671541,0.9796454513905145,0.005
2,1137,9141,0.0016703636817056822,0.0016703636817056822,0.9798337336784385,0.005
2,1138,9142,0.0021057829243421146,0.0021057829243421146,0.9780779916200565,0.005
2,1139,9143,0.0016775891178135926,0.0016775891178135926,0.9770343760541823,0.005
2,1140,9144,0.001560044641081154,0.001560044641081154,0.977034050696986,0.005
2,1141,9145,0.0016942190482957355,0.0016942190482957355,0.9796395049008468,0.005
2,1142,9146,0.0015788648226306213,0.0015788648226306213,0.978890479934141,0.005
2,1143,9147,0.001669494272570491,0.001669494272570491,0.979328623065707,0.005
2,1144,9148,0.0014788599550454172,0.0014788599550454172,0.9782828703814087,0.005
2,1145,9149,0.003939793651565565,0.003939793651565565,0.9740730118203439,0.005
2,1146,9150,0.001734975068517627,0.001734975068517627,0.9766289596632456,0.005
2,1147,9151,0.001725045209520667,0.001725045209520667,0.9789314561372103,0.005
2,1148,9152,0.0016888078225077397,0.0016888078225077397,0.9776811065232136,0.005
2,1149,9153,0.001491042864959069,0.001491042864959069,0.9788525538038274,0.005
2,1150,9154,0.001812700857727868,0.001812700857727868,0.9802122562803572,0.005
2,1151,9155,0.0016870668796171925,0.0016870668796171925,0.9790532856819854,0.005
2,1152,9156,0.0014412919942820336,0.0014412919942820336,0.9786018385178674,0.005
2,1153,9157,0.0016902775062676077,0.0016902775062676077,0.9788524910572582,0.005
2,1154,9158,0.001621007821130819,0.001621007821130819,0.9763908483594141,0.005
2,1155,9159,0.0013449492105524076,0.0013449492105524076,0.9769111050790136,0.005
2,1156,9160,0.0014324591556053436,0.0014324591556053436,0.976902419466238,0.005
2,1157,9161,0.001588597448921035,0.001588597448921035,0.9779351135319824,0.005
2,1158,9162,0.0019734929840840377,0.0019734929840840377,0.9769421441653758,0.005
2,1159,9163,0.0015943367206884198,0.0015943367206884198,0.977751940517045,0.005
2,1160,9164,0.001409778635970854,0.001409778635970854,0.9786976740109026,0.005
2,1161,9165,0.0014463383805635589,0.0014463383805635589,0.9790061247935599,0.005
2,1162,9166,0.0016495666744380066,0.0016495666744380066,0.9778614670553325,0.005
2,1163,9167,0.0013513561511980742,0.0013513561511980742,0.9772868962879155,0.005
2,1164,9168,0.0012682624135202467,0.0012682624135202467,0.9780346144558862,0.005
2,1165,9169,0.0015967823779555056,0.0015967823779555056,0.9786137267749393,0.005
2,1166,9170,0.001756259214036693,0.001756259214036693,0.9794426958804183,0.005
2,1167,9171,0.001821035675886914,0.001821035675886914,0.9774412013963433,0.005
2,1168,9172,0.002273297254494613,0.002273297254494613,0.9766048476994649,0.005
2,1169,9173,0.0014956454194169889,0.0014956454194169889,0.9789993680852574,0.005
2,1170,9174,0.0016638031568616974,0.0016638031568616974,0.9798725046476077,0.005
2,1171,9175,0.0017639739849588476,0.0017639739849588476,0.9797295358308562,0.005
2,1172,9176,0.001560547738466238,0.001560547738466238,0.9779320343458232,0.005
2,1173,9177,0.0013777054824908252,0.0013777054824908252,0.9777943728982571,0.005
2,1174,9178,0.0021413512794601396,0.0021413512794601396,0.9786782129084092,0.005
2,1175,9179,0.002907173161701556,0.002907173161701556,0.9753122197575915,0.005
2,1176,9180,0.00217311274426657,0.00217311274426657,0.9760566428749073,0.005
2,1177,9181,0.001431481380201728,0.001431481380201728,0.9772945049766851,0.005
2,1178,9182,0.0016061130926281952,0.0016061130926281952,0.9781644871458417,0.005
2,1179,9183,0.0014966769559945714,0.0014966769559945714,0.9765253903043625,0.005
2,1180,9184,0.0015567255088840815,0.0015567255088840815,0.977760882230866,0.005
2,1181,9185,0.0013447491230506813,0.0013447491230506813,0.9778868018130108,0.005
2,1182,9186,0.0011680455708183378,0.0011680455708183378,0.9767258694365579,0.005
2,1183,9187,0.0020380045466322906,0.0020380045466322906,0.9780702345476475,0.005
2,1184,9188,0.0020248317430008756,0.0020248317430008756,0.9807426020554576,0.005
2,1185,9189,0.0017910863310058455,0.0017910863310058455,0.9768987786322753,0.005
2,1186,9190,0.0019502955221783916,0.0019502955221783916,0.9784112061614808,0.005
2,1187,9191,0.0016766924405600958,0.0016766924405600958,0.9801718918127532,0.005
2,1188,9192,0.001564175114880333,0.001564175114880333,0.9781831803566787,0.005
2,1189,9193,0.0014924002350577047,0.0014924002350577047,0.9762554318103689,0.005
2,1190,9194,0.0016052278995755211,0.0016052278995755211,0.9765637313687939,0.005
2,1191,9195,0.0017992515227916851,0.0017992515227916851,0.9791659123013094,0.005
2,1192,9196,0.0015397136716664593,0.0015397136716664593,0.9792049719280633,0.005
2,1193,9197,0.0014947956721903487,0.0014947956721903487,0.978704633605215,0.005
2,1194,9198,0.0020675239110396005,0.0020675239110396005,0.9793537904001914,0.005
2,1195,9199,0.0019760115788056676,0.0019760115788056676,0.978736973885152,0.005
2,1196,9200,0.001827167403360992,0.001827167403360992,0.9799539623793734,0.005
2,1197,9201,0.0018169099216960262,0.0018169099216960262,0.9790421028045985,0.005
2,1198,9202,0.002970407827496632,0.002970407827496632,0.9754092803703465,0.005
2,1199,9203,0.0017521495414260658,0.0017521495414260658,0.9780384967755867,0.005
2,1200,9204,0.001470543600857026,0.001470543600857026,0.9788450056875272,0.005
2,1201,9205,0.0016641800078425095,0.0016641800078425095,0.9788625424486327,0.005
2,1202,9206,0.0018937390502769115,0.0018937390502769115,0.9771839260949962,0.005
2,1203,9207,0.0022927221371744234,0.0022927221371744234,0.9772415089764888,0.005
2,1204,9208,0.0013602174645865816,0.0013602174645865816,0.9764750843003444,0.005
2,1205,9209,0.0013237468424572687,0.0013237468424572687,0.977998813283904,0.005
2,1206,9210,0.0014628478418666458,0.0014628478418666458,0.9783833102756504,0.005
2,1207,9211,0.0016592349147792195,0.0016592349147792195,0.9785622993665649,0.005
2,1208,9212,0.001351620647973515,0.001351620647973515,0.9770046017717942,0.005
2,1209,9213,0.0020768390860594534,0.0020768390860594534,0.9768140197475983,0.005
2,1210,9214,0.001573037485711787,0.001573037485711787,0.9784617585938126,0.005
2,1211,9215,0.0016303851902020306,0.0016303851902020306,0.9783282866467686,0.005
2,1212,9216,0.0017273514351376462,0.0017273514351376462,0.9773648038708451,0.005
2,1213,9217,0.001395728244751222,0.001395728244751222,0.9776412893640891,0.005
2,1214,9218,0.0019575569736150046,0.0019575569736150046,0.977102671383779,0.005
2,1215,9219,0.0022141381634887105,0.0022141381634887105,0.9777499102377788,0.005
2,1216,9220,0.0015525386214208436,0.0015525386214208436,0.9785834356449098,0.005
2,1217,9221,0.0012854010088486569,0.0012854010088486569,0.9776279411317886,0.005
2,1218,9222,0.0014976079067200833,0.0014976079067200833,0.9770821661944041,0.005
2,1219,9223,0.0015634937130621486,0.0015634937130621486,0.9789434750471452,0.005
2,1220,9224,0.001652295868192616,0.001652295868192616,0.9784735687533936,0.005
2,1221,9225,0.0016199878503014875,0.0016199878503014875,0.9772649243894085,0.005
2,1222,9226,0.0016337583981159256,0.0016337583981159256,0.9773152626282549,0.005
2,1223,9227,0.0014281113479516984,0.0014281113479516984,0.97949545827841,0.005
2,1224,9228,0.0018741098164493579,0.0018741098164493579,0.9776972901573918,0.005
2,1225,9229,0.0013119586032746566,0.0013119586032746566,0.9760430143155769,0.005
2,1226,9230,0.0018593986253851048,0.0018593986253851048,0.9774463023531822,0.005
2,1227,9231,0.0016251453372029478,0.0016251453372029478,0.9794618835163571,0.005
2,1228,9232,0.0015667394257101775,0.0015667394257101775,0.9790811213976744,0.005
2,1229,9233,0.0016703255618506253,0.0016703255618506253,0.979883332230807,0.005
2,1230,9234,0.0013873036041565311,0.0013873036041565311,0.9783042781261139,0.005
2,1231,9235,0.0029570603420812093,0.0029570603420812093,0.9754497543048469,0.005
2,1232,9236,0.0018797683798307363,0.0018797683798307363,0.9795710438132453,0.005
2,1233,9237,0.00127000398052609,0.00127000398052609,0.9783012208507553,0.005
2,1234,9238,0.002096905558300326,0.002096905558300326,0.9803092179865568,0.005
2,1235,9239,0.001319400045141318,0.001319400045141318,0.9771383995441775,0.005
2,1236,9240,0.0015461648610573964,0.0015461648610573964,0.9787070611231431,0.005
2,1237,9241,0.0015194106255067108,0.0015194106255067108,0.9787799137752357,0.005
2,1238,9242,0.0015766925665192488,0.0015766925665192488,0.9790396887074307,0.005
2,1239,9243,0.0019003644210022087,0.0019003644210022087,0.9805761573692944,0.005
2,1240,9244,0.0015205393847800876,0.0015205393847800876,0.9780564383781605,0.005
2,1241,9245,0.001321714556138104,0.001321714556138104,0.9783564503432716,0.005
2,1242,9246,0.0015807641860991184,0.0015807641860991184,0.9767571284424569,0.005
2,1243,9247,0.0015388488808834124,0.0015388488808834124,0.9773767066749992,0.005
2,1244,9248,0.00166901392637268,0.00166901392637268,0.9784947660997463,0.005
2,1245,9249,0.0017952071659459957,0.0017952071659459957,0.9766998216854551,0.005
2,1246,9250,0.0018478715877565666,0.0018478715877565666,0.9758964336024106,0.005
2,1247,9251,0.001650143296523029,0.001650143296523029,0.9763312851214436,0.005
2,1248,9252,0.0018750144059774022,0.0018750144059774022,0.9770858380846378,0.005
2,1249,9253,0.001509672620621967,0.001509672620621967,0.977357069007692,0.005
2,1250,9254,0.0018374781286208263,0.0018374781286208263,0.9768511814859687,0.005
2,1251,9255,0.0016838337918272982,0.0016838337918272982,0.9782543037860851,0.005
2,1252,9256,0.0016916033371717632,0.0016916033371717632,0.9772672394484059,0.005
2,1253,9257,0.0017289268075190356,0.0017289268075190356,0.9777266182230764,0.005
2,1254,9258,0.0013762295604121955,0.0013762295604121955,0.9772397296537013,0.005
2,1255,9259,0.001313456188232838,0.001313456188232838,0.9783102675712358,0.005
2,1256,9260,0.0012810348701472554,0.0012810348701472554,0.9789220653896306,0.005
2,1257,9261,0.001442915508915833,0.001442915508915833,0.9774092737284741,0.005
2,1258,9262,0.0018789383555135476,0.0018789383555135476,0.9798606651765975,0.005
2,1259,9263,0.0016326981885985436,0.0016326981885985436,0.976585553386195,0.005
2,1260,9264,0.0025122190810025935,0.0025122190810025935,0.9758061858478632,0.005
2,1261,9265,0.0017561799391858412,0.0017561799391858412,0.9779616130340094,0.005
2,1262,9266,0.0013210132427811062,0.0013210132427811062,0.9781405039315242,0.005
2,1263,9267,0.0016383841435000015,0.0016383841435000015,0.9791462542178632,0.005
2,1264,9268,0.0018319174087733313,0.0018319174087733313,0.9794414854670317,0.005
2,1265,9269,0.002122061248478817,0.002122061248478817,0.9779822092003095,0.005
2,1266,9270,0.0015909124409671628,0.0015909124409671628,0.9788760366417508,0.005
2,1267,9271,0.0016333045768149566,0.0016333045768149566,0.9790313483030383,0.005
2,1268,9272,0.001518479701960397,0.001518479701960397,0.9788777456380793,0.005
2,1269,9273,0.0015603648526464097,0.0015603648526464097,0.9769096977635009,0.005
2,1270,9274,0.0017453228300771519,0.0017453228300771519,0.9780085368418706,0.005
2,1271,9275,0.0021809714415455027,0.0021809714415455027,0.9764520291376659,0.005
2,1272,9276,0.001642549519478237,0.001642549519478237,0.97750259209894,0.005
2,1273,9277,0.0016782114802536417,0.0016782114802536417,0.978643077960605,0.005
2,1274,9278,0.001478634772123666,0.001478634772123666,0.9760382629368595,0.005
2,1275,9279,0.0015780204377822938,0.0015780204377822938,0.9791726975416075,0.005
2,1276,9280,0.0015338226302763912,0.0015338226302763912,0.9775870527846583,0.005
2,1277,9281,0.0012732601301320245,0.0012732601301320245,0.9789363354422884,0.005
2,1278,9282,0.0016414974756594257,0.0016414974756594257,0.9786230757656548,0.005
2,1279,9283,0.0015730897215193696,0.0015730897215193696,0.9782912395831933,0.005
2,1280,9284,0.0013763363272155061,0.0013763363272155061,0.9757704074763057,0.005
2,1281,9285,0.0015385887929207365,0.0015385887929207365,0.9757682248904741,0.005
2,1282,9286,0.001662654562975403,0.001662654562975403,0.9789949460047419,0.005
2,1283,9287,0.0016653371836414833,0.0016653371836414833,0.9776201227946688,0.005
2,1284,9288,0.0022045021633983084,0.0022045021633983084,0.9769924799782271,0.005
2,1285,9289,0.0016197962433758429,0.0016197962433758429,0.9780798760971317,0.005
2,1286,9290,0.0015772952651768478,0.0015772952651768478,0.9778637631491944,0.005
2,1287,9291,0.003349606865085556,0.003349606865085556,0.9764128246499207,0.005
2,1288,9292,0.001731777046076586,0.001731777046076586,0.9787603421266391,0.005
2,1289,9293,0.0014006324525918648,0.0014006324525918648,0.9793728007413426,0.005
2,1290,9294,0.001463071594344143,0.001463071594344143,0.9797208635470621,0.005
2,1291,9295,0.001614562432613945,0.001614562432613945,0.9786533552117591,0.005
2,1292,9296,0.0016161930214951292,0.0016161930214951292,0.9766586390963731,0.005
2,1293,9297,0.0016011677426702965,0.0016011677426702965,0.9800952778042742,0.005
2,1294,9298,0.0018307199410001927,0.0018307199410001927,0.980087363726055,0.005
2,1295,9299,0.0017490800644668714,0.0017490800644668714,0.9795506847372581,0.005
2,1296,9300,0.0012494898447255021,0.0012494898447255021,0.9778197308437936,0.005
2,1297,9301,0.002670484163611803,0.002670484163611803,0.9771308276365895,0.005
2,1298,9302,0.0013306633756632615,0.0013306633756632615,0.9773798638520196,0.005
2,1299,9303,0.0023625353870976662,0.0023625353870976662,0.9748577262329254,0.005
2,1300,9304,0.0015476244014243936,0.0015476244014243936,0.978297176751504,0.005
2,1301,9305,0.001616531540573707,0.001616531540573707,0.9793643165171776,0.005
2,1302,9306,0.0016871466239337042,0.0016871466239337042,0.9778132803250578,0.005
2,1303,9307,0.001605614424639613,0.001605614424639613,0.9770504660019855,0.005
2,1304,9308,0.0017556238737807793,0.0017556238737807793,0.9770646197530117,0.005
2,1305,9309,0.0019689560550898654,0.0019689560550898654,0.9778113350679168,0.005
2,1306,9310,0.002235375991870684,0.002235375991870684,0.9797638356161157,0.005
2,1307,9311,0.0018826105834416364,0.0018826105834416364,0.9773131797339241,0.005
2,1308,9312,0.001869349771798342,0.001869349771798342,0.9789878171339097,0.005
2,1309,9313,0.0014721231216229557,0.0014721231216229557,0.9778131573380652,0.005
2,1310,9314,0.001560318696912979,0.001560318696912979,0.9796514178497561,0.005
2,1311,9315,0.0016326502525792663,0.0016326502525792663,0.9788898956223523,0.005
2,1312,9316,0.0014078504870881792,0.0014078504870881792,0.9777582722820706,0.005
2,1313,9317,0.0015525153268699898,0.0015525153268699898,0.9781721702702515,0.005
2,1314,9318,0.0017575220410799817,0.0017575220410799817,0.9780548492934226,0.005
2,1315,9319,0.0015672630429006118,0.0015672630429006118,0.9771520251342409,0.005
2,1316,9320,0.0017215206903882885,0.0017215206903882885,0.9793622171432722,0.005
2,1317,9321,0.0015471294802130477,0.0015471294802130477,0.9790964921412888,0.005
2,1318,9322,0.00156499314820425,0.00156499314820425,0.9786226267702354,0.005
2,1319,9323,0.0018196946070936524,0.0018196946070936524,0.9778262200101913,0.005
2,1320,9324,0.0013944965237147856,0.0013944965237147856,0.978648882215146,0.005
2,1321,9325,0.0014207740720967822,0.0014207740720967822,0.9777440731484877,0.005
2,1322,9326,0.0015517657675611896,0.0015517657675611896,0.9783042321548135,0.005
2,1323,9327,0.001546900854398805,0.001546900854398805,0.97855627758696,0.005
2,1324,9328,0.0016239913717570299,0.0016239913717570299,0.9784470942749574,0.005
2,1325,9329,0.001970951338354988,0.001970951338354988,0.9779232703629153,0.005
2,1326,9330,0.0015031709694640727,0.0015031709694640727,0.9769052331900309,0.005
2,1327,9331,0.0014998723201854946,0.0014998723201854946,0.978917609918875,0.005
2,1328,9332,0.0017467898016999596,0.0017467898016999596,0.9783146652795135,0.005
2,1329,9333,0.0019283896037645587,0.0019283896037645587,0.9792069121758725,0.005
2,1330,9334,0.0014813446723833125,0.0014813446723833125,0.9775453940436041,0.005
2,1331,9335,0.0015357579624500194,0.0015357579624500194,0.9784412757893061,0.005
2,1332,9336,0.0012859188210800267,0.0012859188210800267,0.9785129392159688,0.005
2,1333,9337,0.001562683091062177,0.001562683091062177,0.9778855529037704,0.005
2,1334,9338,0.0016869660089109807,0.0016869660089109807,0.9772275333765462,0.005
2,1335,9339,0.0017198183818876167,0.0017198183818876167,0.9774363352685953,0.005
2,1336,9340,0.001582437512782724,0.001582437512782724,0.9784554689096524,0.005
2,1337,9341,0.001450137664711343,0.001450137664711343,0.9778997691230785,0.005
2,1338,9342,0.001578066014825079,0.001578066014825079,0.9776729932576252,0.005
2,1339,9343,0.0015556628312658138,0.0015556628312658138,0.9766698158132757,0.005
2,1340,9344,0.0014763517816231764,0.0014763517816231764,0.9761443055629294,0.005
2,1341,9345,0.0012263372188276,0.0012263372188276,0.9754045030421747,0.005
2,1342,9346,0.0014250278649471627,0.0014250278649471627,0.9797944469934623,0.005
2,1343,9347,0.0013268506388157885,0.0013268506388157885,0.9784197919152796,0.005
2,1344,9348,0.0015277770219393673,0.0015277770219393673,0.978045738945855,0.005
2,1345,9349,0.001299103610623622,0.001299103610623622,0.9766257000588394,0.005
2,1346,9350,0.002126360350565426,0.002126360350565426,0.9765147341276293,0.005
2,1347,9351,0.0015514916177081827,0.0015514916177081827,0.9767299400699538,0.005
2,1348,9352,0.0013418737605818752,0.0013418737605818752,0.9788030158757948,0.005
2,1349,9353,0.0012499085616025254,0.0012499085616025254,0.9781562050634431,0.005
2,1350,9354,0.0012701538619363305,0.0012701538619363305,0.9774300463502273,0.005
2,1351,9355,0.0018432575162105847,0.0018432575162105847,0.978986521835431,0.005
2,1352,9356,0.0013427096396519689,0.0013427096396519689,0.977593648137352,0.005
2,1353,9357,0.001773083785134333,0.001773083785134333,0.9759370472945448,0.005
2,1354,9358,0.0015373885058889837,0.0015373885058889837,0.9752013022236697,0.005
2,1355,9359,0.0016604665681144073,0.0016604665681144073,0.9790107482668473,0.005
2,1356,9360,0.0017071221464138842,0.0017071221464138842,0.978447285527423,0.005
2,1357,9361,0.001593450223024173,0.001593450223024173,0.9779762104901162,0.005
2,1358,9362,0.0014141293161778557,0.0014141293161778557,0.9785129184065413,0.005
2,1359,9363,0.0014106278318328424,0.0014106278318328424,0.9775615882439692,0.005
2,1360,9364,0.0012717422772388098,0.0012717422772388098,0.9773980507116065,0.005
2,1361,9365,0.001592265986095126,0.001592265986095126,0.9780136746974674,0.005
2,1362,9366,0.0016112976590361861,0.0016112976590361861,0.9783992218685049,0.005
2,1363,9367,0.0014857610944611155,0.0014857610944611155,0.9780246980670418,0.005
2,1364,9368,0.0013109799874053906,0.0013109799874053906,0.9783750436883734,0.005
2,1365,9369,0.001631100650965951,0.001631100650965951,0.977444944658284,0.005
2,1366,9370,0.0017415990879837784,0.0017415990879837784,0.9777402392850524,0.005
2,1367,9371,0.0012211565205264264,0.0012211565205264264,0.9777316610194867,0.005
2,1368,9372,0.0019344997497835947,0.0019344997497835947,0.9780948908343059,0.005
2,1369,9373,0.0016302116634153397,0.0016302116634153397,0.9756792595466764,0.005
2,1370,9374,0.0016936950769185343,0.0016936950769185343,0.9775603126586303,0.005
2,1371,9375,0.0017633649114454741,0.0017633649114454741,0.9781712182405286,0.005
2,1372,9376,0.001216115388966449,0.001216115388966449,0.978292159320608,0.005
2,1373,9377,0.0014320861355762195,0.0014320861355762195,0.9765543881831127,0.005
2,1374,9378,0.001327967546394635,0.001327967546394635,0.9785996730164959,0.005
2,1375,9379,0.0012611276696818164,0.0012611276696818164,0.9783822989497789,0.005
2,1376,9380,0.0019510305282030816,0.0019510305282030816,0.976533190654772,0.005
2,1377,9381,0.001657768389938692,0.001657768389938692,0.9787639555277098,0.005
2,1378,9382,0.001743435156746318,0.001743435156746318,0.9787428661987131,0.005
2,1379,9383,0.0014310933641802903,0.0014310933641802903,0.9784989181197207,0.005
2,1380,9384,0.0016359633353280668,0.0016359633353280668,0.976861570391499,0.005
2,1381,9385,0.001940258368488308,0.001940258368488308,0.9779972790898219,0.005
2,1382,9386,0.0016231360345606795,0.0016231360345606795,0.9754819853010454,0.005
2,1383,9387,0.0016091761062475163,0.0016091761062475163,0.9781867815461598,0.005
2,1384,9388,0.001112043806027834,0.001112043806027834,0.977371348264171,0.005
2,1385,9389,0.0014310853557552919,0.0014310853557552919,0.9783201011042221,0.005
2,1386,9390,0.0015885389981111896,0.0015885389981111896,0.9783245498295706,0.005
2,1387,9391,0.0015684027000167366,0.0015684027000167366,0.9777428108323711,0.005
2,1388,9392,0.001450061238238457,0.001450061238238457,0.9790622228249876,0.005
2,1389,9393,0.0012502517723900087,0.0012502517723900087,0.9770437954144169,0.005
2,1390,9394,0.0014771803692906738,0.0014771803692906738,0.9778551441092889,0.005
2,1391,9395,0.0017873218438610662,0.0017873218438610662,0.9761957582040083,0.005
2,1392,9396,0.0015775341476248895,0.0015775341476248895,0.977056871890551,0.005
2,1393,9397,0.0018638413554959044,0.0018638413554959044,0.9786417254418502,0.005
2,1394,9398,0.0016574994373399156,0.0016574994373399156,0.9790872815664158,0.005
2,1395,9399,0.0014173042788624857,0.0014173042788624857,0.9766874592486158,0.005
2,1396,9400,0.0014840894297164374,0.0014840894297164374,0.9785472131512171,0.005
2,1397,9401,0.001489396811992787,0.001489396811992787,0.9787359031465043,0.005
2,1398,9402,0.0015630836866807728,0.0015630836866807728,0.9789664218743734,0.005
2,1399,9403,0.0015818564327869955,0.0015818564327869955,0.9778738663594532,0.005
2,1400,9404,0.0015989079959897868,0.0015989079959897868,0.9786242579019114,0.005
2,1401,9405,0.001782349844891681,0.001782349844891681,0.9794100922407557,0.005
2,1402,9406,0.0015858404555290561,0.0015858404555290561,0.9782624475101254,0.005
2,1403,9407,0.0015706380796963947,0.0015706380796963947,0.9785672692158105,0.005
2,1404,9408,0.0018236217409312017,0.0018236217409312017,0.9786741051171045,0.005
2,1405,9409,0.0012076607843286634,0.0012076607843286634,0.977536573292562,0.005
2,1406,9410,0.0013079218332938904,0.0013079218332938904,0.9765875322297567,0.005
2,1407,9411,0.00186133333690786,0.00186133333690786,0.9764017231359882,0.005
2,1408,9412,0.0018750639365833943,0.0018750639365833943,0.9756462622203217,0.005
2,1409,9413,0.0014612663104726534,0.0014612663104726534,0.9765711034506811,0.005
2,1410,9414,0.0015023240620466083,0.0015023240620466083,0.9763796379435499,0.005
2,1411,9415,0.001869901206043646,0.001869901206043646,0.977904845659469,0.005
2,1412,9416,0.0013126207834165415,0.0013126207834165415,0.9782223072667352,0.005
2,1413,9417,0.0013918073618558189,0.0013918073618558189,0.9777624896622252,0.005
2,1414,9418,0.0017863114924279678,0.0017863114924279678,0.9766915140174963,0.005
2,1415,9419,0.0014554178637463367,0.0014554178637463367,0.9785028901697453,0.005
2,1416,9420,0.0013992847527051389,0.0013992847527051389,0.9781283630873399,0.005
2,1417,9421,0.0015771593168129672,0.0015771593168129672,0.9791278730200277,0.005
2,1418,9422,0.0014384258174958231,0.0014384258174958231,0.9790604017883281,0.005
2,1419,9423,0.0016250702738703116,0.0016250702738703116,0.9775849798499414,0.005
2,1420,9424,0.001420559480926119,0.001420559480926119,0.9785826338405794,0.005
2,1421,9425,0.0014345795943481875,0.0014345795943481875,0.9777663281674396,0.005
2,1422,9426,0.002158851948513019,0.002158851948513019,0.9751435524477305,0.005
2,1423,9427,0.0014064348933065939,0.0014064348933065939,0.9780707667107971,0.005
2,1424,9428,0.001391777332855284,0.001391777332855284,0.9780713568451996,0.005
2,1425,9429,0.0014429936873437276,0.0014429936873437276,0.9782308480706077,0.005
2,1426,9430,0.0016998721422591657,0.0016998721422591657,0.9774450742746784,0.005
2,1427,9431,0.0013789290219865069,0.0013789290219865069,0.9786278921905752,0.005
2,1428,9432,0.0017258524844313617,0.0017258524844313617,0.9791985167287953,0.005
2,1429,9433,0.0013790870068766839,0.0013790870068766839,0.978450587829158,0.005
2,1430,9434,0.0016410441726088998,0.0016410441726088998,0.9769411670492817,0.005
2,1431,9435,0.001769272894808166,0.001769272894808166,0.9782327330479839,0.005
2,1432,9436,0.0014512813565869531,0.0014512813565869531,0.9772977405847872,0.005
2,1433,9437,0.0015655422035744803,0.0015655422035744803,0.9758423844542362,0.005
2,1434,9438,0.001637581170316632,0.001637581170316632,0.9785101705788766,0.005
2,1435,9439,0.001603276253128576,0.001603276253128576,0.9789142624123939,0.005
2,1436,9440,0.0013807575857111066,0.0013807575857111066,0.9787393119714453,0.005
2,1437,9441,0.0019364173203379432,0.0019364173203379432,0.9779695803387202,0.005
2,1438,9442,0.0013890838819133567,0.0013890838819133567,0.9791306537385568,0.005
2,1439,9443,0.0017677561181061797,0.0017677561181061797,0.9762142229465143,0.005
2,1440,9444,0.0012036191029151213,0.0012036191029151213,0.9776693844410841,0.005
2,1441,9445,0.001661862488072071,0.001661862488072071,0.9770817692165369,0.005
2,1442,9446,0.001646061117887242,0.001646061117887242,0.9769934491122124,0.005
2,1443,9447,0.0015143073709703691,0.0015143073709703691,0.9774624521936829,0.005
2,1444,9448,0.0022700169218981036,0.0022700169218981036,0.9752669401931319,0.005
2,1445,9449,0.0015846772677565505,0.0015846772677565505,0.9788072908626996,0.005
2,1446,9450,0.0014464011422198398,0.0014464011422198398,0.978545893113142,0.005
2,1447,9451,0.002000084306530515,0.002000084306530515,0.9763397003769102,0.005
2,1448,9452,0.002874007127425821,0.002874007127425821,0.9743127169858486,0.005
2,1449,9453,0.0015589463533218985,0.0015589463533218985,0.9786988741784867,0.005
2,1450,9454,0.0019182820400728729,0.0019182820400728729,0.9807561700647756,0.005
2,1451,9455,0.0014766921462970339,0.0014766921462970339,0.9785916380371582,0.005
2,1452,9456,0.0024878030699435447,0.0024878030699435447,0.9764009131542093,0.005
2,1453,9457,0.0014042179364330142,0.0014042179364330142,0.9794237890354571,0.005
2,1454,9458,0.0016476449003392391,0.0016476449003392391,0.978481968319631,0.005
2,1455,9459,0.0020870405967766516,0.0020870405967766516,0.9767741464676416,0.005
2,1456,9460,0.001393951035107812,0.001393951035107812,0.9794327664385214,0.005
2,1457,9461,0.0015898198420711551,0.0015898198420711551,0.9763469175103561,0.005
2,1458,9462,0.0016097295056393046,0.0016097295056393046,0.9785751313809411,0.005
2,1459,9463,0.0015333199953261357,0.0015333199953261357,0.9790080832385085,0.005
2,1460,9464,0.0015445491923816567,0.0015445491923816567,0.9769253690178282,0.005
2,1461,9465,0.001293139120657789,0.001293139120657789,0.9773012525940702,0.005
2,1462,9466,0.0017106176490975012,0.0017106176490975012,0.9790276426369711,0.005
2,1463,9467,0.0015253767275133123,0.0015253767275133123,0.9778216568125885,0.005
2,1464,9468,0.001864633553964975,0.001864633553964975,0.9791857746395644,0.005
2,1465,9469,0.001589730422397908,0.001589730422397908,0.979349308659892,0.005
2,1466,9470,0.0017575519974979625,0.0017575519974979625,0.9769577166117984,0.005
2,1467,9471,0.001498974014227662,0.001498974014227662,0.9791749360523118,0.005
2,1468,9472,0.0017475797819840454,0.0017475797819840454,0.9778837175438938,0.005
2,1469,9473,0.0012105274196904014,0.0012105274196904014,0.9778889980926335,0.005
2,1470,9474,0.0016397904210876668,0.0016397904210876668,0.9788092599584983,0.005
2,1471,9475,0.0015524169676402622,0.0015524169676402622,0.9770671392084873,0.005
2,1472,9476,0.0016137069020556063,0.0016137069020556063,0.9790456295651503,0.005
2,1473,9477,0.0016963534814476956,0.0016963534814476956,0.9796006451572978,0.005
2,1474,9478,0.001476207155804472,0.001476207155804472,0.9773694343728428,0.005
2,1475,9479,0.0023932259237019827,0.0023932259237019827,0.9757674588435322,0.005
2,1476,9480,0.0015037516264315698,0.0015037516264315698,0.977434746920146,0.005
2,1477,9481,0.002739068583371144,0.002739068583371144,0.9749201944050034,0.005
2,1478,9482,0.0013559509880916754,0.0013559509880916754,0.9787847859070983,0.005
2,1479,9483,0.001841630722929182,0.001841630722929182,0.9786336218680456,0.005
2,1480,9484,0.001723623484689376,0.001723623484689376,0.977941766661,0.005
2,1481,9485,0.0012988349801105457,0.0012988349801105457,0.9784169431493156,0.005
2,1482,9486,0.0025988093755490017,0.0025988093755490017,0.9756755179370923,0.005
2,1483,9487,0.0018843281467618347,0.0018843281467618347,0.9807745888061644,0.005
2,1484,9488,0.0015835689250740038,0.0015835689250740038,0.9783731453101602,0.005
2,1485,9489,0.0014821941336876088,0.0014821941336876088,0.9781637379679671,0.005
2,1486,9490,0.0015920694676930924,0.0015920694676930924,0.9782412277226639,0.005
2,1487,9491,0.0018292058874891958,0.0018292058874891958,0.9795234422577557,0.005
2,1488,9492,0.0014239599472338194,0.0014239599472338194,0.9781649430183196,0.005
2,1489,9493,0.0014571650973758254,0.0014571650973758254,0.978664081580935,0.005
2,1490,9494,0.0017297486684436049,0.0017297486684436049,0.9774771926120069,0.005
2,1491,9495,0.0012909722235867906,0.0012909722235867906,0.9788069858629257,0.005
2,1492,9496,0.0014374128439615197,0.0014374128439615197,0.9794294249021596,0.005
2,1493,9497,0.0015633570925049568,0.0015633570925049568,0.976721690542881,0.005
2,1494,9498,0.0017700994717954799,0.0017700994717954799,0.9787749663187096,0.005
2,1495,9499,0.0012887562801568964,0.0012887562801568964,0.9760575548572114,0.005
2,1496,9500,0.0016166866626310273,0.0016166866626310273,0.9785488503684298,0.005
2,1497,9501,0.0017688413342574903,0.0017688413342574903,0.9777014906973669,0.005
2,1498,9502,0.0017910568555198258,0.0017910568555198258,0.9784458562321919,0.005
2,1499,9503,0.0019463686693431894,0.0019463686693431894,0.9773923593033151,0.005
2,1500,9504,0.0015739357953686284,0.0015739357953686284,0.9772897554096908,0.005
2,1501,9505,0.0016980426287405304,0.0016980426287405304,0.9769776865501701,0.005
2,1502,9506,0.001585216221424116,0.001585216221424116,0.9757737649803753,0.005
2,1503,9507,0.001936213503076224,0.001936213503076224,0.9761020355662972,0.005
2,1504,9508,0.0015486055223955832,0.0015486055223955832,0.9777916842416017,0.005
2,1505,9509,0.0016298559376583667,0.0016298559376583667,0.9787889750220506,0.005
2,1506,9510,0.0013970841473244303,0.0013970841473244303,0.9781304152550787,0.005
2,1507,9511,0.001615127678512862,0.001615127678512862,0.9781898317582985,0.005
2,1508,9512,0.0012614518616312666,0.0012614518616312666,0.9776084392877853,0.005
2,1509,9513,0.0012453404514229393,0.0012453404514229393,0.9782896454042773,0.005
2,1510,9514,0.0013095320021699996,0.0013095320021699996,0.9773578253489527,0.005
2,1511,9515,0.0014887078657688513,0.0014887078657688513,0.9789135375924318,0.005
2,1512,9516,0.0017198624325588906,0.0017198624325588906,0.9794687989272678,0.005
2,1513,9517,0.001481061902613644,0.001481061902613644,0.9789304101835369,0.005
2,1514,9518,0.0015788367704241079,0.0015788367704241079,0.978957812229706,0.005
2,1515,9519,0.0014182794339133433,0.0014182794339133433,0.9784473236570536,0.005
2,1516,9520,0.0014682231359440512,0.0014682231359440512,0.976517397897598,0.005
2,1517,9521,0.0013746984192727573,0.0013746984192727573,0.9768253229846026,0.005
2,1518,9522,0.0019028573510363046,0.0019028573510363046,0.977366840743621,0.005
2,1519,9523,0.0016058489828136625,0.0016058489828136625,0.9785472082326793,0.005
2,1520,9524,0.0020374560300796397,0.0020374560300796397,0.9770745036703385,0.005
2,1521,9525,0.0015761122939420503,0.0015761122939420503,0.9789759824610937,0.005
2,1522,9526,0.0022157753570439106,0.0022157753570439106,0.9775199845339793,0.005
2,1523,9527,0.0013446459655901831,0.0013446459655901831,0.9776447601460642,0.005
2,1524,9528,0.0015011715280042082,0.0015011715280042082,0.9780261891297533,0.005
2,1525,9529,0.0018329208714554458,0.0018329208714554458,0.9793915932465971,0.005
2,1526,9530,0.001447816448390714,0.001447816448390714,0.9789478194894843,0.005
2,1527,9531,0.0020543772942741957,0.0020543772942741957,0.9767979329987935,0.005
2,1528,9532,0.0015168739052532287,0.0015168739052532287,0.9766781761771057,0.005
2,1529,9533,0.0016874598637044726,0.0016874598637044726,0.9782298568634,0.005
2,1530,9534,0.0014830775899024242,0.0014830775899024242,0.9788124447480734,0.005
2,1531,9535,0.0014929950727632481,0.0014929950727632481,0.976531394780192,0.005
2,1532,9536,0.001552969155651055,0.001552969155651055,0.9782296759722988,0.005
2,1533,9537,0.001270183568356238,0.001270183568356238,0.9775773579612029,0.005
2,1534,9538,0.002339080273908242,0.002339080273908242,0.9754838847134281,0.005
2,1535,9539,0.00159496856907559,0.00159496856907559,0.9784154033180138,0.005
2,1536,9540,0.0014003862120263977,0.0014003862120263977,0.9787828008748888,0.005
2,1537,9541,0.0015950609696411423,0.0015950609696411423,0.9796537164447209,0.005
2,1538,9542,0.0015884601722304227,0.0015884601722304227,0.9784468727046737,0.005
2,1539,9543,0.00142434467972967,0.00142434467972967,0.9786652179047551,0.005
2,1540,9544,0.0017355863301168717,0.0017355863301168717,0.9776831529723544,0.005
2,1541,9545,0.00151529302841243,0.00151529302841243,0.9796417553859942,0.005
2,1542,9546,0.00200155836053301,0.00200155836053301,0.9792024987100658,0.005
2,1543,9547,0.0016937567615943738,0.0016937567615943738,0.9790653554733157,0.005
2,1544,9548,0.001933467133328266,0.001933467133328266,0.9763804453880774,0.005
2,1545,9549,0.0013066772522100734,0.0013066772522100734,0.9778871478125415,0.005
2,1546,9550,0.0019052911379336523,0.0019052911379336523,0.9796328889739069,0.005
2,1547,9551,0.0013066996036978273,0.0013066996036978273,0.9774142366368144,0.005
2,1548,9552,0.0013077820071510937,0.0013077820071510937,0.9761102565995352,0.005
2,1549,9553,0.0013919484717400598,0.0013919484717400598,0.9785181607591452,0.005
2,1550,9554,0.0015648844994480705,0.0015648844994480705,0.976319959322136,0.005
2,1551,9555,0.0022818863918972684,0.0022818863918972684,0.9765014355829416,0.005
2,1552,9556,0.0014883768942366184,0.0014883768942366184,0.9790613801984388,0.005
2,1553,9557,0.0014974923587877777,0.0014974923587877777,0.9778926139998426,0.005
2,1554,9558,0.0013457727267511686,0.0013457727267511686,0.9780799561700094,0.005
2,1555,9559,0.0014361481665663967,0.0014361481665663967,0.9782929456627124,0.005
2,1556,9560,0.0018269768223538939,0.0018269768223538939,0.9780888874983772,0.005
2,1557,9561,0.001208292127950037,0.001208292127950037,0.9780306773149944,0.005
2,1558,9562,0.0014335647935013306,0.0014335647935013306,0.9776256421388707,0.005
2,1559,9563,0.001635998299622904,0.001635998299622904,0.9779984006301102,0.005
2,1560,9564,0.0013881497364181595,0.0013881497364181595,0.9779916035054801,0.005
2,1561,9565,0.0013467807455276991,0.0013467807455276991,0.9775080066525621,0.005
2,1562,9566,0.0015971263349180832,0.0015971263349180832,0.9767209619467658,0.005
2,1563,9567,0.0013985018239636082,0.0013985018239636082,0.9781630883321981,0.005
2,1564,9568,0.0016231726389604895,0.0016231726389604895,0.9761069765113799,0.005
2,1565,9569,0.0014483581098205512,0.0014483581098205512,0.9785222132009552,0.005
2,1566,9570,0.0015463191511785547,0.0015463191511785547,0.9772327524031529,0.005
2,1567,9571,0.001494434459017703,0.001494434459017703,0.9768793765775478,0.005
2,1568,9572,0.0015688456970744192,0.0015688456970744192,0.978518123662343,0.005
2,1569,9573,0.0016156692276534047,0.0016156692276534047,0.979234185597228,0.005
2,1570,9574,0.001544259592204401,0.001544259592204401,0.9781149798094979,0.005
2,1571,9575,0.001371639232048304,0.001371639232048304,0.977608900010779,0.005
2,1572,9576,0.0023322318950858866,0.0023322318950858866,0.9768118463359176,0.005
2,1573,9577,0.001667187734572171,0.001667187734572171,0.9773212813664097,0.005
2,1574,9578,0.0025738612201452165,0.0025738612201452165,0.9762344030435245,0.005
2,1575,9579,0.0017151855897911085,0.0017151855897911085,0.9789579896199925,0.005
2,1576,9580,0.0014391839124765714,0.0014391839124765714,0.9792134003315173,0.005
2,1577,9581,0.0013895446853555017,0.0013895446853555017,0.977438176270793,0.005
2,1578,9582,0.002351203188450688,0.002351203188450688,0.9770012895314607,0.005
2,1579,9583,0.0013748510243669322,0.0013748510243669322,0.9753265498044499,0.005
2,1580,9584,0.0013643933684556286,0.0013643933684556286,0.9781805972643554,0.005
2,1581,9585,0.0015141030921620347,0.0015141030921620347,0.9779527010559956,0.005
2,1582,9586,0.0015798792838450694,0.0015798792838450694,0.9773551092485491,0.005
2,1583,9587,0.0016625703829838102,0.0016625703829838102,0.9794153192041184,0.005
2,1584,9588,0.0017692529486596953,0.0017692529486596953,0.9792605367534434,0.005
2,1585,9589,0.0017896763719439412,0.0017896763719439412,0.9781459220371203,0.005
2,1586,9590,0.0017131869555871582,0.0017131869555871582,0.9796179225743677,0.005
2,1587,9591,0.0015314394257050301,0.0015314394257050301,0.9785900706782686,0.005
2,1588,9592,0.0013324146977481068,0.0013324146977481068,0.9778078919737575,0.005
2,1589,9593,0.0013755796453256762,0.0013755796453256762,0.9796029232929345,0.005
2,1590,9594,0.0014144959937708857,0.0014144959937708857,0.9783666543015254,0.005
2,1591,9595,0.0014690140954353925,0.0014690140954353925,0.9752604175341721,0.005
2,1592,9596,0.0018352861385517738,0.0018352861385517738,0.9748765885919828,0.005
2,1593,9597,0.001826131993598833,0.001826131993598833,0.9760871789565041,0.005
2,1594,9598,0.0013815188841623338,0.0013815188841623338,0.9784744970572953,0.005
2,1595,9599,0.0014688879574907786,0.0014688879574907786,0.9788051630681508,0.005
2,1596,9600,0.0014331512330299423,0.0014331512330299423,0.9778377465546237,0.005
2,1597,9601,0.0015764850756101855,0.0015764850756101855,0.9790508747937208,0.005
2,1598,9602,0.0015331005530270004,0.0015331005530270004,0.9788472666420276,0.005
2,1599,9603,0.0015716004410696051,0.0015716004410696051,0.9756890921555488,0.005
2,1600,9604,0.0013522286490121362,0.0013522286490121362,0.9756013737956077,0.005
2,1601,9605,0.001706168310599182,0.001706168310599182,0.9793205866201034,0.005
2,1602,9606,0.0014053789140467043,0.0014053789140467043,0.9788205974157916,0.005
2,1603,9607,0.0014944917691258096,0.0014944917691258096,0.9768185239128488,0.005
2,1604,9608,0.0016019759546662216,0.0016019759546662216,0.9794506668580627,0.005
2,1605,9609,0.0013913102583251336,0.0013913102583251336,0.9785183058102217,0.005
2,1606,9610,0.0015642554041981828,0.0015642554041981828,0.9793014556053552,0.005
2,1607,9611,0.001522749197875708,0.001522749197875708,0.9774555021418732,0.005
2,1608,9612,0.0014855524316718526,0.0014855524316718526,0.9776386567340922,0.005
2,1609,9613,0.0014474713884866396,0.0014474713884866396,0.9756940491638758,0.005
2,1610,9614,0.0015888246716882603,0.0015888246716882603,0.9791142886764481,0.005
2,1611,9615,0.0016411224342349217,0.0016411224342349217,0.9779521093404899,0.005
2,1612,9616,0.0018764251618355065,0.0018764251618355065,0.978636750469482,0.005
2,1613,9617,0.001994865112286137,0.001994865112286137,0.9752729327686168,0.005
2,1614,9618,0.0014741021573545132,0.0014741021573545132,0.9773387007752802,0.005
2,1615,9619,0.0014200678997292973,0.0014200678997292973,0.9770744190532141,0.005
2,1616,9620,0.0015418974725006996,0.0015418974725006996,0.9778130611988385,0.005
2,1617,9621,0.0015377343381001297,0.0015377343381001297,0.9784244823247169,0.005
2,1618,9622,0.0015931211771886733,0.0015931211771886733,0.978051229162301,0.005
2,1619,9623,0.0015959979325395,0.0015959979325395,0.977429964485751,0.005
2,1620,9624,0.0014694977775164342,0.0014694977775164342,0.9767265072183824,0.005
2,1621,9625,0.001702404982215573,0.001702404982215573,0.9771490824799915,0.005
2,1622,9626,0.001595715713615592,0.001595715713615592,0.9778829632644009,0.005
2,1623,9627,0.0014799624598742333,0.0014799624598742333,0.978070541264966,0.005
2,1624,9628,0.0012258640207118065,0.0012258640207118065,0.9791561184124706,0.005
2,1625,9629,0.0012965040967988272,0.0012965040967988272,0.9770338345571321,0.005
2,1626,9630,0.0019375832610067614,0.0019375832610067614,0.9771986045408584,0.005
2,1627,9631,0.0014088382664484002,0.0014088382664484002,0.9785545026480613,0.005
2,1628,9632,0.0015179860893591393,0.0015179860893591393,0.9786377393075159,0.005
2,1629,9633,0.0013187630720558597,0.0013187630720558597,0.9781073474614401,0.005
2,1630,9634,0.0016785753814951754,0.0016785753814951754,0.9791327115728077,0.005
2,1631,9635,0.0016767962571757554,0.0016767962571757554,0.9773927016463538,0.005
2,1632,9636,0.0016581836207312396,0.0016581836207312396,0.9797657293998535,0.005
2,1633,9637,0.001994617051336318,0.001994617051336318,0.980117902422541,0.005
2,1634,9638,0.0016643265362517234,0.0016643265362517234,0.9778734970289817,0.005
2,1635,9639,0.0015616875938784314,0.0015616875938784314,0.977131326946647,0.005
2,1636,9640,0.0013166593357590484,0.0013166593357590484,0.9775955393823755,0.005
2,1637,9641,0.001780490111050609,0.001780490111050609,0.9780062392415414,0.005
2,1638,9642,0.0016365602225397458,0.0016365602225397458,0.9750770491924814,0.005
2,1639,9643,0.0014406546591392679,0.0014406546591392679,0.9771343172594236,0.005
2,1640,9644,0.0018175930463016432,0.0018175930463016432,0.9790087011484517,0.005
2,1641,9645,0.0014191911158295345,0.0014191911158295345,0.9771667058840083,0.005
2,1642,9646,0.0018768388775501257,0.0018768388775501257,0.9751945973933471,0.005
2,1643,9647,0.001789608333309306,0.001789608333309306,0.9756697433456221,0.005
2,1644,9648,0.0014231575076261325,0.0014231575076261325,0.9768259339276596,0.005
2,1645,9649,0.0013946661309576368,0.0013946661309576368,0.9772895570824709,0.005
2,1646,9650,0.001547558868394765,0.001547558868394765,0.9756831547389293,0.005
2,1647,9651,0.0014682521310894914,0.0014682521310894914,0.9786321358350483,0.005
2,1648,9652,0.0016576788511095807,0.0016576788511095807,0.9769353015060668,0.005
2,1649,9653,0.0015145821787903558,0.0015145821787903558,0.979385722984525,0.005
2,1650,9654,0.0014275966452733935,0.0014275966452733935,0.9787878468692042,0.005
2,1651,9655,0.0013419263797956882,0.0013419263797956882,0.9769206230993752,0.005
2,1652,9656,0.00136870519658006,0.00136870519658006,0.9766635062608603,0.005
2,1653,9657,0.0015962840577234062,0.0015962840577234062,0.9773923836676932,0.005
2,1654,9658,0.0015323848977854572,0.0015323848977854572,0.9775583782305912,0.005
2,1655,9659,0.001507425390945144,0.001507425390945144,0.978067787494381,0.005
2,1656,9660,0.0013372643886494571,0.0013372643886494571,0.9779091142596014,0.005
2,1657,9661,0.0014569018908607624,0.0014569018908607624,0.9792580899327,0.005
2,1658,9662,0.0017198692042802535,0.0017198692042802535,0.9778591034920349,0.005
2,1659,9663,0.0016079617389261546,0.0016079617389261546,0.9764342412028462,0.005
2,1660,9664,0.0017635532338338745,0.0017635532338338745,0.9791978785284037,0.005
2,1661,9665,0.0013224865856018054,0.0013224865856018054,0.9776345333825881,0.005
2,1662,9666,0.0015449820695251815,0.0015449820695251815,0.9783807000294814,0.005
2,1663,9667,0.0014915979114979083,0.0014915979114979083,0.9795688543945249,0.005
2,1664,9668,0.0013754045988716057,0.0013754045988716057,0.9788859490796328,0.005
2,1665,9669,0.001396085818985622,0.001396085818985622,0.9785460368938155,0.005
2,1666,9670,0.0018002374889966655,0.0018002374889966655,0.9789278877207075,0.005
2,1667,9671,0.0011505121089486424,0.0011505121089486424,0.9775551196102789,0.005
2,1668,9672,0.0017296554800907073,0.0017296554800907073,0.9782851708555558,0.005
2,1669,9673,0.0018013815830490933,0.0018013815830490933,0.9783218343129196,0.005
2,1670,9674,0.001365640011515993,0.001365640011515993,0.9789218361608801,0.005
2,1671,9675,0.0017031059105075176,0.0017031059105075176,0.975357734853042,0.005
2,1672,9676,0.0015429017059382978,0.0015429017059382978,0.9782200179989136,0.005
2,1673,9677,0.0015432740152457737,0.0015432740152457737,0.9795240703137302,0.005
2,1674,9678,0.001523299325431109,0.001523299325431109,0.9781812838418346,0.005
2,1675,9679,0.0014557704940998295,0.0014557704940998295,0.9783631613494254,0.005
2,1676,9680,0.0015903352165163199,0.0015903352165163199,0.9763972454466284,0.005
2,1677,9681,0.001524707656372133,0.001524707656372133,0.9774080264656408,0.005
2,1678,9682,0.0017669488540577162,0.0017669488540577162,0.9784175004572646,0.005
2,1679,9683,0.0012693198370538861,0.0012693198370538861,0.9776033195357923,0.005
2,1680,9684,0.0014602316914890637,0.0014602316914890637,0.9767990472748327,0.005
2,1681,9685,0.0016066456115758287,0.0016066456115758287,0.9776870020717299,0.005
2,1682,9686,0.0013515774445023055,0.0013515774445023055,0.9776160741247292,0.005
2,1683,9687,0.00132721129944117,0.00132721129944117,0.9777802758461498,0.005
2,1684,9688,0.0013911154764354406,0.0013911154764354406,0.9793211015588857,0.005
2,1685,9689,0.0014341379706148505,0.0014341379706148505,0.9768610163465896,0.005
2,1686,9690,0.0016858288397220034,0.0016858288397220034,0.9784387660191719,0.005
2,1687,9691,0.0016099122639744667,0.0016099122639744667,0.9781211717948148,0.005
2,1688,9692,0.0014130189970788178,0.0014130189970788178,0.9763890551536745,0.005
2,1689,9693,0.0017178267339417485,0.0017178267339417485,0.9775728689308424,0.005
2,1690,9694,0.0016414067968683033,0.0016414067968683033,0.9777824999540005,0.005
2,1691,9695,0.001374173420292456,0.001374173420292456,0.9770498962880327,0.005
2,1692,9696,0.0014162787626814156,0.0014162787626814156,0.9777997525598927,0.005
2,1693,9697,0.0016584795745610758,0.0016584795745610758,0.9767356223534398,0.005
2,1694,9698,0.001563851034768493,0.001563851034768493,0.9782816687064205,0.005
2,1695,9699,0.0014725075719993598,0.0014725075719993598,0.9780557140518832,0.005
2,1696,9700,0.0013469290170480752,0.0013469290170480752,0.9755856684515526,0.005
2,1697,9701,0.0013010475881546925,0.0013010475881546925,0.976215105512161,0.005
2,1698,9702,0.0010908217485649586,0.0010908217485649586,0.977374558611709,0.005
2,1699,9703,0.001799705390195353,0.001799705390195353,0.9783248399016897,0.005
2,1700,9704,0.001442457015162436,0.001442457015162436,0.976703135078786,0.005
2,1701,9705,0.0018653158840426876,0.0018653158840426876,0.9777514708183627,0.005
2,1702,9706,0.001641225595776108,0.001641225595776108,0.9789652328501834,0.005
2,1703,9707,0.0015735662751305845,0.0015735662751305845,0.9783050138797695,0.005
2,1704,9708,0.001671566274094114,0.001671566274094114,0.9777319424809957,0.005
2,1705,9709,0.0015301057854555456,0.0015301057854555456,0.9773922547714043,0.005
2,1706,9710,0.0013985025396203287,0.0013985025396203287,0.978315256159406,0.005
2,1707,9711,0.001401474179248573,0.001401474179248573,0.9776467470878375,0.005
2,1708,9712,0.0025137067719226804,0.0025137067719226804,0.9768213931386404,0.005
2,1709,9713,0.0014241055759099774,0.0014241055759099774,0.9777904754972684,0.005
2,1710,9714,0.0014682528023577733,0.0014682528023577733,0.9782678544884114,0.005
2,1711,9715,0.0014664899220529605,0.0014664899220529605,0.9769003446582356,0.005
2,1712,9716,0.001552916565603212,0.001552916565603212,0.9777711116416841,0.005
2,1713,9717,0.0013725165364771152,0.0013725165364771152,0.9765550756672962,0.005
2,1714,9718,0.0015582457408108864,0.0015582457408108864,0.9786485995857951,0.005
2,1715,9719,0.0016625593889754275,0.0016625593889754275,0.97741637043445,0.005
2,1716,9720,0.0014544815172001734,0.0014544815172001734,0.977683180520723,0.005
2,1717,9721,0.0015590496049901303,0.0015590496049901303,0.9781114984378354,0.005
2,1718,9722,0.001574367687378413,0.001574367687378413,0.9795673786330057,0.005
2,1719,9723,0.0015880306095378616,0.0015880306095378616,0.9770903130904521,0.005
2,1720,9724,0.0014369015915503902,0.0014369015915503902,0.978248753964888,0.005
2,1721,9725,0.0017793098945098132,0.0017793098945098132,0.9779924500555012,0.005
2,1722,9726,0.0016167345383345,0.0016167345383345,0.9783678694012452,0.005
2,1723,9727,0.0014670130488837808,0.0014670130488837808,0.9783196091999624,0.005
2,1724,9728,0.0016449232654863,0.0016449232654863,0.9791778192985596,0.005
2,1725,9729,0.00214109086146148,0.00214109086146148,0.9774082323940351,0.005
2,1726,9730,0.0017998695528545672,0.0017998695528545672,0.9796285131832374,0.005
2,1727,9731,0.001502773747494719,0.001502773747494719,0.9791386667533216,0.005
2,1728,9732,0.001427412758888582,0.001427412758888582,0.9754968126801608,0.005
2,1729,9733,0.0015348378116359198,0.0015348378116359198,0.9779763097765678,0.005
2,1730,9734,0.001959846457671838,0.001959846457671838,0.975697203965885,0.005
2,1731,9735,0.0015006343719835803,0.0015006343719835803,0.9767687766817235,0.005
2,1732,9736,0.001803354075716038,0.001803354075716038,0.9786538421454404,0.005
2,1733,9737,0.0015940795895133498,0.0015940795895133498,0.9797830121509553,0.005
2,1734,9738,0.0014701419995061683,0.0014701419995061683,0.9779493709705951,0.005
2,1735,9739,0.0014292125151661571,0.0014292125151661571,0.976731174818266,0.005
2,1736,9740,0.0017128800515741494,0.0017128800515741494,0.9790748031164318,0.005
2,1737,9741,0.0013518378906113404,0.0013518378906113404,0.9777575082356267,0.005
2,1738,9742,0.0018870861595139355,0.0018870861595139355,0.9778852511994613,0.005
2,1739,9743,0.0014358741573403844,0.0014358741573403844,0.9790541098427262,0.005
2,1740,9744,0.0015962948912339892,0.0015962948912339892,0.9762203112325046,0.005
2,1741,9745,0.0018247094450503432,0.0018247094450503432,0.9782641826646395,0.005
2,1742,9746,0.0019946857372868756,0.0019946857372868756,0.9765645933844069,0.005
2,1743,9747,0.0017615127769176155,0.0017615127769176155,0.9793849411447988,0.005
2,1744,9748,0.0015652620609591006,0.0015652620609591006,0.9782043925572216,0.005
2,1745,9749,0.0014892159095858662,0.0014892159095858662,0.9772753748940636,0.005
2,1746,9750,0.0015523245879263126,0.0015523245879263126,0.9767561897650243,0.005
2,1747,9751,0.001476563820362581,0.001476563820362581,0.9765141199855336,0.005
2,1748,9752,0.0013221122135511243,0.0013221122135511243,0.9771796675112916,0.005
2,1749,9753,0.0017624032938306188,0.0017624032938306188,0.9767444623383119,0.005
2,1750,9754,0.0015680983093976208,0.0015680983093976208,0.9775483653881245,0.005
2,1751,9755,0.0015713330713032147,0.0015713330713032147,0.9783822060384227,0.005
2,1752,9756,0.0013685418666945094,0.0013685418666945094,0.9781195525868259,0.005
2,1753,9757,0.0015357015010497156,0.0015357015010497156,0.9796577330602908,0.005
2,1754,9758,0.0013897286875139002,0.0013897286875139002,0.9772098469205034,0.005
2,1755,9759,0.0017305028408597756,0.0017305028408597756,0.9785482489041896,0.005
2,1756,9760,0.00139947916938287,0.00139947916938287,0.9774635633904202,0.005
2,1757,9761,0.0016309607626985422,0.0016309607626985422,0.9782337955161086,0.005
2,1758,9762,0.0015269506515859933,0.0015269506515859933,0.9786567469590406,0.005
2,1759,9763,0.0013740613429513748,0.0013740613429513748,0.9785478441577431,0.005
2,1760,9764,0.001304564028974854,0.001304564028974854,0.9774104293599338,0.005
2,1761,9765,0.001435489310214385,0.001435489310214385,0.977381496438423,0.005
2,1762,9766,0.001473120139388748,0.001473120139388748,0.9776120167844653,0.005
2,1763,9767,0.0015957676592636828,0.0015957676592636828,0.9783034034696281,0.005
2,1764,9768,0.0014305511739050214,0.0014305511739050214,0.9797292664663084,0.005
2,1765,9769,0.0012909437061344154,0.0012909437061344154,0.9782409690973725,0.005
2,1766,9770,0.0015581973916095682,0.0015581973916095682,0.9775914991438623,0.005
2,1767,9771,0.0016290222204167514,0.0016290222204167514,0.9769216643540327,0.005
2,1768,9772,0.0013923856359996066,0.0013923856359996066,0.9787697601475867,0.005
2,1769,9773,0.0020990701266758774,0.0020990701266758774,0.9788901421579979,0.005
2,1770,9774,0.0013602669985763073,0.0013602669985763073,0.978009727483639,0.005
2,1771,9775,0.0015641986324684222,0.0015641986324684222,0.9766037870768447,0.005
2,1772,9776,0.0012583357408314198,0.0012583357408314198,0.9783637053739235,0.005
2,1773,9777,0.0016741993919240938,0.0016741993919240938,0.9777670143186191,0.005
2,1774,9778,0.0017925909169919285,0.0017925909169919285,0.9752575792757522,0.005
2,1775,9779,0.0015125099059380043,0.0015125099059380043,0.9777802431102773,0.005
2,1776,9780,0.0019431186577947624,0.0019431186577947624,0.9769306659316271,0.005
2,1777,9781,0.0018195410558221792,0.0018195410558221792,0.9782114736374161,0.005
2,1778,9782,0.0015302262593142426,0.0015302262593142426,0.9797410398083641,0.005
2,1779,9783,0.0016002916520246025,0.0016002916520246025,0.9767434995019838,0.005
2,1780,9784,0.001550109892667153,0.001550109892667153,0.9787419627114838,0.005
2,1781,9785,0.0016682722937765861,0.0016682722937765861,0.977832902698817,0.005
2,1782,9786,0.0016299595885583074,0.0016299595885583074,0.9778153453556195,0.005
2,1783,9787,0.00197660846480618,0.00197660846480618,0.9754865735140531,0.005
2,1784,9788,0.0018131063872967234,0.0018131063872967234,0.977568638622638,0.005
2,1785,9789,0.001610930699486173,0.001610930699486173,0.9787848143949778,0.005
2,1786,9790,0.0019367859178286472,0.0019367859178286472,0.9773257730700778,0.005
2,1787,9791,0.0016648002403737527,0.0016648002403737527,0.9792257685039593,0.005
2,1788,9792,0.0013711685228866965,0.0013711685228866965,0.9785307697571988,0.005
2,1789,9793,0.0015361055690348614,0.0015361055690348614,0.9788191943466781,0.005
2,1790,9794,0.0014005102262263048,0.0014005102262263048,0.9792677751727519,0.005
2,1791,9795,0.002083892912483967,0.002083892912483967,0.9775224976451989,0.005
2,1792,9796,0.0015189120221324437,0.0015189120221324437,0.9793665013472401,0.005
2,1793,9797,0.0015668648454897662,0.0015668648454897662,0.978945085989051,0.005
2,1794,9798,0.0016908745013136193,0.0016908745013136193,0.9774924081827405,0.005
2,1795,9799,0.0014461911491400184,0.0014461911491400184,0.9771465369509365,0.005
2,1796,9800,0.0014994862444267665,0.0014994862444267665,0.9781220789016932,0.005
2,1797,9801,0.001513760215854836,0.001513760215854836,0.9783119158766013,0.005
2,1798,9802,0.0014981936600807666,0.0014981936600807666,0.9778404172821827,0.005
2,1799,9803,0.0012985303047417984,0.0012985303047417984,0.9773892453443281,0.005
2,1800,9804,0.0015743394273026734,0.0015743394273026734,0.9799548853570283,0.005
2,1801,9805,0.0012406436379408781,0.0012406436379408781,0.9776648381336965,0.005
2,1802,9806,0.0016516765750936835,0.0016516765750936835,0.977238263553914,0.005
2,1803,9807,0.001516048787036105,0.001516048787036105,0.97634565072939,0.005
2,1804,9808,0.0017149587761624873,0.0017149587761624873,0.9780298868867907,0.005
2,1805,9809,0.0014423126167592837,0.0014423126167592837,0.9776137677794956,0.005
2,1806,9810,0.0018518148322451246,0.0018518148322451246,0.9784489163075741,0.005
2,1807,9811,0.0013540334987721936,0.0013540334987721936,0.97902546201789,0.005
2,1808,9812,0.0015866476509336848,0.0015866476509336848,0.9780083051532155,0.005
2,1809,9813,0.0014796119629515892,0.0014796119629515892,0.9785756224583991,0.005
2,1810,9814,0.0014283279709829723,0.0014283279709829723,0.9771520907053455,0.005
2,1811,9815,0.0015384983984553535,0.0015384983984553535,0.9790508690985109,0.005
2,1812,9816,0.0014372329827217402,0.0014372329827217402,0.9786214620223095,0.005
2,1813,9817,0.0015083759163771239,0.0015083759163771239,0.9776718087208504,0.005
2,1814,9818,0.001598060149265641,0.001598060149265641,0.9786648345627349,0.005
2,1815,9819,0.0014029648402492747,0.0014029648402492747,0.9770747439781458,0.005
2,1816,9820,0.0017717211438160808,0.0017717211438160808,0.9759079127798312,0.005
2,1817,9821,0.0016124125642254516,0.0016124125642254516,0.978763145308495,0.005
2,1818,9822,0.0013864885356046062,0.0013864885356046062,0.978978684332452,0.005
2,1819,9823,0.001605697342602498,0.001605697342602498,0.9779716745571667,0.005
2,1820,9824,0.001639487112641167,0.001639487112641167,0.9786513337814151,0.005
2,1821,9825,0.0015003656912791308,0.0015003656912791308,0.9784268377406045,0.005
2,1822,9826,0.0017010788621489767,0.0017010788621489767,0.9775169812262694,0.005
2,1823,9827,0.0020645111325490904,0.0020645111325490904,0.9765294826152002,0.005
2,1824,9828,0.0015631333401136252,0.0015631333401136252,0.9783653500925564,0.005
2,1825,9829,0.0014842621127251175,0.0014842621127251175,0.9765301745862304,0.005
2,1826,9830,0.0014884051665372123,0.0014884051665372123,0.9770731121312205,0.005
2,1827,9831,0.0015560468866674061,0.0015560468866674061,0.977457460520635,0.005
2,1828,9832,0.0018226211306093575,0.0018226211306093575,0.9765948867681289,0.005
2,1829,9833,0.0012519673820774503,0.0012519673820774503,0.976789085861715,0.005
2,1830,9834,0.0016828530426376055,0.0016828530426376055,0.9786969843627118,0.005
2,1831,9835,0.0016022656667617054,0.0016022656667617054,0.9793573855960523,0.005
2,1832,9836,0.0013052725056976987,0.0013052725056976987,0.9788303377442539,0.005
2,1833,9837,0.001432129709331007,0.001432129709331007,0.9788109906373653,0.005
2,1834,9838,0.0015911154753572234,0.0015911154753572234,0.978315111941332,0.005
2,1835,9839,0.0018036214097948632,0.0018036214097948632,0.9778077999266589,0.005
2,1836,9840,0.0014553791675734717,0.0014553791675734717,0.9776679769093569,0.005
2,1837,9841,0.0015559030700791332,0.0015559030700791332,0.9784543997554569,0.005
2,1838,9842,0.0016453026707912001,0.0016453026707912001,0.97727702899435,0.005
2,1839,9843,0.0013304913530630437,0.0013304913530630437,0.9769317104404455,0.005
2,1840,9844,0.0014197149227909579,0.0014197149227909579,0.9786857757365434,0.005
2,1841,9845,0.0014112198854840331,0.0014112198854840331,0.9777840960794763,0.005
2,1842,9846,0.0015848790401397183,0.0015848790401397183,0.9776905483258553,0.005
2,1843,9847,0.0015999317086566414,0.0015999317086566414,0.9782645387943751,0.005
2,1844,9848,0.0019213110352219334,0.0019213110352219334,0.9767689346577054,0.005
2,1845,9849,0.0012610157913787645,0.0012610157913787645,0.977904149869442,0.005
2,1846,9850,0.0016244774096093096,0.0016244774096093096,0.9760593727986844,0.005
2,1847,9851,0.0015738788789885728,0.0015738788789885728,0.9768779310082703,0.005
2,1848,9852,0.0018717086222193803,0.0018717086222193803,0.9769568687368306,0.005
2,1849,9853,0.0015056544409415918,0.0015056544409415918,0.9793923124370482,0.005
2,1850,9854,0.001520837945327701,0.001520837945327701,0.977760700647191,0.005
2,1851,9855,0.00148955189365663,0.00148955189365663,0.9776430123023183,0.005
2,1852,9856,0.001500708534950177,0.001500708534950177,0.9783824389958476,0.005
2,1853,9857,0.0018728234995498663,0.0018728234995498663,0.9759262687256302,0.005
2,1854,9858,0.0016104351550800422,0.0016104351550800422,0.9765578386907204,0.005
2,1855,9859,0.001576375541381726,0.001576375541381726,0.979379567592371,0.005
2,1856,9860,0.001804645710268017,0.001804645710268017,0.9765981185694582,0.005
2,1857,9861,0.0013346226243725599,0.0013346226243725599,0.9783229520613468,0.005
2,1858,9862,0.0013054778245070698,0.0013054778245070698,0.9780467542264621,0.005
2,1859,9863,0.0015159119573661796,0.0015159119573661796,0.9789006527600752,0.005
2,1860,9864,0.0016522062050126018,0.0016522062050126018,0.9792356015916394,0.005
2,1861,9865,0.0016685424798132333,0.0016685424798132333,0.9803039880525005,0.005
2,1862,9866,0.0014731161964574146,0.0014731161964574146,0.9799371642386691,0.005
2,1863,9867,0.0015189887648799695,0.0015189887648799695,0.9787774414717195,0.005
2,1864,9868,0.0019480311784338543,0.0019480311784338543,0.9770437244975423,0.005
2,1865,9869,0.0015503975956860083,0.0015503975956860083,0.97739533167888,0.005
2,1866,9870,0.001354376141864697,0.001354376141864697,0.9771002968483565,0.005
2,1867,9871,0.0012775933157660878,0.0012775933157660878,0.978472770031987,0.005
2,1868,9872,0.0015853778435350686,0.0015853778435350686,0.9789252409693642,0.005
2,1869,9873,0.0015502050322016825,0.0015502050322016825,0.9772661979148729,0.005
2,1870,9874,0.001342706156047434,0.001342706156047434,0.9779219998732083,0.005
2,1871,9875,0.001513110027804059,0.001513110027804059,0.9771108432670245,0.005
2,1872,9876,0.0013399515953668216,0.0013399515953668216,0.9779384142897393,0.005
2,1873,9877,0.001691967583147973,0.001691967583147973,0.978390888260922,0.005
2,1874,9878,0.0017768773487514687,0.0017768773487514687,0.9799233092875053,0.005
2,1875,9879,0.0018846530392743267,0.0018846530392743267,0.9759437959484903,0.005
2,1876,9880,0.00146007206168703,0.00146007206168703,0.9769435956427195,0.005
2,1877,9881,0.0018387355450224362,0.0018387355450224362,0.9803689163530473,0.005
2,1878,9882,0.002121678460127574,0.002121678460127574,0.9768852681594258,0.005
2,1879,9883,0.0018221445335864573,0.0018221445335864573,0.9770749262181675,0.005
2,1880,9884,0.0016626778949624288,0.0016626778949624288,0.9770725929377632,0.005
2,1881,9885,0.0016772906862185044,0.0016772906862185044,0.9788918553821383,0.005
2,1882,9886,0.0014679458626640218,0.0014679458626640218,0.9778277654874994,0.005
2,1883,9887,0.0014792300673846636,0.0014792300673846636,0.9790730215387183,0.005
2,1884,9888,0.0014963361379739049,0.0014963361379739049,0.9789860903495364,0.005
2,1885,9889,0.0014077480563818036,0.0014077480563818036,0.9767964331484986,0.005
2,1886,9890,0.0012998081117722294,0.0012998081117722294,0.9781342983513674,0.005
2,1887,9891,0.0012295597727626684,0.0012295597727626684,0.9765752895088073,0.005
2,1888,9892,0.0015329571479505766,0.0015329571479505766,0.9788758657397777,0.005
2,1889,9893,0.0013968310339784074,0.0013968310339784074,0.9787317574588048,0.005
2,1890,9894,0.0014883879574991887,0.0014883879574991887,0.978695597740433,0.005
2,1891,9895,0.0014335701051291583,0.0014335701051291583,0.9770009894230125,0.005
2,1892,9896,0.001706178620695502,0.001706178620695502,0.9761791173095627,0.005
2,1893,9897,0.0013377563351370625,0.0013377563351370625,0.9781840780421517,0.005
2,1894,9898,0.0014686435350852523,0.0014686435350852523,0.9781934398105292,0.005
2,1895,9899,0.001712643880423298,0.001712643880423298,0.977333070641791,0.005
2,1896,9900,0.0016856751437323136,0.0016856751437323136,0.9780631305048682,0.005
2,1897,9901,0.001360405819340952,0.001360405819340952,0.9779478991565415,0.005
2,1898,9902,0.0014834485785641218,0.0014834485785641218,0.9791304596831936,0.005
2,1899,9903,0.0014815421221391113,0.0014815421221391113,0.9782906059981632,0.005
2,1900,9904,0.0015261319034633358,0.0015261319034633358,0.9792048078063125,0.005
2,1901,9905,0.0017944303887002244,0.0017944303887002244,0.9799723257710327,0.005
2,1902,9906,0.0016202790278910051,0.0016202790278910051,0.9788029939659911,0.005
2,1903,9907,0.001696247145482087,0.001696247145482087,0.9792373471898557,0.005
2,1904,9908,0.0015991795787803388,0.0015991795787803388,0.9785710339106795,0.005
2,1905,9909,0.0014109458566093768,0.0014109458566093768,0.9787537021736611,0.005
2,1906,9910,0.0013431746548748782,0.0013431746548748782,0.9770276775886447,0.005
2,1907,9911,0.0014549006412342602,0.0014549006412342602,0.9781166500423278,0.005
2,1908,9912,0.0014391246591718646,0.0014391246591718646,0.9766981069892166,0.005
2,1909,9913,0.0013809739197434944,0.0013809739197434944,0.9767561418470742,0.005
2,1910,9914,0.001497835584827835,0.001497835584827835,0.9772079152455987,0.005
2,1911,9915,0.0014605270178784026,0.0014605270178784026,0.9787462259233595,0.005
2,1912,9916,0.0013781655613256405,0.0013781655613256405,0.9780639899764869,0.005
2,1913,9917,0.0012895763549508154,0.0012895763549508154,0.9768496222223009,0.005
2,1914,9918,0.0016361695693590584,0.0016361695693590584,0.9765246054187803,0.005
2,1915,9919,0.0012450415031954997,0.0012450415031954997,0.9755685599689609,0.005
2,1916,9920,0.0014468151493203054,0.0014468151493203054,0.9778599240383415,0.005
2,1917,9921,0.0014234537863061203,0.0014234537863061203,0.9765670876815666,0.005
2,1918,9922,0.0013285379453916559,0.0013285379453916559,0.9774302920788458,0.005
2,1919,9923,0.0014671756972249915,0.0014671756972249915,0.9780306364700595,0.005
2,1920,9924,0.0013698980075215028,0.0013698980075215028,0.976546496675571,0.005
2,1921,9925,0.0015765079796729543,0.0015765079796729543,0.9792554372103872,0.005
2,1922,9926,0.0012160602235661722,0.0012160602235661722,0.9766608372272124,0.005
2,1923,9927,0.0016822167299683924,0.0016822167299683924,0.9790924326662298,0.005
2,1924,9928,0.0018484292721989868,0.0018484292721989868,0.9792038900312852,0.005
2,1925,9929,0.0013545801742130769,0.0013545801742130769,0.9784828308547314,0.005
2,1926,9930,0.001998701720045163,0.001998701720045163,0.9784325807250837,0.005
2,1927,9931,0.0016831147958048112,0.0016831147958048112,0.977673437408724,0.005
2,1928,9932,0.00134086504045848,0.00134086504045848,0.9782915628757066,0.005
2,1929,9933,0.0016979970562882442,0.0016979970562882442,0.9777183927655483,0.005
2,1930,9934,0.00179188785804673,0.00179188785804673,0.9777104983826423,0.005
2,1931,9935,0.001398704033625112,0.001398704033625112,0.9768592414796782,0.005
2,1932,9936,0.0015090781513163799,0.0015090781513163799,0.9777052318966044,0.005
2,1933,9937,0.0014811936222971767,0.0014811936222971767,0.9780730255075171,0.005
2,1934,9938,0.00169874974067322,0.00169874974067322,0.9781872367330887,0.005
2,1935,9939,0.0016602852093638442,0.0016602852093638442,0.9789113073184823,0.005
2,1936,9940,0.0018364630883708068,0.0018364630883708068,0.9773589460727093,0.005
2,1937,9941,0.0013512414930602035,0.0013512414930602035,0.9758031761268388,0.005
2,1938,9942,0.0014880255124927655,0.0014880255124927655,0.9775997322994123,0.005
2,1939,9943,0.0020006829276229066,0.0020006829276229066,0.9777324772836493,0.005
2,1940,9944,0.0013594014912304032,0.0013594014912304032,0.977901236029545,0.005
2,1941,9945,0.0012568539561127958,0.0012568539561127958,0.9763147148529734,0.005
2,1942,9946,0.001860020646358749,0.001860020646358749,0.9797059499998577,0.005
2,1943,9947,0.0016713186452539418,0.0016713186452539418,0.9795040982282359,0.005
2,1944,9948,0.001867889874460689,0.001867889874460689,0.9792435848521175,0.005
2,1945,9949,0.002487282103876538,0.002487282103876538,0.9762499207910196,0.005
2,1946,9950,0.0018110628998208532,0.0018110628998208532,0.9775669160104197,0.005
2,1947,9951,0.0015778188566834184,0.0015778188566834184,0.9799321776247142,0.005
2,1948,9952,0.0013009468027137348,0.0013009468027137348,0.9776793990882416,0.005
2,1949,9953,0.001663425034681987,0.001663425034681987,0.9796239446896693,0.005
2,1950,9954,0.0013093299114651591,0.0013093299114651591,0.9757814819157898,0.005
2,1951,9955,0.001469749776045699,0.001469749776045699,0.9786518158275562,0.005
2,1952,9956,0.0011858909135563124,0.0011858909135563124,0.9778633008448262,0.005
2,1953,9957,0.0015071541168835345,0.0015071541168835345,0.9784948078479236,0.005
2,1954,9958,0.0014118584354324592,0.0014118584354324592,0.9771653885956567,0.005
2,1955,9959,0.001297641060006366,0.001297641060006366,0.9774679726191954,0.005
2,1956,9960,0.0013872710324298676,0.0013872710324298676,0.9778002442018641,0.005
2,1957,9961,0.00178626581534715,0.00178626581534715,0.9774694741995041,0.005
2,1958,9962,0.001383541543125948,0.001383541543125948,0.9782044420068374,0.005
2,1959,9963,0.0015729582995929502,0.0015729582995929502,0.9783722540331732,0.005
2,1960,9964,0.0016382997147140854,0.0016382997147140854,0.97734203289868,0.005
2,1961,9965,0.0017069761482422909,0.0017069761482422909,0.9784610622933226,0.005
2,1962,9966,0.0015665634523541938,0.0015665634523541938,0.9777178708657003,0.005
2,1963,9967,0.0011467755439762961,0.0011467755439762961,0.9774781992377907,0.005
2,1964,9968,0.0013450543043437646,0.0013450543043437646,0.9778199730641675,0.005
2,1965,9969,0.0016616276608177527,0.0016616276608177527,0.9790828700315848,0.005
2,1966,9970,0.001333928083049799,0.001333928083049799,0.9771543341906945,0.005
2,1967,9971,0.0012646915455461218,0.0012646915455461218,0.979223158690894,0.005
2,1968,9972,0.0020417118405408673,0.0020417118405408673,0.9773254623213545,0.005
2,1969,9973,0.0016791797812034594,0.0016791797812034594,0.9765746485447712,0.005
2,1970,9974,0.0015310123863132253,0.0015310123863132253,0.9787963865316641,0.005
2,1971,9975,0.0015050488974980224,0.0015050488974980224,0.9790915625429114,0.005
2,1972,9976,0.0012428236398270365,0.0012428236398270365,0.9770789180970131,0.005
2,1973,9977,0.001650546173283275,0.001650546173283275,0.9757730797336975,0.005
2,1974,9978,0.0011455062540519556,0.0011455062540519556,0.9773002201490898,0.005
2,1975,9979,0.0016640750351360912,0.0016640750351360912,0.9791974472892461,0.005
2,1976,9980,0.0014188142481667753,0.0014188142481667753,0.9786478899941851,0.005
2,1977,9981,0.001627472801958565,0.001627472801958565,0.9756794426196174,0.005
2,1978,9982,0.001445351775574579,0.001445351775574579,0.9788090557526549,0.005
2,1979,9983,0.0018252622931329509,0.0018252622931329509,0.974902988080608,0.005
2,1980,9984,0.0019664859921768984,0.0019664859921768984,0.9774174789647594,0.005
2,1981,9985,0.001743955351929595,0.001743955351929595,0.977047995829882,0.005
2,1982,9986,0.0013142851643806908,0.0013142851643806908,0.9770825263948045,0.005
2,1983,9987,0.0020016547344065333,0.0020016547344065333,0.9758774013131428,0.005
2,1984,9988,0.0012932475527563936,0.0012932475527563936,0.9776132729370213,0.005
2,1985,9989,0.0012242066220401848,0.0012242066220401848,0.9789101569560315,0.005
2,1986,9990,0.0015558915723724687,0.0015558915723724687,0.9780141644826165,0.005
2,1987,9991,0.0016529793762065461,0.0016529793762065461,0.9773300405862801,0.005
2,1988,9992,0.00149203810259825,0.00149203810259825,0.9796174595880152,0.005
2,1989,9993,0.0013556811860802288,0.0013556811860802288,0.9778093406741853,0.005
2,1990,9994,0.0018056214352448973,0.0018056214352448973,0.9780201611271573,0.005
2,1991,9995,0.0014124737436436805,0.0014124737436436805,0.9780034564089684,0.005
2,1992,9996,0.0015785531698854194,0.0015785531698854194,0.9775898424883243,0.005
2,1993,9997,0.0018817991183189564,0.0018817991183189564,0.9804120007379977,0.005
2,1994,9998,0.001233576049403371,0.001233576049403371,0.9780435903185432,0.005
2,1995,9999,0.001956504768049808,0.001956504768049808,0.9770654007627168,0.005
2,1996,10000,0.0013315150332156333,0.0013315150332156333,0.9795878769946238,0.005
2,1997,10001,0.0012959257855169803,0.0012959257855169803,0.9776721108787233,0.005
2,1998,10002,0.0012885243611644747,0.0012885243611644747,0.9773169466127611,0.005
2,1999,10003,0.0016732701231737292,0.0016732701231737292,0.9778751333963652,0.005
2,2000,10004,0.0015394396291934865,0.0015394396291934865,0.9779770989826856,0.005
1,0,10005,0.47544076842130323,0.47544076842130323,0.46485627047880046,0.005
1,1,10006,0.5287608557458068,0.5287608557458068,0.4165499843908099,0.005
1,2,10007,0.4719523307505662,0.4719523307505662,0.4692472806404558,0.005
1,3,10008,0.45961557399292075,0.45961557399292075,0.48070694632962463,0.005
1,4,10009,0.4712287360001477,0.4712287360001477,0.46921617962185785,0.005
1,5,10010,0.4704182043386973,0.4704182043386973,0.46827358242726735,0.005
1,6,10011,0.5136336923708221,0.5136336923708221,0.4287145705279077,0.005
1,7,10012,0.5527488306691877,0.5527488306691877,0.38745598360748945,0.005
1,8,10013,0.5137422896712567,0.5137422896712567,0.4247539630842106,0.005
1,9,10014,0.5486194703873685,0.5486194703873685,0.387933296856513,0.005
1,10,10015,0.4891191088719337,0.4891191088719337,0.4500614685378003,0.005
1,11,10016,0.5036085112671166,0.5036085112671166,0.4352452298432054,0.005
1,12,10017,0.5487721049785157,0.5487721049785157,0.3865708918232874,0.005
1,13,10018,0.4018921209065504,0.4018921209065504,0.5321013234318892,0.005
1,14,10019,0.5128998538849104,0.5128998538849104,0.41692186875409626,0.005
1,15,10020,0.47930983995846255,0.47930983995846255,0.4561196501119299,0.005
1,16,10021,0.5126355606715947,0.5126355606715947,0.4223086722355427,0.005
1,17,10022,0.5321791184209059,0.5321791184209059,0.3989186084727955,0.005
1,18,10023,0.4369238931478776,0.4369238931478776,0.49597287129335277,0.005
1,19,10024,0.4923469723618288,0.4923469723618288,0.4396285788065509,0.005
1,20,10025,0.48921699528006773,0.48921699528006773,0.4404642396966011,0.005
1,21,10026,0.48488195693173564,0.48488195693173564,0.4429725532986062,0.005
1,22,10027,0.43006238238358147,0.43006238238358147,0.5019865802749175,0.005
1,23,10028,0.47207197098873466,0.47207197098873466,0.4578535457145048,0.005
1,24,10029,0.48749764777284116,0.48749764777284116,0.44470786549290864,0.005
1,25,10030,0.48459430120766095,0.48459430120766095,0.44212557766415295,0.005
1,26,10031,0.49109726545450655,0.49109726545450655,0.4367099796964863,0.005
1,27,10032,0.48304901803312245,0.48304901803312245,0.4457312116313917,0.005
1,28,10033,0.4640039163629242,0.4640039163629242,0.4628744556728012,0.005
1,29,10034,0.4311622925327535,0.4311622925327535,0.4977213740774607,0.005
1,30,10035,0.4417994891453879,0.4417994891453879,0.48222416181340755,0.005
1,31,10036,0.42157311359534705,0.42157311359534705,0.5063163360737405,0.005
1,32,10037,0.4724259709195354,0.4724259709195354,0.450144711715589,0.005
1,33,10038,0.46436483386008715,0.46436483386008715,0.45823448914620707,0.005
1,34,10039,0.4619339835375912,0.4619339835375912,0.4628395281314622,0.005
1,35,10040,0.44790431542806997,0.44790431542806997,0.47978576494491293,0.005
1,36,10041,0.4456207606720887,0.4456207606720887,0.4803170710611945,0.005
1,37,10042,0.44264388748401395,0.44264388748401395,0.4801240428280342,0.005
1,38,10043,0.42339997186130274,0.42339997186130274,0.5020519946904426,0.005
1,39,10044,0.43004839512135207,0.43004839512135207,0.49465552634544824,0.005
1,40,10045,0.4783175390572928,0.4783175390572928,0.4441199125153856,0.005
1,41,10046,0.4640866943476112,0.4640866943476112,0.46003466484324274,0.005
1,42,10047,0.45519785633870335,0.45519785633870335,0.464380358668159,0.005
1,43,10048,0.4409090735236342,0.4409090735236342,0.4843499398584449,0.005
1,44,10049,0.44174495341688375,0.44174495341688375,0.4816688665205215,0.005
1,45,10050,0.43739141645691537,0.43739141645691537,0.48890175679858877,0.005
1,46,10051,0.4481145167199813,0.4481145167199813,0.4706109833404271,0.005
1,47,10052,0.46024353756053205,0.46024353756053205,0.4587789047786525,0.005
1,48,10053,0.4482003851623911,0.4482003851623911,0.47199115085348686,0.005
1,49,10054,0.4392523259024539,0.4392523259024539,0.48014998417158433,0.005
1,50,10055,0.42221903995715354,0.42221903995715354,0.49795391399829164,0.005
1,51,10056,0.3994187890148087,0.3994187890148087,0.5224246648437725,0.005
1,52,10057,0.42171614459146783,0.42171614459146783,0.49770856396570246,0.005
1,53,10058,0.39717627490333085,0.39717627490333085,0.5204532892653366,0.005
1,54,10059,0.4177523134119043,0.4177523134119043,0.5011671534611895,0.005
1,55,10060,0.4411333306511853,0.4411333306511853,0.4784610446347456,0.005
1,56,10061,0.4039401303801376,0.4039401303801376,0.5127084731999899,0.005
1,57,10062,0.3980841634451295,0.3980841634451295,0.5190252970290655,0.005
1,58,10063,0.40794403120565936,0.40794403120565936,0.5118926581732165,0.005
1,59,10064,0.4154916680157632,0.4154916680157632,0.5050811754155016,0.005
1,60,10065,0.39545927008719206,0.39545927008719206,0.5232772671323886,0.005
1,61,10066,0.4102568854381772,0.4102568854381772,0.5090023329664423,0.005
1,62,10067,0.41750495194757603,0.41750495194757603,0.4998957526961358,0.005
1,63,10068,0.3955714620063241,0.3955714620063241,0.5241434767194791,0.005
1,64,10069,0.37959384741020885,0.37959384741020885,0.5372491953368703,0.005
1,65,10070,0.382041276110896,0.382041276110896,0.534126708617942,0.005
1,66,10071,0.38805793879055606,0.38805793879055606,0.5330028495245851,0.005
1,67,10072,0.38793238957052945,0.38793238957052945,0.5293444891505416,0.005
1,68,10073,0.3878428338162669,0.3878428338162669,0.5279264513870833,0.005
1,69,10074,0.38674793808341834,0.38674793808341834,0.5304269635383199,0.005
1,70,10075,0.3764211681609182,0.3764211681609182,0.5401851170631626,0.005
1,71,10076,0.3461652816516413,0.3461652816516413,0.5721873787333568,0.005
1,72,10077,0.3636503779932285,0.3636503779932285,0.5520384751491868,0.005
1,73,10078,0.36582556680802825,0.36582556680802825,0.5517911939755091,0.005
1,74,10079,0.37246392995833055,0.37246392995833055,0.5445293656673119,0.005
1,75,10080,0.3644059447479687,0.3644059447479687,0.5520029016651381,0.005
1,76,10081,0.3442294879714671,0.3442294879714671,0.5733921300933459,0.005
1,77,10082,0.33392121806114716,0.33392121806114716,0.5843244502972385,0.005
1,78,10083,0.3485287244318406,0.3485287244318406,0.5699955192780423,0.005
1,79,10084,0.34907031235975816,0.34907031235975816,0.5663393915124739,0.005
1,80,10085,0.33471774436831603,0.33471774436831603,0.5825774542812648,0.005
1,81,10086,0.3455974575311263,0.3455974575311263,0.5711565030290134,0.005
1,82,10087,0.3362711165973816,0.3362711165973816,0.5818712099845482,0.005
1,83,10088,0.3335626936692846,0.3335626936692846,0.5821561186687148,0.005
1,84,10089,0.33449836755547446,0.33449836755547446,0.5815924690947303,0.005
1,85,10090,0.345781250206901,0.345781250206901,0.5690893331268213,0.005
1,86,10091,0.3316661897295822,0.3316661897295822,0.585162237705312,0.005
1,87,10092,0.3225876066426546,0.3225876066426546,0.5944445093852615,0.005
1,88,10093,0.30545236196354825,0.30545236196354825,0.609129239731778,0.005
1,89,10094,0.28602714515546734,0.28602714515546734,0.6302632560696462,0.005
1,90,10095,0.3055060773294693,0.3055060773294693,0.6096342649481303,0.005
1,91,10096,0.32309653987272136,0.32309653987272136,0.5917514862989043,0.005
1,92,10097,0.3080220867041086,0.3080220867041086,0.6090426827948419,0.005
1,93,10098,0.32069917716296936,0.32069917716296936,0.59537335937144,0.005
1,94,10099,0.316511742557643,0.316511742557643,0.6009043665691722,0.005
1,95,10100,0.29288845580199435,0.29288845580199435,0.6252678426900582,0.005
1,96,10101,0.2869432846382344,0.2869432846382344,0.6277787919453391,0.005
1,97,10102,0.2952288711069027,0.2952288711069027,0.6216830153282705,0.005
1,98,10103,0.2810123541549825,0.2810123541549825,0.634806495256164,0.005
1,99,10104,0.25390430064528496,0.25390430064528496,0.6628428970529047,0.005
1,100,10105,0.26899674550693686,0.26899674550693686,0.644055240313162,0.005
1,101,10106,0.2723047058412147,0.2723047058412147,0.6451752000759352,0.005
1,102,10107,0.2910506427156318,0.2910506427156318,0.6244863199189024,0.005
1,103,10108,0.2359106247408095,0.2359106247408095,0.6820853599299754,0.005
1,104,10109,0.2190561065768442,0.2190561065768442,0.7005293926262235,0.005
1,105,10110,0.24487249091308783,0.24487249091308783,0.670766497676501,0.005
1,106,10111,0.27527259562813866,0.27527259562813866,0.641789630213512,0.005
1,107,10112,0.24253635590741132,0.24253635590741132,0.6745299353794605,0.005
1,108,10113,0.20348890516343066,0.20348890516343066,0.7154683350143002,0.005
1,109,10114,0.22699186623309575,0.22699186623309575,0.6912612527848772,0.005
1,110,10115,0.24731522456111846,0.24731522456111846,0.6689565938769213,0.005
1,111,10116,0.2330696074064819,0.2330696074064819,0.6869315731229816,0.005
1,112,10117,0.24571505595863213,0.24571505595863213,0.6706248981338542,0.005
1,113,10118,0.24993667220489385,0.24993667220489385,0.6658474939751292,0.005
1,114,10119,0.23401080170400393,0.23401080170400393,0.6834954912167683,0.005
1,115,10120,0.2105563276482227,0.2105563276482227,0.7068635468766858,0.005
1,116,10121,0.20709361901971035,0.20709361901971035,0.7121038642299428,0.005
1,117,10122,0.17222624849936086,0.17222624849936086,0.7488438479177416,0.005
1,118,10123,0.19396644617178005,0.19396644617178005,0.7267407649506628,0.005
1,119,10124,0.19107606446659703,0.19107606446659703,0.7314704391715645,0.005
1,120,10125,0.20666377375961453,0.20666377375961453,0.7139522150290286,0.005
1,121,10126,0.17536483429620445,0.17536483429620445,0.747089292198652,0.005
1,122,10127,0.1787408595736939,0.1787408595736939,0.7416656074681737,0.005
1,123,10128,0.17867447888135887,0.17867447888135887,0.7406102224314715,0.005
1,124,10129,0.19720244037265336,0.19720244037265336,0.7216152881173148,0.005
1,125,10130,0.18016258559540907,0.18016258559540907,0.7413397175480586,0.005
1,126,10131,0.1664766126906913,0.1664766126906913,0.754752739021904,0.005
1,127,10132,0.1507577079325269,0.1507577079325269,0.772403578336606,0.005
1,128,10133,0.15211737024538327,0.15211737024538327,0.7708697277272125,0.005
1,129,10134,0.19174702985532346,0.19174702985532346,0.7284386284393058,0.005
1,130,10135,0.1550577449633782,0.1550577449633782,0.7698640522574591,0.005
1,131,10136,0.13481658296282992,0.13481658296282992,0.7892170796802933,0.005
1,132,10137,0.14682614672678268,0.14682614672678268,0.7796870996781085,0.005
1,133,10138,0.14306341557946584,0.14306341557946584,0.7829396473876571,0.005
1,134,10139,0.12319246184074649,0.12319246184074649,0.8040354615877467,0.005
1,135,10140,0.12899893250248134,0.12899893250248134,0.7975692147566837,0.005
1,136,10141,0.1295550078069911,0.1295550078069911,0.795664318679871,0.005
1,137,10142,0.11767423890915724,0.11767423890915724,0.8101707940221781,0.005
1,138,10143,0.10961966169829515,0.10961966169829515,0.8204140362450649,0.005
1,139,10144,0.1158768584186705,0.1158768584186705,0.8114571834843602,0.005
1,140,10145,0.12548888176988734,0.12548888176988734,0.8030584816860777,0.005
1,141,10146,0.09521388152842251,0.09521388152842251,0.8334873899533889,0.005
1,142,10147,0.11822490182174626,0.11822490182174626,0.8117662513405962,0.005
1,143,10148,0.1089790507916098,0.1089790507916098,0.8222055517513517,0.005
1,144,10149,0.11517147773263238,0.11517147773263238,0.8169694912985606,0.005
1,145,10150,0.11162039179850122,0.11162039179850122,0.8198963248119279,0.005
1,146,10151,0.1130433511028037,0.1130433511028037,0.8157545659475646,0.005
1,147,10152,0.10246334883284824,0.10246334883284824,0.8295673843193702,0.005
1,148,10153,0.0879649330228188,0.0879649330228188,0.846353282551717,0.005
1,149,10154,0.10386604283119816,0.10386604283119816,0.8262223126189056,0.005
1,150,10155,0.08189474812548678,0.08189474812548678,0.8547600632578896,0.005
1,151,10156,0.07863817229839512,0.07863817229839512,0.8570426610147852,0.005
1,152,10157,0.08481665183540854,0.08481665183540854,0.8519055433092683,0.005
1,153,10158,0.10440010752410209,0.10440010752410209,0.8276491051776157,0.005
1,154,10159,0.10484844861042719,0.10484844861042719,0.8311041344269958,0.005
1,155,10160,0.09244752491434766,0.09244752491434766,0.843150263815099,0.005
1,156,10161,0.06322452503824136,0.06322452503824136,0.8759034309049363,0.005
1,157,10162,0.09254072906180075,0.09254072906180075,0.8466348103427245,0.005
1,158,10163,0.07982781360795847,0.07982781360795847,0.8599902815500903,0.005
1,159,10164,0.06499694415871077,0.06499694415871077,0.8775102179715231,0.005
1,160,10165,0.09511367434765566,0.09511367434765566,0.8425667227367248,0.005
1,161,10166,0.0869212489356753,0.0869212489356753,0.8535701045289745,0.005
1,162,10167,0.06922726808588603,0.06922726808588603,0.8744392511901151,0.005
1,163,10168,0.06987296053795139,0.06987296053795139,0.8703767063202748,0.005
1,164,10169,0.0781307703631223,0.0781307703631223,0.8626682728750829,0.005
1,165,10170,0.08305305142776576,0.08305305142776576,0.8554007543471137,0.005
1,166,10171,0.07045352946101623,0.07045352946101623,0.8671720549361188,0.005
1,167,10172,0.07486049354963567,0.07486049354963567,0.8652496615393229,0.005
1,168,10173,0.07568477146023814,0.07568477146023814,0.8633584142683817,0.005
1,169,10174,0.08526359084886856,0.08526359084886856,0.854224630168068,0.005
1,170,10175,0.0736120421691863,0.0736120421691863,0.8683300629343096,0.005
1,171,10176,0.06811887005403396,0.06811887005403396,0.8722123076784998,0.005
1,172,10177,0.06850178712738164,0.06850178712738164,0.8750772515968235,0.005
1,173,10178,0.06655734493638288,0.06655734493638288,0.8775949914717047,0.005
1,174,10179,0.08793382828465618,0.08793382828465618,0.8507867176321723,0.005
1,175,10180,0.06689409255995138,0.06689409255995138,0.8762885859316499,0.005
1,176,10181,0.07756460429764199,0.07756460429764199,0.8636048129403251,0.005
1,177,10182,0.05352972303485137,0.05352972303485137,0.893706894831004,0.005
1,178,10183,0.0621945370826922,0.0621945370826922,0.8809589730110249,0.005
1,179,10184,0.06373110025622156,0.06373110025622156,0.8809762361603986,0.005
1,180,10185,0.05603888975498106,0.05603888975498106,0.8896374837201407,0.005
1,181,10186,0.046547791714845146,0.046547791714845146,0.903273102782172,0.005
1,182,10187,0.06294899805643266,0.06294899805643266,0.8807254798622428,0.005
1,183,10188,0.06745895110889619,0.06745895110889619,0.8765740001235918,0.005
1,184,10189,0.056124753759051516,0.056124753759051516,0.8892002461297762,0.005
1,185,10190,0.05421277496206839,0.05421277496206839,0.897206040826558,0.005
1,186,10191,0.049470237231553936,0.049470237231553936,0.9039289455261912,0.005
1,187,10192,0.047491918318008156,0.047491918318008156,0.9053945575076238,0.005
1,188,10193,0.050330782854956235,0.050330782854956235,0.8983441029732351,0.005
1,189,10194,0.055037075721604364,0.055037075721604364,0.8934440799699598,0.005
1,190,10195,0.04324879903359745,0.04324879903359745,0.911805592163124,0.005
1,191,10196,0.05322099315040709,0.05322099315040709,0.8959546095857743,0.005
1,192,10197,0.0642279766941943,0.0642279766941943,0.884031733712427,0.005
1,193,10198,0.06253546029682641,0.06253546029682641,0.884294813964437,0.005
1,194,10199,0.03891839947805896,0.03891839947805896,0.915177994694574,0.005
1,195,10200,0.049168355659120935,0.049168355659120935,0.9023399541512094,0.005
1,196,10201,0.050282399429363064,0.050282399429363064,0.8995264355794993,0.005
1,197,10202,0.05065483958551256,0.05065483958551256,0.8985817423975481,0.005
1,198,10203,0.04256071103777381,0.04256071103777381,0.9105096169857964,0.005
1,199,10204,0.04876731685396577,0.04876731685396577,0.9034367169649284,0.005
1,200,10205,0.05324990259474874,0.05324990259474874,0.8994130015679741,0.005
1,201,10206,0.035034461476425034,0.035034461476425034,0.9209063389090639,0.005
1,202,10207,0.04956230872113514,0.04956230872113514,0.9058312374839625,0.005
1,203,10208,0.04066651024964961,0.04066651024964961,0.9149139820675358,0.005
1,204,10209,0.04316477075212729,0.04316477075212729,0.9132319257205187,0.005
1,205,10210,0.04591830530556063,0.04591830530556063,0.9080826056056523,0.005
1,206,10211,0.03739806828034961,0.03739806828034961,0.9198351963162849,0.005
1,207,10212,0.036045560942952914,0.036045560942952914,0.9207531369972243,0.005
1,208,10213,0.049860000279470795,0.049860000279470795,0.9029122551245106,0.005
1,209,10214,0.031674092575951565,0.031674092575951565,0.9269532493379419,0.005
1,210,10215,0.046218507062888436,0.046218507062888436,0.9092419966654696,0.005
1,211,10216,0.034063804835444765,0.034063804835444765,0.9256461299760733,0.005
1,212,10217,0.03118247907735753,0.03118247907735753,0.9279983523263411,0.005
1,213,10218,0.038037992304593995,0.038037992304593995,0.9186446668931949,0.005
1,214,10219,0.03614174014075562,0.03614174014075562,0.9230659510072485,0.005
1,215,10220,0.027432350334490426,0.027432350334490426,0.9327998028040315,0.005
1,216,10221,0.0312606196428844,0.0312606196428844,0.930381207057543,0.005
1,217,10222,0.03751126837869563,0.03751126837869563,0.9186265968593286,0.005
1,218,10223,0.036862755277110124,0.036862755277110124,0.9226640543511704,0.005
1,219,10224,0.038870635479033334,0.038870635479033334,0.9173370579756488,0.005
1,220,10225,0.03671239088783168,0.03671239088783168,0.9206341459212148,0.005
1,221,10226,0.03539528947778947,0.03539528947778947,0.9238113035438337,0.005
1,222,10227,0.034540394298809896,0.034540394298809896,0.9283150432626739,0.005
1,223,10228,0.03673582717192128,0.03673582717192128,0.9213968198266805,0.005
1,224,10229,0.026663031384737454,0.026663031384737454,0.9376714030787304,0.005
1,225,10230,0.032465478008977214,0.032465478008977214,0.9290974129897718,0.005
1,226,10231,0.029847348318261885,0.029847348318261885,0.9325905752009381,0.005
1,227,10232,0.0328826354361135,0.0328826354361135,0.9302935458973822,0.005
1,228,10233,0.0319984979189179,0.0319984979189179,0.9315155793636191,0.005
1,229,10234,0.028219846681026187,0.028219846681026187,0.9374079843709205,0.005
1,230,10235,0.03254262252762569,0.03254262252762569,0.9312973153202023,0.005
1,231,10236,0.030768123128707435,0.030768123128707435,0.9323969977408942,0.005
1,232,10237,0.024993332634392573,0.024993332634392573,0.9393009787984188,0.005
1,233,10238,0.03130219766275395,0.03130219766275395,0.9330586511611896,0.005
1,234,10239,0.0451584854306529,0.0451584854306529,0.91402552734033,0.005
1,235,10240,0.030906483782852788,0.030906483782852788,0.9315384937101779,0.005
1,236,10241,0.027619974941810503,0.027619974941810503,0.9350118529957898,0.005
1,237,10242,0.02645640756175512,0.02645640756175512,0.940051480382001,0.005
1,238,10243,0.026524249717340694,0.026524249717340694,0.9384649027624717,0.005
1,239,10244,0.0274055501283162,0.0274055501283162,0.9369665080372981,0.005
1,240,10245,0.02742142809272921,0.02742142809272921,0.9393297663393786,0.005
1,241,10246,0.028743057504437473,0.028743057504437473,0.9370320147598982,0.005
1,242,10247,0.03706479293033327,0.03706479293033327,0.9290193866592034,0.005
1,243,10248,0.029632965685076267,0.029632965685076267,0.9333814660333368,0.005
1,244,10249,0.03522464223676963,0.03522464223676963,0.9271461360810563,0.005
1,245,10250,0.02705389470193076,0.02705389470193076,0.9393702175255356,0.005
1,246,10251,0.027802951689336476,0.027802951689336476,0.9365814774985551,0.005
1,247,10252,0.025553041548150766,0.025553041548150766,0.9415479502794252,0.005
1,248,10253,0.03147861015272489,0.03147861015272489,0.9305989629165179,0.005
1,249,10254,0.03206786479066931,0.03206786479066931,0.9308561128580357,0.005
1,250,10255,0.02114867074764999,0.02114867074764999,0.945951251189382,0.005
1,251,10256,0.026602817274881358,0.026602817274881358,0.9371874121942664,0.005
1,252,10257,0.02880211052024504,0.02880211052024504,0.9357182922133133,0.005
1,253,10258,0.02343962929888386,0.02343962929888386,0.9436847994944925,0.005
1,254,10259,0.027318846550874337,0.027318846550874337,0.9362401635667006,0.005
1,255,10260,0.024108052244788222,0.024108052244788222,0.9468120206498981,0.005
1,256,10261,0.027808818180800814,0.027808818180800814,0.9376595568391503,0.005
1,257,10262,0.027172789297159057,0.027172789297159057,0.939080108631287,0.005
1,258,10263,0.026552821716666713,0.026552821716666713,0.9420396239642309,0.005
1,259,10264,0.028314276470655472,0.028314276470655472,0.9382031678180557,0.005
1,260,10265,0.02740168023785563,0.02740168023785563,0.9402839378030309,0.005
1,261,10266,0.024856630513070868,0.024856630513070868,0.9425109116905178,0.005
1,262,10267,0.024585152283830777,0.024585152283830777,0.9448901921793873,0.005
1,263,10268,0.021371207981084894,0.021371207981084894,0.946137289460865,0.005
1,264,10269,0.023224391861881806,0.023224391861881806,0.9449320370575072,0.005
1,265,10270,0.02983698989892333,0.02983698989892333,0.9359121328443563,0.005
1,266,10271,0.025383561072837603,0.025383561072837603,0.9418442851531236,0.005
1,267,10272,0.025718657181200873,0.025718657181200873,0.9413242379296384,0.005
1,268,10273,0.024096260656990626,0.024096260656990626,0.9427314845941214,0.005
1,269,10274,0.024457575147671225,0.024457575147671225,0.9443897002470842,0.005
1,270,10275,0.028336566426665787,0.028336566426665787,0.9405740709797386,0.005
1,271,10276,0.028680737791126176,0.028680737791126176,0.9370409085334203,0.005
1,272,10277,0.03381090999357177,0.03381090999357177,0.9301177723694746,0.005
1,273,10278,0.02486914587512909,0.02486914587512909,0.941236932175029,0.005
1,274,10279,0.031183795378045647,0.031183795378045647,0.9333694405992666,0.005
1,275,10280,0.028365412014844254,0.028365412014844254,0.9377590240443929,0.005
1,276,10281,0.027650318066009684,0.027650318066009684,0.9386777783299269,0.005
1,277,10282,0.02677068586000088,0.02677068586000088,0.9404883606575349,0.005
1,278,10283,0.026788573010330958,0.026788573010330958,0.9416074315546313,0.005
1,279,10284,0.024170480003661596,0.024170480003661596,0.9465865990598304,0.005
1,280,10285,0.036462857581601366,0.036462857581601366,0.9275464228905654,0.005
1,281,10286,0.02465103219009899,0.02465103219009899,0.9424642496832029,0.005
1,282,10287,0.025817492357521454,0.025817492357521454,0.9433701815475223,0.005
1,283,10288,0.023311778459044072,0.023311778459044072,0.9470566046768524,0.005
1,284,10289,0.02536667136768226,0.02536667136768226,0.9436847963886822,0.005
1,285,10290,0.026114676414920025,0.026114676414920025,0.9432041460632707,0.005
1,286,10291,0.023703362460298374,0.023703362460298374,0.9454305672770353,0.005
1,287,10292,0.02165410927972071,0.02165410927972071,0.9477238483139465,0.005
1,288,10293,0.02687526078464863,0.02687526078464863,0.9403537002140729,0.005
1,289,10294,0.02812486210349779,0.02812486210349779,0.9395484180761754,0.005
1,290,10295,0.02339793927894957,0.02339793927894957,0.9471302073691744,0.005
1,291,10296,0.025890438437206408,0.025890438437206408,0.9438373055167276,0.005
1,292,10297,0.02629109235998424,0.02629109235998424,0.9431976887065845,0.005
1,293,10298,0.02729173215754732,0.02729173215754732,0.9396754509594705,0.005
1,294,10299,0.028327290309614075,0.028327290309614075,0.9410161684997137,0.005
1,295,10300,0.024028793193938226,0.024028793193938226,0.9469840294854134,0.005
1,296,10301,0.027319042364597965,0.027319042364597965,0.9427324819714301,0.005
1,297,10302,0.025998767477761003,0.025998767477761003,0.943850276387079,0.005
1,298,10303,0.024085237551483032,0.024085237551483032,0.9459845779855407,0.005
1,299,10304,0.02345968512441695,0.02345968512441695,0.9469326019625702,0.005
1,300,10305,0.026265777910250716,0.026265777910250716,0.9432245218046302,0.005
1,301,10306,0.02358323903551886,0.02358323903551886,0.9463004611287017,0.005
1,302,10307,0.024083395883021025,0.024083395883021025,0.9469086774403721,0.005
1,303,10308,0.02376584289593156,0.02376584289593156,0.9455025764705594,0.005
1,304,10309,0.022338287005194954,0.022338287005194954,0.9486413091699227,0.005
1,305,10310,0.027073925147008744,0.027073925147008744,0.9399078301424936,0.005
1,306,10311,0.02887731472562234,0.02887731472562234,0.9405226638476343,0.005
1,307,10312,0.021923325615772184,0.021923325615772184,0.950032048133047,0.005
1,308,10313,0.026170492065744594,0.026170492065744594,0.9430652818271567,0.005
1,309,10314,0.02676876973061753,0.02676876973061753,0.9411145344685969,0.005
1,310,10315,0.02374922821849175,0.02374922821849175,0.9491825892124834,0.005
1,311,10316,0.020903895461033113,0.020903895461033113,0.9519485794038378,0.005
1,312,10317,0.022339212177979684,0.022339212177979684,0.9489499702623491,0.005
1,313,10318,0.023879492121142154,0.023879492121142154,0.9468781460653651,0.005
1,314,10319,0.0251069271338146,0.0251069271338146,0.944998371645996,0.005
1,315,10320,0.025088400604773214,0.025088400604773214,0.9444071920305651,0.005
1,316,10321,0.02140937278478883,0.02140937278478883,0.9517551695249384,0.005
1,317,10322,0.02264814578155515,0.02264814578155515,0.948023868439224,0.005
1,318,10323,0.023059438971333803,0.023059438971333803,0.9479710360411715,0.005
1,319,10324,0.022965507993336076,0.022965507993336076,0.9474132019969346,0.005
1,320,10325,0.027402866660933698,0.027402866660933698,0.9417461305080782,0.005
1,321,10326,0.024090070650969405,0.024090070650969405,0.9444317934671412,0.005
1,322,10327,0.024958986265595583,0.024958986265595583,0.9457624082748831,0.005
1,323,10328,0.021432227952458062,0.021432227952458062,0.9516006090772764,0.005
1,324,10329,0.02425002314109053,0.02425002314109053,0.9462391705088944,0.005
1,325,10330,0.025541687613004318,0.025541687613004318,0.9436408254690952,0.005
1,326,10331,0.024701895291429875,0.024701895291429875,0.945937858976854,0.005
1,327,10332,0.0249665423431796,0.0249665423431796,0.9464945045644414,0.005
1,328,10333,0.02473473424729672,0.02473473424729672,0.9449532365915133,0.005
1,329,10334,0.023594247301255374,0.023594247301255374,0.9468951789406865,0.005
1,330,10335,0.022455345483745528,0.022455345483745528,0.9500016912987794,0.005
1,331,10336,0.023488537717775218,0.023488537717775218,0.9479091815365166,0.005
1,332,10337,0.025215796331761058,0.025215796331761058,0.9472538917517538,0.005
1,333,10338,0.028013575176430633,0.028013575176430633,0.9433772124363111,0.005
1,334,10339,0.023931900448705096,0.023931900448705096,0.9494736087428104,0.005
1,335,10340,0.022961850943730662,0.022961850943730662,0.950412029848449,0.005
1,336,10341,0.026036015685792592,0.026036015685792592,0.9457973845282326,0.005
1,337,10342,0.020656457465947534,0.020656457465947534,0.9524093721391139,0.005
1,338,10343,0.022708184029469506,0.022708184029469506,0.9507470311723093,0.005
1,339,10344,0.022326751049424873,0.022326751049424873,0.9495765982308684,0.005
1,340,10345,0.02158041933767478,0.02158041933767478,0.9516991716371557,0.005
1,341,10346,0.023145928599267847,0.023145928599267847,0.9518835453769977,0.005
1,342,10347,0.02357991199257316,0.02357991199257316,0.9490353955265246,0.005
1,343,10348,0.023628205583952816,0.023628205583952816,0.9501693756363806,0.005
1,344,10349,0.024055594613405076,0.024055594613405076,0.9490724033224859,0.005
1,345,10350,0.022855128723055566,0.022855128723055566,0.9499762388263262,0.005
1,346,10351,0.023146034869338576,0.023146034869338576,0.9512164674329423,0.005
1,347,10352,0.02565947997742938,0.02565947997742938,0.9462671255878277,0.005
1,348,10353,0.02249505912731544,0.02249505912731544,0.9516934404407171,0.005
1,349,10354,0.026367402430948032,0.026367402430948032,0.944041578529064,0.005
1,350,10355,0.022554594164407655,0.022554594164407655,0.9493234030221357,0.005
1,351,10356,0.022884319446561566,0.022884319446561566,0.9513800091503231,0.005
1,352,10357,0.023326612396971404,0.023326612396971404,0.9495303590939285,0.005
1,353,10358,0.024270792322608686,0.024270792322608686,0.9463282083833311,0.005
1,354,10359,0.023245325336471175,0.023245325336471175,0.9479934279184397,0.005
1,355,10360,0.02541522718509866,0.02541522718509866,0.9474965292816684,0.005
1,356,10361,0.025006539116863177,0.025006539116863177,0.9480959015603471,0.005
1,357,10362,0.022423570902323064,0.022423570902323064,0.9488462403292853,0.005
1,358,10363,0.02315953174997479,0.02315953174997479,0.9488761146055095,0.005
1,359,10364,0.024364441502191636,0.024364441502191636,0.9488067519194211,0.005
1,360,10365,0.024067047183132156,0.024067047183132156,0.9482516614621483,0.005
1,361,10366,0.023658254375817995,0.023658254375817995,0.9484095026300764,0.005
1,362,10367,0.021934190827473724,0.021934190827473724,0.9509250380697135,0.005
1,363,10368,0.02411993801277674,0.02411993801277674,0.9483551656643844,0.005
1,364,10369,0.024556345474700068,0.024556345474700068,0.9462388125617456,0.005
1,365,10370,0.024609773894043653,0.024609773894043653,0.9471180850856525,0.005
1,366,10371,0.02358747191600695,0.02358747191600695,0.9472942913945179,0.005
1,367,10372,0.023593244008710358,0.023593244008710358,0.9477931651190906,0.005
1,368,10373,0.025463025720484422,0.025463025720484422,0.9457699991249698,0.005
1,369,10374,0.023939652125597084,0.023939652125597084,0.9503344657824672,0.005
1,370,10375,0.025267909234494103,0.025267909234494103,0.9480387074256112,0.005
1,371,10376,0.022090437343247393,0.022090437343247393,0.9502867029907813,0.005
1,372,10377,0.02494654225246437,0.02494654225246437,0.9475303220379018,0.005
1,373,10378,0.023567939980055637,0.023567939980055637,0.9494481171471307,0.005
1,374,10379,0.024946902768807486,0.024946902768807486,0.9472106076026415,0.005
1,375,10380,0.022996600803184733,0.022996600803184733,0.949744976942961,0.005
1,376,10381,0.022614420400995233,0.022614420400995233,0.9499231974346293,0.005
1,377,10382,0.02417692155063146,0.02417692155063146,0.9482459419676356,0.005
1,378,10383,0.022743302727181836,0.022743302727181836,0.9509721339996281,0.005
1,379,10384,0.02470248813497214,0.02470248813497214,0.9478938808352698,0.005
1,380,10385,0.02520547469100362,0.02520547469100362,0.9453782582404926,0.005
1,381,10386,0.022448349076724057,0.022448349076724057,0.9502440364725557,0.005
1,382,10387,0.023367809290318915,0.023367809290318915,0.948596113234116,0.005
1,383,10388,0.023279188845366547,0.023279188845366547,0.9494407677302122,0.005
1,384,10389,0.024816246067533014,0.024816246067533014,0.9470443062809766,0.005
1,385,10390,0.02372040871456143,0.02372040871456143,0.9468780024998523,0.005
1,386,10391,0.023867118019470165,0.023867118019470165,0.949822613404664,0.005
1,387,10392,0.024427471041612928,0.024427471041612928,0.9497972309274582,0.005
1,388,10393,0.024013154028152316,0.024013154028152316,0.9484448892622983,0.005
1,389,10394,0.024641374374306368,0.024641374374306368,0.9485263442228905,0.005
1,390,10395,0.027950593440876456,0.027950593440876456,0.942209868190808,0.005
1,391,10396,0.02250405753999979,0.02250405753999979,0.951337878063295,0.005
1,392,10397,0.023647442295053292,0.023647442295053292,0.9496706759642072,0.005
1,393,10398,0.022796917518586292,0.022796917518586292,0.9500725712239059,0.005
1,394,10399,0.023088599867705707,0.023088599867705707,0.9507263390535912,0.005
1,395,10400,0.023999623868419015,0.023999623868419015,0.9512753445660983,0.005
1,396,10401,0.022823693002281896,0.022823693002281896,0.949382922631436,0.005
1,397,10402,0.023773244100413357,0.023773244100413357,0.9489792395622324,0.005
1,398,10403,0.023553108126407415,0.023553108126407415,0.9492207827426923,0.005
1,399,10404,0.022685457285433683,0.022685457285433683,0.9497032794821885,0.005
1,400,10405,0.024590396707871484,0.024590396707871484,0.9485651348076312,0.005
1,401,10406,0.02447558620397098,0.02447558620397098,0.9475151898682882,0.005
1,402,10407,0.02489543896046558,0.02489543896046558,0.9477616213541926,0.005
1,403,10408,0.023228284558848865,0.023228284558848865,0.950415207601983,0.005
1,404,10409,0.025258967323095474,0.025258967323095474,0.9474718908169726,0.005
1,405,10410,0.024468131871026536,0.024468131871026536,0.9478124158418867,0.005
1,406,10411,0.022751289195455215,0.022751289195455215,0.9517025983373005,0.005
1,407,10412,0.025267320246192986,0.025267320246192986,0.9468040913837339,0.005
1,408,10413,0.023506098358849828,0.023506098358849828,0.9498004340538015,0.005
1,409,10414,0.02467426088728112,0.02467426088728112,0.948869919092904,0.005
1,410,10415,0.022929866597188125,0.022929866597188125,0.9508928107750675,0.005
1,411,10416,0.0235930526629011,0.0235930526629011,0.9495030787116087,0.005
1,412,10417,0.02353279844151314,0.02353279844151314,0.9485458630166294,0.005
1,413,10418,0.022545794815415292,0.022545794815415292,0.9521035900290292,0.005
1,414,10419,0.023607957520042577,0.023607957520042577,0.9488652032421746,0.005
1,415,10420,0.023950180081520986,0.023950180081520986,0.9486904262633762,0.005
1,416,10421,0.022646819016055312,0.022646819016055312,0.9511499732788107,0.005
1,417,10422,0.021853377207141624,0.021853377207141624,0.9529292578363002,0.005
1,418,10423,0.022727279528117504,0.022727279528117504,0.9505717156600162,0.005
1,419,10424,0.024235962843923056,0.024235962843923056,0.9476050057813773,0.005
1,420,10425,0.023821414700407696,0.023821414700407696,0.9482608272181533,0.005
1,421,10426,0.023292499514919972,0.023292499514919972,0.949706233520242,0.005
1,422,10427,0.02315026894677384,0.02315026894677384,0.9515896078560793,0.005
1,423,10428,0.023979594534177053,0.023979594534177053,0.9509518175115298,0.005
1,424,10429,0.0238944216120542,0.0238944216120542,0.9486606348685263,0.005
1,425,10430,0.023161978558946097,0.023161978558946097,0.951279381412064,0.005
1,426,10431,0.02408083569979779,0.02408083569979779,0.9491537685250792,0.005
1,427,10432,0.02363538296704471,0.02363538296704471,0.949531572073063,0.005
1,428,10433,0.024493203627054948,0.024493203627054948,0.9492731431663674,0.005
1,429,10434,0.023833135385296564,0.023833135385296564,0.9491655966717925,0.005
1,430,10435,0.023000519865353695,0.023000519865353695,0.9509657568280838,0.005
1,431,10436,0.024025272972681647,0.024025272972681647,0.9485769394066127,0.005
1,432,10437,0.023430165549695774,0.023430165549695774,0.9512118175999312,0.005
1,433,10438,0.022522696624276667,0.022522696624276667,0.9523023384879121,0.005
1,434,10439,0.023359452052001756,0.023359452052001756,0.9489553545183766,0.005
1,435,10440,0.023992589544898135,0.023992589544898135,0.947624187058246,0.005
1,436,10441,0.024097275369985294,0.024097275369985294,0.9486017037484097,0.005
1,437,10442,0.02302867982276076,0.02302867982276076,0.9512200909608108,0.005
1,438,10443,0.02316532886114186,0.02316532886114186,0.9502216700915944,0.005
1,439,10444,0.02277200931767911,0.02277200931767911,0.9510279375749966,0.005
1,440,10445,0.024369575575109825,0.024369575575109825,0.9505376217631424,0.005
1,441,10446,0.02320387753338741,0.02320387753338741,0.9506497828005628,0.005
1,442,10447,0.02504228315221246,0.02504228315221246,0.9450735247023467,0.005
1,443,10448,0.023521063986062192,0.023521063986062192,0.9498302548600065,0.005
1,444,10449,0.02155394676083002,0.02155394676083002,0.9531075317309955,0.005
1,445,10450,0.022566098867362286,0.022566098867362286,0.9513023259914415,0.005
1,446,10451,0.022338984065240756,0.022338984065240756,0.9502587000927366,0.005
1,447,10452,0.023693500335099163,0.023693500335099163,0.9498713540854639,0.005
1,448,10453,0.024459046570841934,0.024459046570841934,0.9472041708396163,0.005
1,449,10454,0.024175837388314365,0.024175837388314365,0.9494483938889077,0.005
1,450,10455,0.02683957313883348,0.02683957313883348,0.9434836844940557,0.005
1,451,10456,0.022738445624398106,0.022738445624398106,0.9518444481534877,0.005
1,452,10457,0.022926962643682526,0.022926962643682526,0.9511297512784782,0.005
1,453,10458,0.025199114486057092,0.025199114486057092,0.9481750661036972,0.005
1,454,10459,0.023376534574673202,0.023376534574673202,0.951574925259408,0.005
1,455,10460,0.02462599614517727,0.02462599614517727,0.9497692129997545,0.005
1,456,10461,0.02406604304648696,0.02406604304648696,0.9499441406216173,0.005
1,457,10462,0.023885260936216898,0.023885260936216898,0.9505233658376124,0.005
1,458,10463,0.022501827854915033,0.022501827854915033,0.9530710717370608,0.005
1,459,10464,0.023292445619530255,0.023292445619530255,0.9502766535712083,0.005
1,460,10465,0.023415435679584533,0.023415435679584533,0.9495693444643281,0.005
1,461,10466,0.0232853062059507,0.0232853062059507,0.9514642325908954,0.005
1,462,10467,0.023581898746405136,0.023581898746405136,0.948075604715558,0.005
1,463,10468,0.022926749456233908,0.022926749456233908,0.9506952615174107,0.005
1,464,10469,0.024274223968878315,0.024274223968878315,0.9503270342023558,0.005
1,465,10470,0.022983282680532756,0.022983282680532756,0.9514018967639511,0.005
1,466,10471,0.024160377246701906,0.024160377246701906,0.9492609675438016,0.005
1,467,10472,0.024302829820688404,0.024302829820688404,0.9484682868702136,0.005
1,468,10473,0.02359062434229471,0.02359062434229471,0.9501228781695893,0.005
1,469,10474,0.025315169556300258,0.025315169556300258,0.9461494269696007,0.005
1,470,10475,0.025103471038819554,0.025103471038819554,0.9490193890109885,0.005
1,471,10476,0.023456691330379406,0.023456691330379406,0.9502232545250294,0.005
1,472,10477,0.024054442987796597,0.024054442987796597,0.9487062098882376,0.005
1,473,10478,0.02663150244084871,0.02663150244084871,0.946723239346438,0.005
1,474,10479,0.02368074150415455,0.02368074150415455,0.950967997759429,0.005
1,475,10480,0.02325399624647505,0.02325399624647505,0.9504855493571311,0.005
1,476,10481,0.022791048662044355,0.022791048662044355,0.95106401844376,0.005
1,477,10482,0.022340770357591633,0.022340770357591633,0.9522815955674205,0.005
1,478,10483,0.02225567468122006,0.02225567468122006,0.9535589298252348,0.005
1,479,10484,0.023038120322586276,0.023038120322586276,0.9516744086055718,0.005
1,480,10485,0.023631675248609717,0.023631675248609717,0.9510715452429486,0.005
1,481,10486,0.022945308923278618,0.022945308923278618,0.9507059707828951,0.005
1,482,10487,0.024891236801811288,0.024891236801811288,0.9489518183572291,0.005
1,483,10488,0.023117448816661355,0.023117448816661355,0.9524667760362553,0.005
1,484,10489,0.023654216846551473,0.023654216846551473,0.9502385903033781,0.005
1,485,10490,0.021752624276504,0.021752624276504,0.9525501918427425,0.005
1,486,10491,0.023025741630800567,0.023025741630800567,0.9507069000821905,0.005
1,487,10492,0.022839435507929846,0.022839435507929846,0.95150031797386,0.005
1,488,10493,0.023774614944017853,0.023774614944017853,0.9516885428467817,0.005
1,489,10494,0.022311117667471698,0.022311117667471698,0.950726629159456,0.005
1,490,10495,0.022358725682988075,0.022358725682988075,0.9521773331514917,0.005
1,491,10496,0.02330014618736773,0.02330014618736773,0.9520796262674176,0.005
1,492,10497,0.022681060310584488,0.022681060310584488,0.9516940921606473,0.005
1,493,10498,0.022525189817668267,0.022525189817668267,0.9515032696228221,0.005
1,494,10499,0.022538168348877025,0.022538168348877025,0.9521618771689715,0.005
1,495,10500,0.02435135428698367,0.02435135428698367,0.9498935794284328,0.005
1,496,10501,0.023736816616616727,0.023736816616616727,0.9514720451346664,0.005
1,497,10502,0.02245456165754848,0.02245456165754848,0.9518485617169109,0.005
1,498,10503,0.02167391902017058,0.02167391902017058,0.9530283418427995,0.005
1,499,10504,0.023110731150137134,0.023110731150137134,0.9503153230032854,0.005
1,500,10505,0.02281332766869123,0.02281332766869123,0.9521489840911603,0.005
1,501,10506,0.02334400202541252,0.02334400202541252,0.9513696834271661,0.005
1,502,10507,0.02595482181330594,0.02595482181330594,0.9473028281808573,0.005
1,503,10508,0.024130485671140157,0.024130485671140157,0.9513025315974345,0.005
1,504,10509,0.023974587254183544,0.023974587254183544,0.9489443392932204,0.005
1,505,10510,0.023133077829574807,0.023133077829574807,0.9507294040749534,0.005
1,506,10511,0.02368578422802003,0.02368578422802003,0.9516475340952977,0.005
1,507,10512,0.024395300536534686,0.024395300536534686,0.95094160843487,0.005
1,508,10513,0.02380578127781776,0.02380578127781776,0.9509007734962561,0.005
1,509,10514,0.023615456385174743,0.023615456385174743,0.9516588437687642,0.005
1,510,10515,0.022618598225292524,0.022618598225292524,0.9520169007377165,0.005
1,511,10516,0.023677619446376013,0.023677619446376013,0.9514727091807287,0.005
1,512,10517,0.021869438897938093,0.021869438897938093,0.9545902952983499,0.005
1,513,10518,0.024139586089998978,0.024139586089998978,0.9496493676741968,0.005
1,514,10519,0.022718278048796364,0.022718278048796364,0.9521117061944788,0.005
1,515,10520,0.023373771418450928,0.023373771418450928,0.9503801082461847,0.005
1,516,10521,0.02334024929500269,0.02334024929500269,0.9508862645532979,0.005
1,517,10522,0.022346590096251,0.022346590096251,0.952804797934961,0.005
1,518,10523,0.022596278100482856,0.022596278100482856,0.9526752410980996,0.005
1,519,10524,0.023910789899361063,0.023910789899361063,0.9502961498684734,0.005
1,520,10525,0.02435160975377889,0.02435160975377889,0.9492380231275029,0.005
1,521,10526,0.02265911565626446,0.02265911565626446,0.9519800362169152,0.005
1,522,10527,0.02204229652679126,0.02204229652679126,0.9538558410180619,0.005
1,523,10528,0.02394327843507576,0.02394327843507576,0.9497343531435675,0.005
1,524,10529,0.02402975064218739,0.02402975064218739,0.9486888255554728,0.005
1,525,10530,0.02336199759630878,0.02336199759630878,0.9510353797328741,0.005
1,526,10531,0.022373801977085647,0.022373801977085647,0.9519326591777619,0.005
1,527,10532,0.02300755702119043,0.02300755702119043,0.9510901339572633,0.005
1,528,10533,0.02400600331564256,0.02400600331564256,0.9501526201399174,0.005
1,529,10534,0.023492308861863494,0.023492308861863494,0.9504780304540072,0.005
1,530,10535,0.02440845734337653,0.02440845734337653,0.9493178221376221,0.005
1,531,10536,0.023268676746976018,0.023268676746976018,0.9506390693109897,0.005
1,532,10537,0.023865773743928495,0.023865773743928495,0.949469453447197,0.005
1,533,10538,0.023580606726838725,0.023580606726838725,0.9511589226160679,0.005
1,534,10539,0.023529920681679112,0.023529920681679112,0.9503768892246461,0.005
1,535,10540,0.02439086146858291,0.02439086146858291,0.9504284460083051,0.005
1,536,10541,0.023529608806661363,0.023529608806661363,0.9523926659350839,0.005
1,537,10542,0.022597026411676137,0.022597026411676137,0.9528235468587213,0.005
1,538,10543,0.023956615327954858,0.023956615327954858,0.950360799894634,0.005
1,539,10544,0.02357296873957397,0.02357296873957397,0.9490028921590762,0.005
1,540,10545,0.022293977588444983,0.022293977588444983,0.9526009444287425,0.005
1,541,10546,0.022599327299374264,0.022599327299374264,0.9526269885504449,0.005
1,542,10547,0.02292299090303394,0.02292299090303394,0.9517113009628133,0.005
1,543,10548,0.0231942092772969,0.0231942092772969,0.9503930926791356,0.005
1,544,10549,0.022812191430322835,0.022812191430322835,0.9508157125890461,0.005
1,545,10550,0.023389216242447615,0.023389216242447615,0.9506615021523569,0.005
1,546,10551,0.022984095549252015,0.022984095549252015,0.9529667078669933,0.005
1,547,10552,0.022615842350448244,0.022615842350448244,0.9517988387604809,0.005
1,548,10553,0.022711876448316088,0.022711876448316088,0.9531391899408406,0.005
1,549,10554,0.02442984954914798,0.02442984954914798,0.9502247481680914,0.005
1,550,10555,0.022671044967926664,0.022671044967926664,0.9521458924701034,0.005
1,551,10556,0.02304377970474178,0.02304377970474178,0.949879150300092,0.005
1,552,10557,0.02283570083487307,0.02283570083487307,0.9517424388313804,0.005
1,553,10558,0.024374008374307664,0.024374008374307664,0.9499213588442966,0.005
1,554,10559,0.022049661172224278,0.022049661172224278,0.9537669500152531,0.005
1,555,10560,0.023851076381456608,0.023851076381456608,0.9507628451732928,0.005
1,556,10561,0.023367501338934667,0.023367501338934667,0.9519025848326994,0.005
1,557,10562,0.02377875122249159,0.02377875122249159,0.9509546459603506,0.005
1,558,10563,0.022420165292936174,0.022420165292936174,0.9522483502399474,0.005
1,559,10564,0.023626965409564438,0.023626965409564438,0.9506298035398414,0.005
1,560,10565,0.022686356824164346,0.022686356824164346,0.9521110792575135,0.005
1,561,10566,0.023240507704430324,0.023240507704430324,0.9520813442480798,0.005
1,562,10567,0.022510514103242625,0.022510514103242625,0.9528290650965253,0.005
1,563,10568,0.02217254118569694,0.02217254118569694,0.9523124364060538,0.005
1,564,10569,0.023477390870576313,0.023477390870576313,0.9519737551908131,0.005
1,565,10570,0.02287934834019054,0.02287934834019054,0.9506022328550954,0.005
1,566,10571,0.02253183145230732,0.02253183145230732,0.9532368577088088,0.005
1,567,10572,0.022683305163664562,0.022683305163664562,0.9528954318275321,0.005
1,568,10573,0.02310253197635155,0.02310253197635155,0.9513525950073327,0.005
1,569,10574,0.022597051732278037,0.022597051732278037,0.9517055945749102,0.005
1,570,10575,0.02307516259602521,0.02307516259602521,0.9527620273480174,0.005
1,571,10576,0.022781525490089362,0.022781525490089362,0.9512353757690241,0.005
1,572,10577,0.022700707057741437,0.022700707057741437,0.9519089461690541,0.005
1,573,10578,0.023030712860009926,0.023030712860009926,0.9522834192875272,0.005
1,574,10579,0.023991231795192493,0.023991231795192493,0.9499180345923204,0.005
1,575,10580,0.022851713742204887,0.022851713742204887,0.9516367495497816,0.005
1,576,10581,0.022303485859091934,0.022303485859091934,0.9517063746685115,0.005
1,577,10582,0.022472961882553863,0.022472961882553863,0.9528474471687136,0.005
1,578,10583,0.02375058076305516,0.02375058076305516,0.951080153636661,0.005
1,579,10584,0.022808547984552424,0.022808547984552424,0.9512024620647408,0.005
1,580,10585,0.02232656522199843,0.02232656522199843,0.9525695468949901,0.005
1,581,10586,0.02241418201350996,0.02241418201350996,0.9531159216939263,0.005
1,582,10587,0.022532439682850375,0.022532439682850375,0.9513747347703455,0.005
1,583,10588,0.023120238988709678,0.023120238988709678,0.9513897118142932,0.005
1,584,10589,0.02291247744206612,0.02291247744206612,0.9498835777726474,0.005
1,585,10590,0.02322573947874723,0.02322573947874723,0.950067307325596,0.005
1,586,10591,0.029851031433053926,0.029851031433053926,0.9437275901901482,0.005
1,587,10592,0.02247319861019456,0.02247319861019456,0.9528295984632492,0.005
1,588,10593,0.027380641984461725,0.027380641984461725,0.9475244868034545,0.005
1,589,10594,0.022312693361301927,0.022312693361301927,0.9525009857443609,0.005
1,590,10595,0.024692347760273056,0.024692347760273056,0.9487474038490716,0.005
1,591,10596,0.02231471221263089,0.02231471221263089,0.951846587440375,0.005
1,592,10597,0.022491637927852408,0.022491637927852408,0.9524513426037293,0.005
1,593,10598,0.02286711401089556,0.02286711401089556,0.9512809303869993,0.005
1,594,10599,0.022581026761312586,0.022581026761312586,0.9529080607380702,0.005
1,595,10600,0.02263491284619718,0.02263491284619718,0.9508826379007804,0.005
1,596,10601,0.022595086559534787,0.022595086559534787,0.953277325305023,0.005
1,597,10602,0.023197409011854297,0.023197409011854297,0.9521222374568217,0.005
1,598,10603,0.023422708334005622,0.023422708334005622,0.9507925449118015,0.005
1,599,10604,0.02407095714181418,0.02407095714181418,0.9504881713852696,0.005
1,600,10605,0.021489543419913132,0.021489543419913132,0.9525682689103943,0.005
1,601,10606,0.02249733575871255,0.02249733575871255,0.9533816182884898,0.005
1,602,10607,0.023686104537571136,0.023686104537571136,0.9498439712182881,0.005
1,603,10608,0.024126083209008393,0.024126083209008393,0.9485386927358883,0.005
1,604,10609,0.022706614051062286,0.022706614051062286,0.9529755792949135,0.005
1,605,10610,0.023028545075538503,0.023028545075538503,0.9515066066335643,0.005
1,606,10611,0.023423471107285956,0.023423471107285956,0.9517007609132271,0.005
1,607,10612,0.02324455498747092,0.02324455498747092,0.9515462095574305,0.005
1,608,10613,0.023299545034402548,0.023299545034402548,0.9514321826135318,0.005
1,609,10614,0.022897291671680933,0.022897291671680933,0.9505213472072188,0.005
1,610,10615,0.024200588407818066,0.024200588407818066,0.94963029958064,0.005
1,611,10616,0.023977599965777027,0.023977599965777027,0.9499763321875612,0.005
1,612,10617,0.023750166438935634,0.023750166438935634,0.9515293727603702,0.005
1,613,10618,0.02286643515253096,0.02286643515253096,0.9511646612893114,0.005
1,614,10619,0.02366246679937021,0.02366246679937021,0.9502460525993673,0.005
1,615,10620,0.022361435219994306,0.022361435219994306,0.953056139233413,0.005
1,616,10621,0.02292131300207958,0.02292131300207958,0.9523508203607671,0.005
1,617,10622,0.02274626374635731,0.02274626374635731,0.9524393356676986,0.005
1,618,10623,0.02357362287181156,0.02357362287181156,0.9510124604602598,0.005
1,619,10624,0.02274146698943947,0.02274146698943947,0.9502071550311728,0.005
1,620,10625,0.02229287327999885,0.02229287327999885,0.9525805590534989,0.005
1,621,10626,0.02224611826404359,0.02224611826404359,0.9519551834955232,0.005
1,622,10627,0.022360301942804747,0.022360301942804747,0.9520301902740985,0.005
1,623,10628,0.02251757755409741,0.02251757755409741,0.951936164730594,0.005
1,624,10629,0.023080452288126094,0.023080452288126094,0.9504277462826758,0.005
1,625,10630,0.02520549046221077,0.02520549046221077,0.9498953878339886,0.005
1,626,10631,0.022872032059079013,0.022872032059079013,0.9511157329665562,0.005
1,627,10632,0.022179343619587642,0.022179343619587642,0.9528730610918033,0.005
1,628,10633,0.022804515888271322,0.022804515888271322,0.9530986300835008,0.005
1,629,10634,0.023145155177267097,0.023145155177267097,0.9520481967438383,0.005
1,630,10635,0.0234726172304637,0.0234726172304637,0.9510078268534538,0.005
1,631,10636,0.02324733349770835,0.02324733349770835,0.9519594101891886,0.005
1,632,10637,0.022882366102107962,0.022882366102107962,0.9508562802721187,0.005
1,633,10638,0.023034797914686024,0.023034797914686024,0.9519006616513449,0.005
1,634,10639,0.022563878375937093,0.022563878375937093,0.9525656316729577,0.005
1,635,10640,0.02301912897049624,0.02301912897049624,0.9505001636913373,0.005
1,636,10641,0.0226203476516813,0.0226203476516813,0.9519814121322862,0.005
1,637,10642,0.02202006638652585,0.02202006638652585,0.9527754213593742,0.005
1,638,10643,0.02341125545922194,0.02341125545922194,0.951562503768086,0.005
1,639,10644,0.02285522018331907,0.02285522018331907,0.9518510742053338,0.005
1,640,10645,0.02214628433863222,0.02214628433863222,0.9532736176005361,0.005
1,641,10646,0.02282036461753561,0.02282036461753561,0.9516693314132266,0.005
1,642,10647,0.023169934651244388,0.023169934651244388,0.9512983862394453,0.005
1,643,10648,0.02346799368096565,0.02346799368096565,0.9510124631702759,0.005
1,644,10649,0.023052728661257474,0.023052728661257474,0.9501375119998873,0.005
1,645,10650,0.022483485116396945,0.022483485116396945,0.9523838680919388,0.005
1,646,10651,0.022807964900303145,0.022807964900303145,0.9515564518349542,0.005
1,647,10652,0.023410074858909162,0.023410074858909162,0.9520296425691089,0.005
1,648,10653,0.02389964807253557,0.02389964807253557,0.9501631259004939,0.005
1,649,10654,0.02220058996121632,0.02220058996121632,0.9515379740817873,0.005
1,650,10655,0.02336463428888817,0.02336463428888817,0.951640148590626,0.005
1,651,10656,0.02267089413839466,0.02267089413839466,0.9520163817324545,0.005
1,652,10657,0.02171566571853585,0.02171566571853585,0.953378818122076,0.005
1,653,10658,0.022768948046627678,0.022768948046627678,0.9519596240220732,0.005
1,654,10659,0.02302421931285577,0.02302421931285577,0.9517471174898412,0.005
1,655,10660,0.024004652175622893,0.024004652175622893,0.9504292631550236,0.005
1,656,10661,0.022754034326991062,0.022754034326991062,0.9528986988348237,0.005
1,657,10662,0.02295893352551291,0.02295893352551291,0.9511279139745886,0.005
1,658,10663,0.021763802170863232,0.021763802170863232,0.9531219499941396,0.005
1,659,10664,0.02341406070363052,0.02341406070363052,0.9521321588053485,0.005
1,660,10665,0.023115694854944344,0.023115694854944344,0.9504715031830554,0.005
1,661,10666,0.022486404818752193,0.022486404818752193,0.9531252558897526,0.005
1,662,10667,0.022570543620141603,0.022570543620141603,0.9516452500662308,0.005
1,663,10668,0.023652038211354906,0.023652038211354906,0.9507631834177915,0.005
1,664,10669,0.022939849071832517,0.022939849071832517,0.950148113475541,0.005
1,665,10670,0.022711061544297622,0.022711061544297622,0.95256155651817,0.005
1,666,10671,0.02266076143630974,0.02266076143630974,0.9532762465288815,0.005
1,667,10672,0.022691142491755384,0.022691142491755384,0.9519021543408053,0.005
1,668,10673,0.022644854590162737,0.022644854590162737,0.9522497545110481,0.005
1,669,10674,0.02232414698435722,0.02232414698435722,0.9533442900253366,0.005
1,670,10675,0.022465715186906994,0.022465715186906994,0.9518763861350498,0.005
1,671,10676,0.02345926351320912,0.02345926351320912,0.9515746787176786,0.005
1,672,10677,0.023401162852195543,0.023401162852195543,0.9509646222852164,0.005
1,673,10678,0.023405001071360534,0.023405001071360534,0.949412981953437,0.005
1,674,10679,0.021866150355358063,0.021866150355358063,0.953814942647933,0.005
1,675,10680,0.022358580902705844,0.022358580902705844,0.9518847478352533,0.005
1,676,10681,0.022486284413897707,0.022486284413897707,0.9513317880619249,0.005
1,677,10682,0.02286776727661784,0.02286776727661784,0.9519183431114465,0.005
1,678,10683,0.02227677872032857,0.02227677872032857,0.9514266949407666,0.005
1,679,10684,0.02249546958512529,0.02249546958512529,0.9513294724426187,0.005
1,680,10685,0.022618201238965602,0.022618201238965602,0.9522066372319103,0.005
1,681,10686,0.022730170724835887,0.022730170724835887,0.9524745774280884,0.005
1,682,10687,0.023566390420841674,0.023566390420841674,0.9510921225271652,0.005
1,683,10688,0.023002159972242447,0.023002159972242447,0.9520909311146317,0.005
1,684,10689,0.02251367668991868,0.02251367668991868,0.9514863381031159,0.005
1,685,10690,0.022699756748713974,0.022699756748713974,0.952294837265962,0.005
1,686,10691,0.022851558511076384,0.022851558511076384,0.9510565262770492,0.005
1,687,10692,0.02339566656783141,0.02339566656783141,0.9519010807528143,0.005
1,688,10693,0.023383820201372203,0.023383820201372203,0.9511963246585021,0.005
1,689,10694,0.023940097449423714,0.023940097449423714,0.9484701017635713,0.005
1,690,10695,0.023246126452623896,0.023246126452623896,0.9517000897109723,0.005
1,691,10696,0.023881947827587187,0.023881947827587187,0.9499459730160204,0.005
1,692,10697,0.02322127137652079,0.02322127137652079,0.9517654738823272,0.005
1,693,10698,0.02308837829171552,0.02308837829171552,0.9517536554799894,0.005
1,694,10699,0.022597454246879138,0.022597454246879138,0.9511354602302061,0.005
1,695,10700,0.02299921657128526,0.02299921657128526,0.9512609434908249,0.005
1,696,10701,0.023254087017076985,0.023254087017076985,0.9504192415121612,0.005
1,697,10702,0.022728893470625545,0.022728893470625545,0.9528329060318215,0.005
1,698,10703,0.02275508328532304,0.02275508328532304,0.9518024987694571,0.005
1,699,10704,0.023166591713002158,0.023166591713002158,0.9501771030411219,0.005
1,700,10705,0.02287543043392731,0.02287543043392731,0.951977689990652,0.005
1,701,10706,0.023061188041664935,0.023061188041664935,0.9526965197635863,0.005
1,702,10707,0.023634863502081292,0.023634863502081292,0.9485431813562053,0.005
1,703,10708,0.0243605125399722,0.0243605125399722,0.9479619248093343,0.005
1,704,10709,0.0233485317717572,0.0233485317717572,0.9496381141409022,0.005
1,705,10710,0.022708519255136943,0.022708519255136943,0.9531661506725716,0.005
1,706,10711,0.022960292096461936,0.022960292096461936,0.9517123954903149,0.005
1,707,10712,0.02241844384112603,0.02241844384112603,0.9502737853055871,0.005
1,708,10713,0.022876533359934684,0.022876533359934684,0.9505770487056456,0.005
1,709,10714,0.022075339868769188,0.022075339868769188,0.9527496712167176,0.005
1,710,10715,0.02353239338101698,0.02353239338101698,0.9511339744651695,0.005
1,711,10716,0.022438356501037347,0.022438356501037347,0.9527755916241204,0.005
1,712,10717,0.02260951178412835,0.02260951178412835,0.9527201334965296,0.005
1,713,10718,0.02369344106950595,0.02369344106950595,0.9504184331919769,0.005
1,714,10719,0.023373189087925697,0.023373189087925697,0.9520129336361483,0.005
1,715,10720,0.022919346740507336,0.022919346740507336,0.9515009836823435,0.005
1,716,10721,0.023209757136057645,0.023209757136057645,0.9509124781430388,0.005
1,717,10722,0.022600386955409904,0.022600386955409904,0.9517863277885107,0.005
1,718,10723,0.0220797115415019,0.0220797115415019,0.9534444029602117,0.005
1,719,10724,0.022474176877192276,0.022474176877192276,0.9510012879588603,0.005
1,720,10725,0.02267544474279511,0.02267544474279511,0.9521641795073394,0.005
1,721,10726,0.023521291752635086,0.023521291752635086,0.9502738845927965,0.005
1,722,10727,0.022595243117119253,0.022595243117119253,0.9520879891684865,0.005
1,723,10728,0.023688462035843977,0.023688462035843977,0.9508470379060486,0.005
1,724,10729,0.022975608010932104,0.022975608010932104,0.950527437331539,0.005
1,725,10730,0.02282890797022864,0.02282890797022864,0.9513509107916746,0.005
1,726,10731,0.02266838373605992,0.02266838373605992,0.9526226649167475,0.005
1,727,10732,0.026893511557628678,0.026893511557628678,0.9450886416110845,0.005
1,728,10733,0.02258137416688977,0.02258137416688977,0.9520491428193378,0.005
1,729,10734,0.021883444033749987,0.021883444033749987,0.9521456945347117,0.005
1,730,10735,0.02263435683506456,0.02263435683506456,0.9528115625248964,0.005
1,731,10736,0.02268485868642859,0.02268485868642859,0.9506380249938364,0.005
1,732,10737,0.02308945889581098,0.02308945889581098,0.9512095018196025,0.005
1,733,10738,0.02257146045313832,0.02257146045313832,0.9527730742494765,0.005
1,734,10739,0.0222953054421166,0.0222953054421166,0.9531169950537042,0.005
1,735,10740,0.023654787274450112,0.023654787274450112,0.9518582698909632,0.005
1,736,10741,0.022815369782219624,0.022815369782219624,0.9512852189820299,0.005
1,737,10742,0.023138908735534577,0.023138908735534577,0.950135637117864,0.005
1,738,10743,0.022458587588659047,0.022458587588659047,0.9519798774286108,0.005
1,739,10744,0.022128392291760522,0.022128392291760522,0.952418745887772,0.005
1,740,10745,0.022578749186919385,0.022578749186919385,0.9523558629350086,0.005
1,741,10746,0.022782554545424768,0.022782554545424768,0.9521455829712213,0.005
1,742,10747,0.022715262639886782,0.022715262639886782,0.9522809738656477,0.005
1,743,10748,0.0236320009410131,0.0236320009410131,0.9521588937743045,0.005
1,744,10749,0.022556451036744356,0.022556451036744356,0.9529802165772805,0.005
1,745,10750,0.023226180434979187,0.023226180434979187,0.9511214809301665,0.005
1,746,10751,0.023282376806355306,0.023282376806355306,0.9529010356125924,0.005
1,747,10752,0.022961180006606158,0.022961180006606158,0.9526651970677075,0.005
1,748,10753,0.023899390966006424,0.023899390966006424,0.9508750334577577,0.005
1,749,10754,0.02219114804753209,0.02219114804753209,0.953594253113027,0.005
1,750,10755,0.025153111159318016,0.025153111159318016,0.9488673658419122,0.005
1,751,10756,0.022767536835720872,0.022767536835720872,0.952163042772302,0.005
1,752,10757,0.02292076055147943,0.02292076055147943,0.9513399037990958,0.005
1,753,10758,0.02306092508243484,0.02306092508243484,0.9509793034193085,0.005
1,754,10759,0.02244105088720732,0.02244105088720732,0.9527610775547805,0.005
1,755,10760,0.023219539189673465,0.023219539189673465,0.9528731842532973,0.005
1,756,10761,0.022260041845328298,0.022260041845328298,0.95282457611702,0.005
1,757,10762,0.023208577605374384,0.023208577605374384,0.951293807666425,0.005
1,758,10763,0.022720802200386993,0.022720802200386993,0.9533517663580245,0.005
1,759,10764,0.022241842073503684,0.022241842073503684,0.9527427618659602,0.005
1,760,10765,0.02278640852454731,0.02278640852454731,0.9522769947847622,0.005
1,761,10766,0.02272157256234588,0.02272157256234588,0.9511067740930483,0.005
1,762,10767,0.02270217508657397,0.02270217508657397,0.9520406092952876,0.005
1,763,10768,0.022725804986736497,0.022725804986736497,0.9520015322028569,0.005
1,764,10769,0.023172351883514793,0.023172351883514793,0.9506600342371425,0.005
1,765,10770,0.0224760350247978,0.0224760350247978,0.9517557564885789,0.005
1,766,10771,0.02252998199350042,0.02252998199350042,0.9532254270336961,0.005
1,767,10772,0.02196744036694987,0.02196744036694987,0.9529671103551691,0.005
1,768,10773,0.02251215101574032,0.02251215101574032,0.9533742347394433,0.005
1,769,10774,0.022867047588680155,0.022867047588680155,0.9522382351418041,0.005
1,770,10775,0.023125008214828588,0.023125008214828588,0.9509784481109972,0.005
1,771,10776,0.022976864328645964,0.022976864328645964,0.9528119506082976,0.005
1,772,10777,0.02280770213333961,0.02280770213333961,0.9516436835337245,0.005
1,773,10778,0.023238509506805644,0.023238509506805644,0.9514675640208882,0.005
1,774,10779,0.02301199226697782,0.02301199226697782,0.9524039226064807,0.005
1,775,10780,0.022953810339793827,0.022953810339793827,0.9516538558774814,0.005
1,776,10781,0.022524620048688562,0.022524620048688562,0.9529204021985367,0.005
1,777,10782,0.022457295007875133,0.022457295007875133,0.9530206111239388,0.005
1,778,10783,0.023037501380615714,0.023037501380615714,0.9497732935312682,0.005
1,779,10784,0.022942346201142716,0.022942346201142716,0.9509736409761133,0.005
1,780,10785,0.02362345238618327,0.02362345238618327,0.9520226527543592,0.005
1,781,10786,0.023319039940799424,0.023319039940799424,0.9506030791530755,0.005
1,782,10787,0.022652435795967964,0.022652435795967964,0.9518059238913676,0.005
1,783,10788,0.021854057258443534,0.021854057258443534,0.9534704353869018,0.005
1,784,10789,0.023010512309327224,0.023010512309327224,0.952770367350774,0.005
1,785,10790,0.02293934538581474,0.02293934538581474,0.9522823484627396,0.005
1,786,10791,0.023076306503716025,0.023076306503716025,0.951762378931624,0.005
1,787,10792,0.02253645610128486,0.02253645610128486,0.9521055968305419,0.005
1,788,10793,0.023708311492140192,0.023708311492140192,0.9500253041338907,0.005
1,789,10794,0.02189320202091693,0.02189320202091693,0.952558726569064,0.005
1,790,10795,0.022262227869976003,0.022262227869976003,0.9512137299368902,0.005
1,791,10796,0.022763450878491374,0.022763450878491374,0.9516449903506371,0.005
1,792,10797,0.022465801526042946,0.022465801526042946,0.9532090731318317,0.005
1,793,10798,0.022469446495453894,0.022469446495453894,0.9526512489730824,0.005
1,794,10799,0.022218266491897506,0.022218266491897506,0.9530371370639616,0.005
1,795,10800,0.023116374819962156,0.023116374819962156,0.9517722394402474,0.005
1,796,10801,0.02243340497789462,0.02243340497789462,0.9524004319671058,0.005
1,797,10802,0.022188317836609923,0.022188317836609923,0.951667595951625,0.005
1,798,10803,0.023186542416548557,0.023186542416548557,0.9517877649827028,0.005
1,799,10804,0.02335115337903122,0.02335115337903122,0.9520080050759502,0.005
1,800,10805,0.022539697704125755,0.022539697704125755,0.9521476930868298,0.005
1,801,10806,0.022084009356358313,0.022084009356358313,0.9533718945477883,0.005
1,802,10807,0.02166239060740095,0.02166239060740095,0.9530560758847826,0.005
1,803,10808,0.022670827023981356,0.022670827023981356,0.9522222914146933,0.005
1,804,10809,0.02304817498694084,0.02304817498694084,0.951523361085152,0.005
1,805,10810,0.021998930388518044,0.021998930388518044,0.9525320517712502,0.005
1,806,10811,0.022968351260711416,0.022968351260711416,0.9518372293068018,0.005
1,807,10812,0.02273830510027714,0.02273830510027714,0.9521800776951832,0.005
1,808,10813,0.023318393068285467,0.023318393068285467,0.9513333750450337,0.005
1,809,10814,0.023561715189643652,0.023561715189643652,0.9503582144423619,0.005
1,810,10815,0.023192683236753983,0.023192683236753983,0.9512608414052502,0.005
1,811,10816,0.022924588120085194,0.022924588120085194,0.9526164108431983,0.005
1,812,10817,0.02240818354895311,0.02240818354895311,0.9533581764294473,0.005
1,813,10818,0.022419090338033992,0.022419090338033992,0.9522771520250026,0.005
1,814,10819,0.02250261670835524,0.02250261670835524,0.9532925692271482,0.005
1,815,10820,0.022712054577848362,0.022712054577848362,0.9517615019601147,0.005
1,816,10821,0.023603397278450823,0.023603397278450823,0.9497472563301835,0.005
1,817,10822,0.023029518423161227,0.023029518423161227,0.9508014077680083,0.005
1,818,10823,0.022457625411278506,0.022457625411278506,0.9528205571950213,0.005
1,819,10824,0.02179705485047612,0.02179705485047612,0.952770658449751,0.005
1,820,10825,0.023306327552725492,0.023306327552725492,0.9495851319389791,0.005
1,821,10826,0.022891474558410653,0.022891474558410653,0.9529980800356702,0.005
1,822,10827,0.02286474525400157,0.02286474525400157,0.9521565286078841,0.005
1,823,10828,0.022128965912755292,0.022128965912755292,0.9531303224117105,0.005
1,824,10829,0.02228860603395704,0.02228860603395704,0.9528020110826453,0.005
1,825,10830,0.022381828402757646,0.022381828402757646,0.9527393882228339,0.005
1,826,10831,0.02289036268151213,0.02289036268151213,0.9511595940751993,0.005
1,827,10832,0.02222121839943711,0.02222121839943711,0.953095581284031,0.005
1,828,10833,0.02240828250598706,0.02240828250598706,0.9518687343686245,0.005
1,829,10834,0.0229315439725329,0.0229315439725329,0.9502079026387388,0.005
1,830,10835,0.022363842361824857,0.022363842361824857,0.9530396476832328,0.005
1,831,10836,0.022770999688473924,0.022770999688473924,0.9523557003311702,0.005
1,832,10837,0.02256717816290263,0.02256717816290263,0.9517421103845267,0.005
1,833,10838,0.022321305009420138,0.022321305009420138,0.9509259614394996,0.005
1,834,10839,0.022266522199048608,0.022266522199048608,0.9532656875000314,0.005
1,835,10840,0.022474311488138957,0.022474311488138957,0.9509191068807629,0.005
1,836,10841,0.02239227900008596,0.02239227900008596,0.9506188202671944,0.005
1,837,10842,0.022760840377445253,0.022760840377445253,0.9519147028452349,0.005
1,838,10843,0.022778120433044127,0.022778120433044127,0.9518470836878018,0.005
1,839,10844,0.022035913373778172,0.022035913373778172,0.9524454850646015,0.005
1,840,10845,0.022857874358035473,0.022857874358035473,0.9511997330571554,0.005
1,841,10846,0.023526779424991526,0.023526779424991526,0.9495988541613665,0.005
1,842,10847,0.02252039656702884,0.02252039656702884,0.9520468774453177,0.005
1,843,10848,0.02291205821345335,0.02291205821345335,0.9512240785237551,0.005
1,844,10849,0.022857804874440245,0.022857804874440245,0.9508687127548944,0.005
1,845,10850,0.02288377748779622,0.02288377748779622,0.9501207143139884,0.005
1,846,10851,0.022711442842678023,0.022711442842678023,0.9520488054910023,0.005
1,847,10852,0.022932908756764736,0.022932908756764736,0.9513202587240336,0.005
1,848,10853,0.02681148943028972,0.02681148943028972,0.9466670266910269,0.005
1,849,10854,0.02290163258505712,0.02290163258505712,0.9505719554117809,0.005
1,850,10855,0.02239934347946726,0.02239934347946726,0.9516009933224232,0.005
1,851,10856,0.022094521749146542,0.022094521749146542,0.9520285658302438,0.005
1,852,10857,0.022539203871523812,0.022539203871523812,0.9522117188583791,0.005
1,853,10858,0.022071949001756543,0.022071949001756543,0.9534467266807913,0.005
1,854,10859,0.022395385504553302,0.022395385504553302,0.9522509569999955,0.005
1,855,10860,0.022641897199957163,0.022641897199957163,0.9519400894396816,0.005
1,856,10861,0.02271144497296697,0.02271144497296697,0.9518104697232425,0.005
1,857,10862,0.022352842166964502,0.022352842166964502,0.9536979055918213,0.005
1,858,10863,0.022721170919428046,0.022721170919428046,0.9515807682656503,0.005
1,859,10864,0.023454440799261768,0.023454440799261768,0.9509830389585044,0.005
1,860,10865,0.022664122525844377,0.022664122525844377,0.9521837518137655,0.005
1,861,10866,0.022972993596597928,0.022972993596597928,0.9513237740904075,0.005
1,862,10867,0.022341447392102223,0.022341447392102223,0.953631908033541,0.005
1,863,10868,0.022698871059608546,0.022698871059608546,0.9512557696613536,0.005
1,864,10869,0.02292069684450935,0.02292069684450935,0.9516430287430631,0.005
1,865,10870,0.023328898454185044,0.023328898454185044,0.9508661320579319,0.005
1,866,10871,0.02280958451244497,0.02280958451244497,0.9520929358581205,0.005
1,867,10872,0.02370116316982176,0.02370116316982176,0.950196797399467,0.005
1,868,10873,0.02282381404865854,0.02282381404865854,0.9521844120258955,0.005
1,869,10874,0.02267391680636511,0.02267391680636511,0.9520509540018411,0.005
1,870,10875,0.022181759820316335,0.022181759820316335,0.9525094228861974,0.005
1,871,10876,0.02274438635513712,0.02274438635513712,0.9530330927168383,0.005
1,872,10877,0.022621619289091174,0.022621619289091174,0.9523780335431686,0.005
1,873,10878,0.02271291479611858,0.02271291479611858,0.9530401816595044,0.005
1,874,10879,0.02184562474650465,0.02184562474650465,0.9536036821086171,0.005
1,875,10880,0.023352627964646808,0.023352627964646808,0.9511822222346324,0.005
1,876,10881,0.022713509530747807,0.022713509530747807,0.9527994829195534,0.005
1,877,10882,0.022924816958029105,0.022924816958029105,0.9517175626913672,0.005
1,878,10883,0.02308742479330815,0.02308742479330815,0.9530901171669164,0.005
1,879,10884,0.022325636800180442,0.022325636800180442,0.9519472144595245,0.005
1,880,10885,0.02375979532051018,0.02375979532051018,0.9501912436127147,0.005
1,881,10886,0.022625523455829723,0.022625523455829723,0.9517912238974152,0.005
1,882,10887,0.02295676480826382,0.02295676480826382,0.9517855532417243,0.005
1,883,10888,0.022712698988600448,0.022712698988600448,0.9526662826868142,0.005
1,884,10889,0.022235293947806534,0.022235293947806534,0.9525811182603128,0.005
1,885,10890,0.023688256010354326,0.023688256010354326,0.9512554692857245,0.005
1,886,10891,0.022569301263696984,0.022569301263696984,0.9518575669966839,0.005
1,887,10892,0.02232916740120272,0.02232916740120272,0.9533929032973356,0.005
1,888,10893,0.021839270328893892,0.021839270328893892,0.9533173357370858,0.005
1,889,10894,0.021815544965353255,0.021815544965353255,0.9540927889426439,0.005
1,890,10895,0.022581906536046414,0.022581906536046414,0.9507909765649868,0.005
1,891,10896,0.022369423885762053,0.022369423885762053,0.953229280857505,0.005
1,892,10897,0.02226696861554175,0.02226696861554175,0.9540648608342872,0.005
1,893,10898,0.023092804699121932,0.023092804699121932,0.9517066532222472,0.005
1,894,10899,0.023100981618680353,0.023100981618680353,0.9516546855356923,0.005
1,895,10900,0.02285507471574217,0.02285507471574217,0.9508898392395826,0.005
1,896,10901,0.023121675110805862,0.023121675110805862,0.9512988585351079,0.005
1,897,10902,0.022311425822325377,0.022311425822325377,0.9524630735292066,0.005
1,898,10903,0.022302607114031404,0.022302607114031404,0.9531316774667219,0.005
1,899,10904,0.02352819371525526,0.02352819371525526,0.9513909373746523,0.005
1,900,10905,0.02272050361915063,0.02272050361915063,0.9519883790816992,0.005
1,901,10906,0.02171121077200543,0.02171121077200543,0.9524060540578141,0.005
1,902,10907,0.022390127245289708,0.022390127245289708,0.9528201354236608,0.005
1,903,10908,0.02230607472767901,0.02230607472767901,0.9514382296453303,0.005
1,904,10909,0.022198428394544847,0.022198428394544847,0.9536171171481179,0.005
1,905,10910,0.023017118748115357,0.023017118748115357,0.9525773353681578,0.005
1,906,10911,0.022017080091297176,0.022017080091297176,0.9522941197650948,0.005
1,907,10912,0.022794325231511925,0.022794325231511925,0.9515397402865189,0.005
1,908,10913,0.02273297510436072,0.02273297510436072,0.9514152723442534,0.005
1,909,10914,0.023465310007634126,0.023465310007634126,0.9510505755554041,0.005
1,910,10915,0.022255889056743396,0.022255889056743396,0.9519165023827224,0.005
1,911,10916,0.022832853502464837,0.022832853502464837,0.9522225071321624,0.005
1,912,10917,0.022199009007021847,0.022199009007021847,0.9525791361151811,0.005
1,913,10918,0.022006029600529227,0.022006029600529227,0.9520591558676832,0.005
1,914,10919,0.02330355317973177,0.02330355317973177,0.9516017179413561,0.005
1,915,10920,0.02251301716199642,0.02251301716199642,0.951853721103784,0.005
1,916,10921,0.021521594914847515,0.021521594914847515,0.953660110191806,0.005
1,917,10922,0.022619082971770794,0.022619082971770794,0.95202703825968,0.005
1,918,10923,0.022605230079185572,0.022605230079185572,0.9512058870630219,0.005
1,919,10924,0.022699089613500697,0.022699089613500697,0.9525166052260451,0.005
1,920,10925,0.022750663942251594,0.022750663942251594,0.9528572964483998,0.005
1,921,10926,0.021969435837092606,0.021969435837092606,0.9534316146476925,0.005
1,922,10927,0.0229980412801914,0.0229980412801914,0.9521700511171217,0.005
1,923,10928,0.023148552222929795,0.023148552222929795,0.9521367168238405,0.005
1,924,10929,0.02242079715924651,0.02242079715924651,0.9520927886303602,0.005
1,925,10930,0.022358806643879684,0.022358806643879684,0.9525888448712762,0.005
1,926,10931,0.022364770979050555,0.022364770979050555,0.9528923850584968,0.005
1,927,10932,0.023647132257544078,0.023647132257544078,0.9513250339001887,0.005
1,928,10933,0.022897357625512153,0.022897357625512153,0.9524548592852604,0.005
1,929,10934,0.022817516058632928,0.022817516058632928,0.9532252660668333,0.005
1,930,10935,0.022624492772473186,0.022624492772473186,0.9504867137932339,0.005
1,931,10936,0.02277054248834665,0.02277054248834665,0.9526463261439662,0.005
1,932,10937,0.023583641112606715,0.023583641112606715,0.9518950987680294,0.005
1,933,10938,0.022241246159503104,0.022241246159503104,0.9523930135150537,0.005
1,934,10939,0.02304862386573716,0.02304862386573716,0.9524332040537764,0.005
1,935,10940,0.023074358834126625,0.023074358834126625,0.9496163984031435,0.005
1,936,10941,0.02285798155761506,0.02285798155761506,0.9523275469663641,0.005
1,937,10942,0.02232919600878236,0.02232919600878236,0.9530652833828912,0.005
1,938,10943,0.022306739703727214,0.022306739703727214,0.9533346092826028,0.005
1,939,10944,0.022374739405859358,0.022374739405859358,0.95285896802467,0.005
1,940,10945,0.021958912411178356,0.021958912411178356,0.9517725599417777,0.005
1,941,10946,0.022670188581963895,0.022670188581963895,0.9521142856056056,0.005
1,942,10947,0.02361100018898079,0.02361100018898079,0.9504987267058359,0.005
1,943,10948,0.0227765858743084,0.0227765858743084,0.9497570258184157,0.005
1,944,10949,0.022115304579530037,0.022115304579530037,0.9524250952053029,0.005
1,945,10950,0.022893764534530833,0.022893764534530833,0.9515104301180624,0.005
1,946,10951,0.023710143261454382,0.023710143261454382,0.9508398441505397,0.005
1,947,10952,0.023175719014344932,0.023175719014344932,0.9521702279906938,0.005
1,948,10953,0.022709308563335657,0.022709308563335657,0.9506620006243117,0.005
1,949,10954,0.023473771336291936,0.023473771336291936,0.950871922792657,0.005
1,950,10955,0.02232718984619696,0.02232718984619696,0.9517277092111769,0.005
1,951,10956,0.022588139640693058,0.022588139640693058,0.9527790697553745,0.005
1,952,10957,0.02388878828704119,0.02388878828704119,0.9497082297877031,0.005
1,953,10958,0.02762812872894465,0.02762812872894465,0.9457018105307864,0.005
1,954,10959,0.02510750120811438,0.02510750120811438,0.9479229254808901,0.005
1,955,10960,0.022484737830454852,0.022484737830454852,0.9509753774042298,0.005
1,956,10961,0.022601874067108087,0.022601874067108087,0.9525960081052589,0.005
1,957,10962,0.022269819191273854,0.022269819191273854,0.9523555321038472,0.005
1,958,10963,0.023441665756835817,0.023441665756835817,0.9511254665215944,0.005
1,959,10964,0.022247223700619954,0.022247223700619954,0.9534916059413805,0.005
1,960,10965,0.02293363057573966,0.02293363057573966,0.951189692528338,0.005
1,961,10966,0.023489512129403152,0.023489512129403152,0.9499633962283264,0.005
1,962,10967,0.02285706224690497,0.02285706224690497,0.9512860504251056,0.005
1,963,10968,0.02247207232450354,0.02247207232450354,0.951950283764849,0.005
1,964,10969,0.02277019523033018,0.02277019523033018,0.9519622181547779,0.005
1,965,10970,0.021519326176979565,0.021519326176979565,0.9539605888019269,0.005
1,966,10971,0.022538547276021274,0.022538547276021274,0.9529284770636328,0.005
1,967,10972,0.021785156773157104,0.021785156773157104,0.9525786441556037,0.005
1,968,10973,0.022715048392685254,0.022715048392685254,0.9518192049367008,0.005
1,969,10974,0.023204112651817457,0.023204112651817457,0.9515403969633761,0.005
1,970,10975,0.02248767810575622,0.02248767810575622,0.9530633057023185,0.005
1,971,10976,0.022099384565355228,0.022099384565355228,0.9523183475325219,0.005
1,972,10977,0.023219274656564835,0.023219274656564835,0.9525969002655963,0.005
1,973,10978,0.02268231871792962,0.02268231871792962,0.9523325038967029,0.005
1,974,10979,0.02268073784610417,0.02268073784610417,0.9534678565953709,0.005
1,975,10980,0.021950855963508945,0.021950855963508945,0.9531462894785613,0.005
1,976,10981,0.02225577872569271,0.02225577872569271,0.9533847066206945,0.005
1,977,10982,0.023131643904801057,0.023131643904801057,0.9521937773808381,0.005
1,978,10983,0.023162025982499827,0.023162025982499827,0.951496068810807,0.005
1,979,10984,0.022857645602432423,0.022857645602432423,0.9526051798125466,0.005
1,980,10985,0.023608272530070896,0.023608272530070896,0.9527653037663987,0.005
1,981,10986,0.023026626345043207,0.023026626345043207,0.9517618756033739,0.005
1,982,10987,0.02349949435935219,0.02349949435935219,0.9510354389018584,0.005
1,983,10988,0.022054876325489702,0.022054876325489702,0.9528297112674268,0.005
1,984,10989,0.02215941699052113,0.02215941699052113,0.9531369303340739,0.005
1,985,10990,0.022497017955408715,0.022497017955408715,0.9527907851642109,0.005
1,986,10991,0.02306506341042877,0.02306506341042877,0.9531876747606753,0.005
1,987,10992,0.02285472421056102,0.02285472421056102,0.9522964463279536,0.005
1,988,10993,0.023096574885615388,0.023096574885615388,0.9506584486124768,0.005
1,989,10994,0.022442979995212303,0.022442979995212303,0.9516886805244463,0.005
1,990,10995,0.023441823038891613,0.023441823038891613,0.9515138296678098,0.005
1,991,10996,0.022864185384790174,0.022864185384790174,0.9518015255249037,0.005
1,992,10997,0.02286012191094787,0.02286012191094787,0.9519777235942815,0.005
1,993,10998,0.02253724344981206,0.02253724344981206,0.9513463766395129,0.005
1,994,10999,0.022780671354388157,0.022780671354388157,0.9524376185172296,0.005
1,995,11000,0.02240439024031759,0.02240439024031759,0.9518083472974799,0.005
1,996,11001,0.02283605931591619,0.02283605931591619,0.9519469473572099,0.005
1,997,11002,0.02360786126401237,0.02360786126401237,0.9520427631042434,0.005
1,998,11003,0.021878720690529374,0.021878720690529374,0.9537023932061637,0.005
1,999,11004,0.02262846097583311,0.02262846097583311,0.9521386366245174,0.005
1,1000,11005,0.022827854221362402,0.022827854221362402,0.9516744362149248,0.005
1,1001,11006,0.022858966144803476,0.022858966144803476,0.9529055592106408,0.005
1,1002,11007,0.0224599610792409,0.0224599610792409,0.9531823107569042,0.005
1,1003,11008,0.02291280415967325,0.02291280415967325,0.9521741157312212,0.005
1,1004,11009,0.022618444229777185,0.022618444229777185,0.9525978955358018,0.005
1,1005,11010,0.022873658370442307,0.022873658370442307,0.9515843558438773,0.005
1,1006,11011,0.022706738815831063,0.022706738815831063,0.951185264736515,0.005
1,1007,11012,0.022028164367660447,0.022028164367660447,0.953012293513344,0.005
1,1008,11013,0.02234899281457436,0.02234899281457436,0.9524120055623305,0.005
1,1009,11014,0.02235097022849859,0.02235097022849859,0.9525864349733564,0.005
1,1010,11015,0.022535736228498672,0.022535736228498672,0.9524335867951814,0.005
1,1011,11016,0.02314797485060065,0.02314797485060065,0.9533247786872879,0.005
1,1012,11017,0.022313012522796327,0.022313012522796327,0.9520945391146237,0.005
1,1013,11018,0.02305623176732475,0.02305623176732475,0.9517295499551016,0.005
1,1014,11019,0.022262222502829734,0.022262222502829734,0.9533868131387756,0.005
1,1015,11020,0.022424905756936724,0.022424905756936724,0.9531066284456534,0.005
1,1016,11021,0.022910149535981715,0.022910149535981715,0.952284974702682,0.005
1,1017,11022,0.023167968668752974,0.023167968668752974,0.9512840176498766,0.005
1,1018,11023,0.02290829631088685,0.02290829631088685,0.9513803960552222,0.005
1,1019,11024,0.023353867640242127,0.023353867640242127,0.9507844620300974,0.005
1,1020,11025,0.022722276413239248,0.022722276413239248,0.9519263297154561,0.005
1,1021,11026,0.02205527701556393,0.02205527701556393,0.9523669813378369,0.005
1,1022,11027,0.02348145368432743,0.02348145368432743,0.9515415467449461,0.005
1,1023,11028,0.022591756640736455,0.022591756640736455,0.9519554172023347,0.005
1,1024,11029,0.021681089132166126,0.021681089132166126,0.9530648603814552,0.005
1,1025,11030,0.02278924918787994,0.02278924918787994,0.9518078379548803,0.005
1,1026,11031,0.02234215243251853,0.02234215243251853,0.9526886626985259,0.005
1,1027,11032,0.022497533116233273,0.022497533116233273,0.9526508176690596,0.005
1,1028,11033,0.02215850515570522,0.02215850515570522,0.9530673110888304,0.005
1,1029,11034,0.022874587718008314,0.022874587718008314,0.9515353471979028,0.005
1,1030,11035,0.02294378556550259,0.02294378556550259,0.9514742560461641,0.005
1,1031,11036,0.022631212294453494,0.022631212294453494,0.95119628877041,0.005
1,1032,11037,0.02296336319571114,0.02296336319571114,0.9523355936179535,0.005
1,1033,11038,0.023228459931054636,0.023228459931054636,0.9509804470061347,0.005
1,1034,11039,0.022919566734420492,0.022919566734420492,0.9520269490233172,0.005
1,1035,11040,0.023758778992721365,0.023758778992721365,0.9518394111573864,0.005
1,1036,11041,0.022428033984044603,0.022428033984044603,0.9520121931445018,0.005
1,1037,11042,0.02221207895412007,0.02221207895412007,0.953283788605488,0.005
1,1038,11043,0.02319389361703672,0.02319389361703672,0.9516156400577308,0.005
1,1039,11044,0.02304108242700567,0.02304108242700567,0.9524151273163022,0.005
1,1040,11045,0.023013395331993966,0.023013395331993966,0.9525460956572648,0.005
1,1041,11046,0.022118362502139218,0.022118362502139218,0.9521030473367593,0.005
1,1042,11047,0.022581890874438817,0.022581890874438817,0.9520756515088598,0.005
1,1043,11048,0.02267836782834738,0.02267836782834738,0.9521175175139103,0.005
1,1044,11049,0.028245790433428564,0.028245790433428564,0.9454063193791382,0.005
1,1045,11050,0.023182819230334634,0.023182819230334634,0.9523556514732582,0.005
1,1046,11051,0.023208125952085972,0.023208125952085972,0.9522936718749174,0.005
1,1047,11052,0.02268649993279987,0.02268649993279987,0.9519627022227051,0.005
1,1048,11053,0.022321636826471668,0.022321636826471668,0.9524840502594689,0.005
1,1049,11054,0.022548981755448505,0.022548981755448505,0.952694474703426,0.005
1,1050,11055,0.022432888501375536,0.022432888501375536,0.9524616600386135,0.005
1,1051,11056,0.023692416741505285,0.023692416741505285,0.9514232526949465,0.005
1,1052,11057,0.023138685205791678,0.023138685205791678,0.9512128568895815,0.005
1,1053,11058,0.02238675049221646,0.02238675049221646,0.9518437689355804,0.005
1,1054,11059,0.02300925278180574,0.02300925278180574,0.9507227929137582,0.005
1,1055,11060,0.022305878025274693,0.022305878025274693,0.9520547213834231,0.005
1,1056,11061,0.02400162408312659,0.02400162408312659,0.950826841016658,0.005
1,1057,11062,0.023541317867311597,0.023541317867311597,0.951789859573746,0.005
1,1058,11063,0.022487144736295858,0.022487144736295858,0.9523824519369221,0.005
1,1059,11064,0.022470895877260342,0.022470895877260342,0.9528922394073384,0.005
1,1060,11065,0.022305206278951356,0.022305206278951356,0.9525141837309704,0.005
1,1061,11066,0.022520111231920412,0.022520111231920412,0.9526878965385631,0.005
1,1062,11067,0.023080526115676656,0.023080526115676656,0.9514609460289418,0.005
1,1063,11068,0.022084030443697247,0.022084030443697247,0.9536393181288899,0.005
1,1064,11069,0.02378427445843533,0.02378427445843533,0.9505518078545203,0.005
1,1065,11070,0.022861371651852994,0.022861371651852994,0.9521853586965107,0.005
1,1066,11071,0.02294288701588596,0.02294288701588596,0.952687800147646,0.005
1,1067,11072,0.022759839536597184,0.022759839536597184,0.952198832496331,0.005
1,1068,11073,0.022896938647896898,0.022896938647896898,0.9527765067106881,0.005
1,1069,11074,0.022408590373325113,0.022408590373325113,0.9521592410770846,0.005
1,1070,11075,0.022861238195892676,0.022861238195892676,0.9518241237679733,0.005
1,1071,11076,0.02338517995668231,0.02338517995668231,0.9503698431180041,0.005
1,1072,11077,0.02284020368173162,0.02284020368173162,0.9518506458678986,0.005
1,1073,11078,0.022653808909755144,0.022653808909755144,0.9516251395391585,0.005
1,1074,11079,0.02301881747317501,0.02301881747317501,0.9513593501634269,0.005
1,1075,11080,0.02256359413140733,0.02256359413140733,0.9524403135452718,0.005
1,1076,11081,0.023035427614883308,0.023035427614883308,0.9511723162012433,0.005
1,1077,11082,0.02278322601303897,0.02278322601303897,0.9516367383221445,0.005
1,1078,11083,0.022678838365084726,0.022678838365084726,0.9519780436331088,0.005
1,1079,11084,0.023244054212059394,0.023244054212059394,0.9524407761060868,0.005
1,1080,11085,0.02474637472958887,0.02474637472958887,0.9475389309659729,0.005
1,1081,11086,0.02284524214025209,0.02284524214025209,0.9529285435247886,0.005
1,1082,11087,0.022647204092197316,0.022647204092197316,0.9531403914432529,0.005
1,1083,11088,0.022770622161433884,0.022770622161433884,0.9526322767915999,0.005
1,1084,11089,0.02297284922980991,0.02297284922980991,0.952403875470733,0.005
1,1085,11090,0.023646129357376148,0.023646129357376148,0.9495948014980128,0.005
1,1086,11091,0.023447174296805907,0.023447174296805907,0.951009316237394,0.005
1,1087,11092,0.022732189854178464,0.022732189854178464,0.9528146126286927,0.005
1,1088,11093,0.022341494478812472,0.022341494478812472,0.9532831842182672,0.005
1,1089,11094,0.023035319635568575,0.023035319635568575,0.952212799594591,0.005
1,1090,11095,0.022821606957868508,0.022821606957868508,0.9529007422458668,0.005
1,1091,11096,0.02233943692261819,0.02233943692261819,0.952375804068066,0.005
1,1092,11097,0.022997879300337323,0.022997879300337323,0.9523002411534534,0.005
1,1093,11098,0.021830876055904433,0.021830876055904433,0.953350691370058,0.005
1,1094,11099,0.02397948123280158,0.02397948123280158,0.949124755986379,0.005
1,1095,11100,0.022888812125082265,0.022888812125082265,0.9522192638720798,0.005
1,1096,11101,0.023407903774482614,0.023407903774482614,0.9527629805829562,0.005
1,1097,11102,0.026317297040463195,0.026317297040463195,0.9477308221957452,0.005
1,1098,11103,0.026215192037852383,0.026215192037852383,0.9473381321529405,0.005
1,1099,11104,0.022649567306855835,0.022649567306855835,0.9529348192663966,0.005
1,1100,11105,0.023336600137989078,0.023336600137989078,0.9515143109722184,0.005
1,1101,11106,0.022539888048299546,0.022539888048299546,0.952569932631687,0.005
1,1102,11107,0.023616697023552822,0.023616697023552822,0.9495479027561596,0.005
1,1103,11108,0.022972160528816725,0.022972160528816725,0.9509501783302414,0.005
1,1104,11109,0.022978326565969022,0.022978326565969022,0.952402108724559,0.005
1,1105,11110,0.023029771830515793,0.023029771830515793,0.9514020011458195,0.005
1,1106,11111,0.022509409135605882,0.022509409135605882,0.9528103538336969,0.005
1,1107,11112,0.02200963270066724,0.02200963270066724,0.9529924582936538,0.005
1,1108,11113,0.022905690994130593,0.022905690994130593,0.9526344846714035,0.005
1,1109,11114,0.022966758756988885,0.022966758756988885,0.9526920635590469,0.005
1,1110,11115,0.021959732551252137,0.021959732551252137,0.9532053157807688,0.005
1,1111,11116,0.023330762006447566,0.023330762006447566,0.9514246092079335,0.005
1,1112,11117,0.02311828383546447,0.02311828383546447,0.9516727292949423,0.005
1,1113,11118,0.022286355027044902,0.022286355027044902,0.9536631673455864,0.005
1,1114,11119,0.023469560242056545,0.023469560242056545,0.9519931170388908,0.005
1,1115,11120,0.02339849981834727,0.02339849981834727,0.9519321959719032,0.005
1,1116,11121,0.02269131311962195,0.02269131311962195,0.9519472775583377,0.005
1,1117,11122,0.022941701406893413,0.022941701406893413,0.9519085312753301,0.005
1,1118,11123,0.022841126678693546,0.022841126678693546,0.9526112412075107,0.005
1,1119,11124,0.022874474390315515,0.022874474390315515,0.9529022802487161,0.005
1,1120,11125,0.022434067761494928,0.022434067761494928,0.9532770309906407,0.005
1,1121,11126,0.02298830093633302,0.02298830093633302,0.9516552681803653,0.005
1,1122,11127,0.02260488396812877,0.02260488396812877,0.9516989282704558,0.005
1,1123,11128,0.022359771564938034,0.022359771564938034,0.9529314695305523,0.005
1,1124,11129,0.022694368574730808,0.022694368574730808,0.952231857511439,0.005
1,1125,11130,0.02335118833011046,0.02335118833011046,0.9515765375959353,0.005
1,1126,11131,0.023291694018834103,0.023291694018834103,0.9510415137884611,0.005
1,1127,11132,0.022479460184856893,0.022479460184856893,0.9525997855735847,0.005
1,1128,11133,0.022454862079127783,0.022454862079127783,0.9525380252822941,0.005
1,1129,11134,0.02337312200635782,0.02337312200635782,0.9515154124252775,0.005
1,1130,11135,0.022456316397257356,0.022456316397257356,0.9516411548228051,0.005
1,1131,11136,0.02238948725374957,0.02238948725374957,0.9531012905063868,0.005
1,1132,11137,0.02213320907101369,0.02213320907101369,0.9528069882845803,0.005
1,1133,11138,0.02219391128286594,0.02219391128286594,0.9523114911133952,0.005
1,1134,11139,0.022801154046756242,0.022801154046756242,0.9520773854727377,0.005
1,1135,11140,0.022279892613698532,0.022279892613698532,0.9525538025890001,0.005
1,1136,11141,0.023358742470490752,0.023358742470490752,0.9527337966632219,0.005
1,1137,11142,0.02308286200804963,0.02308286200804963,0.9512955337912757,0.005
1,1138,11143,0.022715550017548724,0.022715550017548724,0.9526351082950058,0.005
1,1139,11144,0.022719143706062525,0.022719143706062525,0.9526499682276443,0.005
1,1140,11145,0.023190279917052,0.023190279917052,0.9511396136895588,0.005
1,1141,11146,0.022683319096430444,0.022683319096430444,0.9515540186578892,0.005
1,1142,11147,0.022871257434980384,0.022871257434980384,0.9532985038265636,0.005
1,1143,11148,0.022781041157789728,0.022781041157789728,0.9514741995321198,0.005
1,1144,11149,0.023063915860575702,0.023063915860575702,0.951173998465101,0.005
1,1145,11150,0.022735138960957357,0.022735138960957357,0.9525439556955302,0.005
1,1146,11151,0.023384581811141055,0.023384581811141055,0.9514642917268895,0.005
1,1147,11152,0.02243758723184804,0.02243758723184804,0.9529495426067252,0.005
1,1148,11153,0.0223237810229601,0.0223237810229601,0.9527813171249786,0.005
1,1149,11154,0.022957700577228478,0.022957700577228478,0.952214531492785,0.005
1,1150,11155,0.02259244879473804,0.02259244879473804,0.9524714188326154,0.005
1,1151,11156,0.022635591215842174,0.022635591215842174,0.9506472085486393,0.005
1,1152,11157,0.022377435867613073,0.022377435867613073,0.9529161373137499,0.005
1,1153,11158,0.02304993794677207,0.02304993794677207,0.9515067149324938,0.005
1,1154,11159,0.022124055479661786,0.022124055479661786,0.9529077873156206,0.005
1,1155,11160,0.02303938331991353,0.02303938331991353,0.9517548032433161,0.005
1,1156,11161,0.027204045710786613,0.027204045710786613,0.9463900810343167,0.005
1,1157,11162,0.022901440867597912,0.022901440867597912,0.9529149642587688,0.005
1,1158,11163,0.02243468287522108,0.02243468287522108,0.9523261517738691,0.005
1,1159,11164,0.02267945163295481,0.02267945163295481,0.952544915482398,0.005
1,1160,11165,0.023144884484393176,0.023144884484393176,0.9514317671660915,0.005
1,1161,11166,0.023887323416269,0.023887323416269,0.9500878694575466,0.005
1,1162,11167,0.022822777866649827,0.022822777866649827,0.9520720131675602,0.005
1,1163,11168,0.022786643199184574,0.022786643199184574,0.952052258677392,0.005
1,1164,11169,0.023063498631819838,0.023063498631819838,0.95307467264102,0.005
1,1165,11170,0.022426338149295254,0.022426338149295254,0.9524168189962697,0.005
1,1166,11171,0.022913350576635308,0.022913350576635308,0.95036840538134,0.005
1,1167,11172,0.023244795453656368,0.023244795453656368,0.9519163519657953,0.005
1,1168,11173,0.022658593004612454,0.022658593004612454,0.9535542456063267,0.005
1,1169,11174,0.022684449275694574,0.022684449275694574,0.9520106557960866,0.005
1,1170,11175,0.022640881554640266,0.022640881554640266,0.9534770865695893,0.005
1,1171,11176,0.02312407395944327,0.02312407395944327,0.9522996613046635,0.005
1,1172,11177,0.022585240462466523,0.022585240462466523,0.951978039760959,0.005
1,1173,11178,0.022047285104432154,0.022047285104432154,0.9533343890101369,0.005
1,1174,11179,0.023070616824591744,0.023070616824591744,0.9522162266857057,0.005
1,1175,11180,0.022176252337743604,0.022176252337743604,0.9525893283310025,0.005
1,1176,11181,0.02346509632435696,0.02346509632435696,0.9527647323111107,0.005
1,1177,11182,0.022280085844495177,0.022280085844495177,0.9528099653883481,0.005
1,1178,11183,0.022617519537584015,0.022617519537584015,0.9520239539056846,0.005
1,1179,11184,0.022291906604947294,0.022291906604947294,0.9535263768223353,0.005
1,1180,11185,0.022071586045434244,0.022071586045434244,0.9526479549926739,0.005
1,1181,11186,0.021980874142447378,0.021980874142447378,0.9527335627649074,0.005
1,1182,11187,0.021755683630980398,0.021755683630980398,0.9538783804076508,0.005
1,1183,11188,0.022878693246428494,0.022878693246428494,0.9523237504555955,0.005
1,1184,11189,0.023044290730186948,0.023044290730186948,0.9518431772808967,0.005
1,1185,11190,0.02249993347843666,0.02249993347843666,0.9523768129691755,0.005
1,1186,11191,0.021970069737223298,0.021970069737223298,0.9536361251393868,0.005
1,1187,11192,0.022784586496903084,0.022784586496903084,0.9524582719655708,0.005
1,1188,11193,0.022273693759680326,0.022273693759680326,0.9524705285790797,0.005
1,1189,11194,0.0230478901877013,0.0230478901877013,0.9519433993618376,0.005
1,1190,11195,0.022771979613266713,0.022771979613266713,0.9521531353143972,0.005
1,1191,11196,0.02315760374490071,0.02315760374490071,0.9514454137612511,0.005
1,1192,11197,0.023231604208543054,0.023231604208543054,0.9510140476959849,0.005
1,1193,11198,0.02275567286443985,0.02275567286443985,0.9514522057467046,0.005
1,1194,11199,0.02281295330925008,0.02281295330925008,0.9513294153357407,0.005
1,1195,11200,0.022749932240016514,0.022749932240016514,0.9528507464467985,0.005
1,1196,11201,0.02235786321204578,0.02235786321204578,0.9529040583751361,0.005
1,1197,11202,0.023359653529119524,0.023359653529119524,0.9526672840387399,0.005
1,1198,11203,0.022235300767150808,0.022235300767150808,0.952631347837169,0.005
1,1199,11204,0.02308749232421008,0.02308749232421008,0.9512096943339674,0.005
1,1200,11205,0.02327358541276206,0.02327358541276206,0.9515374755883077,0.005
1,1201,11206,0.02302886544528993,0.02302886544528993,0.9518708107449879,0.005
1,1202,11207,0.02250404386678221,0.02250404386678221,0.9524464041284497,0.005
1,1203,11208,0.022923711847994032,0.022923711847994032,0.9517431308692189,0.005
1,1204,11209,0.022217287727821784,0.022217287727821784,0.9517816954330806,0.005
1,1205,11210,0.022590973814827872,0.022590973814827872,0.9531395815600597,0.005
1,1206,11211,0.022950584755540064,0.022950584755540064,0.9514305743737443,0.005
1,1207,11212,0.02292308329512479,0.02292308329512479,0.9514425312296048,0.005
1,1208,11213,0.025830163007359616,0.025830163007359616,0.9474407012859191,0.005
1,1209,11214,0.023128029476507654,0.023128029476507654,0.9515081458646426,0.005
1,1210,11215,0.02254924000149856,0.02254924000149856,0.9521685936896278,0.005
1,1211,11216,0.02283513686062965,0.02283513686062965,0.9521550889840664,0.005
1,1212,11217,0.023371475700643428,0.023371475700643428,0.9505453442003527,0.005
1,1213,11218,0.022809219358176303,0.022809219358176303,0.9521873060564998,0.005
1,1214,11219,0.022776881767774152,0.022776881767774152,0.9522493980074002,0.005
1,1215,11220,0.02243162126296086,0.02243162126296086,0.9529605395569228,0.005
1,1216,11221,0.022124088262885186,0.022124088262885186,0.9525720719134173,0.005
1,1217,11222,0.02310149983030455,0.02310149983030455,0.9517786841209598,0.005
1,1218,11223,0.02234289996721344,0.02234289996721344,0.952165850381717,0.005
1,1219,11224,0.023319981457801828,0.023319981457801828,0.9510215346036573,0.005
1,1220,11225,0.022539179188103716,0.022539179188103716,0.9520979873222776,0.005
1,1221,11226,0.022375409720292,0.022375409720292,0.9517096148127984,0.005
1,1222,11227,0.022636410042752415,0.022636410042752415,0.9525637677240346,0.005
1,1223,11228,0.023164462997027832,0.023164462997027832,0.951965918977895,0.005
1,1224,11229,0.02276457843317694,0.02276457843317694,0.9511945694299874,0.005
1,1225,11230,0.023094275989835687,0.023094275989835687,0.9522213405288669,0.005
1,1226,11231,0.0233219909119504,0.0233219909119504,0.9514181504472414,0.005
1,1227,11232,0.022963146272590294,0.022963146272590294,0.9520066044645111,0.005
1,1228,11233,0.023124839915784172,0.023124839915784172,0.9512767567768086,0.005
1,1229,11234,0.02249124570488666,0.02249124570488666,0.952641583408446,0.005
1,1230,11235,0.022693952911832765,0.022693952911832765,0.9524812955297141,0.005
1,1231,11236,0.02253160260850906,0.02253160260850906,0.9537180987095519,0.005
1,1232,11237,0.022458790996349683,0.022458790996349683,0.9530302774991509,0.005
1,1233,11238,0.021903778253851244,0.021903778253851244,0.9534015013785003,0.005
1,1234,11239,0.022099704343087223,0.022099704343087223,0.9520364832719858,0.005
1,1235,11240,0.022658820704471345,0.022658820704471345,0.9522909215861188,0.005
1,1236,11241,0.022010827052576617,0.022010827052576617,0.9528168062279245,0.005
1,1237,11242,0.023101190023947622,0.023101190023947622,0.9525349129239414,0.005
1,1238,11243,0.022991463566051362,0.022991463566051362,0.9521599684865151,0.005
1,1239,11244,0.022561317535787308,0.022561317535787308,0.9530155920822286,0.005
1,1240,11245,0.022092588194947846,0.022092588194947846,0.9525535763357436,0.005
1,1241,11246,0.02286657291690415,0.02286657291690415,0.9517043618551321,0.005
1,1242,11247,0.022730564577688166,0.022730564577688166,0.9524091494753124,0.005
1,1243,11248,0.022441680562822905,0.022441680562822905,0.9525343597266669,0.005
1,1244,11249,0.022275314007356488,0.022275314007356488,0.953963235918342,0.005
1,1245,11250,0.022618024104793407,0.022618024104793407,0.9523363865597881,0.005
1,1246,11251,0.02267118086559141,0.02267118086559141,0.952498585000388,0.005
1,1247,11252,0.02177783175742338,0.02177783175742338,0.9534190384760037,0.005
1,1248,11253,0.02273208907298,0.02273208907298,0.9527827718522873,0.005
1,1249,11254,0.023160944678199007,0.023160944678199007,0.9531220992110497,0.005
1,1250,11255,0.022178518072580988,0.022178518072580988,0.9535816347520172,0.005
1,1251,11256,0.02268628025089276,0.02268628025089276,0.9515269084850643,0.005
1,1252,11257,0.02160273942506211,0.02160273942506211,0.9528457617328392,0.005
1,1253,11258,0.02259782639352317,0.02259782639352317,0.9520011821675979,0.005
1,1254,11259,0.02201651826460561,0.02201651826460561,0.9521937079711792,0.005
1,1255,11260,0.021950029762854713,0.021950029762854713,0.9536414393048305,0.005
1,1256,11261,0.023045520631060648,0.023045520631060648,0.9522993036097542,0.005
1,1257,11262,0.023074813382340572,0.023074813382340572,0.9521164868749719,0.005
1,1258,11263,0.023278137622500875,0.023278137622500875,0.9504153132546969,0.005
1,1259,11264,0.022602724243965172,0.022602724243965172,0.952776670052546,0.005
1,1260,11265,0.022374909347774516,0.022374909347774516,0.9523128314265437,0.005
1,1261,11266,0.021754396983074714,0.021754396983074714,0.953315459993036,0.005
1,1262,11267,0.022960775511845912,0.022960775511845912,0.9516192553155943,0.005
1,1263,11268,0.022799564202951962,0.022799564202951962,0.950874779254433,0.005
1,1264,11269,0.022890298844212658,0.022890298844212658,0.951609277892701,0.005
1,1265,11270,0.02307144247715833,0.02307144247715833,0.9527090264534914,0.005
1,1266,11271,0.022331076921934558,0.022331076921934558,0.9529191822253931,0.005
1,1267,11272,0.02228536515824933,0.02228536515824933,0.9520638850825374,0.005
1,1268,11273,0.022975230898414828,0.022975230898414828,0.9513802681605823,0.005
1,1269,11274,0.02268524000435415,0.02268524000435415,0.952921203071038,0.005
1,1270,11275,0.022246588149663002,0.022246588149663002,0.9529363022946759,0.005
1,1271,11276,0.022884989193062616,0.022884989193062616,0.9518858159024561,0.005
1,1272,11277,0.022697472281926468,0.022697472281926468,0.9517174324089652,0.005
1,1273,11278,0.023048854714955696,0.023048854714955696,0.9518815754169384,0.005
1,1274,11279,0.0230411650131501,0.0230411650131501,0.9525085654257244,0.005
1,1275,11280,0.02317493480325364,0.02317493480325364,0.9515040734510329,0.005
1,1276,11281,0.022253440855888235,0.022253440855888235,0.9523689470723427,0.005
1,1277,11282,0.022430316188755475,0.022430316188755475,0.9533137949673117,0.005
1,1278,11283,0.022556438118037092,0.022556438118037092,0.9532754510225169,0.005
1,1279,11284,0.022136106044319592,0.022136106044319592,0.9530723999159191,0.005
1,1280,11285,0.022433517981502345,0.022433517981502345,0.9523566944774821,0.005
1,1281,11286,0.0230466433478455,0.0230466433478455,0.9522303987099761,0.005
1,1282,11287,0.022976761803014542,0.022976761803014542,0.9523078181571452,0.005
1,1283,11288,0.022861436429137745,0.022861436429137745,0.9519698915368733,0.005
1,1284,11289,0.022967500210956213,0.022967500210956213,0.9524231749966646,0.005
1,1285,11290,0.022629725368055263,0.022629725368055263,0.9530890281872296,0.005
1,1286,11291,0.022860813495572983,0.022860813495572983,0.9522089416042451,0.005
1,1287,11292,0.022931508985477852,0.022931508985477852,0.9521891384124189,0.005
1,1288,11293,0.022716969539222222,0.022716969539222222,0.951762024338777,0.005
1,1289,11294,0.02261950310781107,0.02261950310781107,0.9529750374489313,0.005
1,1290,11295,0.022294273387094103,0.022294273387094103,0.9535696926336885,0.005
1,1291,11296,0.022627576933223387,0.022627576933223387,0.9525048502484986,0.005
1,1292,11297,0.023630680003740023,0.023630680003740023,0.9505982247166848,0.005
1,1293,11298,0.022812364806084978,0.022812364806084978,0.9512692513132279,0.005
1,1294,11299,0.022239687496132206,0.022239687496132206,0.9527638654930456,0.005
1,1295,11300,0.023190583979383186,0.023190583979383186,0.9498476707150793,0.005
1,1296,11301,0.0229124386062508,0.0229124386062508,0.9523446016281982,0.005
1,1297,11302,0.02242302248457867,0.02242302248457867,0.95263622118503,0.005
1,1298,11303,0.023535475666622514,0.023535475666622514,0.9517727492860479,0.005
1,1299,11304,0.022388016498455048,0.022388016498455048,0.9534547133914001,0.005
1,1300,11305,0.022332043544553898,0.022332043544553898,0.952149413860651,0.005
1,1301,11306,0.022456150955537255,0.022456150955537255,0.9519664989134006,0.005
1,1302,11307,0.02255274782991648,0.02255274782991648,0.950897288390877,0.005
1,1303,11308,0.022027437781208192,0.022027437781208192,0.9534041848493479,0.005
1,1304,11309,0.022353291454366944,0.022353291454366944,0.9529697730375418,0.005
1,1305,11310,0.023243690886237532,0.023243690886237532,0.9515918233475809,0.005
1,1306,11311,0.02262913401811311,0.02262913401811311,0.9520245452663487,0.005
1,1307,11312,0.023070983118726678,0.023070983118726678,0.9521927665994184,0.005
1,1308,11313,0.02285248676346044,0.02285248676346044,0.9518133656503395,0.005
1,1309,11314,0.022656123796459704,0.022656123796459704,0.9521464962406845,0.005
1,1310,11315,0.022527252229606408,0.022527252229606408,0.9519517553471295,0.005
1,1311,11316,0.022640636038931024,0.022640636038931024,0.9520731516525034,0.005
1,1312,11317,0.022426091114109974,0.022426091114109974,0.9522355240824837,0.005
1,1313,11318,0.02303876933486466,0.02303876933486466,0.9526782919453894,0.005
1,1314,11319,0.023149507617031148,0.023149507617031148,0.9519347944546264,0.005
1,1315,11320,0.0223579028474009,0.0223579028474009,0.9524859261074673,0.005
1,1316,11321,0.022550174573542945,0.022550174573542945,0.9533180228715427,0.005
1,1317,11322,0.02280188781375235,0.02280188781375235,0.9527220225798527,0.005
1,1318,11323,0.0224630731966019,0.0224630731966019,0.9524331743305013,0.005
1,1319,11324,0.022721239725369838,0.022721239725369838,0.9520485213916942,0.005
1,1320,11325,0.02242304573848691,0.02242304573848691,0.952616924495146,0.005
1,1321,11326,0.022788189525755054,0.022788189525755054,0.9516680302202304,0.005
1,1322,11327,0.02276264988552331,0.02276264988552331,0.9523354858614512,0.005
1,1323,11328,0.02213914823444659,0.02213914823444659,0.9521979814322847,0.005
1,1324,11329,0.022700177009293478,0.022700177009293478,0.9518491007477095,0.005
1,1325,11330,0.02264956097423871,0.02264956097423871,0.9526850314940745,0.005
1,1326,11331,0.022306815427092765,0.022306815427092765,0.9521613921915907,0.005
1,1327,11332,0.02267037997421412,0.02267037997421412,0.952803478596823,0.005
1,1328,11333,0.022740957583103523,0.022740957583103523,0.9522483683479055,0.005
1,1329,11334,0.022785489151414505,0.022785489151414505,0.9522003098502172,0.005
1,1330,11335,0.022808451163799676,0.022808451163799676,0.951969650725976,0.005
1,1331,11336,0.022696651663700454,0.022696651663700454,0.9530357119984054,0.005
1,1332,11337,0.022601748148536778,0.022601748148536778,0.9527542521702792,0.005
1,1333,11338,0.022498829751170096,0.022498829751170096,0.9523874960367287,0.005
1,1334,11339,0.0226489721425246,0.0226489721425246,0.9532330325702242,0.005
1,1335,11340,0.0222584185540564,0.0222584185540564,0.9531793229454636,0.005
1,1336,11341,0.0224603592661136,0.0224603592661136,0.9526862459488875,0.005
1,1337,11342,0.02271799928562008,0.02271799928562008,0.9519964469203164,0.005
1,1338,11343,0.022348049010880534,0.022348049010880534,0.9524131208739951,0.005
1,1339,11344,0.022814870493212593,0.022814870493212593,0.9524077324275048,0.005
1,1340,11345,0.024008575657679172,0.024008575657679172,0.9501407174257578,0.005
1,1341,11346,0.021751268156480312,0.021751268156480312,0.9527054579651031,0.005
1,1342,11347,0.022765175207553556,0.022765175207553556,0.9530456454499052,0.005
1,1343,11348,0.023683245324435054,0.023683245324435054,0.9511308576868849,0.005
1,1344,11349,0.022341950437095165,0.022341950437095165,0.9533784943878661,0.005
1,1345,11350,0.022391054411750374,0.022391054411750374,0.9523992412812421,0.005
1,1346,11351,0.023264518015167417,0.023264518015167417,0.9517048513970917,0.005
1,1347,11352,0.02301891474283318,0.02301891474283318,0.9511714023886826,0.005
1,1348,11353,0.021973055809914308,0.021973055809914308,0.9526607557926131,0.005
1,1349,11354,0.022222134398286263,0.022222134398286263,0.9517511604225043,0.005
1,1350,11355,0.022715072191097918,0.022715072191097918,0.9524145886904508,0.005
1,1351,11356,0.021991355520978244,0.021991355520978244,0.953252918360432,0.005
1,1352,11357,0.022134022259303467,0.022134022259303467,0.9533698804644448,0.005
1,1353,11358,0.023277131382059377,0.023277131382059377,0.9511519582374357,0.005
1,1354,11359,0.022719757038677325,0.022719757038677325,0.9516751235668104,0.005
1,1355,11360,0.023368849327680477,0.023368849327680477,0.9508872947118464,0.005
1,1356,11361,0.022370073508097367,0.022370073508097367,0.9529664548278348,0.005
1,1357,11362,0.02252357975482001,0.02252357975482001,0.952559985655611,0.005
1,1358,11363,0.022181425894555434,0.022181425894555434,0.9528565176189289,0.005
1,1359,11364,0.02271222867404929,0.02271222867404929,0.9519498937089504,0.005
1,1360,11365,0.022470201155654543,0.022470201155654543,0.9528251044379424,0.005
1,1361,11366,0.022939408808905645,0.022939408808905645,0.9521043203346996,0.005
1,1362,11367,0.02266814786689615,0.02266814786689615,0.9518031476708267,0.005
1,1363,11368,0.023690947704768442,0.023690947704768442,0.9511515688281826,0.005
1,1364,11369,0.022763116385627613,0.022763116385627613,0.9516824747074996,0.005
1,1365,11370,0.02352705541856337,0.02352705541856337,0.9508395841849868,0.005
1,1366,11371,0.022231879284994337,0.022231879284994337,0.9534616904275816,0.005
1,1367,11372,0.022758563130857945,0.022758563130857945,0.952498435209632,0.005
1,1368,11373,0.02208831111680028,0.02208831111680028,0.9530276666760276,0.005
1,1369,11374,0.022680946465064116,0.022680946465064116,0.9528325684276002,0.005
1,1370,11375,0.02245885417299549,0.02245885417299549,0.9527774748632052,0.005
1,1371,11376,0.021976213841333074,0.021976213841333074,0.9535295026007647,0.005
1,1372,11377,0.02496894337481187,0.02496894337481187,0.9488033820175541,0.005
1,1373,11378,0.022613437984850583,0.022613437984850583,0.952715050781367,0.005
1,1374,11379,0.024010669015833014,0.024010669015833014,0.9497889212116211,0.005
1,1375,11380,0.023304242626241554,0.023304242626241554,0.9516899785658847,0.005
1,1376,11381,0.022431208301040062,0.022431208301040062,0.9532926331031866,0.005
1,1377,11382,0.022915315667547304,0.022915315667547304,0.9522061796066268,0.005
1,1378,11383,0.022472000025480093,0.022472000025480093,0.9534405332067462,0.005
1,1379,11384,0.022874935561808342,0.022874935561808342,0.9521956836987309,0.005
1,1380,11385,0.023288746533873316,0.023288746533873316,0.9527563888449749,0.005
1,1381,11386,0.02325200528353024,0.02325200528353024,0.9518228556402956,0.005
1,1382,11387,0.023305894449254735,0.023305894449254735,0.9527423624638505,0.005
1,1383,11388,0.02272726168772617,0.02272726168772617,0.9520276781317302,0.005
1,1384,11389,0.022479191103946243,0.022479191103946243,0.9521262176267447,0.005
1,1385,11390,0.023465909909555376,0.023465909909555376,0.9509595972363286,0.005
1,1386,11391,0.023336282820069037,0.023336282820069037,0.9520054396780896,0.005
1,1387,11392,0.023088303198041275,0.023088303198041275,0.9520555781961118,0.005
1,1388,11393,0.02231575033179216,0.02231575033179216,0.9529955751429543,0.005
1,1389,11394,0.022676091372379657,0.022676091372379657,0.9517927631015677,0.005
1,1390,11395,0.02255976865325921,0.02255976865325921,0.952953135101717,0.005
1,1391,11396,0.022510907753695998,0.022510907753695998,0.953619737247238,0.005
1,1392,11397,0.022230112725353975,0.022230112725353975,0.9527584427557985,0.005
1,1393,11398,0.02273107588254749,0.02273107588254749,0.9526664359875342,0.005
1,1394,11399,0.023456104516502034,0.023456104516502034,0.9514659992666603,0.005
1,1395,11400,0.022193220138429032,0.022193220138429032,0.9524804198667469,0.005
1,1396,11401,0.0225505743793293,0.0225505743793293,0.9510547123535188,0.005
1,1397,11402,0.022379440089509206,0.022379440089509206,0.9532124553491448,0.005
1,1398,11403,0.022350225349985077,0.022350225349985077,0.9536204574234273,0.005
1,1399,11404,0.022511919597902785,0.022511919597902785,0.9527731908399955,0.005
1,1400,11405,0.02235589904014909,0.02235589904014909,0.9531543242810419,0.005
1,1401,11406,0.022713365296641752,0.022713365296641752,0.9523766394427905,0.005
1,1402,11407,0.02266396039955195,0.02266396039955195,0.9522879379733492,0.005
1,1403,11408,0.02447477847356299,0.02447477847356299,0.9510501502509826,0.005
1,1404,11409,0.02215000746353597,0.02215000746353597,0.9521677228455627,0.005
1,1405,11410,0.022250484563382744,0.022250484563382744,0.9526092316255212,0.005
1,1406,11411,0.02280713651704441,0.02280713651704441,0.9528436193865022,0.005
1,1407,11412,0.02281959512066252,0.02281959512066252,0.9516356680735207,0.005
1,1408,11413,0.022976315840413958,0.022976315840413958,0.9508357828078164,0.005
1,1409,11414,0.023637064726314095,0.023637064726314095,0.9524563014909786,0.005
1,1410,11415,0.02247762891524724,0.02247762891524724,0.9526881198310457,0.005
1,1411,11416,0.022936804484577165,0.022936804484577165,0.9507182779185418,0.005
1,1412,11417,0.02247695936762897,0.02247695936762897,0.9526850111900891,0.005
1,1413,11418,0.023975385149403134,0.023975385149403134,0.9505459904277818,0.005
1,1414,11419,0.02276142712992877,0.02276142712992877,0.9521031742002294,0.005
1,1415,11420,0.022642529588892766,0.022642529588892766,0.9521596428385293,0.005
1,1416,11421,0.022161408106640836,0.022161408106640836,0.9535324777970302,0.005
1,1417,11422,0.022077357184699414,0.022077357184699414,0.9529097132610005,0.005
1,1418,11423,0.022968038206069512,0.022968038206069512,0.9521307579911964,0.005
1,1419,11424,0.02276394377801133,0.02276394377801133,0.9525369152186893,0.005
1,1420,11425,0.023032787974547986,0.023032787974547986,0.9518506062574201,0.005
1,1421,11426,0.02278683913128954,0.02278683913128954,0.9511927913117009,0.005
1,1422,11427,0.022436152193575178,0.022436152193575178,0.9527267093518046,0.005
1,1423,11428,0.02274261122726587,0.02274261122726587,0.9521814411810425,0.005
1,1424,11429,0.022755684784876044,0.022755684784876044,0.9520318570080863,0.005
1,1425,11430,0.022524436615305315,0.022524436615305315,0.9527416508981428,0.005
1,1426,11431,0.022529529741270933,0.022529529741270933,0.9521228351065802,0.005
1,1427,11432,0.02277619114109414,0.02277619114109414,0.9521962845176549,0.005
1,1428,11433,0.022816628109593798,0.022816628109593798,0.9514143116725289,0.005
1,1429,11434,0.024817316154382384,0.024817316154382384,0.9484015563147552,0.005
1,1430,11435,0.022048937538206033,0.022048937538206033,0.9522916219670402,0.005
1,1431,11436,0.023037309954728576,0.023037309954728576,0.9522654337658606,0.005
1,1432,11437,0.02217472305132271,0.02217472305132271,0.9525399255517709,0.005
1,1433,11438,0.022729317116161527,0.022729317116161527,0.9524286979386328,0.005
1,1434,11439,0.02241097829479624,0.02241097829479624,0.9518093030353152,0.005
1,1435,11440,0.022139395952792684,0.022139395952792684,0.952935680843642,0.005
1,1436,11441,0.023139627310851632,0.023139627310851632,0.9510671778199357,0.005
1,1437,11442,0.02319332148179483,0.02319332148179483,0.9519393716466305,0.005
1,1438,11443,0.02223834634986492,0.02223834634986492,0.9529944016220078,0.005
1,1439,11444,0.023078023184677787,0.023078023184677787,0.951349840933848,0.005
1,1440,11445,0.02265806701789779,0.02265806701789779,0.9525995667552669,0.005
1,1441,11446,0.023019497165861037,0.023019497165861037,0.9522583283703069,0.005
1,1442,11447,0.022922165069994033,0.022922165069994033,0.9522993553158474,0.005
1,1443,11448,0.023283353733263425,0.023283353733263425,0.9513980085324985,0.005
1,1444,11449,0.022705104535749004,0.022705104535749004,0.9526477800807752,0.005
1,1445,11450,0.022244272834255834,0.022244272834255834,0.9519917112316124,0.005
1,1446,11451,0.022354191762585233,0.022354191762585233,0.9522377181745219,0.005
1,1447,11452,0.02238333096808954,0.02238333096808954,0.9528265657606704,0.005
1,1448,11453,0.022569589410523682,0.022569589410523682,0.9525058819791539,0.005
1,1449,11454,0.02361557602821144,0.02361557602821144,0.9508584446999463,0.005
1,1450,11455,0.023166332921030743,0.023166332921030743,0.9513509202608159,0.005
1,1451,11456,0.02264311879245691,0.02264311879245691,0.9528328301153154,0.005
1,1452,11457,0.022917423325702815,0.022917423325702815,0.9521080235683108,0.005
1,1453,11458,0.022224588694428962,0.022224588694428962,0.9523010866446708,0.005
1,1454,11459,0.02229327298432611,0.02229327298432611,0.9530195231577153,0.005
1,1455,11460,0.02209443563896757,0.02209443563896757,0.9536660715898003,0.005
1,1456,11461,0.022437886012594936,0.022437886012594936,0.9522189539410524,0.005
1,1457,11462,0.022528234211303455,0.022528234211303455,0.9523959793954193,0.005
1,1458,11463,0.02325182361392983,0.02325182361392983,0.951199145787966,0.005
1,1459,11464,0.022381995411634107,0.022381995411634107,0.9525923803455965,0.005
1,1460,11465,0.023768260258408946,0.023768260258408946,0.9488265352983496,0.005
1,1461,11466,0.022710281581384408,0.022710281581384408,0.9519358370430477,0.005
1,1462,11467,0.0224038372156264,0.0224038372156264,0.953873047170592,0.005
1,1463,11468,0.022440065798970482,0.022440065798970482,0.9521116762879247,0.005
1,1464,11469,0.023069060504038053,0.023069060504038053,0.952250750532277,0.005
1,1465,11470,0.022536734874341772,0.022536734874341772,0.9528160356585342,0.005
1,1466,11471,0.02270068111156736,0.02270068111156736,0.9515049656939247,0.005
1,1467,11472,0.023157206935510544,0.023157206935510544,0.951555044310998,0.005
1,1468,11473,0.022792592844495668,0.022792592844495668,0.9523449732422498,0.005
1,1469,11474,0.022499734237998097,0.022499734237998097,0.9532173590446854,0.005
1,1470,11475,0.02255717609014117,0.02255717609014117,0.9527802288496032,0.005
1,1471,11476,0.02217140671638433,0.02217140671638433,0.9534723285927914,0.005
1,1472,11477,0.02275839002007033,0.02275839002007033,0.9521151556227615,0.005
1,1473,11478,0.02257964174255822,0.02257964174255822,0.9519878827454337,0.005
1,1474,11479,0.02325159340070721,0.02325159340070721,0.9512554926933541,0.005
1,1475,11480,0.0223839708134453,0.0223839708134453,0.9531843763874374,0.005
1,1476,11481,0.022599358139865813,0.022599358139865813,0.952609769571056,0.005
1,1477,11482,0.02211262746120647,0.02211262746120647,0.9533853599590831,0.005
1,1478,11483,0.023509303586839045,0.023509303586839045,0.9514295590133,0.005
1,1479,11484,0.022977868888119993,0.022977868888119993,0.9520245262719984,0.005
1,1480,11485,0.02240381481208539,0.02240381481208539,0.951257789730722,0.005
1,1481,11486,0.022924468811928098,0.022924468811928098,0.9520635599627615,0.005
1,1482,11487,0.022686544328975346,0.022686544328975346,0.9513109353785364,0.005
1,1483,11488,0.022503783457647485,0.022503783457647485,0.951770164207888,0.005
1,1484,11489,0.022561191719684175,0.022561191719684175,0.9522696767171125,0.005
1,1485,11490,0.023372553883382295,0.023372553883382295,0.9516964393775756,0.005
1,1486,11491,0.02230642866591038,0.02230642866591038,0.95326701650986,0.005
1,1487,11492,0.02249477614686277,0.02249477614686277,0.9519960550019547,0.005
1,1488,11493,0.022596557539788627,0.022596557539788627,0.9516947445032584,0.005
1,1489,11494,0.0221027952415589,0.0221027952415589,0.9527855364852578,0.005
1,1490,11495,0.023250370003639907,0.023250370003639907,0.9517991784704748,0.005
1,1491,11496,0.022854512222669557,0.022854512222669557,0.9511208373722453,0.005
1,1492,11497,0.022375711594355533,0.022375711594355533,0.9533650306428183,0.005
1,1493,11498,0.023239852379954948,0.023239852379954948,0.9516999288417654,0.005
1,1494,11499,0.022578590542201873,0.022578590542201873,0.9535000431237616,0.005
1,1495,11500,0.02336122481923637,0.02336122481923637,0.9509579009731308,0.005
1,1496,11501,0.02176273037648968,0.02176273037648968,0.9529227335341879,0.005
1,1497,11502,0.023025758286644542,0.023025758286644542,0.9513737043837631,0.005
1,1498,11503,0.022106821015324962,0.022106821015324962,0.9518496004407393,0.005
1,1499,11504,0.023032542634674517,0.023032542634674517,0.9518366951695022,0.005
1,1500,11505,0.022398062687641374,0.022398062687641374,0.9526129392852054,0.005
1,1501,11506,0.02235746907285155,0.02235746907285155,0.9524397339025921,0.005
1,1502,11507,0.02311361104098436,0.02311361104098436,0.9505720885865485,0.005
1,1503,11508,0.023001391532096967,0.023001391532096967,0.9519534972786813,0.005
1,1504,11509,0.022657147286115526,0.022657147286115526,0.9538900822093561,0.005
1,1505,11510,0.02293856816946466,0.02293856816946466,0.9519484384536966,0.005
1,1506,11511,0.023275902063202833,0.023275902063202833,0.9514841756335449,0.005
1,1507,11512,0.023438785937666302,0.023438785937666302,0.950650918339043,0.005
1,1508,11513,0.022652619477843333,0.022652619477843333,0.952406260381723,0.005
1,1509,11514,0.024203954042644697,0.024203954042644697,0.9503253440930763,0.005
1,1510,11515,0.022991190792275698,0.022991190792275698,0.9507158819251931,0.005
1,1511,11516,0.022544526507308357,0.022544526507308357,0.951789159635866,0.005
1,1512,11517,0.023877670610319777,0.023877670610319777,0.9504050311030733,0.005
1,1513,11518,0.023006955583890303,0.023006955583890303,0.9520590761067314,0.005
1,1514,11519,0.023510230298560635,0.023510230298560635,0.951418226116616,0.005
1,1515,11520,0.022722430344184495,0.022722430344184495,0.9523413035051493,0.005
1,1516,11521,0.023406421783911113,0.023406421783911113,0.9508974999488295,0.005
1,1517,11522,0.022622065907213627,0.022622065907213627,0.9506227232671898,0.005
1,1518,11523,0.0226900824852378,0.0226900824852378,0.9524159535137747,0.005
1,1519,11524,0.022533374712608856,0.022533374712608856,0.952546032577929,0.005
1,1520,11525,0.023157339840840094,0.023157339840840094,0.9517479198365946,0.005
1,1521,11526,0.0225972571171664,0.0225972571171664,0.9532155690291694,0.005
1,1522,11527,0.023144735502130243,0.023144735502130243,0.9520275597910397,0.005
1,1523,11528,0.02260782954500267,0.02260782954500267,0.9529747302351557,0.005
1,1524,11529,0.023004151184192724,0.023004151184192724,0.9520121997240532,0.005
1,1525,11530,0.02423208781522785,0.02423208781522785,0.9494412808193811,0.005
1,1526,11531,0.02276640276843045,0.02276640276843045,0.9529047598194804,0.005
1,1527,11532,0.02318270318161025,0.02318270318161025,0.9516049628033493,0.005
1,1528,11533,0.02287671298095912,0.02287671298095912,0.9523864938025225,0.005
1,1529,11534,0.022664864756582283,0.022664864756582283,0.9530322938421969,0.005
1,1530,11535,0.02312359117843052,0.02312359117843052,0.951500762634265,0.005
1,1531,11536,0.02265113319793951,0.02265113319793951,0.953279951709303,0.005
1,1532,11537,0.022819290160764137,0.022819290160764137,0.9522016056013116,0.005
1,1533,11538,0.022732391709319198,0.022732391709319198,0.9517881713095223,0.005
1,1534,11539,0.02227580379226194,0.02227580379226194,0.9527834942673905,0.005
1,1535,11540,0.02301512545525863,0.02301512545525863,0.9532078331368615,0.005
1,1536,11541,0.022863990614215214,0.022863990614215214,0.9522425333902659,0.005
1,1537,11542,0.022734009659866623,0.022734009659866623,0.9530554401808455,0.005
1,1538,11543,0.022879858260468296,0.022879858260468296,0.9521207087534611,0.005
1,1539,11544,0.022318922979096732,0.022318922979096732,0.9525903438675308,0.005
1,1540,11545,0.023303974709079835,0.023303974709079835,0.9512322944212105,0.005
1,1541,11546,0.02272965882335527,0.02272965882335527,0.9521521757989844,0.005
1,1542,11547,0.022673428829489597,0.022673428829489597,0.9529418311406032,0.005
1,1543,11548,0.022542167154445663,0.022542167154445663,0.9519671742087144,0.005
1,1544,11549,0.02304681976069842,0.02304681976069842,0.9516246909239108,0.005
1,1545,11550,0.023366163410830493,0.023366163410830493,0.9506940934193848,0.005
1,1546,11551,0.022195299769494775,0.022195299769494775,0.9537125937957764,0.005
1,1547,11552,0.022531467863509062,0.022531467863509062,0.9523380950948329,0.005
1,1548,11553,0.022168431769411613,0.022168431769411613,0.9534556997134309,0.005
1,1549,11554,0.02252851114338126,0.02252851114338126,0.951251420818711,0.005
1,1550,11555,0.022888140349845116,0.022888140349845116,0.9514950597124735,0.005
1,1551,11556,0.022631786396978645,0.022631786396978645,0.9534077188629178,0.005
1,1552,11557,0.02306559349122152,0.02306559349122152,0.9525864465722785,0.005
1,1553,11558,0.02243478608871702,0.02243478608871702,0.9519061643325931,0.005
1,1554,11559,0.022687126981019053,0.022687126981019053,0.951617494505477,0.005
1,1555,11560,0.022701162228835822,0.022701162228835822,0.9521366919418983,0.005
1,1556,11561,0.022738368394775783,0.022738368394775783,0.9509857097580798,0.005
1,1557,11562,0.022230083649883145,0.022230083649883145,0.9527766361675717,0.005
1,1558,11563,0.022363497697196522,0.022363497697196522,0.952433186340155,0.005
1,1559,11564,0.022585821032395134,0.022585821032395134,0.9526531858304196,0.005
1,1560,11565,0.02267255980154445,0.02267255980154445,0.9519969398541506,0.005
1,1561,11566,0.02246739733123218,0.02246739733123218,0.9527018768042801,0.005
1,1562,11567,0.022161499581620815,0.022161499581620815,0.9531411127485712,0.005
1,1563,11568,0.022504764384126658,0.022504764384126658,0.9533164109923102,0.005
1,1564,11569,0.023147713480640684,0.023147713480640684,0.9513928138705229,0.005
1,1565,11570,0.022331502056488938,0.022331502056488938,0.9537519972108846,0.005
1,1566,11571,0.022404399870440742,0.022404399870440742,0.952761641639932,0.005
1,1567,11572,0.02286232532082195,0.02286232532082195,0.9521711929473193,0.005
1,1568,11573,0.023185940472891475,0.023185940472891475,0.9517632327993059,0.005
1,1569,11574,0.023190487768106813,0.023190487768106813,0.9523409889358407,0.005
1,1570,11575,0.02284501074585957,0.02284501074585957,0.9530461749896244,0.005
1,1571,11576,0.022941017209060305,0.022941017209060305,0.9514414024197242,0.005
1,1572,11577,0.021819977561826916,0.021819977561826916,0.9530489871516843,0.005
1,1573,11578,0.0235274869936771,0.0235274869936771,0.952459216092471,0.005
1,1574,11579,0.023126877486460095,0.023126877486460095,0.9526566799918484,0.005
1,1575,11580,0.022627141754410145,0.022627141754410145,0.9530937803876725,0.005
1,1576,11581,0.022456904153036413,0.022456904153036413,0.953111820092896,0.005
1,1577,11582,0.0232725758409401,0.0232725758409401,0.9519031837102759,0.005
1,1578,11583,0.02272634762078515,0.02272634762078515,0.9513531964855148,0.005
1,1579,11584,0.022277987825336288,0.022277987825336288,0.9533538197034331,0.005
1,1580,11585,0.023668289358545667,0.023668289358545667,0.9500992182406486,0.005
1,1581,11586,0.0228570173310833,0.0228570173310833,0.9517209293929677,0.005
1,1582,11587,0.02243286299441572,0.02243286299441572,0.9514148960177685,0.005
1,1583,11588,0.023403033430005524,0.023403033430005524,0.9515659003213213,0.005
1,1584,11589,0.02313507615732593,0.02313507615732593,0.950797204451134,0.005
1,1585,11590,0.02347872396847414,0.02347872396847414,0.951825580805984,0.005
1,1586,11591,0.023012461772283083,0.023012461772283083,0.9523574829016567,0.005
1,1587,11592,0.02255010501358008,0.02255010501358008,0.952105962340288,0.005
1,1588,11593,0.02254334222854125,0.02254334222854125,0.9526990451775983,0.005
1,1589,11594,0.023031767521105872,0.023031767521105872,0.9519569622047097,0.005
1,1590,11595,0.0228542525529994,0.0228542525529994,0.9519347390447614,0.005
1,1591,11596,0.023062144493933796,0.023062144493933796,0.9523811833887565,0.005
1,1592,11597,0.022650811621959976,0.022650811621959976,0.9523716477495848,0.005
1,1593,11598,0.022792086111638056,0.022792086111638056,0.9522827784181489,0.005
1,1594,11599,0.022657494297044743,0.022657494297044743,0.9525398859824881,0.005
1,1595,11600,0.02271800160566214,0.02271800160566214,0.9526847422093483,0.005
1,1596,11601,0.022751280147402814,0.022751280147402814,0.9514003069012672,0.005
1,1597,11602,0.023068977903809823,0.023068977903809823,0.9519245516706766,0.005
1,1598,11603,0.022896236902572413,0.022896236902572413,0.9502352205232728,0.005
1,1599,11604,0.022348768936611224,0.022348768936611224,0.9522119965869961,0.005
1,1600,11605,0.02283352817952719,0.02283352817952719,0.9514417075976853,0.005
1,1601,11606,0.022869013097918618,0.022869013097918618,0.9524905951278648,0.005
1,1602,11607,0.02231270002047383,0.02231270002047383,0.9528178202603391,0.005
1,1603,11608,0.02217170689824703,0.02217170689824703,0.9527235853430119,0.005
1,1604,11609,0.022486496152729334,0.022486496152729334,0.9531249939082935,0.005
1,1605,11610,0.022869374159143495,0.022869374159143495,0.9515115505551541,0.005
1,1606,11611,0.02245823864670155,0.02245823864670155,0.952438455942213,0.005
1,1607,11612,0.023235369794388002,0.023235369794388002,0.9509518516310539,0.005
1,1608,11613,0.022199597081198442,0.022199597081198442,0.9532891543299528,0.005
1,1609,11614,0.023044126301713017,0.023044126301713017,0.9521413124158088,0.005
1,1610,11615,0.022555015858280472,0.022555015858280472,0.9522466990427515,0.005
1,1611,11616,0.02256409242895718,0.02256409242895718,0.9526216085155021,0.005
1,1612,11617,0.022471365167781816,0.022471365167781816,0.95238438443027,0.005
1,1613,11618,0.023652200205234362,0.023652200205234362,0.9497727952428583,0.005
1,1614,11619,0.023075711139023004,0.023075711139023004,0.9519781292063064,0.005
1,1615,11620,0.022570732747656932,0.022570732747656932,0.952548396133992,0.005
1,1616,11621,0.022612692729331488,0.022612692729331488,0.9521558302152723,0.005
1,1617,11622,0.023285349319020654,0.023285349319020654,0.9528829482739788,0.005
1,1618,11623,0.022870750028563716,0.022870750028563716,0.9519696016564906,0.005
1,1619,11624,0.022665474813731393,0.022665474813731393,0.9527392329539999,0.005
1,1620,11625,0.022486758651923087,0.022486758651923087,0.9534901527474661,0.005
1,1621,11626,0.022828833459267096,0.022828833459267096,0.9532236939585488,0.005
1,1622,11627,0.021964728908752187,0.021964728908752187,0.9522740645281149,0.005
1,1623,11628,0.02238921575942978,0.02238921575942978,0.9522116347097156,0.005
1,1624,11629,0.023160616413139788,0.023160616413139788,0.9519563997624383,0.005
1,1625,11630,0.022049986917794882,0.022049986917794882,0.9526174209982805,0.005
1,1626,11631,0.02291886666391494,0.02291886666391494,0.9514379289986548,0.005
1,1627,11632,0.024965805409635278,0.024965805409635278,0.9484570414185984,0.005
1,1628,11633,0.02334426259753385,0.02334426259753385,0.9522944327893571,0.005
1,1629,11634,0.02297933150362833,0.02297933150362833,0.9520104081139411,0.005
1,1630,11635,0.022491846398510127,0.022491846398510127,0.952556559982472,0.005
1,1631,11636,0.022384272471742354,0.022384272471742354,0.9520354977650297,0.005
1,1632,11637,0.022712168587303922,0.022712168587303922,0.9520055858926683,0.005
1,1633,11638,0.0232313944369191,0.0232313944369191,0.9523271596967178,0.005
1,1634,11639,0.022368593314990144,0.022368593314990144,0.952226193054325,0.005
1,1635,11640,0.022574717383114173,0.022574717383114173,0.9523530056098466,0.005
1,1636,11641,0.022993200370156713,0.022993200370156713,0.9527000606468724,0.005
1,1637,11642,0.02263977885146231,0.02263977885146231,0.9521053539798335,0.005
1,1638,11643,0.022759061408180514,0.022759061408180514,0.9525959955509247,0.005
1,1639,11644,0.0227400664150705,0.0227400664150705,0.9518925886242158,0.005
1,1640,11645,0.022903149739879718,0.022903149739879718,0.9522560978671071,0.005
1,1641,11646,0.022978181068075587,0.022978181068075587,0.9529601590630526,0.005
1,1642,11647,0.022617067347064472,0.022617067347064472,0.9528523845794349,0.005
1,1643,11648,0.022663977720788424,0.022663977720788424,0.9520574582607566,0.005
1,1644,11649,0.022688393199513122,0.022688393199513122,0.9510512783057242,0.005
1,1645,11650,0.02287983482722266,0.02287983482722266,0.9508761678649575,0.005
1,1646,11651,0.022271819856565428,0.022271819856565428,0.9533506038991406,0.005
1,1647,11652,0.022688178323470226,0.022688178323470226,0.9515387542765508,0.005
1,1648,11653,0.022473221999411475,0.022473221999411475,0.9524660198807228,0.005
1,1649,11654,0.022921205675490285,0.022921205675490285,0.9524677381793474,0.005
1,1650,11655,0.022396424213189322,0.022396424213189322,0.9527068096159449,0.005
1,1651,11656,0.02242412009737944,0.02242412009737944,0.952213322304196,0.005
1,1652,11657,0.022693963859994618,0.022693963859994618,0.9526250814036369,0.005
1,1653,11658,0.022896554996746945,0.022896554996746945,0.9527734143992678,0.005
1,1654,11659,0.023545926602964288,0.023545926602964288,0.9518693531773672,0.005
1,1655,11660,0.02322929181082309,0.02322929181082309,0.9508111692240248,0.005
1,1656,11661,0.022476669885373328,0.022476669885373328,0.9526843007093045,0.005
1,1657,11662,0.022490413352851832,0.022490413352851832,0.9523730300484197,0.005
1,1658,11663,0.022494274759904904,0.022494274759904904,0.9525581124638514,0.005
1,1659,11664,0.022789311408269675,0.022789311408269675,0.9524487623141493,0.005
1,1660,11665,0.022959851007126445,0.022959851007126445,0.9514665613301819,0.005
1,1661,11666,0.022950709918973813,0.022950709918973813,0.9517028448088956,0.005
1,1662,11667,0.022784256488050946,0.022784256488050946,0.9525685798978557,0.005
1,1663,11668,0.02239006144485179,0.02239006144485179,0.9527558943657328,0.005
1,1664,11669,0.023210008136288374,0.023210008136288374,0.950240555127328,0.005
1,1665,11670,0.022141811528831327,0.022141811528831327,0.9514645819579263,0.005
1,1666,11671,0.023003169502544808,0.023003169502544808,0.9505782615978914,0.005
1,1667,11672,0.02254428848635935,0.02254428848635935,0.9521644349893795,0.005
1,1668,11673,0.022118594959196564,0.022118594959196564,0.9534271300582634,0.005
1,1669,11674,0.023058173350339568,0.023058173350339568,0.9528523679323655,0.005
1,1670,11675,0.023350463209505436,0.023350463209505436,0.9524148621728524,0.005
1,1671,11676,0.02218010231866597,0.02218010231866597,0.9528851967388708,0.005
1,1672,11677,0.02292088894184291,0.02292088894184291,0.9521778202282053,0.005
1,1673,11678,0.02264116174586874,0.02264116174586874,0.952281692694381,0.005
1,1674,11679,0.023064705894560722,0.023064705894560722,0.9522697912638222,0.005
1,1675,11680,0.022471431346766095,0.022471431346766095,0.9526179818281287,0.005
1,1676,11681,0.023113504614737233,0.023113504614737233,0.9512316847269399,0.005
1,1677,11682,0.022919867997083513,0.022919867997083513,0.9524592802594812,0.005
1,1678,11683,0.022474477449813898,0.022474477449813898,0.9527700633364307,0.005
1,1679,11684,0.022694172202291384,0.022694172202291384,0.9515990337519474,0.005
1,1680,11685,0.023250130117023766,0.023250130117023766,0.951286691599031,0.005
1,1681,11686,0.022346451545078916,0.022346451545078916,0.9527250008069374,0.005
1,1682,11687,0.02287662115550708,0.02287662115550708,0.9527467771455675,0.005
1,1683,11688,0.0226050813103969,0.0226050813103969,0.9522886684758695,0.005
1,1684,11689,0.022559241301113836,0.022559241301113836,0.9519015292379065,0.005
1,1685,11690,0.022864299742226656,0.022864299742226656,0.9529715564398268,0.005
1,1686,11691,0.022737802992978298,0.022737802992978298,0.9519048610871058,0.005
1,1687,11692,0.02260826525141404,0.02260826525141404,0.9520830891968916,0.005
1,1688,11693,0.022659823225114,0.022659823225114,0.9526685827670236,0.005
1,1689,11694,0.023103696804766375,0.023103696804766375,0.9516950464360524,0.005
1,1690,11695,0.02246371967002194,0.02246371967002194,0.9523742717606846,0.005
1,1691,11696,0.02261289999318599,0.02261289999318599,0.9523491730711034,0.005
1,1692,11697,0.02391900120427986,0.02391900120427986,0.9513834903778527,0.005
1,1693,11698,0.02262689027448263,0.02262689027448263,0.9526515173334398,0.005
1,1694,11699,0.022671044603009415,0.022671044603009415,0.9521062781887182,0.005
1,1695,11700,0.02337353816224314,0.02337353816224314,0.9519254396426652,0.005
1,1696,11701,0.022122640035853174,0.022122640035853174,0.9523969667201091,0.005
1,1697,11702,0.022380903685904844,0.022380903685904844,0.9524418375216299,0.005
1,1698,11703,0.022820760889091286,0.022820760889091286,0.9508777173620915,0.005
1,1699,11704,0.023064474982701894,0.023064474982701894,0.9518967985783173,0.005
1,1700,11705,0.022800928236841836,0.022800928236841836,0.9516837249967453,0.005
1,1701,11706,0.022344149917070205,0.022344149917070205,0.9525004424222263,0.005
1,1702,11707,0.02294667409924557,0.02294667409924557,0.9515952662370551,0.005
1,1703,11708,0.022417923749999277,0.022417923749999277,0.9530155913235707,0.005
1,1704,11709,0.023156038514094843,0.023156038514094843,0.9516279091662064,0.005
1,1705,11710,0.02230739820117926,0.02230739820117926,0.9527871812958587,0.005
1,1706,11711,0.02288817124375244,0.02288817124375244,0.9510090533748912,0.005
1,1707,11712,0.02341985757158121,0.02341985757158121,0.950909895313286,0.005
1,1708,11713,0.023385888395003808,0.023385888395003808,0.9523521698481553,0.005
1,1709,11714,0.022407065951424762,0.022407065951424762,0.9532532713044183,0.005
1,1710,11715,0.02255188375374425,0.02255188375374425,0.9535131063174839,0.005
1,1711,11716,0.022056502611180164,0.022056502611180164,0.9527177019624035,0.005
1,1712,11717,0.022673477903630005,0.022673477903630005,0.9523086915923403,0.005
1,1713,11718,0.022639366877391962,0.022639366877391962,0.9527889079884406,0.005
1,1714,11719,0.02314052937053636,0.02314052937053636,0.9517965980710072,0.005
1,1715,11720,0.022685872205191623,0.022685872205191623,0.9521435027356305,0.005
1,1716,11721,0.022597280173938368,0.022597280173938368,0.9530107565292063,0.005
1,1717,11722,0.02246909432902554,0.02246909432902554,0.9526003323953263,0.005
1,1718,11723,0.02326981837133751,0.02326981837133751,0.9517342845115189,0.005
1,1719,11724,0.022488466257500644,0.022488466257500644,0.9531533302106969,0.005
1,1720,11725,0.022842886531067995,0.022842886531067995,0.9523876313660505,0.005
1,1721,11726,0.02220226479068329,0.02220226479068329,0.9534552549419439,0.005
1,1722,11727,0.022718139093028625,0.022718139093028625,0.9524607542847842,0.005
1,1723,11728,0.023044613451040294,0.023044613451040294,0.9526174857519293,0.005
1,1724,11729,0.022155733393733272,0.022155733393733272,0.9523959243242002,0.005
1,1725,11730,0.023092451626349833,0.023092451626349833,0.9515132331455755,0.005
1,1726,11731,0.022563855079128718,0.022563855079128718,0.9519852631489376,0.005
1,1727,11732,0.022605033196827096,0.022605033196827096,0.9523014346534209,0.005
1,1728,11733,0.022461767228830493,0.022461767228830493,0.9521961563148047,0.005
1,1729,11734,0.0228817234133667,0.0228817234133667,0.9510652174497104,0.005
1,1730,11735,0.022719300949287022,0.022719300949287022,0.951868561671767,0.005
1,1731,11736,0.02274030598864733,0.02274030598864733,0.9524817015852727,0.005
1,1732,11737,0.0227373867482277,0.0227373867482277,0.9521558694248113,0.005
1,1733,11738,0.02304699105081431,0.02304699105081431,0.9523369466742027,0.005
1,1734,11739,0.022758583014741356,0.022758583014741356,0.9519258582649837,0.005
1,1735,11740,0.02219347094321395,0.02219347094321395,0.9523771080094525,0.005
1,1736,11741,0.02279576595543167,0.02279576595543167,0.9527910189963558,0.005
1,1737,11742,0.02270716534402529,0.02270716534402529,0.9522040810065985,0.005
1,1738,11743,0.022209081031599135,0.022209081031599135,0.9518421904785286,0.005
1,1739,11744,0.022402484977824242,0.022402484977824242,0.9526601054359617,0.005
1,1740,11745,0.022314584665103006,0.022314584665103006,0.951627827070708,0.005
1,1741,11746,0.025046263407320066,0.025046263407320066,0.9486512529692686,0.005
1,1742,11747,0.02220868598231141,0.02220868598231141,0.9524637843755788,0.005
1,1743,11748,0.023078413063519144,0.023078413063519144,0.9523061660131124,0.005
1,1744,11749,0.023057253264122266,0.023057253264122266,0.9525434682818441,0.005
1,1745,11750,0.02285221123446357,0.02285221123446357,0.9534316375191597,0.005
1,1746,11751,0.022580772383000935,0.022580772383000935,0.9527179117371103,0.005
1,1747,11752,0.023069194662677095,0.023069194662677095,0.9521028818805217,0.005
1,1748,11753,0.023152674316485863,0.023152674316485863,0.951748103526968,0.005
1,1749,11754,0.022881632915201608,0.022881632915201608,0.9515063026806704,0.005
1,1750,11755,0.022446453721530125,0.022446453721530125,0.9526052577470168,0.005
1,1751,11756,0.02286254315858493,0.02286254315858493,0.9529595139588921,0.005
1,1752,11757,0.023064446918558315,0.023064446918558315,0.9514736540779115,0.005
1,1753,11758,0.022775162759653484,0.022775162759653484,0.9531039652580494,0.005
1,1754,11759,0.022425976570508876,0.022425976570508876,0.9528767182564419,0.005
1,1755,11760,0.023177841600674712,0.023177841600674712,0.9517159361290979,0.005
1,1756,11761,0.022498701342287795,0.022498701342287795,0.9528937792812995,0.005
1,1757,11762,0.02306726469158847,0.02306726469158847,0.9522596216260735,0.005
1,1758,11763,0.023456405922330812,0.023456405922330812,0.9523325858701116,0.005
1,1759,11764,0.022612571158696006,0.022612571158696006,0.9521085558202882,0.005
1,1760,11765,0.022405586935687588,0.022405586935687588,0.9523296551422162,0.005
1,1761,11766,0.023599375228421184,0.023599375228421184,0.950788275407952,0.005
1,1762,11767,0.02263472925009006,0.02263472925009006,0.9517515451085858,0.005
1,1763,11768,0.023227136357385027,0.023227136357385027,0.9504175855573915,0.005
1,1764,11769,0.02258467502946405,0.02258467502946405,0.9523618470532711,0.005
1,1765,11770,0.02258952191077224,0.02258952191077224,0.9508352852555807,0.005
1,1766,11771,0.022785799348943692,0.022785799348943692,0.9523107195497585,0.005
1,1767,11772,0.0257769396510919,0.0257769396510919,0.9476826960453433,0.005
1,1768,11773,0.02312588105417889,0.02312588105417889,0.9515352507639157,0.005
1,1769,11774,0.023274703100870743,0.023274703100870743,0.9508696625261973,0.005
1,1770,11775,0.02259381318227323,0.02259381318227323,0.9526864209554704,0.005
1,1771,11776,0.022881687687722425,0.022881687687722425,0.9511623415199784,0.005
1,1772,11777,0.023038062215111375,0.023038062215111375,0.9509158825120234,0.005
1,1773,11778,0.02294531592962774,0.02294531592962774,0.9531907604746656,0.005
1,1774,11779,0.02255685498589423,0.02255685498589423,0.951786628438961,0.005
1,1775,11780,0.02316793555193378,0.02316793555193378,0.952589589357617,0.005
1,1776,11781,0.02381156830571396,0.02381156830571396,0.9494816204293529,0.005
1,1777,11782,0.022546958433582686,0.022546958433582686,0.9523635609907786,0.005
1,1778,11783,0.02249225644074978,0.02249225644074978,0.9531139657447093,0.005
1,1779,11784,0.02296470580444011,0.02296470580444011,0.9521074834249176,0.005
1,1780,11785,0.023831570820325304,0.023831570820325304,0.9500853678639205,0.005
1,1781,11786,0.02368240424955579,0.02368240424955579,0.9508438871470531,0.005
1,1782,11787,0.02237530964470978,0.02237530964470978,0.9528452158371274,0.005
1,1783,11788,0.022742191220563847,0.022742191220563847,0.9529587426235092,0.005
1,1784,11789,0.02312304569137779,0.02312304569137779,0.9522339934410659,0.005
1,1785,11790,0.02259802837163253,0.02259802837163253,0.9516736084692515,0.005
1,1786,11791,0.023146963162472285,0.023146963162472285,0.9520027355900844,0.005
1,1787,11792,0.02309994189507807,0.02309994189507807,0.9525781045627216,0.005
1,1788,11793,0.02291778949284349,0.02291778949284349,0.9512656329300583,0.005
1,1789,11794,0.022303494322228064,0.022303494322228064,0.9527598850531332,0.005
1,1790,11795,0.024861785980045556,0.024861785980045556,0.9500325874720668,0.005
1,1791,11796,0.022384934513968082,0.022384934513968082,0.953078470488235,0.005
1,1792,11797,0.022143406502363037,0.022143406502363037,0.9529201179384477,0.005
1,1793,11798,0.022989359095346835,0.022989359095346835,0.9523762152608288,0.005
1,1794,11799,0.022648430848126844,0.022648430848126844,0.9531752224560638,0.005
1,1795,11800,0.02245851531470672,0.02245851531470672,0.9532230161893095,0.005
1,1796,11801,0.023653475297172696,0.023653475297172696,0.9515282547334857,0.005
1,1797,11802,0.022977390960581264,0.022977390960581264,0.9518637340954053,0.005
1,1798,11803,0.02213422990737655,0.02213422990737655,0.9531793802314389,0.005
1,1799,11804,0.022797599726263183,0.022797599726263183,0.9531734585744384,0.005
1,1800,11805,0.022445739340033168,0.022445739340033168,0.9526737204941099,0.005
1,1801,11806,0.022341363811895054,0.022341363811895054,0.9517448530551381,0.005
1,1802,11807,0.022913341273818486,0.022913341273818486,0.9523651796398496,0.005
1,1803,11808,0.023618226298567378,0.023618226298567378,0.9521683449886381,0.005
1,1804,11809,0.0226879778783923,0.0226879778783923,0.9519253039316482,0.005
1,1805,11810,0.023683205184860875,0.023683205184860875,0.949804726653552,0.005
1,1806,11811,0.0222556028585585,0.0222556028585585,0.9542004367880158,0.005
1,1807,11812,0.023455429109286545,0.023455429109286545,0.9521405846598533,0.005
1,1808,11813,0.022922269804009656,0.022922269804009656,0.9523905073782337,0.005
1,1809,11814,0.022152246799499887,0.022152246799499887,0.9532196719556709,0.005
1,1810,11815,0.02290206719206791,0.02290206719206791,0.9503932532585843,0.005
1,1811,11816,0.02222718739016783,0.02222718739016783,0.953174942432062,0.005
1,1812,11817,0.02210155171646084,0.02210155171646084,0.9527520484547548,0.005
1,1813,11818,0.02294910995391318,0.02294910995391318,0.9524630931711109,0.005
1,1814,11819,0.022664061415892535,0.022664061415892535,0.9522174959401007,0.005
1,1815,11820,0.023021387153955977,0.023021387153955977,0.9524076552837848,0.005
1,1816,11821,0.022583609012698805,0.022583609012698805,0.952127780312008,0.005
1,1817,11822,0.022132072547395555,0.022132072547395555,0.9528156246009564,0.005
1,1818,11823,0.02332315628591404,0.02332315628591404,0.9507835320895004,0.005
1,1819,11824,0.02227193659102632,0.02227193659102632,0.9529668131173203,0.005
1,1820,11825,0.022442810516190827,0.022442810516190827,0.9526022971162001,0.005
1,1821,11826,0.022605664833782797,0.022605664833782797,0.9531668793265945,0.005
1,1822,11827,0.023237384897094177,0.023237384897094177,0.9518455772014462,0.005
1,1823,11828,0.02242787271406905,0.02242787271406905,0.9524601767453144,0.005
1,1824,11829,0.0228276672367181,0.0228276672367181,0.9531497877113363,0.005
1,1825,11830,0.022626522520582074,0.022626522520582074,0.9525931374849684,0.005
1,1826,11831,0.023007224524651544,0.023007224524651544,0.9523496980194074,0.005
1,1827,11832,0.022648692999153418,0.022648692999153418,0.9514662144933936,0.005
1,1828,11833,0.02224969378292483,0.02224969378292483,0.9526612315070576,0.005
1,1829,11834,0.022902228902377177,0.022902228902377177,0.9523872259236487,0.005
1,1830,11835,0.023259824005350163,0.023259824005350163,0.951760387969534,0.005
1,1831,11836,0.023388577170541852,0.023388577170541852,0.9518656115708389,0.005
1,1832,11837,0.02196325365163289,0.02196325365163289,0.9525352248377229,0.005
1,1833,11838,0.022615453107021885,0.022615453107021885,0.9522123267447047,0.005
1,1834,11839,0.022572307759541232,0.022572307759541232,0.9525002612250981,0.005
1,1835,11840,0.02279499453135849,0.02279499453135849,0.9525278509514905,0.005
1,1836,11841,0.023379647816092898,0.023379647816092898,0.9503528013736814,0.005
1,1837,11842,0.022312956878107068,0.022312956878107068,0.9527905754252366,0.005
1,1838,11843,0.022759138092011872,0.022759138092011872,0.9528087865557726,0.005
1,1839,11844,0.02227329803970604,0.02227329803970604,0.9526959581228183,0.005
1,1840,11845,0.023811704178033744,0.023811704178033744,0.9498839174918438,0.005
1,1841,11846,0.022876726712787846,0.022876726712787846,0.9519201599755293,0.005
1,1842,11847,0.022915065213895823,0.022915065213895823,0.9514886318460928,0.005
1,1843,11848,0.02272839855177324,0.02272839855177324,0.9525756079716378,0.005
1,1844,11849,0.022542116172880648,0.022542116172880648,0.9529332685766995,0.005
1,1845,11850,0.02279803503328586,0.02279803503328586,0.952613420091352,0.005
1,1846,11851,0.023019420880453514,0.023019420880453514,0.9521051951117032,0.005
1,1847,11852,0.02304004030071951,0.02304004030071951,0.9510111530555359,0.005
1,1848,11853,0.02204705568800925,0.02204705568800925,0.9537775170711639,0.005
1,1849,11854,0.022224740835683245,0.022224740835683245,0.9523232920100316,0.005
1,1850,11855,0.022222006925844816,0.022222006925844816,0.9529710677272275,0.005
1,1851,11856,0.02264043012090402,0.02264043012090402,0.9520290043195528,0.005
1,1852,11857,0.0227400106906816,0.0227400106906816,0.9523987567740351,0.005
1,1853,11858,0.02258551880306552,0.02258551880306552,0.952978364175965,0.005
1,1854,11859,0.022832627102151185,0.022832627102151185,0.9520832008609723,0.005
1,1855,11860,0.022587215719057422,0.022587215719057422,0.9519823251970675,0.005
1,1856,11861,0.022779656330517137,0.022779656330517137,0.9517086161686595,0.005
1,1857,11862,0.022916924403282617,0.022916924403282617,0.9512874769162789,0.005
1,1858,11863,0.023073631675207824,0.023073631675207824,0.9514665286206448,0.005
1,1859,11864,0.023580573597612536,0.023580573597612536,0.9518971361670667,0.005
1,1860,11865,0.022768194095063823,0.022768194095063823,0.9530652607485496,0.005
1,1861,11866,0.02272938904566534,0.02272938904566534,0.9519979033591194,0.005
1,1862,11867,0.022290648027707034,0.022290648027707034,0.9530096034699946,0.005
1,1863,11868,0.022472921792660645,0.022472921792660645,0.9529588295116105,0.005
1,1864,11869,0.0227564208267774,0.0227564208267774,0.9523375072044841,0.005
1,1865,11870,0.022061387890764776,0.022061387890764776,0.9526416118417509,0.005
1,1866,11871,0.0231291206315931,0.0231291206315931,0.9511938751981578,0.005
1,1867,11872,0.022591711143717604,0.022591711143717604,0.9527920386395512,0.005
1,1868,11873,0.022151919263601806,0.022151919263601806,0.9543424604935506,0.005
1,1869,11874,0.022410264608737514,0.022410264608737514,0.95315044149583,0.005
1,1870,11875,0.023474233836030978,0.023474233836030978,0.9504055634530316,0.005
1,1871,11876,0.02213289114816631,0.02213289114816631,0.9530020428136184,0.005
1,1872,11877,0.02240425540014289,0.02240425540014289,0.9530939731437773,0.005
1,1873,11878,0.02184427176040335,0.02184427176040335,0.9537575234827597,0.005
1,1874,11879,0.023173122188014563,0.023173122188014563,0.9532463693798202,0.005
1,1875,11880,0.022940945747062704,0.022940945747062704,0.9532410137660358,0.005
1,1876,11881,0.022286694056908335,0.022286694056908335,0.9529771919733776,0.005
1,1877,11882,0.02284753570043281,0.02284753570043281,0.9516901069500068,0.005
1,1878,11883,0.02411992789233997,0.02411992789233997,0.9521968117820038,0.005
1,1879,11884,0.022271597624083928,0.022271597624083928,0.9522897093986434,0.005
1,1880,11885,0.022781554102573643,0.022781554102573643,0.9515121345863332,0.005
1,1881,11886,0.022847099527735146,0.022847099527735146,0.9518295040902075,0.005
1,1882,11887,0.021460167641454066,0.021460167641454066,0.9530784631464624,0.005
1,1883,11888,0.023331705333785663,0.023331705333785663,0.9503954873584258,0.005
1,1884,11889,0.022218233662143726,0.022218233662143726,0.9529182646984686,0.005
1,1885,11890,0.022912218174586822,0.022912218174586822,0.9511295487806751,0.005
1,1886,11891,0.02248898731514274,0.02248898731514274,0.9512862566653799,0.005
1,1887,11892,0.022118891115766644,0.022118891115766644,0.9533401666321295,0.005
1,1888,11893,0.02223510095198713,0.02223510095198713,0.9523188923662316,0.005
1,1889,11894,0.02242882895215253,0.02242882895215253,0.9524821647154553,0.005
1,1890,11895,0.0228867247545337,0.0228867247545337,0.9522395297857067,0.005
1,1891,11896,0.023310078653363,0.023310078653363,0.9508127642260925,0.005
1,1892,11897,0.02293915416694889,0.02293915416694889,0.9524415651479864,0.005
1,1893,11898,0.02324926756265333,0.02324926756265333,0.952378442576643,0.005
1,1894,11899,0.022163627798529185,0.022163627798529185,0.9531370865697442,0.005
1,1895,11900,0.02305612460214726,0.02305612460214726,0.9514893343491418,0.005
1,1896,11901,0.022297397097962995,0.022297397097962995,0.9527954832353198,0.005
1,1897,11902,0.022181196343277913,0.022181196343277913,0.9525680178021392,0.005
1,1898,11903,0.02298316235985585,0.02298316235985585,0.951100099887642,0.005
1,1899,11904,0.022599791060298163,0.022599791060298163,0.9525331478226555,0.005
1,1900,11905,0.022071849226041107,0.022071849226041107,0.9526211425376998,0.005
1,1901,11906,0.022885046291650397,0.022885046291650397,0.9521259236273208,0.005
1,1902,11907,0.024185613336726523,0.024185613336726523,0.9508497861673932,0.005
1,1903,11908,0.023101970603522655,0.023101970603522655,0.9513833456220864,0.005
1,1904,11909,0.022261161733032206,0.022261161733032206,0.9526097813229238,0.005
1,1905,11910,0.023114746716385744,0.023114746716385744,0.9518777547170713,0.005
1,1906,11911,0.02280974282255211,0.02280974282255211,0.9524888731066257,0.005
1,1907,11912,0.023596340369810634,0.023596340369810634,0.9526210712464529,0.005
1,1908,11913,0.022407782805374678,0.022407782805374678,0.95203418455072,0.005
1,1909,11914,0.022207546681565028,0.022207546681565028,0.953542228693131,0.005
1,1910,11915,0.021933650382975803,0.021933650382975803,0.9536511029459301,0.005
1,1911,11916,0.02409488653414673,0.02409488653414673,0.9500454819092645,0.005
1,1912,11917,0.022919137448905808,0.022919137448905808,0.9513257271644322,0.005
1,1913,11918,0.022834468198903838,0.022834468198903838,0.9513601935163879,0.005
1,1914,11919,0.02256809619184881,0.02256809619184881,0.9517407012327475,0.005
1,1915,11920,0.02215945049694156,0.02215945049694156,0.9526303572662052,0.005
1,1916,11921,0.022522298457211938,0.022522298457211938,0.9530625062065019,0.005
1,1917,11922,0.02193152951450411,0.02193152951450411,0.9521556607640209,0.005
1,1918,11923,0.022413628572315034,0.022413628572315034,0.9524688749436971,0.005
1,1919,11924,0.023095736981019806,0.023095736981019806,0.9516689234246122,0.005
1,1920,11925,0.022405686433181905,0.022405686433181905,0.9517602630570237,0.005
1,1921,11926,0.022433718186210205,0.022433718186210205,0.9522512114639989,0.005
1,1922,11927,0.023090910369816364,0.023090910369816364,0.952703309798594,0.005
1,1923,11928,0.02335243690348239,0.02335243690348239,0.9503272558765552,0.005
1,1924,11929,0.02247030888835269,0.02247030888835269,0.952239951540218,0.005
1,1925,11930,0.0226831604047767,0.0226831604047767,0.9517452347341624,0.005
1,1926,11931,0.023224235759800378,0.023224235759800378,0.9514837554748747,0.005
1,1927,11932,0.022786642468506868,0.022786642468506868,0.9528185856361615,0.005
1,1928,11933,0.02264816108193016,0.02264816108193016,0.9523383970359955,0.005
1,1929,11934,0.022913886346511335,0.022913886346511335,0.9524910650028428,0.005
1,1930,11935,0.022297932168904647,0.022297932168904647,0.9522610378809799,0.005
1,1931,11936,0.023024954895498523,0.023024954895498523,0.9523776787811048,0.005
1,1932,11937,0.02211412862335408,0.02211412862335408,0.951383889574149,0.005
1,1933,11938,0.023175743270209825,0.023175743270209825,0.9526808222552929,0.005
1,1934,11939,0.023346577979346896,0.023346577979346896,0.9517777817738534,0.005
1,1935,11940,0.023195837205928375,0.023195837205928375,0.9521538507273665,0.005
1,1936,11941,0.02261713160607799,0.02261713160607799,0.9519593432435642,0.005
1,1937,11942,0.02271021271782335,0.02271021271782335,0.9523783451512893,0.005
1,1938,11943,0.023056581914961613,0.023056581914961613,0.9518919641786506,0.005
1,1939,11944,0.021908302227085695,0.021908302227085695,0.9530860897711501,0.005
1,1940,11945,0.02260162972420167,0.02260162972420167,0.9522001491852582,0.005
1,1941,11946,0.021992355407671832,0.021992355407671832,0.9534387610808558,0.005
1,1942,11947,0.02214721307736453,0.02214721307736453,0.9529182871864356,0.005
1,1943,11948,0.022368132288323697,0.022368132288323697,0.9532662640028091,0.005
1,1944,11949,0.022572235143900367,0.022572235143900367,0.953516207627768,0.005
1,1945,11950,0.022279939179313514,0.022279939179313514,0.953357216163225,0.005
1,1946,11951,0.02333393982957153,0.02333393982957153,0.9501827819429489,0.005
1,1947,11952,0.02230729168894497,0.02230729168894497,0.9532063115470512,0.005
1,1948,11953,0.02177758453852404,0.02177758453852404,0.952916435587343,0.005
1,1949,11954,0.02302235507688287,0.02302235507688287,0.9523389906414292,0.005
1,1950,11955,0.023535772330779865,0.023535772330779865,0.9506399347738757,0.005
1,1951,11956,0.023072025133895148,0.023072025133895148,0.951702279327965,0.005
1,1952,11957,0.022692770547554336,0.022692770547554336,0.9526930735994958,0.005
1,1953,11958,0.022745646749717623,0.022745646749717623,0.952268866075861,0.005
1,1954,11959,0.022137800289768052,0.022137800289768052,0.9533968431675818,0.005
1,1955,11960,0.023487629445059915,0.023487629445059915,0.950684101016034,0.005
1,1956,11961,0.022190705713827325,0.022190705713827325,0.9518967859684788,0.005
1,1957,11962,0.022900673963462265,0.022900673963462265,0.9516369538709922,0.005
1,1958,11963,0.02364142731761979,0.02364142731761979,0.9512601650456033,0.005
1,1959,11964,0.023006932416094028,0.023006932416094028,0.9522640922869827,0.005
1,1960,11965,0.022111207486758346,0.022111207486758346,0.9535771587710461,0.005
1,1961,11966,0.022509098289530485,0.022509098289530485,0.9531434909619734,0.005
1,1962,11967,0.02260512488295543,0.02260512488295543,0.9527951583373172,0.005
1,1963,11968,0.02267715726012834,0.02267715726012834,0.9522513329097856,0.005
1,1964,11969,0.023233753753513733,0.023233753753513733,0.95007211168366,0.005
1,1965,11970,0.02310589576666595,0.02310589576666595,0.9509775305183001,0.005
1,1966,11971,0.02315833295543627,0.02315833295543627,0.9513887721690515,0.005
1,1967,11972,0.022033916865114914,0.022033916865114914,0.9535020068519448,0.005
1,1968,11973,0.022901402290919352,0.022901402290919352,0.9520495803013426,0.005
1,1969,11974,0.02229975059988364,0.02229975059988364,0.952632661031761,0.005
1,1970,11975,0.022896113317655523,0.022896113317655523,0.9522849575168632,0.005
1,1971,11976,0.022861287511972115,0.022861287511972115,0.9514754164827937,0.005
1,1972,11977,0.022744572960699472,0.022744572960699472,0.9522492273646392,0.005
1,1973,11978,0.023279754888342552,0.023279754888342552,0.950948334046243,0.005
1,1974,11979,0.02261098861809749,0.02261098861809749,0.9518442106346291,0.005
1,1975,11980,0.02287445338207436,0.02287445338207436,0.9523842233423799,0.005
1,1976,11981,0.022825150562837987,0.022825150562837987,0.9522816222404756,0.005
1,1977,11982,0.023023203441859916,0.023023203441859916,0.9514778657750625,0.005
1,1978,11983,0.022400777707131343,0.022400777707131343,0.9528980755009052,0.005
1,1979,11984,0.02254954861712694,0.02254954861712694,0.952250066325169,0.005
1,1980,11985,0.022805409713122202,0.022805409713122202,0.9520527778937129,0.005
1,1981,11986,0.02282353986616638,0.02282353986616638,0.9522958018121437,0.005
1,1982,11987,0.023459415456103222,0.023459415456103222,0.9518426885489877,0.005
1,1983,11988,0.02234639456373496,0.02234639456373496,0.9523900488732534,0.005
1,1984,11989,0.02309525953303107,0.02309525953303107,0.9515722868938487,0.005
1,1985,11990,0.023074726247017688,0.023074726247017688,0.9517925477569008,0.005
1,1986,11991,0.023246558676736293,0.023246558676736293,0.9520265171373478,0.005
1,1987,11992,0.022277059040862263,0.022277059040862263,0.9531895892543093,0.005
1,1988,11993,0.02230471985024996,0.02230471985024996,0.9537199880366687,0.005
1,1989,11994,0.022315172240462706,0.022315172240462706,0.9519688281913672,0.005
1,1990,11995,0.02242410876182611,0.02242410876182611,0.9520056993376693,0.005
1,1991,11996,0.022419005240231313,0.022419005240231313,0.9531540409612906,0.005
1,1992,11997,0.02337896155035083,0.02337896155035083,0.9511014317637106,0.005
1,1993,11998,0.022813688490507845,0.022813688490507845,0.9525020959812924,0.005
1,1994,11999,0.022917637583340828,0.022917637583340828,0.952451705380084,0.005
1,1995,12000,0.022453859659922835,0.022453859659922835,0.9522924618734123,0.005
1,1996,12001,0.023367234479317874,0.023367234479317874,0.951411429324844,0.005
1,1997,12002,0.02251129540095793,0.02251129540095793,0.9510535509257271,0.005
1,1998,12003,0.02245612471174927,0.02245612471174927,0.9522519184301346,0.005
1,1999,12004,0.022358112285526248,0.022358112285526248,0.9527699427434294,0.005
1,2000,12005,0.022895266191816546,0.022895266191816546,0.9520247124021606,0.005
